office_name,media_library_folder,folder_id,before_asset_count,after_asset_count,local_image_count,relative_path,local_category,filename,status,strapi_asset_id,strapi_asset_name,strapi_url,reason,existing_match
agung-sedayu-group,Media Library/Office Venue/agung-sedayu-group,969,3,4,2,exterior/683_agung-sedayu-group-agung-sedayu-group_20200722165335_42267.jpg,exterior,683_agung-sedayu-group-agung-sedayu-group_20200722165335_42267.jpg,skipped_existing,57456,683_agung-sedayu-group-agung-sedayu-group_20200722165335_42267.jpg,https://cdn-strapi.prod.99iddev.net/assets/683_agung_sedayu_group_agung_sedayu_group_20200722165335_42267_9b763f73e0.jpg,Same name already exists in this Strapi folder,683_agung-sedayu-group-agung-sedayu-group_20200722165335_42267.jpg
agung-sedayu-group,Media Library/Office Venue/agung-sedayu-group,969,3,4,2,exterior/683_agung-sedayu-group-agung-sedayu-group_20200722165338_30792.jpg,exterior,683_agung-sedayu-group-agung-sedayu-group_20200722165338_30792.jpg,uploaded,58120,683_agung-sedayu-group-agung-sedayu-group_20200722165338_30792.jpg,https://cdn-strapi.prod.99iddev.net/assets/683_agung_sedayu_group_agung_sedayu_group_20200722165338_30792_ebc6c4f49b.jpg,,
altira-altira-office-park-mini-office,Media Library/Office Venue/altira-altira-office-park-mini-office,972,16,16,8,exterior/499_altira-altira-office-park-mini-office_20180420064505_57417.jpg,exterior,499_altira-altira-office-park-mini-office_20180420064505_57417.jpg,skipped_existing,55800,499_altira-altira-office-park-mini-office_20180420064505_57417.jpg,https://cdn-strapi.prod.99iddev.net/assets/499_altira_altira_office_park_mini_office_20180420064505_57417_0c44ad45c4.jpg,Same name already exists in this Strapi folder,499_altira-altira-office-park-mini-office_20180420064505_57417.jpg
altira-altira-office-park-mini-office,Media Library/Office Venue/altira-altira-office-park-mini-office,972,16,16,8,exterior/499_altira-altira-office-park-mini-office_20180420064508_21122.jpg,exterior,499_altira-altira-office-park-mini-office_20180420064508_21122.jpg,skipped_existing,55801,499_altira-altira-office-park-mini-office_20180420064508_21122.jpg,https://cdn-strapi.prod.99iddev.net/assets/499_altira_altira_office_park_mini_office_20180420064508_21122_21149d3614.jpg,Same name already exists in this Strapi folder,499_altira-altira-office-park-mini-office_20180420064508_21122.jpg
altira-altira-office-park-mini-office,Media Library/Office Venue/altira-altira-office-park-mini-office,972,16,16,8,exterior/499_altira-altira-office-park-mini-office_20180420064508_37017.jpg,exterior,499_altira-altira-office-park-mini-office_20180420064508_37017.jpg,skipped_existing,55802,499_altira-altira-office-park-mini-office_20180420064508_37017.jpg,https://cdn-strapi.prod.99iddev.net/assets/499_altira_altira_office_park_mini_office_20180420064508_37017_ec5155fd6d.jpg,Same name already exists in this Strapi folder,499_altira-altira-office-park-mini-office_20180420064508_37017.jpg
altira-altira-office-park-mini-office,Media Library/Office Venue/altira-altira-office-park-mini-office,972,16,16,8,exterior/499_altira-altira-office-park-mini-office_20180420064508_49620.jpg,exterior,499_altira-altira-office-park-mini-office_20180420064508_49620.jpg,skipped_existing,55803,499_altira-altira-office-park-mini-office_20180420064508_49620.jpg,https://cdn-strapi.prod.99iddev.net/assets/499_altira_altira_office_park_mini_office_20180420064508_49620_9aa4065f86.jpg,Same name already exists in this Strapi folder,499_altira-altira-office-park-mini-office_20180420064508_49620.jpg
altira-altira-office-park-mini-office,Media Library/Office Venue/altira-altira-office-park-mini-office,972,16,16,8,exterior/499_altira-altira-office-park-mini-office_20180420064509_40142.jpg,exterior,499_altira-altira-office-park-mini-office_20180420064509_40142.jpg,skipped_existing,55804,499_altira-altira-office-park-mini-office_20180420064509_40142.jpg,https://cdn-strapi.prod.99iddev.net/assets/499_altira_altira_office_park_mini_office_20180420064509_40142_2133c04114.jpg,Same name already exists in this Strapi folder,499_altira-altira-office-park-mini-office_20180420064509_40142.jpg
altira-altira-office-park-mini-office,Media Library/Office Venue/altira-altira-office-park-mini-office,972,16,16,8,exterior/499_altira-altira-office-park-mini-office_20180420064509_80565.jpg,exterior,499_altira-altira-office-park-mini-office_20180420064509_80565.jpg,skipped_existing,55805,499_altira-altira-office-park-mini-office_20180420064509_80565.jpg,https://cdn-strapi.prod.99iddev.net/assets/499_altira_altira_office_park_mini_office_20180420064509_80565_4509da47b0.jpg,Same name already exists in this Strapi folder,499_altira-altira-office-park-mini-office_20180420064509_80565.jpg
altira-altira-office-park-mini-office,Media Library/Office Venue/altira-altira-office-park-mini-office,972,16,16,8,exterior/499_altira-altira-office-park-mini-office_20180420064509_83457.jpg,exterior,499_altira-altira-office-park-mini-office_20180420064509_83457.jpg,skipped_existing,55806,499_altira-altira-office-park-mini-office_20180420064509_83457.jpg,https://cdn-strapi.prod.99iddev.net/assets/499_altira_altira_office_park_mini_office_20180420064509_83457_edc30f1c1c.jpg,Same name already exists in this Strapi folder,499_altira-altira-office-park-mini-office_20180420064509_83457.jpg
altira-altira-office-park-mini-office,Media Library/Office Venue/altira-altira-office-park-mini-office,972,16,16,8,exterior/499_altira-altira-office-park-mini-office_20180420064510_23678.jpg,exterior,499_altira-altira-office-park-mini-office_20180420064510_23678.jpg,skipped_existing,55807,499_altira-altira-office-park-mini-office_20180420064510_23678.jpg,https://cdn-strapi.prod.99iddev.net/assets/499_altira_altira_office_park_mini_office_20180420064510_23678_d706d44e80.jpg,Same name already exists in this Strapi folder,499_altira-altira-office-park-mini-office_20180420064510_23678.jpg
antam-tower-a,Media Library/Office Venue/antam-tower-a,126,5,6,2,exterior/362_antam-antam-tower-a_20160914043714_31461.JPG,exterior,362_antam-antam-tower-a_20160914043714_31461.JPG,uploaded,58121,362_antam-antam-tower-a_20160914043714_31461.JPG,https://cdn-strapi.prod.99iddev.net/assets/362_antam_antam_tower_a_20160914043714_31461_34e3e814fe.JPG,,
antam-tower-a,Media Library/Office Venue/antam-tower-a,126,5,6,2,exterior/362_antam-antam-tower-a_20160914043714_93993.JPG,exterior,362_antam-antam-tower-a_20160914043714_93993.JPG,skipped_existing,57466,362_antam-antam-tower-a_20160914043714_93993.JPG,https://cdn-strapi.prod.99iddev.net/assets/362_antam_antam_tower_a_20160914043714_93993_eaf648394e.JPG,Same name already exists in this Strapi folder,362_antam-antam-tower-a_20160914043714_93993.JPG
anz-tower,Media Library/Office Venue/anz-tower,945,34,34,17,exterior/87_anz-tower-anz-tower_20160914043659_79488.jpg,exterior,87_anz-tower-anz-tower_20160914043659_79488.jpg,skipped_existing,55816,87_anz-tower-anz-tower_20160914043659_79488.jpg,https://cdn-strapi.prod.99iddev.net/assets/87_anz_tower_anz_tower_20160914043659_79488_22ee43cd4c.jpg,Same name already exists in this Strapi folder,87_anz-tower-anz-tower_20160914043659_79488.jpg
anz-tower,Media Library/Office Venue/anz-tower,945,34,34,17,exterior/87_anz-tower-anz-tower_20160914043700_19130.jpg,exterior,87_anz-tower-anz-tower_20160914043700_19130.jpg,skipped_existing,55817,87_anz-tower-anz-tower_20160914043700_19130.jpg,https://cdn-strapi.prod.99iddev.net/assets/87_anz_tower_anz_tower_20160914043700_19130_06f7bc839c.jpg,Same name already exists in this Strapi folder,87_anz-tower-anz-tower_20160914043700_19130.jpg
anz-tower,Media Library/Office Venue/anz-tower,945,34,34,17,exterior/87_anz-tower-anz-tower_20160914043700_68800.jpg,exterior,87_anz-tower-anz-tower_20160914043700_68800.jpg,skipped_existing,55818,87_anz-tower-anz-tower_20160914043700_68800.jpg,https://cdn-strapi.prod.99iddev.net/assets/87_anz_tower_anz_tower_20160914043700_68800_697880509c.jpg,Same name already exists in this Strapi folder,87_anz-tower-anz-tower_20160914043700_68800.jpg
anz-tower,Media Library/Office Venue/anz-tower,945,34,34,17,exterior/87_anz-tower-anz-tower_20160914043700_87212.jpg,exterior,87_anz-tower-anz-tower_20160914043700_87212.jpg,skipped_existing,55819,87_anz-tower-anz-tower_20160914043700_87212.jpg,https://cdn-strapi.prod.99iddev.net/assets/87_anz_tower_anz_tower_20160914043700_87212_f9ca418bce.jpg,Same name already exists in this Strapi folder,87_anz-tower-anz-tower_20160914043700_87212.jpg
anz-tower,Media Library/Office Venue/anz-tower,945,34,34,17,floorplan/87_anz-tower-anz-tower_20170222072221_79152.jpg,floorplan,87_anz-tower-anz-tower_20170222072221_79152.jpg,skipped_existing,55820,87_anz-tower-anz-tower_20170222072221_79152.jpg,https://cdn-strapi.prod.99iddev.net/assets/87_anz_tower_anz_tower_20170222072221_79152_4840b1309b.jpg,Same name already exists in this Strapi folder,87_anz-tower-anz-tower_20170222072221_79152.jpg
anz-tower,Media Library/Office Venue/anz-tower,945,34,34,17,floorplan/87_anz-tower-anz-tower_20170222074137_85645.jpg,floorplan,87_anz-tower-anz-tower_20170222074137_85645.jpg,skipped_existing,55821,87_anz-tower-anz-tower_20170222074137_85645.jpg,https://cdn-strapi.prod.99iddev.net/assets/87_anz_tower_anz_tower_20170222074137_85645_de687b6072.jpg,Same name already exists in this Strapi folder,87_anz-tower-anz-tower_20170222074137_85645.jpg
anz-tower,Media Library/Office Venue/anz-tower,945,34,34,17,interior/87_anz-tower-anz-tower_20170214034818_33020.jpg,interior,87_anz-tower-anz-tower_20170214034818_33020.jpg,skipped_existing,55822,87_anz-tower-anz-tower_20170214034818_33020.jpg,https://cdn-strapi.prod.99iddev.net/assets/87_anz_tower_anz_tower_20170214034818_33020_f73f809e64.jpg,Same name already exists in this Strapi folder,87_anz-tower-anz-tower_20170214034818_33020.jpg
anz-tower,Media Library/Office Venue/anz-tower,945,34,34,17,interior/87_anz-tower-anz-tower_20170214034818_38608.jpg,interior,87_anz-tower-anz-tower_20170214034818_38608.jpg,skipped_existing,55823,87_anz-tower-anz-tower_20170214034818_38608.jpg,https://cdn-strapi.prod.99iddev.net/assets/87_anz_tower_anz_tower_20170214034818_38608_978325784d.jpg,Same name already exists in this Strapi folder,87_anz-tower-anz-tower_20170214034818_38608.jpg
anz-tower,Media Library/Office Venue/anz-tower,945,34,34,17,interior/87_anz-tower-anz-tower_20170214034819_32859.jpg,interior,87_anz-tower-anz-tower_20170214034819_32859.jpg,skipped_existing,55824,87_anz-tower-anz-tower_20170214034819_32859.jpg,https://cdn-strapi.prod.99iddev.net/assets/87_anz_tower_anz_tower_20170214034819_32859_cf1dbeda32.jpg,Same name already exists in this Strapi folder,87_anz-tower-anz-tower_20170214034819_32859.jpg
anz-tower,Media Library/Office Venue/anz-tower,945,34,34,17,interior/87_anz-tower-anz-tower_20170214034820_34306.jpg,interior,87_anz-tower-anz-tower_20170214034820_34306.jpg,skipped_existing,55825,87_anz-tower-anz-tower_20170214034820_34306.jpg,https://cdn-strapi.prod.99iddev.net/assets/87_anz_tower_anz_tower_20170214034820_34306_7491f2f360.jpg,Same name already exists in this Strapi folder,87_anz-tower-anz-tower_20170214034820_34306.jpg
anz-tower,Media Library/Office Venue/anz-tower,945,34,34,17,interior/87_anz-tower-anz-tower_20170214034820_46620.jpg,interior,87_anz-tower-anz-tower_20170214034820_46620.jpg,skipped_existing,55826,87_anz-tower-anz-tower_20170214034820_46620.jpg,https://cdn-strapi.prod.99iddev.net/assets/87_anz_tower_anz_tower_20170214034820_46620_6706518110.jpg,Same name already exists in this Strapi folder,87_anz-tower-anz-tower_20170214034820_46620.jpg
anz-tower,Media Library/Office Venue/anz-tower,945,34,34,17,interior/87_anz-tower-anz-tower_20170214034820_53929.jpg,interior,87_anz-tower-anz-tower_20170214034820_53929.jpg,skipped_existing,55827,87_anz-tower-anz-tower_20170214034820_53929.jpg,https://cdn-strapi.prod.99iddev.net/assets/87_anz_tower_anz_tower_20170214034820_53929_ba086dbdbc.jpg,Same name already exists in this Strapi folder,87_anz-tower-anz-tower_20170214034820_53929.jpg
anz-tower,Media Library/Office Venue/anz-tower,945,34,34,17,interior/87_anz-tower-anz-tower_20170214034821_22807.jpg,interior,87_anz-tower-anz-tower_20170214034821_22807.jpg,skipped_existing,55828,87_anz-tower-anz-tower_20170214034821_22807.jpg,https://cdn-strapi.prod.99iddev.net/assets/87_anz_tower_anz_tower_20170214034821_22807_ca8e9fe58f.jpg,Same name already exists in this Strapi folder,87_anz-tower-anz-tower_20170214034821_22807.jpg
anz-tower,Media Library/Office Venue/anz-tower,945,34,34,17,interior/87_anz-tower-anz-tower_20170214034821_97259.jpg,interior,87_anz-tower-anz-tower_20170214034821_97259.jpg,skipped_existing,55829,87_anz-tower-anz-tower_20170214034821_97259.jpg,https://cdn-strapi.prod.99iddev.net/assets/87_anz_tower_anz_tower_20170214034821_97259_ab3cc69e44.jpg,Same name already exists in this Strapi folder,87_anz-tower-anz-tower_20170214034821_97259.jpg
anz-tower,Media Library/Office Venue/anz-tower,945,34,34,17,interior/87_anz-tower-anz-tower_20170913064739_55455.jpg,interior,87_anz-tower-anz-tower_20170913064739_55455.jpg,skipped_existing,55830,87_anz-tower-anz-tower_20170913064739_55455.jpg,https://cdn-strapi.prod.99iddev.net/assets/87_anz_tower_anz_tower_20170913064739_55455_7a3e548c35.jpg,Same name already exists in this Strapi folder,87_anz-tower-anz-tower_20170913064739_55455.jpg
anz-tower,Media Library/Office Venue/anz-tower,945,34,34,17,interior/87_anz-tower-anz-tower_20170913064740_65290.jpg,interior,87_anz-tower-anz-tower_20170913064740_65290.jpg,skipped_existing,55831,87_anz-tower-anz-tower_20170913064740_65290.jpg,https://cdn-strapi.prod.99iddev.net/assets/87_anz_tower_anz_tower_20170913064740_65290_0e8e641f9a.jpg,Same name already exists in this Strapi folder,87_anz-tower-anz-tower_20170913064740_65290.jpg
anz-tower,Media Library/Office Venue/anz-tower,945,34,34,17,interior/87_anz-tower-anz-tower_20170913064743_91273.jpg,interior,87_anz-tower-anz-tower_20170913064743_91273.jpg,skipped_existing,55832,87_anz-tower-anz-tower_20170913064743_91273.jpg,https://cdn-strapi.prod.99iddev.net/assets/87_anz_tower_anz_tower_20170913064743_91273_32331ac1fe.jpg,Same name already exists in this Strapi folder,87_anz-tower-anz-tower_20170913064743_91273.jpg
bellezza-bellezza-shopping-arcade,Media Library/Office Venue/bellezza-bellezza-shopping-arcade,920,34,34,17,exterior/521_bellezza-bellezza-shopping-arcade_20170612032850_69192.jpg,exterior,521_bellezza-bellezza-shopping-arcade_20170612032850_69192.jpg,skipped_existing,55878,521_bellezza-bellezza-shopping-arcade_20170612032850_69192.jpg,https://cdn-strapi.prod.99iddev.net/assets/521_bellezza_bellezza_shopping_arcade_20170612032850_69192_8c14598a55.jpg,Same name already exists in this Strapi folder,521_bellezza-bellezza-shopping-arcade_20170612032850_69192.jpg
bellezza-bellezza-shopping-arcade,Media Library/Office Venue/bellezza-bellezza-shopping-arcade,920,34,34,17,floorplan/521_bellezza-bellezza-shopping-arcade_20170612034718_87265.jpg,floorplan,521_bellezza-bellezza-shopping-arcade_20170612034718_87265.jpg,skipped_existing,55879,521_bellezza-bellezza-shopping-arcade_20170612034718_87265.jpg,https://cdn-strapi.prod.99iddev.net/assets/521_bellezza_bellezza_shopping_arcade_20170612034718_87265_773312810d.jpg,Same name already exists in this Strapi folder,521_bellezza-bellezza-shopping-arcade_20170612034718_87265.jpg
bellezza-bellezza-shopping-arcade,Media Library/Office Venue/bellezza-bellezza-shopping-arcade,920,34,34,17,floorplan/521_bellezza-bellezza-shopping-arcade_20170612034727_91664.jpg,floorplan,521_bellezza-bellezza-shopping-arcade_20170612034727_91664.jpg,skipped_existing,55880,521_bellezza-bellezza-shopping-arcade_20170612034727_91664.jpg,https://cdn-strapi.prod.99iddev.net/assets/521_bellezza_bellezza_shopping_arcade_20170612034727_91664_753212e507.jpg,Same name already exists in this Strapi folder,521_bellezza-bellezza-shopping-arcade_20170612034727_91664.jpg
bellezza-bellezza-shopping-arcade,Media Library/Office Venue/bellezza-bellezza-shopping-arcade,920,34,34,17,floorplan/521_bellezza-bellezza-shopping-arcade_20170612034732_56139.jpg,floorplan,521_bellezza-bellezza-shopping-arcade_20170612034732_56139.jpg,skipped_existing,55881,521_bellezza-bellezza-shopping-arcade_20170612034732_56139.jpg,https://cdn-strapi.prod.99iddev.net/assets/521_bellezza_bellezza_shopping_arcade_20170612034732_56139_aa045c83ab.jpg,Same name already exists in this Strapi folder,521_bellezza-bellezza-shopping-arcade_20170612034732_56139.jpg
bellezza-bellezza-shopping-arcade,Media Library/Office Venue/bellezza-bellezza-shopping-arcade,920,34,34,17,interior/521_bellezza-bellezza-shopping-arcade_20170612033009_24187.jpg,interior,521_bellezza-bellezza-shopping-arcade_20170612033009_24187.jpg,skipped_existing,55882,521_bellezza-bellezza-shopping-arcade_20170612033009_24187.jpg,https://cdn-strapi.prod.99iddev.net/assets/521_bellezza_bellezza_shopping_arcade_20170612033009_24187_bec8b0e8dd.jpg,Same name already exists in this Strapi folder,521_bellezza-bellezza-shopping-arcade_20170612033009_24187.jpg
bellezza-bellezza-shopping-arcade,Media Library/Office Venue/bellezza-bellezza-shopping-arcade,920,34,34,17,interior/521_bellezza-bellezza-shopping-arcade_20170612033017_16556.jpg,interior,521_bellezza-bellezza-shopping-arcade_20170612033017_16556.jpg,skipped_existing,55883,521_bellezza-bellezza-shopping-arcade_20170612033017_16556.jpg,https://cdn-strapi.prod.99iddev.net/assets/521_bellezza_bellezza_shopping_arcade_20170612033017_16556_3c0aed7ffa.jpg,Same name already exists in this Strapi folder,521_bellezza-bellezza-shopping-arcade_20170612033017_16556.jpg
bellezza-bellezza-shopping-arcade,Media Library/Office Venue/bellezza-bellezza-shopping-arcade,920,34,34,17,interior/521_bellezza-bellezza-shopping-arcade_20170612033027_69141.jpg,interior,521_bellezza-bellezza-shopping-arcade_20170612033027_69141.jpg,skipped_existing,55884,521_bellezza-bellezza-shopping-arcade_20170612033027_69141.jpg,https://cdn-strapi.prod.99iddev.net/assets/521_bellezza_bellezza_shopping_arcade_20170612033027_69141_7c9ea8bc1a.jpg,Same name already exists in this Strapi folder,521_bellezza-bellezza-shopping-arcade_20170612033027_69141.jpg
bellezza-bellezza-shopping-arcade,Media Library/Office Venue/bellezza-bellezza-shopping-arcade,920,34,34,17,interior/521_bellezza-bellezza-shopping-arcade_20170612033036_75115.jpg,interior,521_bellezza-bellezza-shopping-arcade_20170612033036_75115.jpg,skipped_existing,55885,521_bellezza-bellezza-shopping-arcade_20170612033036_75115.jpg,https://cdn-strapi.prod.99iddev.net/assets/521_bellezza_bellezza_shopping_arcade_20170612033036_75115_7801810558.jpg,Same name already exists in this Strapi folder,521_bellezza-bellezza-shopping-arcade_20170612033036_75115.jpg
bellezza-bellezza-shopping-arcade,Media Library/Office Venue/bellezza-bellezza-shopping-arcade,920,34,34,17,interior/521_bellezza-bellezza-shopping-arcade_20170612033044_81168.jpg,interior,521_bellezza-bellezza-shopping-arcade_20170612033044_81168.jpg,skipped_existing,55886,521_bellezza-bellezza-shopping-arcade_20170612033044_81168.jpg,https://cdn-strapi.prod.99iddev.net/assets/521_bellezza_bellezza_shopping_arcade_20170612033044_81168_5145a4155e.jpg,Same name already exists in this Strapi folder,521_bellezza-bellezza-shopping-arcade_20170612033044_81168.jpg
bellezza-bellezza-shopping-arcade,Media Library/Office Venue/bellezza-bellezza-shopping-arcade,920,34,34,17,interior/521_bellezza-bellezza-shopping-arcade_20170612033106_42592.jpg,interior,521_bellezza-bellezza-shopping-arcade_20170612033106_42592.jpg,skipped_existing,55887,521_bellezza-bellezza-shopping-arcade_20170612033106_42592.jpg,https://cdn-strapi.prod.99iddev.net/assets/521_bellezza_bellezza_shopping_arcade_20170612033106_42592_b0b0ee81ea.jpg,Same name already exists in this Strapi folder,521_bellezza-bellezza-shopping-arcade_20170612033106_42592.jpg
bellezza-bellezza-shopping-arcade,Media Library/Office Venue/bellezza-bellezza-shopping-arcade,920,34,34,17,interior/521_bellezza-bellezza-shopping-arcade_20170612033114_65339.jpg,interior,521_bellezza-bellezza-shopping-arcade_20170612033114_65339.jpg,skipped_existing,55888,521_bellezza-bellezza-shopping-arcade_20170612033114_65339.jpg,https://cdn-strapi.prod.99iddev.net/assets/521_bellezza_bellezza_shopping_arcade_20170612033114_65339_721cbaab20.jpg,Same name already exists in this Strapi folder,521_bellezza-bellezza-shopping-arcade_20170612033114_65339.jpg
bellezza-bellezza-shopping-arcade,Media Library/Office Venue/bellezza-bellezza-shopping-arcade,920,34,34,17,interior/521_bellezza-bellezza-shopping-arcade_20170612033337_90115.jpg,interior,521_bellezza-bellezza-shopping-arcade_20170612033337_90115.jpg,skipped_existing,55889,521_bellezza-bellezza-shopping-arcade_20170612033337_90115.jpg,https://cdn-strapi.prod.99iddev.net/assets/521_bellezza_bellezza_shopping_arcade_20170612033337_90115_8159e26812.jpg,Same name already exists in this Strapi folder,521_bellezza-bellezza-shopping-arcade_20170612033337_90115.jpg
bellezza-bellezza-shopping-arcade,Media Library/Office Venue/bellezza-bellezza-shopping-arcade,920,34,34,17,interior/521_bellezza-bellezza-shopping-arcade_20170612033402_70555.jpg,interior,521_bellezza-bellezza-shopping-arcade_20170612033402_70555.jpg,skipped_existing,55890,521_bellezza-bellezza-shopping-arcade_20170612033402_70555.jpg,https://cdn-strapi.prod.99iddev.net/assets/521_bellezza_bellezza_shopping_arcade_20170612033402_70555_d9fb3534cc.jpg,Same name already exists in this Strapi folder,521_bellezza-bellezza-shopping-arcade_20170612033402_70555.jpg
bellezza-bellezza-shopping-arcade,Media Library/Office Venue/bellezza-bellezza-shopping-arcade,920,34,34,17,interior/521_bellezza-bellezza-shopping-arcade_20170612033408_89500.jpg,interior,521_bellezza-bellezza-shopping-arcade_20170612033408_89500.jpg,skipped_existing,55891,521_bellezza-bellezza-shopping-arcade_20170612033408_89500.jpg,https://cdn-strapi.prod.99iddev.net/assets/521_bellezza_bellezza_shopping_arcade_20170612033408_89500_53fa65504d.jpg,Same name already exists in this Strapi folder,521_bellezza-bellezza-shopping-arcade_20170612033408_89500.jpg
bellezza-bellezza-shopping-arcade,Media Library/Office Venue/bellezza-bellezza-shopping-arcade,920,34,34,17,interior/521_bellezza-bellezza-shopping-arcade_20170612033421_16133.jpg,interior,521_bellezza-bellezza-shopping-arcade_20170612033421_16133.jpg,skipped_existing,55892,521_bellezza-bellezza-shopping-arcade_20170612033421_16133.jpg,https://cdn-strapi.prod.99iddev.net/assets/521_bellezza_bellezza_shopping_arcade_20170612033421_16133_205b74cc67.jpg,Same name already exists in this Strapi folder,521_bellezza-bellezza-shopping-arcade_20170612033421_16133.jpg
bellezza-bellezza-shopping-arcade,Media Library/Office Venue/bellezza-bellezza-shopping-arcade,920,34,34,17,interior/521_bellezza-bellezza-shopping-arcade_20171024043902_66221.jpg,interior,521_bellezza-bellezza-shopping-arcade_20171024043902_66221.jpg,skipped_existing,55893,521_bellezza-bellezza-shopping-arcade_20171024043902_66221.jpg,https://cdn-strapi.prod.99iddev.net/assets/521_bellezza_bellezza_shopping_arcade_20171024043902_66221_47c94576ae.jpg,Same name already exists in this Strapi folder,521_bellezza-bellezza-shopping-arcade_20171024043902_66221.jpg
bellezza-bellezza-shopping-arcade,Media Library/Office Venue/bellezza-bellezza-shopping-arcade,920,34,34,17,interior/521_bellezza-bellezza-shopping-arcade_20171024043905_54701.jpg,interior,521_bellezza-bellezza-shopping-arcade_20171024043905_54701.jpg,skipped_existing,55894,521_bellezza-bellezza-shopping-arcade_20171024043905_54701.jpg,https://cdn-strapi.prod.99iddev.net/assets/521_bellezza_bellezza_shopping_arcade_20171024043905_54701_b0c98c3dd6.jpg,Same name already exists in this Strapi folder,521_bellezza-bellezza-shopping-arcade_20171024043905_54701.jpg
bellezza-office-tower,Media Library/Office Venue/bellezza-office-tower,973,6,6,3,exterior/482_bellezza-office-tower-bellezza-office-tower_20170418042628_28485.jpg,exterior,482_bellezza-office-tower-bellezza-office-tower_20170418042628_28485.jpg,skipped_existing,55895,482_bellezza-office-tower-bellezza-office-tower_20170418042628_28485.jpg,https://cdn-strapi.prod.99iddev.net/assets/482_bellezza_office_tower_bellezza_office_tower_20170418042628_28485_606a715fdf.jpg,Same name already exists in this Strapi folder,482_bellezza-office-tower-bellezza-office-tower_20170418042628_28485.jpg
bellezza-office-tower,Media Library/Office Venue/bellezza-office-tower,973,6,6,3,exterior/482_bellezza-office-tower-bellezza-office-tower_20170418042636_31787.jpg,exterior,482_bellezza-office-tower-bellezza-office-tower_20170418042636_31787.jpg,skipped_existing,55896,482_bellezza-office-tower-bellezza-office-tower_20170418042636_31787.jpg,https://cdn-strapi.prod.99iddev.net/assets/482_bellezza_office_tower_bellezza_office_tower_20170418042636_31787_6aed58e03f.jpg,Same name already exists in this Strapi folder,482_bellezza-office-tower-bellezza-office-tower_20170418042636_31787.jpg
bellezza-office-tower,Media Library/Office Venue/bellezza-office-tower,973,6,6,3,exterior/482_bellezza-office-tower-bellezza-office-tower_20170418042643_52336.jpg,exterior,482_bellezza-office-tower-bellezza-office-tower_20170418042643_52336.jpg,skipped_existing,55897,482_bellezza-office-tower-bellezza-office-tower_20170418042643_52336.jpg,https://cdn-strapi.prod.99iddev.net/assets/482_bellezza_office_tower_bellezza_office_tower_20170418042643_52336_bef5dba181.jpg,Same name already exists in this Strapi folder,482_bellezza-office-tower-bellezza-office-tower_20170418042643_52336.jpg
beltway-office-park-tower-b,Media Library/Office Venue/beltway-office-park-tower-b,163,20,27,8,exterior/204_beltway-office-park-beltway-office-park-tower-b_20160914043738_71942.JPG,exterior,204_beltway-office-park-beltway-office-park-tower-b_20160914043738_71942.JPG,uploaded,58122,204_beltway-office-park-beltway-office-park-tower-b_20160914043738_71942.JPG,https://cdn-strapi.prod.99iddev.net/assets/204_beltway_office_park_beltway_office_park_tower_b_20160914043738_71942_95bfab2808.JPG,,
beltway-office-park-tower-b,Media Library/Office Venue/beltway-office-park-tower-b,163,20,27,8,exterior/204_beltway-office-park-beltway-office-park-tower-b_20160914043738_97040.jpg,exterior,204_beltway-office-park-beltway-office-park-tower-b_20160914043738_97040.jpg,skipped_existing,57490,204_beltway-office-park-beltway-office-park-tower-b_20160914043738_97040.jpg,https://cdn-strapi.prod.99iddev.net/assets/204_beltway_office_park_beltway_office_park_tower_b_20160914043738_97040_6674ab070a.jpg,Same name already exists in this Strapi folder,204_beltway-office-park-beltway-office-park-tower-b_20160914043738_97040.jpg
beltway-office-park-tower-b,Media Library/Office Venue/beltway-office-park-tower-b,163,20,27,8,exterior/204_beltway-office-park-beltway-office-park-tower-b_20160914043739_20461.JPG,exterior,204_beltway-office-park-beltway-office-park-tower-b_20160914043739_20461.JPG,uploaded,58123,204_beltway-office-park-beltway-office-park-tower-b_20160914043739_20461.JPG,https://cdn-strapi.prod.99iddev.net/assets/204_beltway_office_park_beltway_office_park_tower_b_20160914043739_20461_03a6d1b27f.JPG,,
beltway-office-park-tower-b,Media Library/Office Venue/beltway-office-park-tower-b,163,20,27,8,exterior/204_beltway-office-park-beltway-office-park-tower-b_20160914043739_36927.JPG,exterior,204_beltway-office-park-beltway-office-park-tower-b_20160914043739_36927.JPG,uploaded,58124,204_beltway-office-park-beltway-office-park-tower-b_20160914043739_36927.JPG,https://cdn-strapi.prod.99iddev.net/assets/204_beltway_office_park_beltway_office_park_tower_b_20160914043739_36927_f055a28e80.JPG,,
beltway-office-park-tower-b,Media Library/Office Venue/beltway-office-park-tower-b,163,20,27,8,exterior/204_beltway-office-park-beltway-office-park-tower-b_20160914043739_49784.jpg,exterior,204_beltway-office-park-beltway-office-park-tower-b_20160914043739_49784.jpg,uploaded,58125,204_beltway-office-park-beltway-office-park-tower-b_20160914043739_49784.jpg,https://cdn-strapi.prod.99iddev.net/assets/204_beltway_office_park_beltway_office_park_tower_b_20160914043739_49784_5bf19b0ecd.jpg,,
beltway-office-park-tower-b,Media Library/Office Venue/beltway-office-park-tower-b,163,20,27,8,exterior/204_beltway-office-park-beltway-office-park-tower-b_20160914043740_97247.jpg,exterior,204_beltway-office-park-beltway-office-park-tower-b_20160914043740_97247.jpg,uploaded,58126,204_beltway-office-park-beltway-office-park-tower-b_20160914043740_97247.jpg,https://cdn-strapi.prod.99iddev.net/assets/204_beltway_office_park_beltway_office_park_tower_b_20160914043740_97247_ac8dafcc93.jpg,,
beltway-office-park-tower-b,Media Library/Office Venue/beltway-office-park-tower-b,163,20,27,8,exterior/204_beltway-office-park-beltway-office-park-tower-b_20180831080510_26601.jpg,exterior,204_beltway-office-park-beltway-office-park-tower-b_20180831080510_26601.jpg,uploaded,58127,204_beltway-office-park-beltway-office-park-tower-b_20180831080510_26601.jpg,https://cdn-strapi.prod.99iddev.net/assets/204_beltway_office_park_beltway_office_park_tower_b_20180831080510_26601_a3f9cb182f.jpg,,
beltway-office-park-tower-b,Media Library/Office Venue/beltway-office-park-tower-b,163,20,27,8,exterior/204_beltway-office-park-beltway-office-park-tower-b_20180831080510_39115.jpg,exterior,204_beltway-office-park-beltway-office-park-tower-b_20180831080510_39115.jpg,uploaded,58128,204_beltway-office-park-beltway-office-park-tower-b_20180831080510_39115.jpg,https://cdn-strapi.prod.99iddev.net/assets/204_beltway_office_park_beltway_office_park_tower_b_20180831080510_39115_07fc84d386.jpg,,
blue-green-office-tower,Media Library/Office Venue/blue-green-office-tower,921,56,56,22,exterior/164_blue-green-integrated-boutique-office-blue-green-office-tower_20160914095521_20321.jpg,exterior,164_blue-green-integrated-boutique-office-blue-green-office-tower_20160914095521_20321.jpg,skipped_existing,55899,164_blue-green-integrated-boutique-office-blue-green-office-tower_20160914095521_20321.jpg,https://cdn-strapi.prod.99iddev.net/assets/164_blue_green_integrated_boutique_office_blue_green_office_tower_20160914095521_20321_e1cdf3e4a0.jpg,Same name already exists in this Strapi folder,164_blue-green-integrated-boutique-office-blue-green-office-tower_20160914095521_20321.jpg
blue-green-office-tower,Media Library/Office Venue/blue-green-office-tower,921,56,56,22,floorplan/164_blue-green-integrated-boutique-office-blue-green-office-tower_20181015045451_81655.jpg,floorplan,164_blue-green-integrated-boutique-office-blue-green-office-tower_20181015045451_81655.jpg,skipped_existing,55900,164_blue-green-integrated-boutique-office-blue-green-office-tower_20181015045451_81655.jpg,https://cdn-strapi.prod.99iddev.net/assets/164_blue_green_integrated_boutique_office_blue_green_office_tower_20181015045451_81655_7438ecfa39.jpg,Same name already exists in this Strapi folder,164_blue-green-integrated-boutique-office-blue-green-office-tower_20181015045451_81655.jpg
blue-green-office-tower,Media Library/Office Venue/blue-green-office-tower,921,56,56,22,interior/164_blue-green-integrated-boutique-office-blue-green-office-tower_20181015023011_17772.jpg,interior,164_blue-green-integrated-boutique-office-blue-green-office-tower_20181015023011_17772.jpg,skipped_existing,55901,164_blue-green-integrated-boutique-office-blue-green-office-tower_20181015023011_17772.jpg,https://cdn-strapi.prod.99iddev.net/assets/164_blue_green_integrated_boutique_office_blue_green_office_tower_20181015023011_17772_99b936ba24.jpg,Same name already exists in this Strapi folder,164_blue-green-integrated-boutique-office-blue-green-office-tower_20181015023011_17772.jpg
blue-green-office-tower,Media Library/Office Venue/blue-green-office-tower,921,56,56,22,interior/164_blue-green-integrated-boutique-office-blue-green-office-tower_20181015023011_27952.jpg,interior,164_blue-green-integrated-boutique-office-blue-green-office-tower_20181015023011_27952.jpg,skipped_existing,55902,164_blue-green-integrated-boutique-office-blue-green-office-tower_20181015023011_27952.jpg,https://cdn-strapi.prod.99iddev.net/assets/164_blue_green_integrated_boutique_office_blue_green_office_tower_20181015023011_27952_500a72640b.jpg,Same name already exists in this Strapi folder,164_blue-green-integrated-boutique-office-blue-green-office-tower_20181015023011_27952.jpg
blue-green-office-tower,Media Library/Office Venue/blue-green-office-tower,921,56,56,22,interior/164_blue-green-integrated-boutique-office-blue-green-office-tower_20181015023011_43878.jpg,interior,164_blue-green-integrated-boutique-office-blue-green-office-tower_20181015023011_43878.jpg,skipped_existing,55903,164_blue-green-integrated-boutique-office-blue-green-office-tower_20181015023011_43878.jpg,https://cdn-strapi.prod.99iddev.net/assets/164_blue_green_integrated_boutique_office_blue_green_office_tower_20181015023011_43878_d9ef35cf70.jpg,Same name already exists in this Strapi folder,164_blue-green-integrated-boutique-office-blue-green-office-tower_20181015023011_43878.jpg
blue-green-office-tower,Media Library/Office Venue/blue-green-office-tower,921,56,56,22,interior/164_blue-green-integrated-boutique-office-blue-green-office-tower_20181015023012_57803.jpg,interior,164_blue-green-integrated-boutique-office-blue-green-office-tower_20181015023012_57803.jpg,skipped_existing,55904,164_blue-green-integrated-boutique-office-blue-green-office-tower_20181015023012_57803.jpg,https://cdn-strapi.prod.99iddev.net/assets/164_blue_green_integrated_boutique_office_blue_green_office_tower_20181015023012_57803_e21156fd5a.jpg,Same name already exists in this Strapi folder,164_blue-green-integrated-boutique-office-blue-green-office-tower_20181015023012_57803.jpg
blue-green-office-tower,Media Library/Office Venue/blue-green-office-tower,921,56,56,22,interior/164_blue-green-integrated-boutique-office-blue-green-office-tower_20181015023012_61727.jpg,interior,164_blue-green-integrated-boutique-office-blue-green-office-tower_20181015023012_61727.jpg,skipped_existing,55905,164_blue-green-integrated-boutique-office-blue-green-office-tower_20181015023012_61727.jpg,https://cdn-strapi.prod.99iddev.net/assets/164_blue_green_integrated_boutique_office_blue_green_office_tower_20181015023012_61727_4f2a9c729d.jpg,Same name already exists in this Strapi folder,164_blue-green-integrated-boutique-office-blue-green-office-tower_20181015023012_61727.jpg
blue-green-office-tower,Media Library/Office Venue/blue-green-office-tower,921,56,56,22,interior/164_blue-green-integrated-boutique-office-blue-green-office-tower_20181015023012_87492.jpg,interior,164_blue-green-integrated-boutique-office-blue-green-office-tower_20181015023012_87492.jpg,skipped_existing,55906,164_blue-green-integrated-boutique-office-blue-green-office-tower_20181015023012_87492.jpg,https://cdn-strapi.prod.99iddev.net/assets/164_blue_green_integrated_boutique_office_blue_green_office_tower_20181015023012_87492_db8c1f488f.jpg,Same name already exists in this Strapi folder,164_blue-green-integrated-boutique-office-blue-green-office-tower_20181015023012_87492.jpg
blue-green-office-tower,Media Library/Office Venue/blue-green-office-tower,921,56,56,22,interior/164_blue-green-integrated-boutique-office-blue-green-office-tower_20181015023012_90199.jpg,interior,164_blue-green-integrated-boutique-office-blue-green-office-tower_20181015023012_90199.jpg,skipped_existing,55907,164_blue-green-integrated-boutique-office-blue-green-office-tower_20181015023012_90199.jpg,https://cdn-strapi.prod.99iddev.net/assets/164_blue_green_integrated_boutique_office_blue_green_office_tower_20181015023012_90199_ad5ff9cfc6.jpg,Same name already exists in this Strapi folder,164_blue-green-integrated-boutique-office-blue-green-office-tower_20181015023012_90199.jpg
blue-green-office-tower,Media Library/Office Venue/blue-green-office-tower,921,56,56,22,interior/164_blue-green-integrated-boutique-office-blue-green-office-tower_20181015023013_25244.jpg,interior,164_blue-green-integrated-boutique-office-blue-green-office-tower_20181015023013_25244.jpg,skipped_existing,55908,164_blue-green-integrated-boutique-office-blue-green-office-tower_20181015023013_25244.jpg,https://cdn-strapi.prod.99iddev.net/assets/164_blue_green_integrated_boutique_office_blue_green_office_tower_20181015023013_25244_26abfdf412.jpg,Same name already exists in this Strapi folder,164_blue-green-integrated-boutique-office-blue-green-office-tower_20181015023013_25244.jpg
blue-green-office-tower,Media Library/Office Venue/blue-green-office-tower,921,56,56,22,interior/164_blue-green-integrated-boutique-office-blue-green-office-tower_20181015023013_27184.jpg,interior,164_blue-green-integrated-boutique-office-blue-green-office-tower_20181015023013_27184.jpg,skipped_existing,55909,164_blue-green-integrated-boutique-office-blue-green-office-tower_20181015023013_27184.jpg,https://cdn-strapi.prod.99iddev.net/assets/164_blue_green_integrated_boutique_office_blue_green_office_tower_20181015023013_27184_1a7e989443.jpg,Same name already exists in this Strapi folder,164_blue-green-integrated-boutique-office-blue-green-office-tower_20181015023013_27184.jpg
blue-green-office-tower,Media Library/Office Venue/blue-green-office-tower,921,56,56,22,interior/164_blue-green-integrated-boutique-office-blue-green-office-tower_20181015023013_64084.jpg,interior,164_blue-green-integrated-boutique-office-blue-green-office-tower_20181015023013_64084.jpg,skipped_existing,55910,164_blue-green-integrated-boutique-office-blue-green-office-tower_20181015023013_64084.jpg,https://cdn-strapi.prod.99iddev.net/assets/164_blue_green_integrated_boutique_office_blue_green_office_tower_20181015023013_64084_fa36ad8d3c.jpg,Same name already exists in this Strapi folder,164_blue-green-integrated-boutique-office-blue-green-office-tower_20181015023013_64084.jpg
blue-green-office-tower,Media Library/Office Venue/blue-green-office-tower,921,56,56,22,interior/164_blue-green-integrated-boutique-office-blue-green-office-tower_20181015023013_64805.jpg,interior,164_blue-green-integrated-boutique-office-blue-green-office-tower_20181015023013_64805.jpg,skipped_existing,55911,164_blue-green-integrated-boutique-office-blue-green-office-tower_20181015023013_64805.jpg,https://cdn-strapi.prod.99iddev.net/assets/164_blue_green_integrated_boutique_office_blue_green_office_tower_20181015023013_64805_fbcc4b1733.jpg,Same name already exists in this Strapi folder,164_blue-green-integrated-boutique-office-blue-green-office-tower_20181015023013_64805.jpg
blue-green-office-tower,Media Library/Office Venue/blue-green-office-tower,921,56,56,22,interior/164_blue-green-integrated-boutique-office-blue-green-office-tower_20181015023013_69451.jpg,interior,164_blue-green-integrated-boutique-office-blue-green-office-tower_20181015023013_69451.jpg,skipped_existing,55912,164_blue-green-integrated-boutique-office-blue-green-office-tower_20181015023013_69451.jpg,https://cdn-strapi.prod.99iddev.net/assets/164_blue_green_integrated_boutique_office_blue_green_office_tower_20181015023013_69451_81b43e35f0.jpg,Same name already exists in this Strapi folder,164_blue-green-integrated-boutique-office-blue-green-office-tower_20181015023013_69451.jpg
blue-green-office-tower,Media Library/Office Venue/blue-green-office-tower,921,56,56,22,interior/164_blue-green-integrated-boutique-office-blue-green-office-tower_20181015023013_77044.jpg,interior,164_blue-green-integrated-boutique-office-blue-green-office-tower_20181015023013_77044.jpg,skipped_existing,55913,164_blue-green-integrated-boutique-office-blue-green-office-tower_20181015023013_77044.jpg,https://cdn-strapi.prod.99iddev.net/assets/164_blue_green_integrated_boutique_office_blue_green_office_tower_20181015023013_77044_0c91e6ea3a.jpg,Same name already exists in this Strapi folder,164_blue-green-integrated-boutique-office-blue-green-office-tower_20181015023013_77044.jpg
blue-green-office-tower,Media Library/Office Venue/blue-green-office-tower,921,56,56,22,interior/164_blue-green-integrated-boutique-office-blue-green-office-tower_20181015023013_92523.jpg,interior,164_blue-green-integrated-boutique-office-blue-green-office-tower_20181015023013_92523.jpg,skipped_existing,55914,164_blue-green-integrated-boutique-office-blue-green-office-tower_20181015023013_92523.jpg,https://cdn-strapi.prod.99iddev.net/assets/164_blue_green_integrated_boutique_office_blue_green_office_tower_20181015023013_92523_8a2a6a151b.jpg,Same name already exists in this Strapi folder,164_blue-green-integrated-boutique-office-blue-green-office-tower_20181015023013_92523.jpg
blue-green-office-tower,Media Library/Office Venue/blue-green-office-tower,921,56,56,22,interior/164_blue-green-integrated-boutique-office-blue-green-office-tower_20181015023013_96545.jpg,interior,164_blue-green-integrated-boutique-office-blue-green-office-tower_20181015023013_96545.jpg,skipped_existing,55915,164_blue-green-integrated-boutique-office-blue-green-office-tower_20181015023013_96545.jpg,https://cdn-strapi.prod.99iddev.net/assets/164_blue_green_integrated_boutique_office_blue_green_office_tower_20181015023013_96545_d149a1d310.jpg,Same name already exists in this Strapi folder,164_blue-green-integrated-boutique-office-blue-green-office-tower_20181015023013_96545.jpg
blue-green-office-tower,Media Library/Office Venue/blue-green-office-tower,921,56,56,22,interior/164_blue-green-integrated-boutique-office-blue-green-office-tower_20181015023014_18370.jpg,interior,164_blue-green-integrated-boutique-office-blue-green-office-tower_20181015023014_18370.jpg,skipped_existing,55916,164_blue-green-integrated-boutique-office-blue-green-office-tower_20181015023014_18370.jpg,https://cdn-strapi.prod.99iddev.net/assets/164_blue_green_integrated_boutique_office_blue_green_office_tower_20181015023014_18370_7f78403c5b.jpg,Same name already exists in this Strapi folder,164_blue-green-integrated-boutique-office-blue-green-office-tower_20181015023014_18370.jpg
blue-green-office-tower,Media Library/Office Venue/blue-green-office-tower,921,56,56,22,interior/164_blue-green-integrated-boutique-office-blue-green-office-tower_20181015023014_38339.jpg,interior,164_blue-green-integrated-boutique-office-blue-green-office-tower_20181015023014_38339.jpg,skipped_existing,55917,164_blue-green-integrated-boutique-office-blue-green-office-tower_20181015023014_38339.jpg,https://cdn-strapi.prod.99iddev.net/assets/164_blue_green_integrated_boutique_office_blue_green_office_tower_20181015023014_38339_203ccbeea1.jpg,Same name already exists in this Strapi folder,164_blue-green-integrated-boutique-office-blue-green-office-tower_20181015023014_38339.jpg
blue-green-office-tower,Media Library/Office Venue/blue-green-office-tower,921,56,56,22,interior/164_blue-green-integrated-boutique-office-blue-green-office-tower_20181015023014_45287.jpg,interior,164_blue-green-integrated-boutique-office-blue-green-office-tower_20181015023014_45287.jpg,skipped_existing,55918,164_blue-green-integrated-boutique-office-blue-green-office-tower_20181015023014_45287.jpg,https://cdn-strapi.prod.99iddev.net/assets/164_blue_green_integrated_boutique_office_blue_green_office_tower_20181015023014_45287_b6574e4d29.jpg,Same name already exists in this Strapi folder,164_blue-green-integrated-boutique-office-blue-green-office-tower_20181015023014_45287.jpg
blue-green-office-tower,Media Library/Office Venue/blue-green-office-tower,921,56,56,22,interior/164_blue-green-integrated-boutique-office-blue-green-office-tower_20181015023014_63360.jpg,interior,164_blue-green-integrated-boutique-office-blue-green-office-tower_20181015023014_63360.jpg,skipped_existing,55919,164_blue-green-integrated-boutique-office-blue-green-office-tower_20181015023014_63360.jpg,https://cdn-strapi.prod.99iddev.net/assets/164_blue_green_integrated_boutique_office_blue_green_office_tower_20181015023014_63360_1c8b35b23b.jpg,Same name already exists in this Strapi folder,164_blue-green-integrated-boutique-office-blue-green-office-tower_20181015023014_63360.jpg
blue-green-office-tower,Media Library/Office Venue/blue-green-office-tower,921,56,56,22,interior/164_blue-green-integrated-boutique-office-blue-green-office-tower_20181015023014_88203.jpg,interior,164_blue-green-integrated-boutique-office-blue-green-office-tower_20181015023014_88203.jpg,skipped_existing,55920,164_blue-green-integrated-boutique-office-blue-green-office-tower_20181015023014_88203.jpg,https://cdn-strapi.prod.99iddev.net/assets/164_blue_green_integrated_boutique_office_blue_green_office_tower_20181015023014_88203_565859657c.jpg,Same name already exists in this Strapi folder,164_blue-green-integrated-boutique-office-blue-green-office-tower_20181015023014_88203.jpg
burza-tower,Media Library/Office Venue/burza-tower,169,5,6,2,exterior/560_burza-tower-burza-tower_20180517095847_49310.jpg,exterior,560_burza-tower-burza-tower_20180517095847_49310.jpg,uploaded,58129,560_burza-tower-burza-tower_20180517095847_49310.jpg,https://cdn-strapi.prod.99iddev.net/assets/560_burza_tower_burza_tower_20180517095847_49310_9e6f6dde36.jpg,,
burza-tower,Media Library/Office Venue/burza-tower,169,5,6,2,exterior/560_burza-tower-burza-tower_20180517095847_97705.jpg,exterior,560_burza-tower-burza-tower_20180517095847_97705.jpg,skipped_existing,57494,560_burza-tower-burza-tower_20180517095847_97705.jpg,https://cdn-strapi.prod.99iddev.net/assets/560_burza_tower_burza_tower_20180517095847_97705_8b782ccb35.jpg,Same name already exists in this Strapi folder,560_burza-tower-burza-tower_20180517095847_97705.jpg
cibis-nine,Media Library/Office Venue/cibis-nine,182,20,20,1,exterior/206_cibis-business-park-cibis-nine_20170330025700_11747.jpg,exterior,206_cibis-business-park-cibis-nine_20170330025700_11747.jpg,skipped_existing,55921,206_cibis-business-park-cibis-nine_20170330025700_11747.jpg,https://cdn-strapi.prod.99iddev.net/assets/206_cibis_business_park_cibis_nine_20170330025700_11747_d657fdced2.jpg,Same name already exists in this Strapi folder,206_cibis-business-park-cibis-nine_20170330025700_11747.jpg
cibis-tower-9,Media Library/Office Venue/cibis-tower-9,1316,5,5,2,exterior/206_cibis-tower-9-cibis-tower-9_20170125075337_94014.jpg,exterior,206_cibis-tower-9-cibis-tower-9_20170125075337_94014.jpg,skipped_existing,55923,206_cibis-tower-9-cibis-tower-9_20170125075337_94014.jpg,https://cdn-strapi.prod.99iddev.net/assets/206_cibis_tower_9_cibis_tower_9_20170125075337_94014_59211fc0d6.jpg,Same name already exists in this Strapi folder,206_cibis-tower-9-cibis-tower-9_20170125075337_94014.jpg
cibis-tower-9,Media Library/Office Venue/cibis-tower-9,1316,5,5,2,exterior/206_cibis-tower-9-cibis-tower-9_20170125075338_89827.jpg,exterior,206_cibis-tower-9-cibis-tower-9_20170125075338_89827.jpg,skipped_existing,55924,206_cibis-tower-9-cibis-tower-9_20170125075338_89827.jpg,https://cdn-strapi.prod.99iddev.net/assets/206_cibis_tower_9_cibis_tower_9_20170125075338_89827_0f4132bee3.jpg,Same name already exists in this Strapi folder,206_cibis-tower-9-cibis-tower-9_20170125075338_89827.jpg
ciputra-international-puri-3-phase-1,Media Library/Office Venue/ciputra-international-puri-3-phase-1,894,58,58,29,exterior/397_ciputra-international-puri-ciputra-international-puri-3-phase-1_20160914043804_19031.jpg,exterior,397_ciputra-international-puri-ciputra-international-puri-3-phase-1_20160914043804_19031.jpg,skipped_existing,55925,397_ciputra-international-puri-ciputra-international-puri-3-phase-1_20160914043804_19031.jpg,https://cdn-strapi.prod.99iddev.net/assets/397_ciputra_international_puri_ciputra_international_puri_3_phase_1_20160914043804_19031_e39fe14f30.jpg,Same name already exists in this Strapi folder,397_ciputra-international-puri-ciputra-international-puri-3-phase-1_20160914043804_19031.jpg
ciputra-international-puri-3-phase-1,Media Library/Office Venue/ciputra-international-puri-3-phase-1,894,58,58,29,exterior/397_ciputra-international-puri-ciputra-international-puri-3-phase-1_20160914043804_94441.jpg,exterior,397_ciputra-international-puri-ciputra-international-puri-3-phase-1_20160914043804_94441.jpg,skipped_existing,55926,397_ciputra-international-puri-ciputra-international-puri-3-phase-1_20160914043804_94441.jpg,https://cdn-strapi.prod.99iddev.net/assets/397_ciputra_international_puri_ciputra_international_puri_3_phase_1_20160914043804_94441_de9cde9ee5.jpg,Same name already exists in this Strapi folder,397_ciputra-international-puri-ciputra-international-puri-3-phase-1_20160914043804_94441.jpg
ciputra-international-puri-3-phase-1,Media Library/Office Venue/ciputra-international-puri-3-phase-1,894,58,58,29,exterior/397_ciputra-international-puri-ciputra-international-puri-3-phase-1_20160914043805_33378.jpg,exterior,397_ciputra-international-puri-ciputra-international-puri-3-phase-1_20160914043805_33378.jpg,skipped_existing,55927,397_ciputra-international-puri-ciputra-international-puri-3-phase-1_20160914043805_33378.jpg,https://cdn-strapi.prod.99iddev.net/assets/397_ciputra_international_puri_ciputra_international_puri_3_phase_1_20160914043805_33378_2dd1d14640.jpg,Same name already exists in this Strapi folder,397_ciputra-international-puri-ciputra-international-puri-3-phase-1_20160914043805_33378.jpg
ciputra-international-puri-3-phase-1,Media Library/Office Venue/ciputra-international-puri-3-phase-1,894,58,58,29,exterior/397_ciputra-international-puri-ciputra-international-puri-3-phase-1_20180525082838_57580.jpg,exterior,397_ciputra-international-puri-ciputra-international-puri-3-phase-1_20180525082838_57580.jpg,skipped_existing,55928,397_ciputra-international-puri-ciputra-international-puri-3-phase-1_20180525082838_57580.jpg,https://cdn-strapi.prod.99iddev.net/assets/397_ciputra_international_puri_ciputra_international_puri_3_phase_1_20180525082838_57580_4a1095962f.jpg,Same name already exists in this Strapi folder,397_ciputra-international-puri-ciputra-international-puri-3-phase-1_20180525082838_57580.jpg
ciputra-international-puri-3-phase-1,Media Library/Office Venue/ciputra-international-puri-3-phase-1,894,58,58,29,exterior/397_ciputra-international-puri-ciputra-international-puri-3-phase-1_20180525082838_80986.jpg,exterior,397_ciputra-international-puri-ciputra-international-puri-3-phase-1_20180525082838_80986.jpg,skipped_existing,55929,397_ciputra-international-puri-ciputra-international-puri-3-phase-1_20180525082838_80986.jpg,https://cdn-strapi.prod.99iddev.net/assets/397_ciputra_international_puri_ciputra_international_puri_3_phase_1_20180525082838_80986_bcfc952b03.jpg,Same name already exists in this Strapi folder,397_ciputra-international-puri-ciputra-international-puri-3-phase-1_20180525082838_80986.jpg
ciputra-international-puri-3-phase-1,Media Library/Office Venue/ciputra-international-puri-3-phase-1,894,58,58,29,exterior/397_ciputra-international-puri-ciputra-international-puri-3-phase-1_20180525082839_30306.jpg,exterior,397_ciputra-international-puri-ciputra-international-puri-3-phase-1_20180525082839_30306.jpg,skipped_existing,55930,397_ciputra-international-puri-ciputra-international-puri-3-phase-1_20180525082839_30306.jpg,https://cdn-strapi.prod.99iddev.net/assets/397_ciputra_international_puri_ciputra_international_puri_3_phase_1_20180525082839_30306_9d0682a297.jpg,Same name already exists in this Strapi folder,397_ciputra-international-puri-ciputra-international-puri-3-phase-1_20180525082839_30306.jpg
ciputra-international-puri-3-phase-1,Media Library/Office Venue/ciputra-international-puri-3-phase-1,894,58,58,29,exterior/397_ciputra-international-puri-ciputra-international-puri-3-phase-1_20180525082839_64596.jpg,exterior,397_ciputra-international-puri-ciputra-international-puri-3-phase-1_20180525082839_64596.jpg,skipped_existing,55931,397_ciputra-international-puri-ciputra-international-puri-3-phase-1_20180525082839_64596.jpg,https://cdn-strapi.prod.99iddev.net/assets/397_ciputra_international_puri_ciputra_international_puri_3_phase_1_20180525082839_64596_bef80e3a57.jpg,Same name already exists in this Strapi folder,397_ciputra-international-puri-ciputra-international-puri-3-phase-1_20180525082839_64596.jpg
ciputra-international-puri-3-phase-1,Media Library/Office Venue/ciputra-international-puri-3-phase-1,894,58,58,29,exterior/397_ciputra-international-puri-ciputra-international-puri-3-phase-1_20180525082839_74447.jpg,exterior,397_ciputra-international-puri-ciputra-international-puri-3-phase-1_20180525082839_74447.jpg,skipped_existing,55932,397_ciputra-international-puri-ciputra-international-puri-3-phase-1_20180525082839_74447.jpg,https://cdn-strapi.prod.99iddev.net/assets/397_ciputra_international_puri_ciputra_international_puri_3_phase_1_20180525082839_74447_4e5206a50a.jpg,Same name already exists in this Strapi folder,397_ciputra-international-puri-ciputra-international-puri-3-phase-1_20180525082839_74447.jpg
ciputra-international-puri-3-phase-1,Media Library/Office Venue/ciputra-international-puri-3-phase-1,894,58,58,29,exterior/397_ciputra-international-puri-ciputra-international-puri-3-phase-1_20180525082840_35721.jpg,exterior,397_ciputra-international-puri-ciputra-international-puri-3-phase-1_20180525082840_35721.jpg,skipped_existing,55933,397_ciputra-international-puri-ciputra-international-puri-3-phase-1_20180525082840_35721.jpg,https://cdn-strapi.prod.99iddev.net/assets/397_ciputra_international_puri_ciputra_international_puri_3_phase_1_20180525082840_35721_79fbe33054.jpg,Same name already exists in this Strapi folder,397_ciputra-international-puri-ciputra-international-puri-3-phase-1_20180525082840_35721.jpg
ciputra-international-puri-3-phase-1,Media Library/Office Venue/ciputra-international-puri-3-phase-1,894,58,58,29,exterior/397_ciputra-international-puri-ciputra-international-puri-3-phase-1_20180525082840_88568.jpg,exterior,397_ciputra-international-puri-ciputra-international-puri-3-phase-1_20180525082840_88568.jpg,skipped_existing,55934,397_ciputra-international-puri-ciputra-international-puri-3-phase-1_20180525082840_88568.jpg,https://cdn-strapi.prod.99iddev.net/assets/397_ciputra_international_puri_ciputra_international_puri_3_phase_1_20180525082840_88568_8aa3deb4ba.jpg,Same name already exists in this Strapi folder,397_ciputra-international-puri-ciputra-international-puri-3-phase-1_20180525082840_88568.jpg
ciputra-international-puri-3-phase-1,Media Library/Office Venue/ciputra-international-puri-3-phase-1,894,58,58,29,floorplan/397_ciputra-international-puri-ciputra-international-puri-3-phase-1_20180523070609_51253.jpg,floorplan,397_ciputra-international-puri-ciputra-international-puri-3-phase-1_20180523070609_51253.jpg,skipped_existing,55935,397_ciputra-international-puri-ciputra-international-puri-3-phase-1_20180523070609_51253.jpg,https://cdn-strapi.prod.99iddev.net/assets/397_ciputra_international_puri_ciputra_international_puri_3_phase_1_20180523070609_51253_046e6da7d1.jpg,Same name already exists in this Strapi folder,397_ciputra-international-puri-ciputra-international-puri-3-phase-1_20180523070609_51253.jpg
ciputra-international-puri-3-phase-1,Media Library/Office Venue/ciputra-international-puri-3-phase-1,894,58,58,29,floorplan/397_ciputra-international-puri-ciputra-international-puri-3-phase-1_20180523070609_80264.jpg,floorplan,397_ciputra-international-puri-ciputra-international-puri-3-phase-1_20180523070609_80264.jpg,skipped_existing,55936,397_ciputra-international-puri-ciputra-international-puri-3-phase-1_20180523070609_80264.jpg,https://cdn-strapi.prod.99iddev.net/assets/397_ciputra_international_puri_ciputra_international_puri_3_phase_1_20180523070609_80264_e7c0e703bf.jpg,Same name already exists in this Strapi folder,397_ciputra-international-puri-ciputra-international-puri-3-phase-1_20180523070609_80264.jpg
ciputra-international-puri-3-phase-1,Media Library/Office Venue/ciputra-international-puri-3-phase-1,894,58,58,29,interior/397_ciputra-international-puri-ciputra-international-puri-3-phase-1_20180525083204_43517.jpg,interior,397_ciputra-international-puri-ciputra-international-puri-3-phase-1_20180525083204_43517.jpg,skipped_existing,55937,397_ciputra-international-puri-ciputra-international-puri-3-phase-1_20180525083204_43517.jpg,https://cdn-strapi.prod.99iddev.net/assets/397_ciputra_international_puri_ciputra_international_puri_3_phase_1_20180525083204_43517_833697f1a0.jpg,Same name already exists in this Strapi folder,397_ciputra-international-puri-ciputra-international-puri-3-phase-1_20180525083204_43517.jpg
ciputra-international-puri-3-phase-1,Media Library/Office Venue/ciputra-international-puri-3-phase-1,894,58,58,29,interior/397_ciputra-international-puri-ciputra-international-puri-3-phase-1_20180525083204_61647.jpg,interior,397_ciputra-international-puri-ciputra-international-puri-3-phase-1_20180525083204_61647.jpg,skipped_existing,55938,397_ciputra-international-puri-ciputra-international-puri-3-phase-1_20180525083204_61647.jpg,https://cdn-strapi.prod.99iddev.net/assets/397_ciputra_international_puri_ciputra_international_puri_3_phase_1_20180525083204_61647_07a8933764.jpg,Same name already exists in this Strapi folder,397_ciputra-international-puri-ciputra-international-puri-3-phase-1_20180525083204_61647.jpg
ciputra-international-puri-3-phase-1,Media Library/Office Venue/ciputra-international-puri-3-phase-1,894,58,58,29,interior/397_ciputra-international-puri-ciputra-international-puri-3-phase-1_20180525083205_50617.jpg,interior,397_ciputra-international-puri-ciputra-international-puri-3-phase-1_20180525083205_50617.jpg,skipped_existing,55939,397_ciputra-international-puri-ciputra-international-puri-3-phase-1_20180525083205_50617.jpg,https://cdn-strapi.prod.99iddev.net/assets/397_ciputra_international_puri_ciputra_international_puri_3_phase_1_20180525083205_50617_b15baf5c70.jpg,Same name already exists in this Strapi folder,397_ciputra-international-puri-ciputra-international-puri-3-phase-1_20180525083205_50617.jpg
ciputra-international-puri-3-phase-1,Media Library/Office Venue/ciputra-international-puri-3-phase-1,894,58,58,29,interior/397_ciputra-international-puri-ciputra-international-puri-3-phase-1_20180525083205_69744.jpg,interior,397_ciputra-international-puri-ciputra-international-puri-3-phase-1_20180525083205_69744.jpg,skipped_existing,55940,397_ciputra-international-puri-ciputra-international-puri-3-phase-1_20180525083205_69744.jpg,https://cdn-strapi.prod.99iddev.net/assets/397_ciputra_international_puri_ciputra_international_puri_3_phase_1_20180525083205_69744_b1382531ea.jpg,Same name already exists in this Strapi folder,397_ciputra-international-puri-ciputra-international-puri-3-phase-1_20180525083205_69744.jpg
ciputra-international-puri-3-phase-1,Media Library/Office Venue/ciputra-international-puri-3-phase-1,894,58,58,29,interior/397_ciputra-international-puri-ciputra-international-puri-3-phase-1_20180525083206_17704.jpg,interior,397_ciputra-international-puri-ciputra-international-puri-3-phase-1_20180525083206_17704.jpg,skipped_existing,55941,397_ciputra-international-puri-ciputra-international-puri-3-phase-1_20180525083206_17704.jpg,https://cdn-strapi.prod.99iddev.net/assets/397_ciputra_international_puri_ciputra_international_puri_3_phase_1_20180525083206_17704_9933183640.jpg,Same name already exists in this Strapi folder,397_ciputra-international-puri-ciputra-international-puri-3-phase-1_20180525083206_17704.jpg
ciputra-international-puri-3-phase-1,Media Library/Office Venue/ciputra-international-puri-3-phase-1,894,58,58,29,interior/397_ciputra-international-puri-ciputra-international-puri-3-phase-1_20180525083206_86485.jpg,interior,397_ciputra-international-puri-ciputra-international-puri-3-phase-1_20180525083206_86485.jpg,skipped_existing,55942,397_ciputra-international-puri-ciputra-international-puri-3-phase-1_20180525083206_86485.jpg,https://cdn-strapi.prod.99iddev.net/assets/397_ciputra_international_puri_ciputra_international_puri_3_phase_1_20180525083206_86485_fd3358dc3e.jpg,Same name already exists in this Strapi folder,397_ciputra-international-puri-ciputra-international-puri-3-phase-1_20180525083206_86485.jpg
ciputra-international-puri-3-phase-1,Media Library/Office Venue/ciputra-international-puri-3-phase-1,894,58,58,29,interior/397_ciputra-international-puri-ciputra-international-puri-3-phase-1_20180525083206_92668.jpg,interior,397_ciputra-international-puri-ciputra-international-puri-3-phase-1_20180525083206_92668.jpg,skipped_existing,55943,397_ciputra-international-puri-ciputra-international-puri-3-phase-1_20180525083206_92668.jpg,https://cdn-strapi.prod.99iddev.net/assets/397_ciputra_international_puri_ciputra_international_puri_3_phase_1_20180525083206_92668_5e744a1017.jpg,Same name already exists in this Strapi folder,397_ciputra-international-puri-ciputra-international-puri-3-phase-1_20180525083206_92668.jpg
ciputra-international-puri-3-phase-1,Media Library/Office Venue/ciputra-international-puri-3-phase-1,894,58,58,29,interior/397_ciputra-international-puri-ciputra-international-puri-3-phase-1_20180525083207_26693.jpg,interior,397_ciputra-international-puri-ciputra-international-puri-3-phase-1_20180525083207_26693.jpg,skipped_existing,55944,397_ciputra-international-puri-ciputra-international-puri-3-phase-1_20180525083207_26693.jpg,https://cdn-strapi.prod.99iddev.net/assets/397_ciputra_international_puri_ciputra_international_puri_3_phase_1_20180525083207_26693_76c848785f.jpg,Same name already exists in this Strapi folder,397_ciputra-international-puri-ciputra-international-puri-3-phase-1_20180525083207_26693.jpg
ciputra-international-puri-3-phase-1,Media Library/Office Venue/ciputra-international-puri-3-phase-1,894,58,58,29,interior/397_ciputra-international-puri-ciputra-international-puri-3-phase-1_20180525083207_76055.jpg,interior,397_ciputra-international-puri-ciputra-international-puri-3-phase-1_20180525083207_76055.jpg,skipped_existing,55945,397_ciputra-international-puri-ciputra-international-puri-3-phase-1_20180525083207_76055.jpg,https://cdn-strapi.prod.99iddev.net/assets/397_ciputra_international_puri_ciputra_international_puri_3_phase_1_20180525083207_76055_d749910267.jpg,Same name already exists in this Strapi folder,397_ciputra-international-puri-ciputra-international-puri-3-phase-1_20180525083207_76055.jpg
ciputra-international-puri-3-phase-1,Media Library/Office Venue/ciputra-international-puri-3-phase-1,894,58,58,29,interior/397_ciputra-international-puri-ciputra-international-puri-3-phase-1_20180525083208_14332.jpg,interior,397_ciputra-international-puri-ciputra-international-puri-3-phase-1_20180525083208_14332.jpg,skipped_existing,55946,397_ciputra-international-puri-ciputra-international-puri-3-phase-1_20180525083208_14332.jpg,https://cdn-strapi.prod.99iddev.net/assets/397_ciputra_international_puri_ciputra_international_puri_3_phase_1_20180525083208_14332_55c19e4363.jpg,Same name already exists in this Strapi folder,397_ciputra-international-puri-ciputra-international-puri-3-phase-1_20180525083208_14332.jpg
ciputra-international-puri-3-phase-1,Media Library/Office Venue/ciputra-international-puri-3-phase-1,894,58,58,29,interior/397_ciputra-international-puri-ciputra-international-puri-3-phase-1_20180525083208_38903.jpg,interior,397_ciputra-international-puri-ciputra-international-puri-3-phase-1_20180525083208_38903.jpg,skipped_existing,55947,397_ciputra-international-puri-ciputra-international-puri-3-phase-1_20180525083208_38903.jpg,https://cdn-strapi.prod.99iddev.net/assets/397_ciputra_international_puri_ciputra_international_puri_3_phase_1_20180525083208_38903_7a3882dec6.jpg,Same name already exists in this Strapi folder,397_ciputra-international-puri-ciputra-international-puri-3-phase-1_20180525083208_38903.jpg
ciputra-international-puri-3-phase-1,Media Library/Office Venue/ciputra-international-puri-3-phase-1,894,58,58,29,interior/397_ciputra-international-puri-ciputra-international-puri-3-phase-1_20180525083208_57221.jpg,interior,397_ciputra-international-puri-ciputra-international-puri-3-phase-1_20180525083208_57221.jpg,skipped_existing,55948,397_ciputra-international-puri-ciputra-international-puri-3-phase-1_20180525083208_57221.jpg,https://cdn-strapi.prod.99iddev.net/assets/397_ciputra_international_puri_ciputra_international_puri_3_phase_1_20180525083208_57221_45b9a430eb.jpg,Same name already exists in this Strapi folder,397_ciputra-international-puri-ciputra-international-puri-3-phase-1_20180525083208_57221.jpg
ciputra-international-puri-3-phase-1,Media Library/Office Venue/ciputra-international-puri-3-phase-1,894,58,58,29,interior/397_ciputra-international-puri-ciputra-international-puri-3-phase-1_20180525083209_20902.jpg,interior,397_ciputra-international-puri-ciputra-international-puri-3-phase-1_20180525083209_20902.jpg,skipped_existing,55949,397_ciputra-international-puri-ciputra-international-puri-3-phase-1_20180525083209_20902.jpg,https://cdn-strapi.prod.99iddev.net/assets/397_ciputra_international_puri_ciputra_international_puri_3_phase_1_20180525083209_20902_186deedc03.jpg,Same name already exists in this Strapi folder,397_ciputra-international-puri-ciputra-international-puri-3-phase-1_20180525083209_20902.jpg
ciputra-international-puri-3-phase-1,Media Library/Office Venue/ciputra-international-puri-3-phase-1,894,58,58,29,interior/397_ciputra-international-puri-ciputra-international-puri-3-phase-1_20180525083209_55271.jpg,interior,397_ciputra-international-puri-ciputra-international-puri-3-phase-1_20180525083209_55271.jpg,skipped_existing,55950,397_ciputra-international-puri-ciputra-international-puri-3-phase-1_20180525083209_55271.jpg,https://cdn-strapi.prod.99iddev.net/assets/397_ciputra_international_puri_ciputra_international_puri_3_phase_1_20180525083209_55271_cf776b517b.jpg,Same name already exists in this Strapi folder,397_ciputra-international-puri-ciputra-international-puri-3-phase-1_20180525083209_55271.jpg
ciputra-international-puri-3-phase-1,Media Library/Office Venue/ciputra-international-puri-3-phase-1,894,58,58,29,interior/397_ciputra-international-puri-ciputra-international-puri-3-phase-1_20180525083210_40182.jpg,interior,397_ciputra-international-puri-ciputra-international-puri-3-phase-1_20180525083210_40182.jpg,skipped_existing,55951,397_ciputra-international-puri-ciputra-international-puri-3-phase-1_20180525083210_40182.jpg,https://cdn-strapi.prod.99iddev.net/assets/397_ciputra_international_puri_ciputra_international_puri_3_phase_1_20180525083210_40182_dc5b090afb.jpg,Same name already exists in this Strapi folder,397_ciputra-international-puri-ciputra-international-puri-3-phase-1_20180525083210_40182.jpg
ciputra-international-puri-3-phase-1,Media Library/Office Venue/ciputra-international-puri-3-phase-1,894,58,58,29,interior/397_ciputra-international-puri-ciputra-international-puri-3-phase-1_20180525083210_49769.jpg,interior,397_ciputra-international-puri-ciputra-international-puri-3-phase-1_20180525083210_49769.jpg,skipped_existing,55952,397_ciputra-international-puri-ciputra-international-puri-3-phase-1_20180525083210_49769.jpg,https://cdn-strapi.prod.99iddev.net/assets/397_ciputra_international_puri_ciputra_international_puri_3_phase_1_20180525083210_49769_04ae85b2d6.jpg,Same name already exists in this Strapi folder,397_ciputra-international-puri-ciputra-international-puri-3-phase-1_20180525083210_49769.jpg
ciputra-international-puri-3-phase-1,Media Library/Office Venue/ciputra-international-puri-3-phase-1,894,58,58,29,interior/397_ciputra-international-puri-ciputra-international-puri-3-phase-1_20180525083211_30397.jpg,interior,397_ciputra-international-puri-ciputra-international-puri-3-phase-1_20180525083211_30397.jpg,skipped_existing,55953,397_ciputra-international-puri-ciputra-international-puri-3-phase-1_20180525083211_30397.jpg,https://cdn-strapi.prod.99iddev.net/assets/397_ciputra_international_puri_ciputra_international_puri_3_phase_1_20180525083211_30397_36df942054.jpg,Same name already exists in this Strapi folder,397_ciputra-international-puri-ciputra-international-puri-3-phase-1_20180525083211_30397.jpg
citylofts-sudirman,Media Library/Office Venue/citylofts-sudirman,978,8,8,4,exterior/22_citylofts-sudirman-citylofts-sudirman_20160914043815_50265.jpg,exterior,22_citylofts-sudirman-citylofts-sudirman_20160914043815_50265.jpg,skipped_existing,55975,22_citylofts-sudirman-citylofts-sudirman_20160914043815_50265.jpg,https://cdn-strapi.prod.99iddev.net/assets/22_citylofts_sudirman_citylofts_sudirman_20160914043815_50265_5324352dbc.jpg,Same name already exists in this Strapi folder,22_citylofts-sudirman-citylofts-sudirman_20160914043815_50265.jpg
citylofts-sudirman,Media Library/Office Venue/citylofts-sudirman,978,8,8,4,exterior/22_citylofts-sudirman-citylofts-sudirman_20160914043816_33732.jpg,exterior,22_citylofts-sudirman-citylofts-sudirman_20160914043816_33732.jpg,skipped_existing,55976,22_citylofts-sudirman-citylofts-sudirman_20160914043816_33732.jpg,https://cdn-strapi.prod.99iddev.net/assets/22_citylofts_sudirman_citylofts_sudirman_20160914043816_33732_6985b539d4.jpg,Same name already exists in this Strapi folder,22_citylofts-sudirman-citylofts-sudirman_20160914043816_33732.jpg
citylofts-sudirman,Media Library/Office Venue/citylofts-sudirman,978,8,8,4,interior/22_citylofts-sudirman-citylofts-sudirman_20170314084716_34943.jpg,interior,22_citylofts-sudirman-citylofts-sudirman_20170314084716_34943.jpg,skipped_existing,55977,22_citylofts-sudirman-citylofts-sudirman_20170314084716_34943.jpg,https://cdn-strapi.prod.99iddev.net/assets/22_citylofts_sudirman_citylofts_sudirman_20170314084716_34943_94b7932246.jpg,Same name already exists in this Strapi folder,22_citylofts-sudirman-citylofts-sudirman_20170314084716_34943.jpg
citylofts-sudirman,Media Library/Office Venue/citylofts-sudirman,978,8,8,4,interior/22_citylofts-sudirman-citylofts-sudirman_20170314084717_57328.jpg,interior,22_citylofts-sudirman-citylofts-sudirman_20170314084717_57328.jpg,skipped_existing,55978,22_citylofts-sudirman-citylofts-sudirman_20170314084717_57328.jpg,https://cdn-strapi.prod.99iddev.net/assets/22_citylofts_sudirman_citylofts_sudirman_20170314084717_57328_78f183aa28.jpg,Same name already exists in this Strapi folder,22_citylofts-sudirman-citylofts-sudirman_20170314084717_57328.jpg
fedex-fedex,Media Library/Office Venue/fedex-fedex,895,4,4,2,exterior/363_fedex-fedex_20160914043829_34193.jpg,exterior,363_fedex-fedex_20160914043829_34193.jpg,skipped_existing,55983,363_fedex-fedex_20160914043829_34193.jpg,https://cdn-strapi.prod.99iddev.net/assets/363_fedex_fedex_20160914043829_34193_8765e67a89.jpg,Same name already exists in this Strapi folder,363_fedex-fedex_20160914043829_34193.jpg
fedex-fedex,Media Library/Office Venue/fedex-fedex,895,4,4,2,exterior/363_fedex-fedex_20160914043830_92037.jpg,exterior,363_fedex-fedex_20160914043830_92037.jpg,skipped_existing,55984,363_fedex-fedex_20160914043830_92037.jpg,https://cdn-strapi.prod.99iddev.net/assets/363_fedex_fedex_20160914043830_92037_814a339b7e.jpg,Same name already exists in this Strapi folder,363_fedex-fedex_20160914043830_92037.jpg
gallery-west,Media Library/Office Venue/gallery-west,923,87,87,31,exterior/165_gallery-west-gallery-west_20171212071654_37394.jpg,exterior,165_gallery-west-gallery-west_20171212071654_37394.jpg,skipped_existing,55998,165_gallery-west-gallery-west_20171212071654_37394.jpg,https://cdn-strapi.prod.99iddev.net/assets/165_gallery_west_gallery_west_20171212071654_37394_d266674805.jpg,Same name already exists in this Strapi folder,165_gallery-west-gallery-west_20171212071654_37394.jpg
gallery-west,Media Library/Office Venue/gallery-west,923,87,87,31,exterior/165_gallery-west-gallery-west_20171212071806_34106.jpg,exterior,165_gallery-west-gallery-west_20171212071806_34106.jpg,skipped_existing,55999,165_gallery-west-gallery-west_20171212071806_34106.jpg,https://cdn-strapi.prod.99iddev.net/assets/165_gallery_west_gallery_west_20171212071806_34106_2d912d099e.jpg,Same name already exists in this Strapi folder,165_gallery-west-gallery-west_20171212071806_34106.jpg
gallery-west,Media Library/Office Venue/gallery-west,923,87,87,31,exterior/165_gallery-west-gallery-west_20171212072201_82505.jpg,exterior,165_gallery-west-gallery-west_20171212072201_82505.jpg,skipped_existing,56000,165_gallery-west-gallery-west_20171212072201_82505.jpg,https://cdn-strapi.prod.99iddev.net/assets/165_gallery_west_gallery_west_20171212072201_82505_b05ea6d862.jpg,Same name already exists in this Strapi folder,165_gallery-west-gallery-west_20171212072201_82505.jpg
gallery-west,Media Library/Office Venue/gallery-west,923,87,87,31,exterior/165_gallery-west-gallery-west_20171212072208_40376.jpg,exterior,165_gallery-west-gallery-west_20171212072208_40376.jpg,skipped_existing,56001,165_gallery-west-gallery-west_20171212072208_40376.jpg,https://cdn-strapi.prod.99iddev.net/assets/165_gallery_west_gallery_west_20171212072208_40376_c325284ac4.jpg,Same name already exists in this Strapi folder,165_gallery-west-gallery-west_20171212072208_40376.jpg
gallery-west,Media Library/Office Venue/gallery-west,923,87,87,31,exterior/165_gallery-west-gallery-west_20171212072234_75380.jpg,exterior,165_gallery-west-gallery-west_20171212072234_75380.jpg,skipped_existing,56002,165_gallery-west-gallery-west_20171212072234_75380.jpg,https://cdn-strapi.prod.99iddev.net/assets/165_gallery_west_gallery_west_20171212072234_75380_2e18ae26c3.jpg,Same name already exists in this Strapi folder,165_gallery-west-gallery-west_20171212072234_75380.jpg
gallery-west,Media Library/Office Venue/gallery-west,923,87,87,31,exterior/165_gallery-west-gallery-west_20171212072243_93349.jpg,exterior,165_gallery-west-gallery-west_20171212072243_93349.jpg,skipped_existing,56003,165_gallery-west-gallery-west_20171212072243_93349.jpg,https://cdn-strapi.prod.99iddev.net/assets/165_gallery_west_gallery_west_20171212072243_93349_e6dc7a1c5f.jpg,Same name already exists in this Strapi folder,165_gallery-west-gallery-west_20171212072243_93349.jpg
gallery-west,Media Library/Office Venue/gallery-west,923,87,87,31,exterior/165_gallery-west-gallery-west_20171212072255_74473.jpg,exterior,165_gallery-west-gallery-west_20171212072255_74473.jpg,skipped_existing,56004,165_gallery-west-gallery-west_20171212072255_74473.jpg,https://cdn-strapi.prod.99iddev.net/assets/165_gallery_west_gallery_west_20171212072255_74473_9866b3d123.jpg,Same name already exists in this Strapi folder,165_gallery-west-gallery-west_20171212072255_74473.jpg
gallery-west,Media Library/Office Venue/gallery-west,923,87,87,31,floorplan/165_gallery-west-gallery-west_20170222073357_87204.jpg,floorplan,165_gallery-west-gallery-west_20170222073357_87204.jpg,skipped_existing,56005,165_gallery-west-gallery-west_20170222073357_87204.jpg,https://cdn-strapi.prod.99iddev.net/assets/165_gallery_west_gallery_west_20170222073357_87204_e389e1ead5.jpg,Same name already exists in this Strapi folder,165_gallery-west-gallery-west_20170222073357_87204.jpg
gallery-west,Media Library/Office Venue/gallery-west,923,87,87,31,floorplan/165_gallery-west-gallery-west_20170222074746_45053.jpg,floorplan,165_gallery-west-gallery-west_20170222074746_45053.jpg,skipped_existing,56006,165_gallery-west-gallery-west_20170222074746_45053.jpg,https://cdn-strapi.prod.99iddev.net/assets/165_gallery_west_gallery_west_20170222074746_45053_b30ab99405.jpg,Same name already exists in this Strapi folder,165_gallery-west-gallery-west_20170222074746_45053.jpg
gallery-west,Media Library/Office Venue/gallery-west,923,87,87,31,floorplan/165_gallery-west-gallery-west_20170222074747_23129.jpg,floorplan,165_gallery-west-gallery-west_20170222074747_23129.jpg,skipped_existing,56007,165_gallery-west-gallery-west_20170222074747_23129.jpg,https://cdn-strapi.prod.99iddev.net/assets/165_gallery_west_gallery_west_20170222074747_23129_28ffcda57a.jpg,Same name already exists in this Strapi folder,165_gallery-west-gallery-west_20170222074747_23129.jpg
gallery-west,Media Library/Office Venue/gallery-west,923,87,87,31,floorplan/165_gallery-west-gallery-west_20170222074747_98515.jpg,floorplan,165_gallery-west-gallery-west_20170222074747_98515.jpg,skipped_existing,56008,165_gallery-west-gallery-west_20170222074747_98515.jpg,https://cdn-strapi.prod.99iddev.net/assets/165_gallery_west_gallery_west_20170222074747_98515_855e9fb143.jpg,Same name already exists in this Strapi folder,165_gallery-west-gallery-west_20170222074747_98515.jpg
gallery-west,Media Library/Office Venue/gallery-west,923,87,87,31,interior/165_gallery-west-gallery-west_20171024044014_78495.jpg,interior,165_gallery-west-gallery-west_20171024044014_78495.jpg,skipped_existing,56009,165_gallery-west-gallery-west_20171024044014_78495.jpg,https://cdn-strapi.prod.99iddev.net/assets/165_gallery_west_gallery_west_20171024044014_78495_e412ce0b15.jpg,Same name already exists in this Strapi folder,165_gallery-west-gallery-west_20171024044014_78495.jpg
gallery-west,Media Library/Office Venue/gallery-west,923,87,87,31,interior/165_gallery-west-gallery-west_20171024044016_43005.jpg,interior,165_gallery-west-gallery-west_20171024044016_43005.jpg,skipped_existing,56010,165_gallery-west-gallery-west_20171024044016_43005.jpg,https://cdn-strapi.prod.99iddev.net/assets/165_gallery_west_gallery_west_20171024044016_43005_19aa359e49.jpg,Same name already exists in this Strapi folder,165_gallery-west-gallery-west_20171024044016_43005.jpg
gallery-west,Media Library/Office Venue/gallery-west,923,87,87,31,interior/165_gallery-west-gallery-west_20171024044019_89417.jpg,interior,165_gallery-west-gallery-west_20171024044019_89417.jpg,skipped_existing,56011,165_gallery-west-gallery-west_20171024044019_89417.jpg,https://cdn-strapi.prod.99iddev.net/assets/165_gallery_west_gallery_west_20171024044019_89417_6582f665e7.jpg,Same name already exists in this Strapi folder,165_gallery-west-gallery-west_20171024044019_89417.jpg
gallery-west,Media Library/Office Venue/gallery-west,923,87,87,31,interior/165_gallery-west-gallery-west_20171024044020_70257.jpg,interior,165_gallery-west-gallery-west_20171024044020_70257.jpg,skipped_existing,56012,165_gallery-west-gallery-west_20171024044020_70257.jpg,https://cdn-strapi.prod.99iddev.net/assets/165_gallery_west_gallery_west_20171024044020_70257_0fbbd956de.jpg,Same name already exists in this Strapi folder,165_gallery-west-gallery-west_20171024044020_70257.jpg
gallery-west,Media Library/Office Venue/gallery-west,923,87,87,31,interior/165_gallery-west-gallery-west_20180412062236_46754.jpg,interior,165_gallery-west-gallery-west_20180412062236_46754.jpg,skipped_existing,56013,165_gallery-west-gallery-west_20180412062236_46754.jpg,https://cdn-strapi.prod.99iddev.net/assets/165_gallery_west_gallery_west_20180412062236_46754_e880289795.jpg,Same name already exists in this Strapi folder,165_gallery-west-gallery-west_20180412062236_46754.jpg
gallery-west,Media Library/Office Venue/gallery-west,923,87,87,31,interior/165_gallery-west-gallery-west_20180412062236_52646.jpg,interior,165_gallery-west-gallery-west_20180412062236_52646.jpg,skipped_existing,56014,165_gallery-west-gallery-west_20180412062236_52646.jpg,https://cdn-strapi.prod.99iddev.net/assets/165_gallery_west_gallery_west_20180412062236_52646_bd6f9ddae1.jpg,Same name already exists in this Strapi folder,165_gallery-west-gallery-west_20180412062236_52646.jpg
gallery-west,Media Library/Office Venue/gallery-west,923,87,87,31,interior/165_gallery-west-gallery-west_20180412062237_74543.jpg,interior,165_gallery-west-gallery-west_20180412062237_74543.jpg,skipped_existing,56015,165_gallery-west-gallery-west_20180412062237_74543.jpg,https://cdn-strapi.prod.99iddev.net/assets/165_gallery_west_gallery_west_20180412062237_74543_3132cdcde8.jpg,Same name already exists in this Strapi folder,165_gallery-west-gallery-west_20180412062237_74543.jpg
gallery-west,Media Library/Office Venue/gallery-west,923,87,87,31,interior/165_gallery-west-gallery-west_20180412062237_88028.jpg,interior,165_gallery-west-gallery-west_20180412062237_88028.jpg,skipped_existing,56016,165_gallery-west-gallery-west_20180412062237_88028.jpg,https://cdn-strapi.prod.99iddev.net/assets/165_gallery_west_gallery_west_20180412062237_88028_84b1db390c.jpg,Same name already exists in this Strapi folder,165_gallery-west-gallery-west_20180412062237_88028.jpg
gallery-west,Media Library/Office Venue/gallery-west,923,87,87,31,interior/165_gallery-west-gallery-west_20180412062237_97471.jpg,interior,165_gallery-west-gallery-west_20180412062237_97471.jpg,skipped_existing,56017,165_gallery-west-gallery-west_20180412062237_97471.jpg,https://cdn-strapi.prod.99iddev.net/assets/165_gallery_west_gallery_west_20180412062237_97471_f1614cc63d.jpg,Same name already exists in this Strapi folder,165_gallery-west-gallery-west_20180412062237_97471.jpg
gallery-west,Media Library/Office Venue/gallery-west,923,87,87,31,interior/165_gallery-west-gallery-west_20180412062238_12810.jpg,interior,165_gallery-west-gallery-west_20180412062238_12810.jpg,skipped_existing,56018,165_gallery-west-gallery-west_20180412062238_12810.jpg,https://cdn-strapi.prod.99iddev.net/assets/165_gallery_west_gallery_west_20180412062238_12810_125e12d1d7.jpg,Same name already exists in this Strapi folder,165_gallery-west-gallery-west_20180412062238_12810.jpg
gallery-west,Media Library/Office Venue/gallery-west,923,87,87,31,interior/165_gallery-west-gallery-west_20180412062238_27394.jpg,interior,165_gallery-west-gallery-west_20180412062238_27394.jpg,skipped_existing,56019,165_gallery-west-gallery-west_20180412062238_27394.jpg,https://cdn-strapi.prod.99iddev.net/assets/165_gallery_west_gallery_west_20180412062238_27394_07815aa210.jpg,Same name already exists in this Strapi folder,165_gallery-west-gallery-west_20180412062238_27394.jpg
gallery-west,Media Library/Office Venue/gallery-west,923,87,87,31,interior/165_gallery-west-gallery-west_20180412062239_35138.jpg,interior,165_gallery-west-gallery-west_20180412062239_35138.jpg,skipped_existing,56020,165_gallery-west-gallery-west_20180412062239_35138.jpg,https://cdn-strapi.prod.99iddev.net/assets/165_gallery_west_gallery_west_20180412062239_35138_f7e5f1ce02.jpg,Same name already exists in this Strapi folder,165_gallery-west-gallery-west_20180412062239_35138.jpg
gallery-west,Media Library/Office Venue/gallery-west,923,87,87,31,interior/165_gallery-west-gallery-west_20180412062239_58651.jpg,interior,165_gallery-west-gallery-west_20180412062239_58651.jpg,skipped_existing,56021,165_gallery-west-gallery-west_20180412062239_58651.jpg,https://cdn-strapi.prod.99iddev.net/assets/165_gallery_west_gallery_west_20180412062239_58651_e7c62b8f20.jpg,Same name already exists in this Strapi folder,165_gallery-west-gallery-west_20180412062239_58651.jpg
gallery-west,Media Library/Office Venue/gallery-west,923,87,87,31,interior/165_gallery-west-gallery-west_20180412062240_29166.jpg,interior,165_gallery-west-gallery-west_20180412062240_29166.jpg,skipped_existing,56022,165_gallery-west-gallery-west_20180412062240_29166.jpg,https://cdn-strapi.prod.99iddev.net/assets/165_gallery_west_gallery_west_20180412062240_29166_0d8d7fcc60.jpg,Same name already exists in this Strapi folder,165_gallery-west-gallery-west_20180412062240_29166.jpg
gallery-west,Media Library/Office Venue/gallery-west,923,87,87,31,interior/165_gallery-west-gallery-west_20180412062240_69276.jpg,interior,165_gallery-west-gallery-west_20180412062240_69276.jpg,skipped_existing,56023,165_gallery-west-gallery-west_20180412062240_69276.jpg,https://cdn-strapi.prod.99iddev.net/assets/165_gallery_west_gallery_west_20180412062240_69276_c31d070c2b.jpg,Same name already exists in this Strapi folder,165_gallery-west-gallery-west_20180412062240_69276.jpg
gallery-west,Media Library/Office Venue/gallery-west,923,87,87,31,interior/165_gallery-west-gallery-west_20180412062241_16144.jpg,interior,165_gallery-west-gallery-west_20180412062241_16144.jpg,skipped_existing,56024,165_gallery-west-gallery-west_20180412062241_16144.jpg,https://cdn-strapi.prod.99iddev.net/assets/165_gallery_west_gallery_west_20180412062241_16144_66070361f1.jpg,Same name already exists in this Strapi folder,165_gallery-west-gallery-west_20180412062241_16144.jpg
gallery-west,Media Library/Office Venue/gallery-west,923,87,87,31,interior/165_gallery-west-gallery-west_20180412062241_34223.jpg,interior,165_gallery-west-gallery-west_20180412062241_34223.jpg,skipped_existing,56025,165_gallery-west-gallery-west_20180412062241_34223.jpg,https://cdn-strapi.prod.99iddev.net/assets/165_gallery_west_gallery_west_20180412062241_34223_b37de6ddf7.jpg,Same name already exists in this Strapi folder,165_gallery-west-gallery-west_20180412062241_34223.jpg
gallery-west,Media Library/Office Venue/gallery-west,923,87,87,31,interior/165_gallery-west-gallery-west_20180412062242_24564.jpg,interior,165_gallery-west-gallery-west_20180412062242_24564.jpg,skipped_existing,56026,165_gallery-west-gallery-west_20180412062242_24564.jpg,https://cdn-strapi.prod.99iddev.net/assets/165_gallery_west_gallery_west_20180412062242_24564_88f0d3bfa9.jpg,Same name already exists in this Strapi folder,165_gallery-west-gallery-west_20180412062242_24564.jpg
gallery-west,Media Library/Office Venue/gallery-west,923,87,87,31,interior/165_gallery-west-gallery-west_20180412062242_63967.jpg,interior,165_gallery-west-gallery-west_20180412062242_63967.jpg,skipped_existing,56027,165_gallery-west-gallery-west_20180412062242_63967.jpg,https://cdn-strapi.prod.99iddev.net/assets/165_gallery_west_gallery_west_20180412062242_63967_712ca0eb41.jpg,Same name already exists in this Strapi folder,165_gallery-west-gallery-west_20180412062242_63967.jpg
gallery-west,Media Library/Office Venue/gallery-west,923,87,87,31,interior/165_gallery-west-gallery-west_20180412062243_76905.jpg,interior,165_gallery-west-gallery-west_20180412062243_76905.jpg,skipped_existing,56028,165_gallery-west-gallery-west_20180412062243_76905.jpg,https://cdn-strapi.prod.99iddev.net/assets/165_gallery_west_gallery_west_20180412062243_76905_1a1c444166.jpg,Same name already exists in this Strapi folder,165_gallery-west-gallery-west_20180412062243_76905.jpg
gandaria-8,Media Library/Office Venue/gandaria-8,924,24,24,9,interior/253_gandaria-8-gandaria-8_20170331101833_22568.jpg,interior,253_gandaria-8-gandaria-8_20170331101833_22568.jpg,skipped_existing,56032,253_gandaria-8-gandaria-8_20170331101833_22568.jpg,https://cdn-strapi.prod.99iddev.net/assets/253_gandaria_8_gandaria_8_20170331101833_22568_6371a3bf3e.jpg,Same name already exists in this Strapi folder,253_gandaria-8-gandaria-8_20170331101833_22568.jpg
gandaria-8,Media Library/Office Venue/gandaria-8,924,24,24,9,interior/253_gandaria-8-gandaria-8_20170331101834_57905.jpg,interior,253_gandaria-8-gandaria-8_20170331101834_57905.jpg,skipped_existing,56033,253_gandaria-8-gandaria-8_20170331101834_57905.jpg,https://cdn-strapi.prod.99iddev.net/assets/253_gandaria_8_gandaria_8_20170331101834_57905_4b5ae3bfe2.jpg,Same name already exists in this Strapi folder,253_gandaria-8-gandaria-8_20170331101834_57905.jpg
gandaria-8,Media Library/Office Venue/gandaria-8,924,24,24,9,interior/253_gandaria-8-gandaria-8_20170331101834_93245.jpg,interior,253_gandaria-8-gandaria-8_20170331101834_93245.jpg,skipped_existing,56034,253_gandaria-8-gandaria-8_20170331101834_93245.jpg,https://cdn-strapi.prod.99iddev.net/assets/253_gandaria_8_gandaria_8_20170331101834_93245_e92f5b7cce.jpg,Same name already exists in this Strapi folder,253_gandaria-8-gandaria-8_20170331101834_93245.jpg
gandaria-8,Media Library/Office Venue/gandaria-8,924,24,24,9,interior/253_gandaria-8-gandaria-8_20170331101835_20171.jpg,interior,253_gandaria-8-gandaria-8_20170331101835_20171.jpg,skipped_existing,56035,253_gandaria-8-gandaria-8_20170331101835_20171.jpg,https://cdn-strapi.prod.99iddev.net/assets/253_gandaria_8_gandaria_8_20170331101835_20171_b001980ee6.jpg,Same name already exists in this Strapi folder,253_gandaria-8-gandaria-8_20170331101835_20171.jpg
gandaria-8,Media Library/Office Venue/gandaria-8,924,24,24,9,interior/253_gandaria-8-gandaria-8_20170331101835_25466.jpg,interior,253_gandaria-8-gandaria-8_20170331101835_25466.jpg,skipped_existing,56036,253_gandaria-8-gandaria-8_20170331101835_25466.jpg,https://cdn-strapi.prod.99iddev.net/assets/253_gandaria_8_gandaria_8_20170331101835_25466_72862863ce.jpg,Same name already exists in this Strapi folder,253_gandaria-8-gandaria-8_20170331101835_25466.jpg
gandaria-8,Media Library/Office Venue/gandaria-8,924,24,24,9,interior/253_gandaria-8-gandaria-8_20170331101836_20073.jpg,interior,253_gandaria-8-gandaria-8_20170331101836_20073.jpg,skipped_existing,56037,253_gandaria-8-gandaria-8_20170331101836_20073.jpg,https://cdn-strapi.prod.99iddev.net/assets/253_gandaria_8_gandaria_8_20170331101836_20073_77d0085f9a.jpg,Same name already exists in this Strapi folder,253_gandaria-8-gandaria-8_20170331101836_20073.jpg
gandaria-8,Media Library/Office Venue/gandaria-8,924,24,24,9,interior/253_gandaria-8-gandaria-8_20170331101836_73191.jpg,interior,253_gandaria-8-gandaria-8_20170331101836_73191.jpg,skipped_existing,56038,253_gandaria-8-gandaria-8_20170331101836_73191.jpg,https://cdn-strapi.prod.99iddev.net/assets/253_gandaria_8_gandaria_8_20170331101836_73191_ec197e5707.jpg,Same name already exists in this Strapi folder,253_gandaria-8-gandaria-8_20170331101836_73191.jpg
gandaria-8,Media Library/Office Venue/gandaria-8,924,24,24,9,interior/253_gandaria-8-gandaria-8_20170331101836_90929.jpg,interior,253_gandaria-8-gandaria-8_20170331101836_90929.jpg,skipped_existing,56039,253_gandaria-8-gandaria-8_20170331101836_90929.jpg,https://cdn-strapi.prod.99iddev.net/assets/253_gandaria_8_gandaria_8_20170331101836_90929_e3568bf7c1.jpg,Same name already exists in this Strapi folder,253_gandaria-8-gandaria-8_20170331101836_90929.jpg
gandaria-8,Media Library/Office Venue/gandaria-8,924,24,24,9,interior/253_gandaria-8-gandaria-8_20170331101837_24493.jpg,interior,253_gandaria-8-gandaria-8_20170331101837_24493.jpg,skipped_existing,56040,253_gandaria-8-gandaria-8_20170331101837_24493.jpg,https://cdn-strapi.prod.99iddev.net/assets/253_gandaria_8_gandaria_8_20170331101837_24493_10a9b0decf.jpg,Same name already exists in this Strapi folder,253_gandaria-8-gandaria-8_20170331101837_24493.jpg
gedung-arva,Media Library/Office Venue/gedung-arva,925,28,28,13,interior/188_gedung-arva-gedung-arva_20180411083507_70846.jpg,interior,188_gedung-arva-gedung-arva_20180411083507_70846.jpg,skipped_existing,56053,188_gedung-arva-gedung-arva_20180411083507_70846.jpg,https://cdn-strapi.prod.99iddev.net/assets/188_gedung_arva_gedung_arva_20180411083507_70846_57cdccd1a5.jpg,Same name already exists in this Strapi folder,188_gedung-arva-gedung-arva_20180411083507_70846.jpg
gedung-arva,Media Library/Office Venue/gedung-arva,925,28,28,13,interior/188_gedung-arva-gedung-arva_20180411083508_45582.jpg,interior,188_gedung-arva-gedung-arva_20180411083508_45582.jpg,skipped_existing,56054,188_gedung-arva-gedung-arva_20180411083508_45582.jpg,https://cdn-strapi.prod.99iddev.net/assets/188_gedung_arva_gedung_arva_20180411083508_45582_433a230089.jpg,Same name already exists in this Strapi folder,188_gedung-arva-gedung-arva_20180411083508_45582.jpg
gedung-arva,Media Library/Office Venue/gedung-arva,925,28,28,13,interior/188_gedung-arva-gedung-arva_20180411083508_55672.jpg,interior,188_gedung-arva-gedung-arva_20180411083508_55672.jpg,skipped_existing,56055,188_gedung-arva-gedung-arva_20180411083508_55672.jpg,https://cdn-strapi.prod.99iddev.net/assets/188_gedung_arva_gedung_arva_20180411083508_55672_935af62886.jpg,Same name already exists in this Strapi folder,188_gedung-arva-gedung-arva_20180411083508_55672.jpg
gedung-arva,Media Library/Office Venue/gedung-arva,925,28,28,13,interior/188_gedung-arva-gedung-arva_20180411083508_88974.jpg,interior,188_gedung-arva-gedung-arva_20180411083508_88974.jpg,skipped_existing,56056,188_gedung-arva-gedung-arva_20180411083508_88974.jpg,https://cdn-strapi.prod.99iddev.net/assets/188_gedung_arva_gedung_arva_20180411083508_88974_9b22ed0e0c.jpg,Same name already exists in this Strapi folder,188_gedung-arva-gedung-arva_20180411083508_88974.jpg
gedung-arva,Media Library/Office Venue/gedung-arva,925,28,28,13,interior/188_gedung-arva-gedung-arva_20180411083509_50074.jpg,interior,188_gedung-arva-gedung-arva_20180411083509_50074.jpg,skipped_existing,56057,188_gedung-arva-gedung-arva_20180411083509_50074.jpg,https://cdn-strapi.prod.99iddev.net/assets/188_gedung_arva_gedung_arva_20180411083509_50074_ca7867603c.jpg,Same name already exists in this Strapi folder,188_gedung-arva-gedung-arva_20180411083509_50074.jpg
gedung-arva,Media Library/Office Venue/gedung-arva,925,28,28,13,interior/188_gedung-arva-gedung-arva_20180411083509_87884.jpg,interior,188_gedung-arva-gedung-arva_20180411083509_87884.jpg,skipped_existing,56058,188_gedung-arva-gedung-arva_20180411083509_87884.jpg,https://cdn-strapi.prod.99iddev.net/assets/188_gedung_arva_gedung_arva_20180411083509_87884_ddf14c2a1d.jpg,Same name already exists in this Strapi folder,188_gedung-arva-gedung-arva_20180411083509_87884.jpg
gedung-arva,Media Library/Office Venue/gedung-arva,925,28,28,13,interior/188_gedung-arva-gedung-arva_20180411083510_89373.jpg,interior,188_gedung-arva-gedung-arva_20180411083510_89373.jpg,skipped_existing,56059,188_gedung-arva-gedung-arva_20180411083510_89373.jpg,https://cdn-strapi.prod.99iddev.net/assets/188_gedung_arva_gedung_arva_20180411083510_89373_e41f8e9154.jpg,Same name already exists in this Strapi folder,188_gedung-arva-gedung-arva_20180411083510_89373.jpg
gedung-arva,Media Library/Office Venue/gedung-arva,925,28,28,13,interior/188_gedung-arva-gedung-arva_20180411083511_73500.jpg,interior,188_gedung-arva-gedung-arva_20180411083511_73500.jpg,skipped_existing,56060,188_gedung-arva-gedung-arva_20180411083511_73500.jpg,https://cdn-strapi.prod.99iddev.net/assets/188_gedung_arva_gedung_arva_20180411083511_73500_5bd342cbdd.jpg,Same name already exists in this Strapi folder,188_gedung-arva-gedung-arva_20180411083511_73500.jpg
gedung-arva,Media Library/Office Venue/gedung-arva,925,28,28,13,interior/188_gedung-arva-gedung-arva_20180411083511_96452.jpg,interior,188_gedung-arva-gedung-arva_20180411083511_96452.jpg,skipped_existing,56061,188_gedung-arva-gedung-arva_20180411083511_96452.jpg,https://cdn-strapi.prod.99iddev.net/assets/188_gedung_arva_gedung_arva_20180411083511_96452_b912c130cf.jpg,Same name already exists in this Strapi folder,188_gedung-arva-gedung-arva_20180411083511_96452.jpg
gedung-arva,Media Library/Office Venue/gedung-arva,925,28,28,13,interior/188_gedung-arva-gedung-arva_20180411083512_33304.jpg,interior,188_gedung-arva-gedung-arva_20180411083512_33304.jpg,skipped_existing,56062,188_gedung-arva-gedung-arva_20180411083512_33304.jpg,https://cdn-strapi.prod.99iddev.net/assets/188_gedung_arva_gedung_arva_20180411083512_33304_65f72ff8d5.jpg,Same name already exists in this Strapi folder,188_gedung-arva-gedung-arva_20180411083512_33304.jpg
gedung-arva,Media Library/Office Venue/gedung-arva,925,28,28,13,interior/188_gedung-arva-gedung-arva_20180411083512_76651.jpg,interior,188_gedung-arva-gedung-arva_20180411083512_76651.jpg,skipped_existing,56063,188_gedung-arva-gedung-arva_20180411083512_76651.jpg,https://cdn-strapi.prod.99iddev.net/assets/188_gedung_arva_gedung_arva_20180411083512_76651_ef4e0c20ad.jpg,Same name already exists in this Strapi folder,188_gedung-arva-gedung-arva_20180411083512_76651.jpg
gedung-arva,Media Library/Office Venue/gedung-arva,925,28,28,13,interior/188_gedung-arva-gedung-arva_20180411083512_89209.jpg,interior,188_gedung-arva-gedung-arva_20180411083512_89209.jpg,skipped_existing,56064,188_gedung-arva-gedung-arva_20180411083512_89209.jpg,https://cdn-strapi.prod.99iddev.net/assets/188_gedung_arva_gedung_arva_20180411083512_89209_8bcff9643e.jpg,Same name already exists in this Strapi folder,188_gedung-arva-gedung-arva_20180411083512_89209.jpg
gedung-arva,Media Library/Office Venue/gedung-arva,925,28,28,13,interior/188_gedung-arva-gedung-arva_20180411083513_91382.jpg,interior,188_gedung-arva-gedung-arva_20180411083513_91382.jpg,skipped_existing,56065,188_gedung-arva-gedung-arva_20180411083513_91382.jpg,https://cdn-strapi.prod.99iddev.net/assets/188_gedung_arva_gedung_arva_20180411083513_91382_dcf4775536.jpg,Same name already exists in this Strapi folder,188_gedung-arva-gedung-arva_20180411083513_91382.jpg
gedung-bank-panin-senayan,Media Library/Office Venue/gedung-bank-panin-senayan,983,2,2,1,exterior/94_gedung-bank-panin-gedung-bank-panin-senayan_20160914043853_78628.jpg,exterior,94_gedung-bank-panin-gedung-bank-panin-senayan_20160914043853_78628.jpg,skipped_existing,56066,94_gedung-bank-panin-gedung-bank-panin-senayan_20160914043853_78628.jpg,https://cdn-strapi.prod.99iddev.net/assets/94_gedung_bank_panin_gedung_bank_panin_senayan_20160914043853_78628_4228abd896.jpg,Same name already exists in this Strapi folder,94_gedung-bank-panin-gedung-bank-panin-senayan_20160914043853_78628.jpg
gedung-bni-1,Media Library/Office Venue/gedung-bni-1,984,26,26,13,exterior/95_gedung-bni-gedung-bni-1_20160914043846_14356.jpg,exterior,95_gedung-bni-gedung-bni-1_20160914043846_14356.jpg,skipped_existing,56067,95_gedung-bni-gedung-bni-1_20160914043846_14356.jpg,https://cdn-strapi.prod.99iddev.net/assets/95_gedung_bni_gedung_bni_1_20160914043846_14356_b92580e3e5.jpg,Same name already exists in this Strapi folder,95_gedung-bni-gedung-bni-1_20160914043846_14356.jpg
gedung-bni-1,Media Library/Office Venue/gedung-bni-1,984,26,26,13,exterior/95_gedung-bni-gedung-bni-1_20160914043847_79026.jpg,exterior,95_gedung-bni-gedung-bni-1_20160914043847_79026.jpg,skipped_existing,56068,95_gedung-bni-gedung-bni-1_20160914043847_79026.jpg,https://cdn-strapi.prod.99iddev.net/assets/95_gedung_bni_gedung_bni_1_20160914043847_79026_18442202a2.jpg,Same name already exists in this Strapi folder,95_gedung-bni-gedung-bni-1_20160914043847_79026.jpg
gedung-bni-1,Media Library/Office Venue/gedung-bni-1,984,26,26,13,exterior/95_gedung-bni-gedung-bni-1_20160914043847_89384.jpg,exterior,95_gedung-bni-gedung-bni-1_20160914043847_89384.jpg,skipped_existing,56069,95_gedung-bni-gedung-bni-1_20160914043847_89384.jpg,https://cdn-strapi.prod.99iddev.net/assets/95_gedung_bni_gedung_bni_1_20160914043847_89384_b97977d7ee.jpg,Same name already exists in this Strapi folder,95_gedung-bni-gedung-bni-1_20160914043847_89384.jpg
gedung-bni-1,Media Library/Office Venue/gedung-bni-1,984,26,26,13,interior/95_gedung-bni-gedung-bni-1_20180411084049_22326.jpg,interior,95_gedung-bni-gedung-bni-1_20180411084049_22326.jpg,skipped_existing,56070,95_gedung-bni-gedung-bni-1_20180411084049_22326.jpg,https://cdn-strapi.prod.99iddev.net/assets/95_gedung_bni_gedung_bni_1_20180411084049_22326_68983e391b.jpg,Same name already exists in this Strapi folder,95_gedung-bni-gedung-bni-1_20180411084049_22326.jpg
gedung-bni-1,Media Library/Office Venue/gedung-bni-1,984,26,26,13,interior/95_gedung-bni-gedung-bni-1_20180411084049_68978.jpg,interior,95_gedung-bni-gedung-bni-1_20180411084049_68978.jpg,skipped_existing,56071,95_gedung-bni-gedung-bni-1_20180411084049_68978.jpg,https://cdn-strapi.prod.99iddev.net/assets/95_gedung_bni_gedung_bni_1_20180411084049_68978_e8c8ae3ec5.jpg,Same name already exists in this Strapi folder,95_gedung-bni-gedung-bni-1_20180411084049_68978.jpg
gedung-bni-1,Media Library/Office Venue/gedung-bni-1,984,26,26,13,interior/95_gedung-bni-gedung-bni-1_20180411084050_19074.jpg,interior,95_gedung-bni-gedung-bni-1_20180411084050_19074.jpg,skipped_existing,56072,95_gedung-bni-gedung-bni-1_20180411084050_19074.jpg,https://cdn-strapi.prod.99iddev.net/assets/95_gedung_bni_gedung_bni_1_20180411084050_19074_8147dab16a.jpg,Same name already exists in this Strapi folder,95_gedung-bni-gedung-bni-1_20180411084050_19074.jpg
gedung-bni-1,Media Library/Office Venue/gedung-bni-1,984,26,26,13,interior/95_gedung-bni-gedung-bni-1_20180411084051_25939.jpg,interior,95_gedung-bni-gedung-bni-1_20180411084051_25939.jpg,skipped_existing,56073,95_gedung-bni-gedung-bni-1_20180411084051_25939.jpg,https://cdn-strapi.prod.99iddev.net/assets/95_gedung_bni_gedung_bni_1_20180411084051_25939_31f98922fa.jpg,Same name already exists in this Strapi folder,95_gedung-bni-gedung-bni-1_20180411084051_25939.jpg
gedung-bni-1,Media Library/Office Venue/gedung-bni-1,984,26,26,13,interior/95_gedung-bni-gedung-bni-1_20180411084051_75849.jpg,interior,95_gedung-bni-gedung-bni-1_20180411084051_75849.jpg,skipped_existing,56074,95_gedung-bni-gedung-bni-1_20180411084051_75849.jpg,https://cdn-strapi.prod.99iddev.net/assets/95_gedung_bni_gedung_bni_1_20180411084051_75849_1e42cea4d7.jpg,Same name already exists in this Strapi folder,95_gedung-bni-gedung-bni-1_20180411084051_75849.jpg
gedung-bni-1,Media Library/Office Venue/gedung-bni-1,984,26,26,13,interior/95_gedung-bni-gedung-bni-1_20180411084052_46429.jpg,interior,95_gedung-bni-gedung-bni-1_20180411084052_46429.jpg,skipped_existing,56075,95_gedung-bni-gedung-bni-1_20180411084052_46429.jpg,https://cdn-strapi.prod.99iddev.net/assets/95_gedung_bni_gedung_bni_1_20180411084052_46429_687f4e83b5.jpg,Same name already exists in this Strapi folder,95_gedung-bni-gedung-bni-1_20180411084052_46429.jpg
gedung-bni-1,Media Library/Office Venue/gedung-bni-1,984,26,26,13,interior/95_gedung-bni-gedung-bni-1_20180411084052_59565.jpg,interior,95_gedung-bni-gedung-bni-1_20180411084052_59565.jpg,skipped_existing,56076,95_gedung-bni-gedung-bni-1_20180411084052_59565.jpg,https://cdn-strapi.prod.99iddev.net/assets/95_gedung_bni_gedung_bni_1_20180411084052_59565_eb73621406.jpg,Same name already exists in this Strapi folder,95_gedung-bni-gedung-bni-1_20180411084052_59565.jpg
gedung-bni-1,Media Library/Office Venue/gedung-bni-1,984,26,26,13,interior/95_gedung-bni-gedung-bni-1_20180411084053_31596.jpg,interior,95_gedung-bni-gedung-bni-1_20180411084053_31596.jpg,skipped_existing,56077,95_gedung-bni-gedung-bni-1_20180411084053_31596.jpg,https://cdn-strapi.prod.99iddev.net/assets/95_gedung_bni_gedung_bni_1_20180411084053_31596_94ce059074.jpg,Same name already exists in this Strapi folder,95_gedung-bni-gedung-bni-1_20180411084053_31596.jpg
gedung-bni-1,Media Library/Office Venue/gedung-bni-1,984,26,26,13,interior/95_gedung-bni-gedung-bni-1_20180411084053_47626.jpg,interior,95_gedung-bni-gedung-bni-1_20180411084053_47626.jpg,skipped_existing,56078,95_gedung-bni-gedung-bni-1_20180411084053_47626.jpg,https://cdn-strapi.prod.99iddev.net/assets/95_gedung_bni_gedung_bni_1_20180411084053_47626_5faed6abf1.jpg,Same name already exists in this Strapi folder,95_gedung-bni-gedung-bni-1_20180411084053_47626.jpg
gedung-bni-1,Media Library/Office Venue/gedung-bni-1,984,26,26,13,interior/95_gedung-bni-gedung-bni-1_20180411084053_99702.jpg,interior,95_gedung-bni-gedung-bni-1_20180411084053_99702.jpg,skipped_existing,56079,95_gedung-bni-gedung-bni-1_20180411084053_99702.jpg,https://cdn-strapi.prod.99iddev.net/assets/95_gedung_bni_gedung_bni_1_20180411084053_99702_3e2b99f576.jpg,Same name already exists in this Strapi folder,95_gedung-bni-gedung-bni-1_20180411084053_99702.jpg
gedung-indosat,Media Library/Office Venue/gedung-indosat,986,14,14,7,exterior/389_gedung-indosat-gedung-indosat_20160914043906_73056.jpg,exterior,389_gedung-indosat-gedung-indosat_20160914043906_73056.jpg,skipped_existing,56103,389_gedung-indosat-gedung-indosat_20160914043906_73056.jpg,https://cdn-strapi.prod.99iddev.net/assets/389_gedung_indosat_gedung_indosat_20160914043906_73056_6f2faec20a.jpg,Same name already exists in this Strapi folder,389_gedung-indosat-gedung-indosat_20160914043906_73056.jpg
gedung-indosat,Media Library/Office Venue/gedung-indosat,986,14,14,7,interior/389_gedung-indosat-gedung-indosat_20180522061523_42942.jpg,interior,389_gedung-indosat-gedung-indosat_20180522061523_42942.jpg,skipped_existing,56104,389_gedung-indosat-gedung-indosat_20180522061523_42942.jpg,https://cdn-strapi.prod.99iddev.net/assets/389_gedung_indosat_gedung_indosat_20180522061523_42942_4b7503b8b9.jpg,Same name already exists in this Strapi folder,389_gedung-indosat-gedung-indosat_20180522061523_42942.jpg
gedung-indosat,Media Library/Office Venue/gedung-indosat,986,14,14,7,interior/389_gedung-indosat-gedung-indosat_20180522061523_66558.jpg,interior,389_gedung-indosat-gedung-indosat_20180522061523_66558.jpg,skipped_existing,56105,389_gedung-indosat-gedung-indosat_20180522061523_66558.jpg,https://cdn-strapi.prod.99iddev.net/assets/389_gedung_indosat_gedung_indosat_20180522061523_66558_6a2305a1f3.jpg,Same name already exists in this Strapi folder,389_gedung-indosat-gedung-indosat_20180522061523_66558.jpg
gedung-indosat,Media Library/Office Venue/gedung-indosat,986,14,14,7,interior/389_gedung-indosat-gedung-indosat_20180522061523_79456.jpg,interior,389_gedung-indosat-gedung-indosat_20180522061523_79456.jpg,skipped_existing,56106,389_gedung-indosat-gedung-indosat_20180522061523_79456.jpg,https://cdn-strapi.prod.99iddev.net/assets/389_gedung_indosat_gedung_indosat_20180522061523_79456_e87a36b22b.jpg,Same name already exists in this Strapi folder,389_gedung-indosat-gedung-indosat_20180522061523_79456.jpg
gedung-indosat,Media Library/Office Venue/gedung-indosat,986,14,14,7,interior/389_gedung-indosat-gedung-indosat_20180522061524_60830.jpg,interior,389_gedung-indosat-gedung-indosat_20180522061524_60830.jpg,skipped_existing,56107,389_gedung-indosat-gedung-indosat_20180522061524_60830.jpg,https://cdn-strapi.prod.99iddev.net/assets/389_gedung_indosat_gedung_indosat_20180522061524_60830_41c7273d84.jpg,Same name already exists in this Strapi folder,389_gedung-indosat-gedung-indosat_20180522061524_60830.jpg
gedung-indosat,Media Library/Office Venue/gedung-indosat,986,14,14,7,interior/389_gedung-indosat-gedung-indosat_20180522061524_64260.jpg,interior,389_gedung-indosat-gedung-indosat_20180522061524_64260.jpg,skipped_existing,56108,389_gedung-indosat-gedung-indosat_20180522061524_64260.jpg,https://cdn-strapi.prod.99iddev.net/assets/389_gedung_indosat_gedung_indosat_20180522061524_64260_610bcf6916.jpg,Same name already exists in this Strapi folder,389_gedung-indosat-gedung-indosat_20180522061524_64260.jpg
gedung-indosat,Media Library/Office Venue/gedung-indosat,986,14,14,7,interior/389_gedung-indosat-gedung-indosat_20180522061524_71890.jpg,interior,389_gedung-indosat-gedung-indosat_20180522061524_71890.jpg,skipped_existing,56109,389_gedung-indosat-gedung-indosat_20180522061524_71890.jpg,https://cdn-strapi.prod.99iddev.net/assets/389_gedung_indosat_gedung_indosat_20180522061524_71890_e62961af4c.jpg,Same name already exists in this Strapi folder,389_gedung-indosat-gedung-indosat_20180522061524_71890.jpg
gedung-jaga,Media Library/Office Venue/gedung-jaga,987,8,8,4,exterior/481_gedung-jaga-gedung-jaga_20170320101711_93642.jpg,exterior,481_gedung-jaga-gedung-jaga_20170320101711_93642.jpg,skipped_existing,56110,481_gedung-jaga-gedung-jaga_20170320101711_93642.jpg,https://cdn-strapi.prod.99iddev.net/assets/481_gedung_jaga_gedung_jaga_20170320101711_93642_b0d3fd6176.jpg,Same name already exists in this Strapi folder,481_gedung-jaga-gedung-jaga_20170320101711_93642.jpg
gedung-jaga,Media Library/Office Venue/gedung-jaga,987,8,8,4,floorplan/481_gedung-jaga-gedung-jaga_20170320111046_61215.jpg,floorplan,481_gedung-jaga-gedung-jaga_20170320111046_61215.jpg,skipped_existing,56111,481_gedung-jaga-gedung-jaga_20170320111046_61215.jpg,https://cdn-strapi.prod.99iddev.net/assets/481_gedung_jaga_gedung_jaga_20170320111046_61215_5e62e56d30.jpg,Same name already exists in this Strapi folder,481_gedung-jaga-gedung-jaga_20170320111046_61215.jpg
gedung-jaga,Media Library/Office Venue/gedung-jaga,987,8,8,4,floorplan/481_gedung-jaga-gedung-jaga_20170320111047_87124.jpg,floorplan,481_gedung-jaga-gedung-jaga_20170320111047_87124.jpg,skipped_existing,56112,481_gedung-jaga-gedung-jaga_20170320111047_87124.jpg,https://cdn-strapi.prod.99iddev.net/assets/481_gedung_jaga_gedung_jaga_20170320111047_87124_5952ffd8c5.jpg,Same name already exists in this Strapi folder,481_gedung-jaga-gedung-jaga_20170320111047_87124.jpg
gedung-jaga,Media Library/Office Venue/gedung-jaga,987,8,8,4,floorplan/481_gedung-jaga-gedung-jaga_20170407104302_55613.jpg,floorplan,481_gedung-jaga-gedung-jaga_20170407104302_55613.jpg,skipped_existing,56113,481_gedung-jaga-gedung-jaga_20170407104302_55613.jpg,https://cdn-strapi.prod.99iddev.net/assets/481_gedung_jaga_gedung_jaga_20170407104302_55613_d9cb2a2af8.jpg,Same name already exists in this Strapi folder,481_gedung-jaga-gedung-jaga_20170407104302_55613.jpg
gedung-jagat,Media Library/Office Venue/gedung-jagat,247,42,42,11,exterior/481_gedung-jagat-gedung-jagat_20180227074100_56750.jpg,exterior,481_gedung-jagat-gedung-jagat_20180227074100_56750.jpg,skipped_existing,56114,481_gedung-jagat-gedung-jagat_20180227074100_56750.jpg,https://cdn-strapi.prod.99iddev.net/assets/481_gedung_jagat_gedung_jagat_20180227074100_56750_9617cc4208.jpg,Same name already exists in this Strapi folder,481_gedung-jagat-gedung-jagat_20180227074100_56750.jpg
gedung-jagat,Media Library/Office Venue/gedung-jagat,247,42,42,11,exterior/481_gedung-jagat-gedung-jagat_20180227074103_85440.jpg,exterior,481_gedung-jagat-gedung-jagat_20180227074103_85440.jpg,skipped_existing,56115,481_gedung-jagat-gedung-jagat_20180227074103_85440.jpg,https://cdn-strapi.prod.99iddev.net/assets/481_gedung_jagat_gedung_jagat_20180227074103_85440_fd42d6e609.jpg,Same name already exists in this Strapi folder,481_gedung-jagat-gedung-jagat_20180227074103_85440.jpg
gedung-jagat,Media Library/Office Venue/gedung-jagat,247,42,42,11,exterior/481_gedung-jagat-gedung-jagat_20180227074104_70257.jpg,exterior,481_gedung-jagat-gedung-jagat_20180227074104_70257.jpg,skipped_existing,56116,481_gedung-jagat-gedung-jagat_20180227074104_70257.jpg,https://cdn-strapi.prod.99iddev.net/assets/481_gedung_jagat_gedung_jagat_20180227074104_70257_086709b7cf.jpg,Same name already exists in this Strapi folder,481_gedung-jagat-gedung-jagat_20180227074104_70257.jpg
gedung-jagat,Media Library/Office Venue/gedung-jagat,247,42,42,11,exterior/481_gedung-jagat-gedung-jagat_20180227074105_61031.jpg,exterior,481_gedung-jagat-gedung-jagat_20180227074105_61031.jpg,skipped_existing,56117,481_gedung-jagat-gedung-jagat_20180227074105_61031.jpg,https://cdn-strapi.prod.99iddev.net/assets/481_gedung_jagat_gedung_jagat_20180227074105_61031_b8f35f4231.jpg,Same name already exists in this Strapi folder,481_gedung-jagat-gedung-jagat_20180227074105_61031.jpg
gedung-jagat,Media Library/Office Venue/gedung-jagat,247,42,42,11,exterior/481_gedung-jagat-gedung-jagat_20180227074106_64284.jpg,exterior,481_gedung-jagat-gedung-jagat_20180227074106_64284.jpg,skipped_existing,56118,481_gedung-jagat-gedung-jagat_20180227074106_64284.jpg,https://cdn-strapi.prod.99iddev.net/assets/481_gedung_jagat_gedung_jagat_20180227074106_64284_0050a56695.jpg,Same name already exists in this Strapi folder,481_gedung-jagat-gedung-jagat_20180227074106_64284.jpg
gedung-jagat,Media Library/Office Venue/gedung-jagat,247,42,42,11,exterior/481_gedung-jagat-gedung-jagat_20180227074107_39842.jpg,exterior,481_gedung-jagat-gedung-jagat_20180227074107_39842.jpg,skipped_existing,56119,481_gedung-jagat-gedung-jagat_20180227074107_39842.jpg,https://cdn-strapi.prod.99iddev.net/assets/481_gedung_jagat_gedung_jagat_20180227074107_39842_aedb311fba.jpg,Same name already exists in this Strapi folder,481_gedung-jagat-gedung-jagat_20180227074107_39842.jpg
gedung-jagat,Media Library/Office Venue/gedung-jagat,247,42,42,11,exterior/481_gedung-jagat-gedung-jagat_20180227074107_47723.jpg,exterior,481_gedung-jagat-gedung-jagat_20180227074107_47723.jpg,skipped_existing,56120,481_gedung-jagat-gedung-jagat_20180227074107_47723.jpg,https://cdn-strapi.prod.99iddev.net/assets/481_gedung_jagat_gedung_jagat_20180227074107_47723_b5630750c0.jpg,Same name already exists in this Strapi folder,481_gedung-jagat-gedung-jagat_20180227074107_47723.jpg
gedung-jagat,Media Library/Office Venue/gedung-jagat,247,42,42,11,exterior/481_gedung-jagat-gedung-jagat_20180227074107_56503.jpg,exterior,481_gedung-jagat-gedung-jagat_20180227074107_56503.jpg,skipped_existing,56121,481_gedung-jagat-gedung-jagat_20180227074107_56503.jpg,https://cdn-strapi.prod.99iddev.net/assets/481_gedung_jagat_gedung_jagat_20180227074107_56503_c27ea03210.jpg,Same name already exists in this Strapi folder,481_gedung-jagat-gedung-jagat_20180227074107_56503.jpg
gedung-jagat,Media Library/Office Venue/gedung-jagat,247,42,42,11,exterior/481_gedung-jagat-gedung-jagat_20180227074108_22179.jpg,exterior,481_gedung-jagat-gedung-jagat_20180227074108_22179.jpg,skipped_existing,56122,481_gedung-jagat-gedung-jagat_20180227074108_22179.jpg,https://cdn-strapi.prod.99iddev.net/assets/481_gedung_jagat_gedung_jagat_20180227074108_22179_8ad2060e5c.jpg,Same name already exists in this Strapi folder,481_gedung-jagat-gedung-jagat_20180227074108_22179.jpg
gedung-jagat,Media Library/Office Venue/gedung-jagat,247,42,42,11,exterior/481_gedung-jagat-gedung-jagat_20180227074108_30890.jpg,exterior,481_gedung-jagat-gedung-jagat_20180227074108_30890.jpg,skipped_existing,56123,481_gedung-jagat-gedung-jagat_20180227074108_30890.jpg,https://cdn-strapi.prod.99iddev.net/assets/481_gedung_jagat_gedung_jagat_20180227074108_30890_796e939ca1.jpg,Same name already exists in this Strapi folder,481_gedung-jagat-gedung-jagat_20180227074108_30890.jpg
gedung-jagat,Media Library/Office Venue/gedung-jagat,247,42,42,11,exterior/481_gedung-jagat-gedung-jagat_20180227074109_50085.jpg,exterior,481_gedung-jagat-gedung-jagat_20180227074109_50085.jpg,skipped_existing,56124,481_gedung-jagat-gedung-jagat_20180227074109_50085.jpg,https://cdn-strapi.prod.99iddev.net/assets/481_gedung_jagat_gedung_jagat_20180227074109_50085_07e1c702e1.jpg,Same name already exists in this Strapi folder,481_gedung-jagat-gedung-jagat_20180227074109_50085.jpg
graha-adhi-media,Media Library/Office Venue/graha-adhi-media,991,26,26,13,exterior/471_graha-adhi-media-graha-adhi-media_20170125082602_59916.jpg,exterior,471_graha-adhi-media-graha-adhi-media_20170125082602_59916.jpg,skipped_existing,56146,471_graha-adhi-media-graha-adhi-media_20170125082602_59916.jpg,https://cdn-strapi.prod.99iddev.net/assets/471_graha_adhi_media_graha_adhi_media_20170125082602_59916_0d9be7fd18.jpg,Same name already exists in this Strapi folder,471_graha-adhi-media-graha-adhi-media_20170125082602_59916.jpg
graha-adhi-media,Media Library/Office Venue/graha-adhi-media,991,26,26,13,exterior/471_graha-adhi-media-graha-adhi-media_20170125082603_22499.jpg,exterior,471_graha-adhi-media-graha-adhi-media_20170125082603_22499.jpg,skipped_existing,56147,471_graha-adhi-media-graha-adhi-media_20170125082603_22499.jpg,https://cdn-strapi.prod.99iddev.net/assets/471_graha_adhi_media_graha_adhi_media_20170125082603_22499_73eedc7801.jpg,Same name already exists in this Strapi folder,471_graha-adhi-media-graha-adhi-media_20170125082603_22499.jpg
graha-adhi-media,Media Library/Office Venue/graha-adhi-media,991,26,26,13,exterior/471_graha-adhi-media-graha-adhi-media_20170125082603_72482.jpg,exterior,471_graha-adhi-media-graha-adhi-media_20170125082603_72482.jpg,skipped_existing,56148,471_graha-adhi-media-graha-adhi-media_20170125082603_72482.jpg,https://cdn-strapi.prod.99iddev.net/assets/471_graha_adhi_media_graha_adhi_media_20170125082603_72482_1ab556f22f.jpg,Same name already exists in this Strapi folder,471_graha-adhi-media-graha-adhi-media_20170125082603_72482.jpg
graha-adhi-media,Media Library/Office Venue/graha-adhi-media,991,26,26,13,exterior/471_graha-adhi-media-graha-adhi-media_20170125082604_42295.jpg,exterior,471_graha-adhi-media-graha-adhi-media_20170125082604_42295.jpg,skipped_existing,56149,471_graha-adhi-media-graha-adhi-media_20170125082604_42295.jpg,https://cdn-strapi.prod.99iddev.net/assets/471_graha_adhi_media_graha_adhi_media_20170125082604_42295_3fd34d19c6.jpg,Same name already exists in this Strapi folder,471_graha-adhi-media-graha-adhi-media_20170125082604_42295.jpg
graha-adhi-media,Media Library/Office Venue/graha-adhi-media,991,26,26,13,exterior/471_graha-adhi-media-graha-adhi-media_20170125082604_89722.jpg,exterior,471_graha-adhi-media-graha-adhi-media_20170125082604_89722.jpg,skipped_existing,56150,471_graha-adhi-media-graha-adhi-media_20170125082604_89722.jpg,https://cdn-strapi.prod.99iddev.net/assets/471_graha_adhi_media_graha_adhi_media_20170125082604_89722_86793eb797.jpg,Same name already exists in this Strapi folder,471_graha-adhi-media-graha-adhi-media_20170125082604_89722.jpg
graha-adhi-media,Media Library/Office Venue/graha-adhi-media,991,26,26,13,exterior/471_graha-adhi-media-graha-adhi-media_20170125082605_21552.jpg,exterior,471_graha-adhi-media-graha-adhi-media_20170125082605_21552.jpg,skipped_existing,56151,471_graha-adhi-media-graha-adhi-media_20170125082605_21552.jpg,https://cdn-strapi.prod.99iddev.net/assets/471_graha_adhi_media_graha_adhi_media_20170125082605_21552_b8e89b0ead.jpg,Same name already exists in this Strapi folder,471_graha-adhi-media-graha-adhi-media_20170125082605_21552.jpg
graha-adhi-media,Media Library/Office Venue/graha-adhi-media,991,26,26,13,exterior/471_graha-adhi-media-graha-adhi-media_20170125082605_52511.jpg,exterior,471_graha-adhi-media-graha-adhi-media_20170125082605_52511.jpg,skipped_existing,56152,471_graha-adhi-media-graha-adhi-media_20170125082605_52511.jpg,https://cdn-strapi.prod.99iddev.net/assets/471_graha_adhi_media_graha_adhi_media_20170125082605_52511_a06d668e92.jpg,Same name already exists in this Strapi folder,471_graha-adhi-media-graha-adhi-media_20170125082605_52511.jpg
graha-adhi-media,Media Library/Office Venue/graha-adhi-media,991,26,26,13,exterior/471_graha-adhi-media-graha-adhi-media_20170125082605_97429.jpg,exterior,471_graha-adhi-media-graha-adhi-media_20170125082605_97429.jpg,skipped_existing,56153,471_graha-adhi-media-graha-adhi-media_20170125082605_97429.jpg,https://cdn-strapi.prod.99iddev.net/assets/471_graha_adhi_media_graha_adhi_media_20170125082605_97429_900e995005.jpg,Same name already exists in this Strapi folder,471_graha-adhi-media-graha-adhi-media_20170125082605_97429.jpg
graha-adhi-media,Media Library/Office Venue/graha-adhi-media,991,26,26,13,exterior/471_graha-adhi-media-graha-adhi-media_20170125082606_58566.jpg,exterior,471_graha-adhi-media-graha-adhi-media_20170125082606_58566.jpg,skipped_existing,56154,471_graha-adhi-media-graha-adhi-media_20170125082606_58566.jpg,https://cdn-strapi.prod.99iddev.net/assets/471_graha_adhi_media_graha_adhi_media_20170125082606_58566_183364be4a.jpg,Same name already exists in this Strapi folder,471_graha-adhi-media-graha-adhi-media_20170125082606_58566.jpg
graha-adhi-media,Media Library/Office Venue/graha-adhi-media,991,26,26,13,exterior/471_graha-adhi-media-graha-adhi-media_20170125082606_67369.jpg,exterior,471_graha-adhi-media-graha-adhi-media_20170125082606_67369.jpg,skipped_existing,56155,471_graha-adhi-media-graha-adhi-media_20170125082606_67369.jpg,https://cdn-strapi.prod.99iddev.net/assets/471_graha_adhi_media_graha_adhi_media_20170125082606_67369_aa0029e803.jpg,Same name already exists in this Strapi folder,471_graha-adhi-media-graha-adhi-media_20170125082606_67369.jpg
graha-adhi-media,Media Library/Office Venue/graha-adhi-media,991,26,26,13,exterior/471_graha-adhi-media-graha-adhi-media_20170125082606_73234.jpg,exterior,471_graha-adhi-media-graha-adhi-media_20170125082606_73234.jpg,skipped_existing,56156,471_graha-adhi-media-graha-adhi-media_20170125082606_73234.jpg,https://cdn-strapi.prod.99iddev.net/assets/471_graha_adhi_media_graha_adhi_media_20170125082606_73234_749d9fba61.jpg,Same name already exists in this Strapi folder,471_graha-adhi-media-graha-adhi-media_20170125082606_73234.jpg
graha-adhi-media,Media Library/Office Venue/graha-adhi-media,991,26,26,13,exterior/471_graha-adhi-media-graha-adhi-media_20170125082606_73563.jpg,exterior,471_graha-adhi-media-graha-adhi-media_20170125082606_73563.jpg,skipped_existing,56157,471_graha-adhi-media-graha-adhi-media_20170125082606_73563.jpg,https://cdn-strapi.prod.99iddev.net/assets/471_graha_adhi_media_graha_adhi_media_20170125082606_73563_8c7bcc9c6e.jpg,Same name already exists in this Strapi folder,471_graha-adhi-media-graha-adhi-media_20170125082606_73563.jpg
graha-adhi-media,Media Library/Office Venue/graha-adhi-media,991,26,26,13,exterior/471_graha-adhi-media-graha-adhi-media_20170125082607_26494.jpg,exterior,471_graha-adhi-media-graha-adhi-media_20170125082607_26494.jpg,skipped_existing,56158,471_graha-adhi-media-graha-adhi-media_20170125082607_26494.jpg,https://cdn-strapi.prod.99iddev.net/assets/471_graha_adhi_media_graha_adhi_media_20170125082607_26494_584a27c538.jpg,Same name already exists in this Strapi folder,471_graha-adhi-media-graha-adhi-media_20170125082607_26494.jpg
graha-dirgantara,Media Library/Office Venue/graha-dirgantara,311,6,6,2,exterior/672_graha-dirgantara-graha-dirgantara_20191204052053_25346.jpg,exterior,672_graha-dirgantara-graha-dirgantara_20191204052053_25346.jpg,skipped_existing,57592,672_graha-dirgantara-graha-dirgantara_20191204052053_25346.jpg,https://cdn-strapi.prod.99iddev.net/assets/672_graha_dirgantara_graha_dirgantara_20191204052053_25346_c611ab681a.jpg,Same name already exists in this Strapi folder,672_graha-dirgantara-graha-dirgantara_20191204052053_25346.jpg
graha-dirgantara,Media Library/Office Venue/graha-dirgantara,311,6,6,2,exterior/672_graha-dirgantara-graha-dirgantara_20191204052053_62881.jpg,exterior,672_graha-dirgantara-graha-dirgantara_20191204052053_62881.jpg,skipped_existing,57593,672_graha-dirgantara-graha-dirgantara_20191204052053_62881.jpg,https://cdn-strapi.prod.99iddev.net/assets/672_graha_dirgantara_graha_dirgantara_20191204052053_62881_3f6a0cb28a.jpg,Same name already exists in this Strapi folder,672_graha-dirgantara-graha-dirgantara_20191204052053_62881.jpg
graha-mustika-ratu,Media Library/Office Venue/graha-mustika-ratu,333,13,15,5,exterior/7_graha-mustika-ratu-graha-mustika-ratu_20160914044007_23038.jpg,exterior,7_graha-mustika-ratu-graha-mustika-ratu_20160914044007_23038.jpg,uploaded,58130,7_graha-mustika-ratu-graha-mustika-ratu_20160914044007_23038.jpg,https://cdn-strapi.prod.99iddev.net/assets/7_graha_mustika_ratu_graha_mustika_ratu_20160914044007_23038_2387700181.jpg,,
graha-mustika-ratu,Media Library/Office Venue/graha-mustika-ratu,333,13,15,5,exterior/7_graha-mustika-ratu-graha-mustika-ratu_20160914044007_57979.jpg,exterior,7_graha-mustika-ratu-graha-mustika-ratu_20160914044007_57979.jpg,skipped_existing,57612,7_graha-mustika-ratu-graha-mustika-ratu_20160914044007_57979.jpg,https://cdn-strapi.prod.99iddev.net/assets/7_graha_mustika_ratu_graha_mustika_ratu_20160914044007_57979_bb4d0b8dcd.jpg,Same name already exists in this Strapi folder,7_graha-mustika-ratu-graha-mustika-ratu_20160914044007_57979.jpg
graha-mustika-ratu,Media Library/Office Venue/graha-mustika-ratu,333,13,15,5,exterior/7_graha-mustika-ratu-graha-mustika-ratu_20160914044008_33156.jpg,exterior,7_graha-mustika-ratu-graha-mustika-ratu_20160914044008_33156.jpg,uploaded,58131,7_graha-mustika-ratu-graha-mustika-ratu_20160914044008_33156.jpg,https://cdn-strapi.prod.99iddev.net/assets/7_graha_mustika_ratu_graha_mustika_ratu_20160914044008_33156_9054289bd2.jpg,,
graha-mustika-ratu,Media Library/Office Venue/graha-mustika-ratu,333,13,15,5,interior/7_graha-mustika-ratu-graha-mustika-ratu_20180416093838_75744.jpg,interior,7_graha-mustika-ratu-graha-mustika-ratu_20180416093838_75744.jpg,skipped_existing,56213,7_graha-mustika-ratu-graha-mustika-ratu_20180416093838_75744.jpg,https://cdn-strapi.prod.99iddev.net/assets/7_graha_mustika_ratu_graha_mustika_ratu_20180416093838_75744_b9e4deedf2.jpg,Same name already exists in this Strapi folder,7_graha-mustika-ratu-graha-mustika-ratu_20180416093838_75744.jpg
graha-mustika-ratu,Media Library/Office Venue/graha-mustika-ratu,333,13,15,5,interior/7_graha-mustika-ratu-graha-mustika-ratu_20180416093839_21088.jpg,interior,7_graha-mustika-ratu-graha-mustika-ratu_20180416093839_21088.jpg,skipped_existing,56214,7_graha-mustika-ratu-graha-mustika-ratu_20180416093839_21088.jpg,https://cdn-strapi.prod.99iddev.net/assets/7_graha_mustika_ratu_graha_mustika_ratu_20180416093839_21088_3bff9dbd9d.jpg,Same name already exists in this Strapi folder,7_graha-mustika-ratu-graha-mustika-ratu_20180416093839_21088.jpg
green-office-park-1,Media Library/Office Venue/green-office-park-1,946,2,2,1,floorplan/616_green-office-park-green-office-park-1_20180912101348_28783.jpg,floorplan,616_green-office-park-green-office-park-1_20180912101348_28783.jpg,skipped_existing,56280,616_green-office-park-green-office-park-1_20180912101348_28783.jpg,https://cdn-strapi.prod.99iddev.net/assets/616_green_office_park_green_office_park_1_20180912101348_28783_d9ee37acaf.jpg,Same name already exists in this Strapi folder,616_green-office-park-green-office-park-1_20180912101348_28783.jpg
hermina-office-building,Media Library/Office Venue/hermina-office-building,1326,4,4,2,floorplan/371_hermina-office-building-hermina-office-building_20170310080648_39446.jpg,floorplan,371_hermina-office-building-hermina-office-building_20170310080648_39446.jpg,skipped_existing,56281,371_hermina-office-building-hermina-office-building_20170310080648_39446.jpg,https://cdn-strapi.prod.99iddev.net/assets/371_hermina_office_building_hermina_office_building_20170310080648_39446_7e801ee4fc.jpg,Same name already exists in this Strapi folder,371_hermina-office-building-hermina-office-building_20170310080648_39446.jpg
hermina-office-building,Media Library/Office Venue/hermina-office-building,1326,4,4,2,floorplan/371_hermina-office-building-hermina-office-building_20170310080648_77161.jpg,floorplan,371_hermina-office-building-hermina-office-building_20170310080648_77161.jpg,skipped_existing,56282,371_hermina-office-building-hermina-office-building_20170310080648_77161.jpg,https://cdn-strapi.prod.99iddev.net/assets/371_hermina_office_building_hermina_office_building_20170310080648_77161_7dc24b5bfc.jpg,Same name already exists in this Strapi folder,371_hermina-office-building-hermina-office-building_20170310080648_77161.jpg
honeylady-tower,Media Library/Office Venue/honeylady-tower,927,71,71,25,floorplan/412_honeylady-tower-honeylady-tower_20170310064821_64543.jpg,floorplan,412_honeylady-tower-honeylady-tower_20170310064821_64543.jpg,skipped_existing,56290,412_honeylady-tower-honeylady-tower_20170310064821_64543.jpg,https://cdn-strapi.prod.99iddev.net/assets/412_honeylady_tower_honeylady_tower_20170310064821_64543_084f2dcd82.jpg,Same name already exists in this Strapi folder,412_honeylady-tower-honeylady-tower_20170310064821_64543.jpg
honeylady-tower,Media Library/Office Venue/honeylady-tower,927,71,71,25,floorplan/412_honeylady-tower-honeylady-tower_20170310064822_22405.jpg,floorplan,412_honeylady-tower-honeylady-tower_20170310064822_22405.jpg,skipped_existing,56291,412_honeylady-tower-honeylady-tower_20170310064822_22405.jpg,https://cdn-strapi.prod.99iddev.net/assets/412_honeylady_tower_honeylady_tower_20170310064822_22405_bf232f8502.jpg,Same name already exists in this Strapi folder,412_honeylady-tower-honeylady-tower_20170310064822_22405.jpg
honeylady-tower,Media Library/Office Venue/honeylady-tower,927,71,71,25,floorplan/412_honeylady-tower-honeylady-tower_20170310064822_22456.jpg,floorplan,412_honeylady-tower-honeylady-tower_20170310064822_22456.jpg,skipped_existing,56292,412_honeylady-tower-honeylady-tower_20170310064822_22456.jpg,https://cdn-strapi.prod.99iddev.net/assets/412_honeylady_tower_honeylady_tower_20170310064822_22456_341d9472e5.jpg,Same name already exists in this Strapi folder,412_honeylady-tower-honeylady-tower_20170310064822_22456.jpg
honeylady-tower,Media Library/Office Venue/honeylady-tower,927,71,71,25,floorplan/412_honeylady-tower-honeylady-tower_20170310064822_25247.jpg,floorplan,412_honeylady-tower-honeylady-tower_20170310064822_25247.jpg,skipped_existing,56293,412_honeylady-tower-honeylady-tower_20170310064822_25247.jpg,https://cdn-strapi.prod.99iddev.net/assets/412_honeylady_tower_honeylady_tower_20170310064822_25247_b09a724ebf.jpg,Same name already exists in this Strapi folder,412_honeylady-tower-honeylady-tower_20170310064822_25247.jpg
honeylady-tower,Media Library/Office Venue/honeylady-tower,927,71,71,25,floorplan/412_honeylady-tower-honeylady-tower_20170310064823_35430.jpg,floorplan,412_honeylady-tower-honeylady-tower_20170310064823_35430.jpg,skipped_existing,56294,412_honeylady-tower-honeylady-tower_20170310064823_35430.jpg,https://cdn-strapi.prod.99iddev.net/assets/412_honeylady_tower_honeylady_tower_20170310064823_35430_ec21087455.jpg,Same name already exists in this Strapi folder,412_honeylady-tower-honeylady-tower_20170310064823_35430.jpg
honeylady-tower,Media Library/Office Venue/honeylady-tower,927,71,71,25,interior/412_honeylady-tower-honeylady-tower_20180516091025_60585.jpg,interior,412_honeylady-tower-honeylady-tower_20180516091025_60585.jpg,skipped_existing,56295,412_honeylady-tower-honeylady-tower_20180516091025_60585.jpg,https://cdn-strapi.prod.99iddev.net/assets/412_honeylady_tower_honeylady_tower_20180516091025_60585_888597e982.jpg,Same name already exists in this Strapi folder,412_honeylady-tower-honeylady-tower_20180516091025_60585.jpg
honeylady-tower,Media Library/Office Venue/honeylady-tower,927,71,71,25,interior/412_honeylady-tower-honeylady-tower_20180516091026_76339.jpg,interior,412_honeylady-tower-honeylady-tower_20180516091026_76339.jpg,skipped_existing,56296,412_honeylady-tower-honeylady-tower_20180516091026_76339.jpg,https://cdn-strapi.prod.99iddev.net/assets/412_honeylady_tower_honeylady_tower_20180516091026_76339_80dd32e010.jpg,Same name already exists in this Strapi folder,412_honeylady-tower-honeylady-tower_20180516091026_76339.jpg
honeylady-tower,Media Library/Office Venue/honeylady-tower,927,71,71,25,interior/412_honeylady-tower-honeylady-tower_20180516091026_99628.jpg,interior,412_honeylady-tower-honeylady-tower_20180516091026_99628.jpg,skipped_existing,56297,412_honeylady-tower-honeylady-tower_20180516091026_99628.jpg,https://cdn-strapi.prod.99iddev.net/assets/412_honeylady_tower_honeylady_tower_20180516091026_99628_8edf6333ab.jpg,Same name already exists in this Strapi folder,412_honeylady-tower-honeylady-tower_20180516091026_99628.jpg
honeylady-tower,Media Library/Office Venue/honeylady-tower,927,71,71,25,interior/412_honeylady-tower-honeylady-tower_20180516091027_12569.jpg,interior,412_honeylady-tower-honeylady-tower_20180516091027_12569.jpg,skipped_existing,56298,412_honeylady-tower-honeylady-tower_20180516091027_12569.jpg,https://cdn-strapi.prod.99iddev.net/assets/412_honeylady_tower_honeylady_tower_20180516091027_12569_f72dfc0691.jpg,Same name already exists in this Strapi folder,412_honeylady-tower-honeylady-tower_20180516091027_12569.jpg
honeylady-tower,Media Library/Office Venue/honeylady-tower,927,71,71,25,interior/412_honeylady-tower-honeylady-tower_20180516091027_55268.jpg,interior,412_honeylady-tower-honeylady-tower_20180516091027_55268.jpg,skipped_existing,56299,412_honeylady-tower-honeylady-tower_20180516091027_55268.jpg,https://cdn-strapi.prod.99iddev.net/assets/412_honeylady_tower_honeylady_tower_20180516091027_55268_982aaa184b.jpg,Same name already exists in this Strapi folder,412_honeylady-tower-honeylady-tower_20180516091027_55268.jpg
honeylady-tower,Media Library/Office Venue/honeylady-tower,927,71,71,25,interior/412_honeylady-tower-honeylady-tower_20180516091027_77271.jpg,interior,412_honeylady-tower-honeylady-tower_20180516091027_77271.jpg,skipped_existing,56300,412_honeylady-tower-honeylady-tower_20180516091027_77271.jpg,https://cdn-strapi.prod.99iddev.net/assets/412_honeylady_tower_honeylady_tower_20180516091027_77271_c561b0345c.jpg,Same name already exists in this Strapi folder,412_honeylady-tower-honeylady-tower_20180516091027_77271.jpg
honeylady-tower,Media Library/Office Venue/honeylady-tower,927,71,71,25,interior/412_honeylady-tower-honeylady-tower_20180516091028_38806.jpg,interior,412_honeylady-tower-honeylady-tower_20180516091028_38806.jpg,skipped_existing,56301,412_honeylady-tower-honeylady-tower_20180516091028_38806.jpg,https://cdn-strapi.prod.99iddev.net/assets/412_honeylady_tower_honeylady_tower_20180516091028_38806_8c36fa1355.jpg,Same name already exists in this Strapi folder,412_honeylady-tower-honeylady-tower_20180516091028_38806.jpg
honeylady-tower,Media Library/Office Venue/honeylady-tower,927,71,71,25,interior/412_honeylady-tower-honeylady-tower_20180516091028_67374.jpg,interior,412_honeylady-tower-honeylady-tower_20180516091028_67374.jpg,skipped_existing,56302,412_honeylady-tower-honeylady-tower_20180516091028_67374.jpg,https://cdn-strapi.prod.99iddev.net/assets/412_honeylady_tower_honeylady_tower_20180516091028_67374_3ec1f4264f.jpg,Same name already exists in this Strapi folder,412_honeylady-tower-honeylady-tower_20180516091028_67374.jpg
honeylady-tower,Media Library/Office Venue/honeylady-tower,927,71,71,25,interior/412_honeylady-tower-honeylady-tower_20180516091028_87817.jpg,interior,412_honeylady-tower-honeylady-tower_20180516091028_87817.jpg,skipped_existing,56303,412_honeylady-tower-honeylady-tower_20180516091028_87817.jpg,https://cdn-strapi.prod.99iddev.net/assets/412_honeylady_tower_honeylady_tower_20180516091028_87817_52060311fb.jpg,Same name already exists in this Strapi folder,412_honeylady-tower-honeylady-tower_20180516091028_87817.jpg
honeylady-tower,Media Library/Office Venue/honeylady-tower,927,71,71,25,interior/412_honeylady-tower-honeylady-tower_20180516091029_39984.jpg,interior,412_honeylady-tower-honeylady-tower_20180516091029_39984.jpg,skipped_existing,56304,412_honeylady-tower-honeylady-tower_20180516091029_39984.jpg,https://cdn-strapi.prod.99iddev.net/assets/412_honeylady_tower_honeylady_tower_20180516091029_39984_8bcf665ea3.jpg,Same name already exists in this Strapi folder,412_honeylady-tower-honeylady-tower_20180516091029_39984.jpg
honeylady-tower,Media Library/Office Venue/honeylady-tower,927,71,71,25,interior/412_honeylady-tower-honeylady-tower_20180516091029_82813.jpg,interior,412_honeylady-tower-honeylady-tower_20180516091029_82813.jpg,skipped_existing,56305,412_honeylady-tower-honeylady-tower_20180516091029_82813.jpg,https://cdn-strapi.prod.99iddev.net/assets/412_honeylady_tower_honeylady_tower_20180516091029_82813_cb01162954.jpg,Same name already exists in this Strapi folder,412_honeylady-tower-honeylady-tower_20180516091029_82813.jpg
honeylady-tower,Media Library/Office Venue/honeylady-tower,927,71,71,25,interior/412_honeylady-tower-honeylady-tower_20180516091030_10484.jpg,interior,412_honeylady-tower-honeylady-tower_20180516091030_10484.jpg,skipped_existing,56306,412_honeylady-tower-honeylady-tower_20180516091030_10484.jpg,https://cdn-strapi.prod.99iddev.net/assets/412_honeylady_tower_honeylady_tower_20180516091030_10484_f9e263b295.jpg,Same name already exists in this Strapi folder,412_honeylady-tower-honeylady-tower_20180516091030_10484.jpg
honeylady-tower,Media Library/Office Venue/honeylady-tower,927,71,71,25,interior/412_honeylady-tower-honeylady-tower_20180516091031_16001.jpg,interior,412_honeylady-tower-honeylady-tower_20180516091031_16001.jpg,skipped_existing,56307,412_honeylady-tower-honeylady-tower_20180516091031_16001.jpg,https://cdn-strapi.prod.99iddev.net/assets/412_honeylady_tower_honeylady_tower_20180516091031_16001_9d2604998e.jpg,Same name already exists in this Strapi folder,412_honeylady-tower-honeylady-tower_20180516091031_16001.jpg
honeylady-tower,Media Library/Office Venue/honeylady-tower,927,71,71,25,interior/412_honeylady-tower-honeylady-tower_20180516091031_16351.jpg,interior,412_honeylady-tower-honeylady-tower_20180516091031_16351.jpg,skipped_existing,56308,412_honeylady-tower-honeylady-tower_20180516091031_16351.jpg,https://cdn-strapi.prod.99iddev.net/assets/412_honeylady_tower_honeylady_tower_20180516091031_16351_d353c360f5.jpg,Same name already exists in this Strapi folder,412_honeylady-tower-honeylady-tower_20180516091031_16351.jpg
honeylady-tower,Media Library/Office Venue/honeylady-tower,927,71,71,25,interior/412_honeylady-tower-honeylady-tower_20180516091031_77398.jpg,interior,412_honeylady-tower-honeylady-tower_20180516091031_77398.jpg,skipped_existing,56309,412_honeylady-tower-honeylady-tower_20180516091031_77398.jpg,https://cdn-strapi.prod.99iddev.net/assets/412_honeylady_tower_honeylady_tower_20180516091031_77398_6a292aab19.jpg,Same name already exists in this Strapi folder,412_honeylady-tower-honeylady-tower_20180516091031_77398.jpg
honeylady-tower,Media Library/Office Venue/honeylady-tower,927,71,71,25,interior/412_honeylady-tower-honeylady-tower_20180516091032_19078.jpg,interior,412_honeylady-tower-honeylady-tower_20180516091032_19078.jpg,skipped_existing,56310,412_honeylady-tower-honeylady-tower_20180516091032_19078.jpg,https://cdn-strapi.prod.99iddev.net/assets/412_honeylady_tower_honeylady_tower_20180516091032_19078_00a4e54b2e.jpg,Same name already exists in this Strapi folder,412_honeylady-tower-honeylady-tower_20180516091032_19078.jpg
honeylady-tower,Media Library/Office Venue/honeylady-tower,927,71,71,25,interior/412_honeylady-tower-honeylady-tower_20180516091032_37251.jpg,interior,412_honeylady-tower-honeylady-tower_20180516091032_37251.jpg,skipped_existing,56311,412_honeylady-tower-honeylady-tower_20180516091032_37251.jpg,https://cdn-strapi.prod.99iddev.net/assets/412_honeylady_tower_honeylady_tower_20180516091032_37251_d7807aa7ef.jpg,Same name already exists in this Strapi folder,412_honeylady-tower-honeylady-tower_20180516091032_37251.jpg
honeylady-tower,Media Library/Office Venue/honeylady-tower,927,71,71,25,interior/412_honeylady-tower-honeylady-tower_20180516091032_91219.jpg,interior,412_honeylady-tower-honeylady-tower_20180516091032_91219.jpg,skipped_existing,56312,412_honeylady-tower-honeylady-tower_20180516091032_91219.jpg,https://cdn-strapi.prod.99iddev.net/assets/412_honeylady_tower_honeylady_tower_20180516091032_91219_69a70be508.jpg,Same name already exists in this Strapi folder,412_honeylady-tower-honeylady-tower_20180516091032_91219.jpg
honeylady-tower,Media Library/Office Venue/honeylady-tower,927,71,71,25,interior/412_honeylady-tower-honeylady-tower_20180516091033_23516.jpg,interior,412_honeylady-tower-honeylady-tower_20180516091033_23516.jpg,skipped_existing,56313,412_honeylady-tower-honeylady-tower_20180516091033_23516.jpg,https://cdn-strapi.prod.99iddev.net/assets/412_honeylady_tower_honeylady_tower_20180516091033_23516_a5a6cf5dbe.jpg,Same name already exists in this Strapi folder,412_honeylady-tower-honeylady-tower_20180516091033_23516.jpg
honeylady-tower,Media Library/Office Venue/honeylady-tower,927,71,71,25,interior/412_honeylady-tower-honeylady-tower_20180516091033_24102.jpg,interior,412_honeylady-tower-honeylady-tower_20180516091033_24102.jpg,skipped_existing,56314,412_honeylady-tower-honeylady-tower_20180516091033_24102.jpg,https://cdn-strapi.prod.99iddev.net/assets/412_honeylady_tower_honeylady_tower_20180516091033_24102_4714ec9de9.jpg,Same name already exists in this Strapi folder,412_honeylady-tower-honeylady-tower_20180516091033_24102.jpg
indonesia-satu,Media Library/Office Venue/indonesia-satu,1001,4,4,2,exterior/358_indonesia-satu-indonesia-satu_20160914044044_23045.jpg,exterior,358_indonesia-satu-indonesia-satu_20160914044044_23045.jpg,skipped_existing,56315,358_indonesia-satu-indonesia-satu_20160914044044_23045.jpg,https://cdn-strapi.prod.99iddev.net/assets/358_indonesia_satu_indonesia_satu_20160914044044_23045_35ba5e3fc2.jpg,Same name already exists in this Strapi folder,358_indonesia-satu-indonesia-satu_20160914044044_23045.jpg
indonesia-satu,Media Library/Office Venue/indonesia-satu,1001,4,4,2,exterior/358_indonesia-satu-indonesia-satu_20160914044044_29711.jpg,exterior,358_indonesia-satu-indonesia-satu_20160914044044_29711.jpg,skipped_existing,56316,358_indonesia-satu-indonesia-satu_20160914044044_29711.jpg,https://cdn-strapi.prod.99iddev.net/assets/358_indonesia_satu_indonesia_satu_20160914044044_29711_b8d1f5eec9.jpg,Same name already exists in this Strapi folder,358_indonesia-satu-indonesia-satu_20160914044044_29711.jpg
indonesia-stock-exchange-building-tower-2,Media Library/Office Venue/indonesia-stock-exchange-building-tower-2,399,17,22,7,exterior/102_indonesia-stock-exchange-building-indonesia-stock-exchange-building-tower-2_20160914044049_60794.jpg,exterior,102_indonesia-stock-exchange-building-indonesia-stock-exchange-building-tower-2_20160914044049_60794.jpg,skipped_existing,57660,102_indonesia-stock-exchange-building-indonesia-stock-exchange-building-tower-2_20160914044049_60794.jpg,https://cdn-strapi.prod.99iddev.net/assets/102_indonesia_stock_exchange_building_indonesia_stock_exchange_building_tower_2_20160914044049_60794_a68f3f9b9b.jpg,Same name already exists in this Strapi folder,102_indonesia-stock-exchange-building-indonesia-stock-exchange-building-tower-2_20160914044049_60794.jpg
indonesia-stock-exchange-building-tower-2,Media Library/Office Venue/indonesia-stock-exchange-building-tower-2,399,17,22,7,exterior/102_indonesia-stock-exchange-building-indonesia-stock-exchange-building-tower-2_20160914044049_70914.jpg,exterior,102_indonesia-stock-exchange-building-indonesia-stock-exchange-building-tower-2_20160914044049_70914.jpg,skipped_existing,57661,102_indonesia-stock-exchange-building-indonesia-stock-exchange-building-tower-2_20160914044049_70914.jpg,https://cdn-strapi.prod.99iddev.net/assets/102_indonesia_stock_exchange_building_indonesia_stock_exchange_building_tower_2_20160914044049_70914_4b9da2c569.jpg,Same name already exists in this Strapi folder,102_indonesia-stock-exchange-building-indonesia-stock-exchange-building-tower-2_20160914044049_70914.jpg
indonesia-stock-exchange-building-tower-2,Media Library/Office Venue/indonesia-stock-exchange-building-tower-2,399,17,22,7,exterior/102_indonesia-stock-exchange-building-indonesia-stock-exchange-building-tower-2_20160914044050_62263.jpg,exterior,102_indonesia-stock-exchange-building-indonesia-stock-exchange-building-tower-2_20160914044050_62263.jpg,uploaded,58132,102_indonesia-stock-exchange-building-indonesia-stock-exchange-building-tower-2_20160914044050_62263.jpg,https://cdn-strapi.prod.99iddev.net/assets/102_indonesia_stock_exchange_building_indonesia_stock_exchange_building_tower_2_20160914044050_62263_fa445a886c.jpg,,
indonesia-stock-exchange-building-tower-2,Media Library/Office Venue/indonesia-stock-exchange-building-tower-2,399,17,22,7,exterior/102_indonesia-stock-exchange-building-indonesia-stock-exchange-building-tower-2_20160914044051_62603.jpg,exterior,102_indonesia-stock-exchange-building-indonesia-stock-exchange-building-tower-2_20160914044051_62603.jpg,uploaded,58133,102_indonesia-stock-exchange-building-indonesia-stock-exchange-building-tower-2_20160914044051_62603.jpg,https://cdn-strapi.prod.99iddev.net/assets/102_indonesia_stock_exchange_building_indonesia_stock_exchange_building_tower_2_20160914044051_62603_64ae149036.jpg,,
indonesia-stock-exchange-building-tower-2,Media Library/Office Venue/indonesia-stock-exchange-building-tower-2,399,17,22,7,exterior/102_indonesia-stock-exchange-building-indonesia-stock-exchange-building-tower-2_20160914044052_72749.jpg,exterior,102_indonesia-stock-exchange-building-indonesia-stock-exchange-building-tower-2_20160914044052_72749.jpg,uploaded,58134,102_indonesia-stock-exchange-building-indonesia-stock-exchange-building-tower-2_20160914044052_72749.jpg,https://cdn-strapi.prod.99iddev.net/assets/102_indonesia_stock_exchange_building_indonesia_stock_exchange_building_tower_2_20160914044052_72749_bcda1eef0d.jpg,,
indonesia-stock-exchange-building-tower-2,Media Library/Office Venue/indonesia-stock-exchange-building-tower-2,399,17,22,7,exterior/102_indonesia-stock-exchange-building-indonesia-stock-exchange-building-tower-2_20171212065217_34324.jpg,exterior,102_indonesia-stock-exchange-building-indonesia-stock-exchange-building-tower-2_20171212065217_34324.jpg,uploaded,58135,102_indonesia-stock-exchange-building-indonesia-stock-exchange-building-tower-2_20171212065217_34324.jpg,https://cdn-strapi.prod.99iddev.net/assets/102_indonesia_stock_exchange_building_indonesia_stock_exchange_building_tower_2_20171212065217_34324_0d0dc86bea.jpg,,
indonesia-stock-exchange-building-tower-2,Media Library/Office Venue/indonesia-stock-exchange-building-tower-2,399,17,22,7,exterior/102_indonesia-stock-exchange-building-indonesia-stock-exchange-building-tower-2_20171212065221_67366.jpg,exterior,102_indonesia-stock-exchange-building-indonesia-stock-exchange-building-tower-2_20171212065221_67366.jpg,uploaded,58136,102_indonesia-stock-exchange-building-indonesia-stock-exchange-building-tower-2_20171212065221_67366.jpg,https://cdn-strapi.prod.99iddev.net/assets/102_indonesia_stock_exchange_building_indonesia_stock_exchange_building_tower_2_20171212065221_67366_4b2c0d7df5.jpg,,
international-financial-center-tower-2,Media Library/Office Venue/international-financial-center-tower-2,947,28,28,14,floorplan/103_international-financial-center-ifc-international-financial-center-tower-2_20170222072255_65340.jpg,floorplan,103_international-financial-center-ifc-international-financial-center-tower-2_20170222072255_65340.jpg,skipped_existing,56317,103_international-financial-center-ifc-international-financial-center-tower-2_20170222072255_65340.jpg,https://cdn-strapi.prod.99iddev.net/assets/103_international_financial_center_ifc_international_financial_center_tower_2_20170222072255_65340_547bb48273.jpg,Same name already exists in this Strapi folder,103_international-financial-center-ifc-international-financial-center-tower-2_20170222072255_65340.jpg
international-financial-center-tower-2,Media Library/Office Venue/international-financial-center-tower-2,947,28,28,14,floorplan/103_international-financial-center-ifc-international-financial-center-tower-2_20170222072256_69079.jpg,floorplan,103_international-financial-center-ifc-international-financial-center-tower-2_20170222072256_69079.jpg,skipped_existing,56318,103_international-financial-center-ifc-international-financial-center-tower-2_20170222072256_69079.jpg,https://cdn-strapi.prod.99iddev.net/assets/103_international_financial_center_ifc_international_financial_center_tower_2_20170222072256_69079_313b7dd9e4.jpg,Same name already exists in this Strapi folder,103_international-financial-center-ifc-international-financial-center-tower-2_20170222072256_69079.jpg
international-financial-center-tower-2,Media Library/Office Venue/international-financial-center-tower-2,947,28,28,14,floorplan/103_international-financial-center-ifc-international-financial-center-tower-2_20170222072256_99234.jpg,floorplan,103_international-financial-center-ifc-international-financial-center-tower-2_20170222072256_99234.jpg,skipped_existing,56319,103_international-financial-center-ifc-international-financial-center-tower-2_20170222072256_99234.jpg,https://cdn-strapi.prod.99iddev.net/assets/103_international_financial_center_ifc_international_financial_center_tower_2_20170222072256_99234_41d59fec52.jpg,Same name already exists in this Strapi folder,103_international-financial-center-ifc-international-financial-center-tower-2_20170222072256_99234.jpg
international-financial-center-tower-2,Media Library/Office Venue/international-financial-center-tower-2,947,28,28,14,floorplan/103_international-financial-center-ifc-international-financial-center-tower-2_20170222074158_12417.jpg,floorplan,103_international-financial-center-ifc-international-financial-center-tower-2_20170222074158_12417.jpg,skipped_existing,56320,103_international-financial-center-ifc-international-financial-center-tower-2_20170222074158_12417.jpg,https://cdn-strapi.prod.99iddev.net/assets/103_international_financial_center_ifc_international_financial_center_tower_2_20170222074158_12417_70d9652011.jpg,Same name already exists in this Strapi folder,103_international-financial-center-ifc-international-financial-center-tower-2_20170222074158_12417.jpg
international-financial-center-tower-2,Media Library/Office Venue/international-financial-center-tower-2,947,28,28,14,interior/103_international-financial-center-ifc-international-financial-center-tower-2_20170927092736_50906.jpg,interior,103_international-financial-center-ifc-international-financial-center-tower-2_20170927092736_50906.jpg,skipped_existing,56321,103_international-financial-center-ifc-international-financial-center-tower-2_20170927092736_50906.jpg,https://cdn-strapi.prod.99iddev.net/assets/103_international_financial_center_ifc_international_financial_center_tower_2_20170927092736_50906_b12197b524.jpg,Same name already exists in this Strapi folder,103_international-financial-center-ifc-international-financial-center-tower-2_20170927092736_50906.jpg
international-financial-center-tower-2,Media Library/Office Venue/international-financial-center-tower-2,947,28,28,14,interior/103_international-financial-center-ifc-international-financial-center-tower-2_20170927092739_52062.jpg,interior,103_international-financial-center-ifc-international-financial-center-tower-2_20170927092739_52062.jpg,skipped_existing,56322,103_international-financial-center-ifc-international-financial-center-tower-2_20170927092739_52062.jpg,https://cdn-strapi.prod.99iddev.net/assets/103_international_financial_center_ifc_international_financial_center_tower_2_20170927092739_52062_6ac4a742b3.jpg,Same name already exists in this Strapi folder,103_international-financial-center-ifc-international-financial-center-tower-2_20170927092739_52062.jpg
international-financial-center-tower-2,Media Library/Office Venue/international-financial-center-tower-2,947,28,28,14,interior/103_international-financial-center-ifc-international-financial-center-tower-2_20170927092741_52121.jpg,interior,103_international-financial-center-ifc-international-financial-center-tower-2_20170927092741_52121.jpg,skipped_existing,56323,103_international-financial-center-ifc-international-financial-center-tower-2_20170927092741_52121.jpg,https://cdn-strapi.prod.99iddev.net/assets/103_international_financial_center_ifc_international_financial_center_tower_2_20170927092741_52121_141e125f06.jpg,Same name already exists in this Strapi folder,103_international-financial-center-ifc-international-financial-center-tower-2_20170927092741_52121.jpg
international-financial-center-tower-2,Media Library/Office Venue/international-financial-center-tower-2,947,28,28,14,interior/103_international-financial-center-ifc-international-financial-center-tower-2_20170927092742_58277.jpg,interior,103_international-financial-center-ifc-international-financial-center-tower-2_20170927092742_58277.jpg,skipped_existing,56324,103_international-financial-center-ifc-international-financial-center-tower-2_20170927092742_58277.jpg,https://cdn-strapi.prod.99iddev.net/assets/103_international_financial_center_ifc_international_financial_center_tower_2_20170927092742_58277_c58fb14586.jpg,Same name already exists in this Strapi folder,103_international-financial-center-ifc-international-financial-center-tower-2_20170927092742_58277.jpg
international-financial-center-tower-2,Media Library/Office Venue/international-financial-center-tower-2,947,28,28,14,interior/103_international-financial-center-ifc-international-financial-center-tower-2_20170927092745_65220.jpg,interior,103_international-financial-center-ifc-international-financial-center-tower-2_20170927092745_65220.jpg,skipped_existing,56325,103_international-financial-center-ifc-international-financial-center-tower-2_20170927092745_65220.jpg,https://cdn-strapi.prod.99iddev.net/assets/103_international_financial_center_ifc_international_financial_center_tower_2_20170927092745_65220_335a20a4f8.jpg,Same name already exists in this Strapi folder,103_international-financial-center-ifc-international-financial-center-tower-2_20170927092745_65220.jpg
international-financial-center-tower-2,Media Library/Office Venue/international-financial-center-tower-2,947,28,28,14,interior/103_international-financial-center-ifc-international-financial-center-tower-2_20170927092747_95816.jpg,interior,103_international-financial-center-ifc-international-financial-center-tower-2_20170927092747_95816.jpg,skipped_existing,56326,103_international-financial-center-ifc-international-financial-center-tower-2_20170927092747_95816.jpg,https://cdn-strapi.prod.99iddev.net/assets/103_international_financial_center_ifc_international_financial_center_tower_2_20170927092747_95816_0d73959dbb.jpg,Same name already exists in this Strapi folder,103_international-financial-center-ifc-international-financial-center-tower-2_20170927092747_95816.jpg
international-financial-center-tower-2,Media Library/Office Venue/international-financial-center-tower-2,947,28,28,14,interior/103_international-financial-center-ifc-international-financial-center-tower-2_20170927092751_33369.jpg,interior,103_international-financial-center-ifc-international-financial-center-tower-2_20170927092751_33369.jpg,skipped_existing,56327,103_international-financial-center-ifc-international-financial-center-tower-2_20170927092751_33369.jpg,https://cdn-strapi.prod.99iddev.net/assets/103_international_financial_center_ifc_international_financial_center_tower_2_20170927092751_33369_fa2ca026e4.jpg,Same name already exists in this Strapi folder,103_international-financial-center-ifc-international-financial-center-tower-2_20170927092751_33369.jpg
international-financial-center-tower-2,Media Library/Office Venue/international-financial-center-tower-2,947,28,28,14,interior/103_international-financial-center-ifc-international-financial-center-tower-2_20171212075847_43520.jpg,interior,103_international-financial-center-ifc-international-financial-center-tower-2_20171212075847_43520.jpg,skipped_existing,56328,103_international-financial-center-ifc-international-financial-center-tower-2_20171212075847_43520.jpg,https://cdn-strapi.prod.99iddev.net/assets/103_international_financial_center_ifc_international_financial_center_tower_2_20171212075847_43520_8606acf148.jpg,Same name already exists in this Strapi folder,103_international-financial-center-ifc-international-financial-center-tower-2_20171212075847_43520.jpg
international-financial-center-tower-2,Media Library/Office Venue/international-financial-center-tower-2,947,28,28,14,interior/103_international-financial-center-ifc-international-financial-center-tower-2_20171212075850_71869.jpg,interior,103_international-financial-center-ifc-international-financial-center-tower-2_20171212075850_71869.jpg,skipped_existing,56329,103_international-financial-center-ifc-international-financial-center-tower-2_20171212075850_71869.jpg,https://cdn-strapi.prod.99iddev.net/assets/103_international_financial_center_ifc_international_financial_center_tower_2_20171212075850_71869_bffa2bbdee.jpg,Same name already exists in this Strapi folder,103_international-financial-center-ifc-international-financial-center-tower-2_20171212075850_71869.jpg
international-financial-center-tower-2,Media Library/Office Venue/international-financial-center-tower-2,947,28,28,14,interior/103_international-financial-center-ifc-international-financial-center-tower-2_20171212075852_89618.jpg,interior,103_international-financial-center-ifc-international-financial-center-tower-2_20171212075852_89618.jpg,skipped_existing,56330,103_international-financial-center-ifc-international-financial-center-tower-2_20171212075852_89618.jpg,https://cdn-strapi.prod.99iddev.net/assets/103_international_financial_center_ifc_international_financial_center_tower_2_20171212075852_89618_2373547db0.jpg,Same name already exists in this Strapi folder,103_international-financial-center-ifc-international-financial-center-tower-2_20171212075852_89618.jpg
kebayoran-icon,Media Library/Office Venue/kebayoran-icon,949,6,6,3,floorplan/570_kebayoran-icon-kebayoran-icon_20180202025202_50261.jpg,floorplan,570_kebayoran-icon-kebayoran-icon_20180202025202_50261.jpg,skipped_existing,56356,570_kebayoran-icon-kebayoran-icon_20180202025202_50261.jpg,https://cdn-strapi.prod.99iddev.net/assets/570_kebayoran_icon_kebayoran_icon_20180202025202_50261_1540703fc4.jpg,Same name already exists in this Strapi folder,570_kebayoran-icon-kebayoran-icon_20180202025202_50261.jpg
kebayoran-icon,Media Library/Office Venue/kebayoran-icon,949,6,6,3,floorplan/570_kebayoran-icon-kebayoran-icon_20180202025205_57396.jpg,floorplan,570_kebayoran-icon-kebayoran-icon_20180202025205_57396.jpg,skipped_existing,56357,570_kebayoran-icon-kebayoran-icon_20180202025205_57396.jpg,https://cdn-strapi.prod.99iddev.net/assets/570_kebayoran_icon_kebayoran_icon_20180202025205_57396_6d7463bf20.jpg,Same name already exists in this Strapi folder,570_kebayoran-icon-kebayoran-icon_20180202025205_57396.jpg
kebayoran-icon,Media Library/Office Venue/kebayoran-icon,949,6,6,3,floorplan/570_kebayoran-icon-kebayoran-icon_20180202025207_13110.jpg,floorplan,570_kebayoran-icon-kebayoran-icon_20180202025207_13110.jpg,skipped_existing,56358,570_kebayoran-icon-kebayoran-icon_20180202025207_13110.jpg,https://cdn-strapi.prod.99iddev.net/assets/570_kebayoran_icon_kebayoran_icon_20180202025207_13110_989372ef70.jpg,Same name already exists in this Strapi folder,570_kebayoran-icon-kebayoran-icon_20180202025207_13110.jpg
kebayoran-icon-office-building,Media Library/Office Venue/kebayoran-icon-office-building,416,19,24,6,exterior/570_kebayoran-icon-kebayoran-icon-office-building_20180413093519_53730.jpg,exterior,570_kebayoran-icon-kebayoran-icon-office-building_20180413093519_53730.jpg,skipped_existing,57674,570_kebayoran-icon-kebayoran-icon-office-building_20180413093519_53730.jpg,https://cdn-strapi.prod.99iddev.net/assets/570_kebayoran_icon_kebayoran_icon_office_building_20180413093519_53730_7fc292696c.jpg,Same name already exists in this Strapi folder,570_kebayoran-icon-kebayoran-icon-office-building_20180413093519_53730.jpg
kebayoran-icon-office-building,Media Library/Office Venue/kebayoran-icon-office-building,416,19,24,6,exterior/570_kebayoran-icon-kebayoran-icon-office-building_20180413093519_79910.jpg,exterior,570_kebayoran-icon-kebayoran-icon-office-building_20180413093519_79910.jpg,uploaded,58137,570_kebayoran-icon-kebayoran-icon-office-building_20180413093519_79910.jpg,https://cdn-strapi.prod.99iddev.net/assets/570_kebayoran_icon_kebayoran_icon_office_building_20180413093519_79910_8cfe83911a.jpg,,
kebayoran-icon-office-building,Media Library/Office Venue/kebayoran-icon-office-building,416,19,24,6,exterior/570_kebayoran-icon-kebayoran-icon-office-building_20180413093520_27418.jpg,exterior,570_kebayoran-icon-kebayoran-icon-office-building_20180413093520_27418.jpg,uploaded,58138,570_kebayoran-icon-kebayoran-icon-office-building_20180413093520_27418.jpg,https://cdn-strapi.prod.99iddev.net/assets/570_kebayoran_icon_kebayoran_icon_office_building_20180413093520_27418_af8193bf1f.jpg,,
kebayoran-icon-office-building,Media Library/Office Venue/kebayoran-icon-office-building,416,19,24,6,exterior/570_kebayoran-icon-kebayoran-icon-office-building_20180413093520_70027.jpg,exterior,570_kebayoran-icon-kebayoran-icon-office-building_20180413093520_70027.jpg,uploaded,58139,570_kebayoran-icon-kebayoran-icon-office-building_20180413093520_70027.jpg,https://cdn-strapi.prod.99iddev.net/assets/570_kebayoran_icon_kebayoran_icon_office_building_20180413093520_70027_49207af056.jpg,,
kebayoran-icon-office-building,Media Library/Office Venue/kebayoran-icon-office-building,416,19,24,6,exterior/570_kebayoran-icon-kebayoran-icon-office-building_20180413093520_90406.jpg,exterior,570_kebayoran-icon-kebayoran-icon-office-building_20180413093520_90406.jpg,uploaded,58140,570_kebayoran-icon-kebayoran-icon-office-building_20180413093520_90406.jpg,https://cdn-strapi.prod.99iddev.net/assets/570_kebayoran_icon_kebayoran_icon_office_building_20180413093520_90406_77066bf10d.jpg,,
kebayoran-icon-office-building,Media Library/Office Venue/kebayoran-icon-office-building,416,19,24,6,exterior/570_kebayoran-icon-kebayoran-icon-office-building_20180413093521_30569.jpg,exterior,570_kebayoran-icon-kebayoran-icon-office-building_20180413093521_30569.jpg,uploaded,58141,570_kebayoran-icon-kebayoran-icon-office-building_20180413093521_30569.jpg,https://cdn-strapi.prod.99iddev.net/assets/570_kebayoran_icon_kebayoran_icon_office_building_20180413093521_30569_b541e93c5d.jpg,,
kota-kasablanka-88-kasablanka-tower-a,Media Library/Office Venue/kota-kasablanka-88-kasablanka-tower-a,928,32,32,13,interior/248_kota-kasablanka-88-kasablanka-tower-a_20170214042618_46442.jpg,interior,248_kota-kasablanka-88-kasablanka-tower-a_20170214042618_46442.jpg,skipped_existing,56395,248_kota-kasablanka-88-kasablanka-tower-a_20170214042618_46442.jpg,https://cdn-strapi.prod.99iddev.net/assets/248_kota_kasablanka_88_kasablanka_tower_a_20170214042618_46442_a823e9274b.jpg,Same name already exists in this Strapi folder,248_kota-kasablanka-88-kasablanka-tower-a_20170214042618_46442.jpg
kota-kasablanka-88-kasablanka-tower-a,Media Library/Office Venue/kota-kasablanka-88-kasablanka-tower-a,928,32,32,13,interior/248_kota-kasablanka-88-kasablanka-tower-a_20170214042619_49347.jpg,interior,248_kota-kasablanka-88-kasablanka-tower-a_20170214042619_49347.jpg,skipped_existing,56396,248_kota-kasablanka-88-kasablanka-tower-a_20170214042619_49347.jpg,https://cdn-strapi.prod.99iddev.net/assets/248_kota_kasablanka_88_kasablanka_tower_a_20170214042619_49347_b06b62e2f3.jpg,Same name already exists in this Strapi folder,248_kota-kasablanka-88-kasablanka-tower-a_20170214042619_49347.jpg
kota-kasablanka-88-kasablanka-tower-a,Media Library/Office Venue/kota-kasablanka-88-kasablanka-tower-a,928,32,32,13,interior/248_kota-kasablanka-88-kasablanka-tower-a_20170214042620_87185.jpg,interior,248_kota-kasablanka-88-kasablanka-tower-a_20170214042620_87185.jpg,skipped_existing,56397,248_kota-kasablanka-88-kasablanka-tower-a_20170214042620_87185.jpg,https://cdn-strapi.prod.99iddev.net/assets/248_kota_kasablanka_88_kasablanka_tower_a_20170214042620_87185_bd23db44f7.jpg,Same name already exists in this Strapi folder,248_kota-kasablanka-88-kasablanka-tower-a_20170214042620_87185.jpg
kota-kasablanka-88-kasablanka-tower-a,Media Library/Office Venue/kota-kasablanka-88-kasablanka-tower-a,928,32,32,13,interior/248_kota-kasablanka-88-kasablanka-tower-a_20170214042621_54857.jpg,interior,248_kota-kasablanka-88-kasablanka-tower-a_20170214042621_54857.jpg,skipped_existing,56398,248_kota-kasablanka-88-kasablanka-tower-a_20170214042621_54857.jpg,https://cdn-strapi.prod.99iddev.net/assets/248_kota_kasablanka_88_kasablanka_tower_a_20170214042621_54857_76a8d4772c.jpg,Same name already exists in this Strapi folder,248_kota-kasablanka-88-kasablanka-tower-a_20170214042621_54857.jpg
kota-kasablanka-88-kasablanka-tower-a,Media Library/Office Venue/kota-kasablanka-88-kasablanka-tower-a,928,32,32,13,interior/248_kota-kasablanka-88-kasablanka-tower-a_20170214042622_58204.jpg,interior,248_kota-kasablanka-88-kasablanka-tower-a_20170214042622_58204.jpg,skipped_existing,56399,248_kota-kasablanka-88-kasablanka-tower-a_20170214042622_58204.jpg,https://cdn-strapi.prod.99iddev.net/assets/248_kota_kasablanka_88_kasablanka_tower_a_20170214042622_58204_7d5a7bac6a.jpg,Same name already exists in this Strapi folder,248_kota-kasablanka-88-kasablanka-tower-a_20170214042622_58204.jpg
kota-kasablanka-88-kasablanka-tower-a,Media Library/Office Venue/kota-kasablanka-88-kasablanka-tower-a,928,32,32,13,interior/248_kota-kasablanka-88-kasablanka-tower-a_20170214042622_99132.jpg,interior,248_kota-kasablanka-88-kasablanka-tower-a_20170214042622_99132.jpg,skipped_existing,56400,248_kota-kasablanka-88-kasablanka-tower-a_20170214042622_99132.jpg,https://cdn-strapi.prod.99iddev.net/assets/248_kota_kasablanka_88_kasablanka_tower_a_20170214042622_99132_ff310ce263.jpg,Same name already exists in this Strapi folder,248_kota-kasablanka-88-kasablanka-tower-a_20170214042622_99132.jpg
kota-kasablanka-88-kasablanka-tower-a,Media Library/Office Venue/kota-kasablanka-88-kasablanka-tower-a,928,32,32,13,interior/248_kota-kasablanka-88-kasablanka-tower-a_20170214042623_23856.jpg,interior,248_kota-kasablanka-88-kasablanka-tower-a_20170214042623_23856.jpg,skipped_existing,56401,248_kota-kasablanka-88-kasablanka-tower-a_20170214042623_23856.jpg,https://cdn-strapi.prod.99iddev.net/assets/248_kota_kasablanka_88_kasablanka_tower_a_20170214042623_23856_7df400a8c5.jpg,Same name already exists in this Strapi folder,248_kota-kasablanka-88-kasablanka-tower-a_20170214042623_23856.jpg
kota-kasablanka-88-kasablanka-tower-a,Media Library/Office Venue/kota-kasablanka-88-kasablanka-tower-a,928,32,32,13,interior/248_kota-kasablanka-88-kasablanka-tower-a_20170214042623_44751.jpg,interior,248_kota-kasablanka-88-kasablanka-tower-a_20170214042623_44751.jpg,skipped_existing,56402,248_kota-kasablanka-88-kasablanka-tower-a_20170214042623_44751.jpg,https://cdn-strapi.prod.99iddev.net/assets/248_kota_kasablanka_88_kasablanka_tower_a_20170214042623_44751_0511776890.jpg,Same name already exists in this Strapi folder,248_kota-kasablanka-88-kasablanka-tower-a_20170214042623_44751.jpg
kota-kasablanka-88-kasablanka-tower-a,Media Library/Office Venue/kota-kasablanka-88-kasablanka-tower-a,928,32,32,13,interior/248_kota-kasablanka-88-kasablanka-tower-a_20170214042623_59319.jpg,interior,248_kota-kasablanka-88-kasablanka-tower-a_20170214042623_59319.jpg,skipped_existing,56403,248_kota-kasablanka-88-kasablanka-tower-a_20170214042623_59319.jpg,https://cdn-strapi.prod.99iddev.net/assets/248_kota_kasablanka_88_kasablanka_tower_a_20170214042623_59319_cdf0dcc7b5.jpg,Same name already exists in this Strapi folder,248_kota-kasablanka-88-kasablanka-tower-a_20170214042623_59319.jpg
kota-kasablanka-88-kasablanka-tower-a,Media Library/Office Venue/kota-kasablanka-88-kasablanka-tower-a,928,32,32,13,interior/248_kota-kasablanka-88-kasablanka-tower-a_20170214042623_61601.jpg,interior,248_kota-kasablanka-88-kasablanka-tower-a_20170214042623_61601.jpg,skipped_existing,56404,248_kota-kasablanka-88-kasablanka-tower-a_20170214042623_61601.jpg,https://cdn-strapi.prod.99iddev.net/assets/248_kota_kasablanka_88_kasablanka_tower_a_20170214042623_61601_fd5ef60804.jpg,Same name already exists in this Strapi folder,248_kota-kasablanka-88-kasablanka-tower-a_20170214042623_61601.jpg
kota-kasablanka-88-kasablanka-tower-a,Media Library/Office Venue/kota-kasablanka-88-kasablanka-tower-a,928,32,32,13,interior/248_kota-kasablanka-88-kasablanka-tower-a_20170214042624_47835.jpg,interior,248_kota-kasablanka-88-kasablanka-tower-a_20170214042624_47835.jpg,skipped_existing,56405,248_kota-kasablanka-88-kasablanka-tower-a_20170214042624_47835.jpg,https://cdn-strapi.prod.99iddev.net/assets/248_kota_kasablanka_88_kasablanka_tower_a_20170214042624_47835_651ac145f4.jpg,Same name already exists in this Strapi folder,248_kota-kasablanka-88-kasablanka-tower-a_20170214042624_47835.jpg
kota-kasablanka-88-kasablanka-tower-a,Media Library/Office Venue/kota-kasablanka-88-kasablanka-tower-a,928,32,32,13,interior/248_kota-kasablanka-88-kasablanka-tower-a_20170214042625_12353.jpg,interior,248_kota-kasablanka-88-kasablanka-tower-a_20170214042625_12353.jpg,skipped_existing,56406,248_kota-kasablanka-88-kasablanka-tower-a_20170214042625_12353.jpg,https://cdn-strapi.prod.99iddev.net/assets/248_kota_kasablanka_88_kasablanka_tower_a_20170214042625_12353_df9470a6ee.jpg,Same name already exists in this Strapi folder,248_kota-kasablanka-88-kasablanka-tower-a_20170214042625_12353.jpg
kota-kasablanka-88-kasablanka-tower-a,Media Library/Office Venue/kota-kasablanka-88-kasablanka-tower-a,928,32,32,13,interior/248_kota-kasablanka-88-kasablanka-tower-a_20170214042625_83286.jpg,interior,248_kota-kasablanka-88-kasablanka-tower-a_20170214042625_83286.jpg,skipped_existing,56407,248_kota-kasablanka-88-kasablanka-tower-a_20170214042625_83286.jpg,https://cdn-strapi.prod.99iddev.net/assets/248_kota_kasablanka_88_kasablanka_tower_a_20170214042625_83286_56569c0c0e.jpg,Same name already exists in this Strapi folder,248_kota-kasablanka-88-kasablanka-tower-a_20170214042625_83286.jpg
kota-kasablanka-88-kasablanka-tower-b,Media Library/Office Venue/kota-kasablanka-88-kasablanka-tower-b,1004,4,8,4,exterior/248_kota-kasablanka-88-kasablanka-tower-b_20160914090847_30487.jpg,exterior,248_kota-kasablanka-88-kasablanka-tower-b_20160914090847_30487.jpg,uploaded,58142,248_kota-kasablanka-88-kasablanka-tower-b_20160914090847_30487.jpg,https://cdn-strapi.prod.99iddev.net/assets/248_kota_kasablanka_88_kasablanka_tower_b_20160914090847_30487_a70e486c27.jpg,,
kota-kasablanka-88-kasablanka-tower-b,Media Library/Office Venue/kota-kasablanka-88-kasablanka-tower-b,1004,4,8,4,exterior/248_kota-kasablanka-88-kasablanka-tower-b_20160914090847_90454.jpg,exterior,248_kota-kasablanka-88-kasablanka-tower-b_20160914090847_90454.jpg,uploaded,58143,248_kota-kasablanka-88-kasablanka-tower-b_20160914090847_90454.jpg,https://cdn-strapi.prod.99iddev.net/assets/248_kota_kasablanka_88_kasablanka_tower_b_20160914090847_90454_74f8b2b062.jpg,,
kota-kasablanka-88-kasablanka-tower-b,Media Library/Office Venue/kota-kasablanka-88-kasablanka-tower-b,1004,4,8,4,exterior/248_kota-kasablanka-88-kasablanka-tower-b_20160914090851_25457.jpg,exterior,248_kota-kasablanka-88-kasablanka-tower-b_20160914090851_25457.jpg,uploaded,58144,248_kota-kasablanka-88-kasablanka-tower-b_20160914090851_25457.jpg,https://cdn-strapi.prod.99iddev.net/assets/248_kota_kasablanka_88_kasablanka_tower_b_20160914090851_25457_373dc2ec06.jpg,,
kota-kasablanka-88-kasablanka-tower-b,Media Library/Office Venue/kota-kasablanka-88-kasablanka-tower-b,1004,4,8,4,exterior/248_kota-kasablanka-88-kasablanka-tower-b_20160914090851_99222.jpg,exterior,248_kota-kasablanka-88-kasablanka-tower-b_20160914090851_99222.jpg,uploaded,58145,248_kota-kasablanka-88-kasablanka-tower-b_20160914090851_99222.jpg,https://cdn-strapi.prod.99iddev.net/assets/248_kota_kasablanka_88_kasablanka_tower_b_20160914090851_99222_6b6792862f.jpg,,
kota-kasablanka-tower-b-prudential-center,Media Library/Office Venue/kota-kasablanka-tower-b-prudential-center,929,28,28,14,floorplan/249_kota-kasablanka-88-kota-kasablanka-tower-b-prudential-center_20170222073232_53985.jpg,floorplan,249_kota-kasablanka-88-kota-kasablanka-tower-b-prudential-center_20170222073232_53985.jpg,skipped_existing,56408,249_kota-kasablanka-88-kota-kasablanka-tower-b-prudential-center_20170222073232_53985.jpg,https://cdn-strapi.prod.99iddev.net/assets/249_kota_kasablanka_88_kota_kasablanka_tower_b_prudential_center_20170222073232_53985_7f176133cc.jpg,Same name already exists in this Strapi folder,249_kota-kasablanka-88-kota-kasablanka-tower-b-prudential-center_20170222073232_53985.jpg
kota-kasablanka-tower-b-prudential-center,Media Library/Office Venue/kota-kasablanka-tower-b-prudential-center,929,28,28,14,floorplan/249_kota-kasablanka-88-kota-kasablanka-tower-b-prudential-center_20180202021158_22255.jpg,floorplan,249_kota-kasablanka-88-kota-kasablanka-tower-b-prudential-center_20180202021158_22255.jpg,skipped_existing,56409,249_kota-kasablanka-88-kota-kasablanka-tower-b-prudential-center_20180202021158_22255.jpg,https://cdn-strapi.prod.99iddev.net/assets/249_kota_kasablanka_88_kota_kasablanka_tower_b_prudential_center_20180202021158_22255_c3439bef80.jpg,Same name already exists in this Strapi folder,249_kota-kasablanka-88-kota-kasablanka-tower-b-prudential-center_20180202021158_22255.jpg
kota-kasablanka-tower-b-prudential-center,Media Library/Office Venue/kota-kasablanka-tower-b-prudential-center,929,28,28,14,interior/249_kota-kasablanka-88-kota-kasablanka-tower-b-prudential-center_20170214042814_31852.jpg,interior,249_kota-kasablanka-88-kota-kasablanka-tower-b-prudential-center_20170214042814_31852.jpg,skipped_existing,56410,249_kota-kasablanka-88-kota-kasablanka-tower-b-prudential-center_20170214042814_31852.jpg,https://cdn-strapi.prod.99iddev.net/assets/249_kota_kasablanka_88_kota_kasablanka_tower_b_prudential_center_20170214042814_31852_cef10dcca8.jpg,Same name already exists in this Strapi folder,249_kota-kasablanka-88-kota-kasablanka-tower-b-prudential-center_20170214042814_31852.jpg
kota-kasablanka-tower-b-prudential-center,Media Library/Office Venue/kota-kasablanka-tower-b-prudential-center,929,28,28,14,interior/249_kota-kasablanka-88-kota-kasablanka-tower-b-prudential-center_20170214042814_33941.jpg,interior,249_kota-kasablanka-88-kota-kasablanka-tower-b-prudential-center_20170214042814_33941.jpg,skipped_existing,56411,249_kota-kasablanka-88-kota-kasablanka-tower-b-prudential-center_20170214042814_33941.jpg,https://cdn-strapi.prod.99iddev.net/assets/249_kota_kasablanka_88_kota_kasablanka_tower_b_prudential_center_20170214042814_33941_f2ea81595d.jpg,Same name already exists in this Strapi folder,249_kota-kasablanka-88-kota-kasablanka-tower-b-prudential-center_20170214042814_33941.jpg
kota-kasablanka-tower-b-prudential-center,Media Library/Office Venue/kota-kasablanka-tower-b-prudential-center,929,28,28,14,interior/249_kota-kasablanka-88-kota-kasablanka-tower-b-prudential-center_20170214042815_24026.jpg,interior,249_kota-kasablanka-88-kota-kasablanka-tower-b-prudential-center_20170214042815_24026.jpg,skipped_existing,56412,249_kota-kasablanka-88-kota-kasablanka-tower-b-prudential-center_20170214042815_24026.jpg,https://cdn-strapi.prod.99iddev.net/assets/249_kota_kasablanka_88_kota_kasablanka_tower_b_prudential_center_20170214042815_24026_b1c4b696d5.jpg,Same name already exists in this Strapi folder,249_kota-kasablanka-88-kota-kasablanka-tower-b-prudential-center_20170214042815_24026.jpg
kota-kasablanka-tower-b-prudential-center,Media Library/Office Venue/kota-kasablanka-tower-b-prudential-center,929,28,28,14,interior/249_kota-kasablanka-88-kota-kasablanka-tower-b-prudential-center_20170214042815_68757.jpg,interior,249_kota-kasablanka-88-kota-kasablanka-tower-b-prudential-center_20170214042815_68757.jpg,skipped_existing,56413,249_kota-kasablanka-88-kota-kasablanka-tower-b-prudential-center_20170214042815_68757.jpg,https://cdn-strapi.prod.99iddev.net/assets/249_kota_kasablanka_88_kota_kasablanka_tower_b_prudential_center_20170214042815_68757_2e010dfec1.jpg,Same name already exists in this Strapi folder,249_kota-kasablanka-88-kota-kasablanka-tower-b-prudential-center_20170214042815_68757.jpg
kota-kasablanka-tower-b-prudential-center,Media Library/Office Venue/kota-kasablanka-tower-b-prudential-center,929,28,28,14,interior/249_kota-kasablanka-88-kota-kasablanka-tower-b-prudential-center_20180507095401_21415.jpg,interior,249_kota-kasablanka-88-kota-kasablanka-tower-b-prudential-center_20180507095401_21415.jpg,skipped_existing,56414,249_kota-kasablanka-88-kota-kasablanka-tower-b-prudential-center_20180507095401_21415.jpg,https://cdn-strapi.prod.99iddev.net/assets/249_kota_kasablanka_88_kota_kasablanka_tower_b_prudential_center_20180507095401_21415_c736ac75de.jpg,Same name already exists in this Strapi folder,249_kota-kasablanka-88-kota-kasablanka-tower-b-prudential-center_20180507095401_21415.jpg
kota-kasablanka-tower-b-prudential-center,Media Library/Office Venue/kota-kasablanka-tower-b-prudential-center,929,28,28,14,interior/249_kota-kasablanka-88-kota-kasablanka-tower-b-prudential-center_20180507095402_46781.jpg,interior,249_kota-kasablanka-88-kota-kasablanka-tower-b-prudential-center_20180507095402_46781.jpg,skipped_existing,56415,249_kota-kasablanka-88-kota-kasablanka-tower-b-prudential-center_20180507095402_46781.jpg,https://cdn-strapi.prod.99iddev.net/assets/249_kota_kasablanka_88_kota_kasablanka_tower_b_prudential_center_20180507095402_46781_6b63885a51.jpg,Same name already exists in this Strapi folder,249_kota-kasablanka-88-kota-kasablanka-tower-b-prudential-center_20180507095402_46781.jpg
kota-kasablanka-tower-b-prudential-center,Media Library/Office Venue/kota-kasablanka-tower-b-prudential-center,929,28,28,14,interior/249_kota-kasablanka-88-kota-kasablanka-tower-b-prudential-center_20180507095402_48035.jpg,interior,249_kota-kasablanka-88-kota-kasablanka-tower-b-prudential-center_20180507095402_48035.jpg,skipped_existing,56416,249_kota-kasablanka-88-kota-kasablanka-tower-b-prudential-center_20180507095402_48035.jpg,https://cdn-strapi.prod.99iddev.net/assets/249_kota_kasablanka_88_kota_kasablanka_tower_b_prudential_center_20180507095402_48035_73a8cdbdee.jpg,Same name already exists in this Strapi folder,249_kota-kasablanka-88-kota-kasablanka-tower-b-prudential-center_20180507095402_48035.jpg
kota-kasablanka-tower-b-prudential-center,Media Library/Office Venue/kota-kasablanka-tower-b-prudential-center,929,28,28,14,interior/249_kota-kasablanka-88-kota-kasablanka-tower-b-prudential-center_20180507095402_63038.jpg,interior,249_kota-kasablanka-88-kota-kasablanka-tower-b-prudential-center_20180507095402_63038.jpg,skipped_existing,56417,249_kota-kasablanka-88-kota-kasablanka-tower-b-prudential-center_20180507095402_63038.jpg,https://cdn-strapi.prod.99iddev.net/assets/249_kota_kasablanka_88_kota_kasablanka_tower_b_prudential_center_20180507095402_63038_e87ccca1e0.jpg,Same name already exists in this Strapi folder,249_kota-kasablanka-88-kota-kasablanka-tower-b-prudential-center_20180507095402_63038.jpg
kota-kasablanka-tower-b-prudential-center,Media Library/Office Venue/kota-kasablanka-tower-b-prudential-center,929,28,28,14,interior/249_kota-kasablanka-88-kota-kasablanka-tower-b-prudential-center_20180507095403_21559.jpg,interior,249_kota-kasablanka-88-kota-kasablanka-tower-b-prudential-center_20180507095403_21559.jpg,skipped_existing,56418,249_kota-kasablanka-88-kota-kasablanka-tower-b-prudential-center_20180507095403_21559.jpg,https://cdn-strapi.prod.99iddev.net/assets/249_kota_kasablanka_88_kota_kasablanka_tower_b_prudential_center_20180507095403_21559_d829fbeda6.jpg,Same name already exists in this Strapi folder,249_kota-kasablanka-88-kota-kasablanka-tower-b-prudential-center_20180507095403_21559.jpg
kota-kasablanka-tower-b-prudential-center,Media Library/Office Venue/kota-kasablanka-tower-b-prudential-center,929,28,28,14,interior/249_kota-kasablanka-88-kota-kasablanka-tower-b-prudential-center_20180507095403_68553.jpg,interior,249_kota-kasablanka-88-kota-kasablanka-tower-b-prudential-center_20180507095403_68553.jpg,skipped_existing,56419,249_kota-kasablanka-88-kota-kasablanka-tower-b-prudential-center_20180507095403_68553.jpg,https://cdn-strapi.prod.99iddev.net/assets/249_kota_kasablanka_88_kota_kasablanka_tower_b_prudential_center_20180507095403_68553_966bed4bfb.jpg,Same name already exists in this Strapi folder,249_kota-kasablanka-88-kota-kasablanka-tower-b-prudential-center_20180507095403_68553.jpg
kota-kasablanka-tower-b-prudential-center,Media Library/Office Venue/kota-kasablanka-tower-b-prudential-center,929,28,28,14,interior/249_kota-kasablanka-88-kota-kasablanka-tower-b-prudential-center_20180507095404_40804.jpg,interior,249_kota-kasablanka-88-kota-kasablanka-tower-b-prudential-center_20180507095404_40804.jpg,skipped_existing,56420,249_kota-kasablanka-88-kota-kasablanka-tower-b-prudential-center_20180507095404_40804.jpg,https://cdn-strapi.prod.99iddev.net/assets/249_kota_kasablanka_88_kota_kasablanka_tower_b_prudential_center_20180507095404_40804_3298e266a4.jpg,Same name already exists in this Strapi folder,249_kota-kasablanka-88-kota-kasablanka-tower-b-prudential-center_20180507095404_40804.jpg
kota-kasablanka-tower-b-prudential-center,Media Library/Office Venue/kota-kasablanka-tower-b-prudential-center,929,28,28,14,interior/249_kota-kasablanka-88-kota-kasablanka-tower-b-prudential-center_20180507095404_84756.jpg,interior,249_kota-kasablanka-88-kota-kasablanka-tower-b-prudential-center_20180507095404_84756.jpg,skipped_existing,56421,249_kota-kasablanka-88-kota-kasablanka-tower-b-prudential-center_20180507095404_84756.jpg,https://cdn-strapi.prod.99iddev.net/assets/249_kota_kasablanka_88_kota_kasablanka_tower_b_prudential_center_20180507095404_84756_8bc420e5b2.jpg,Same name already exists in this Strapi folder,249_kota-kasablanka-88-kota-kasablanka-tower-b-prudential-center_20180507095404_84756.jpg
kota-kasablanka-tower-prudential-center,Media Library/Office Venue/kota-kasablanka-tower-prudential-center,898,10,10,5,exterior/249_kota-kasablanka-88-kota-kasablanka-tower-prudential-center_20160914090630_48987.jpg,exterior,249_kota-kasablanka-88-kota-kasablanka-tower-prudential-center_20160914090630_48987.jpg,skipped_existing,56422,249_kota-kasablanka-88-kota-kasablanka-tower-prudential-center_20160914090630_48987.jpg,https://cdn-strapi.prod.99iddev.net/assets/249_kota_kasablanka_88_kota_kasablanka_tower_prudential_center_20160914090630_48987_5a411110ab.jpg,Same name already exists in this Strapi folder,249_kota-kasablanka-88-kota-kasablanka-tower-prudential-center_20160914090630_48987.jpg
kota-kasablanka-tower-prudential-center,Media Library/Office Venue/kota-kasablanka-tower-prudential-center,898,10,10,5,exterior/249_kota-kasablanka-88-kota-kasablanka-tower-prudential-center_20160914090631_13773.jpg,exterior,249_kota-kasablanka-88-kota-kasablanka-tower-prudential-center_20160914090631_13773.jpg,skipped_existing,56423,249_kota-kasablanka-88-kota-kasablanka-tower-prudential-center_20160914090631_13773.jpg,https://cdn-strapi.prod.99iddev.net/assets/249_kota_kasablanka_88_kota_kasablanka_tower_prudential_center_20160914090631_13773_7835221c30.jpg,Same name already exists in this Strapi folder,249_kota-kasablanka-88-kota-kasablanka-tower-prudential-center_20160914090631_13773.jpg
kota-kasablanka-tower-prudential-center,Media Library/Office Venue/kota-kasablanka-tower-prudential-center,898,10,10,5,exterior/249_kota-kasablanka-88-kota-kasablanka-tower-prudential-center_20160914090631_63918.jpg,exterior,249_kota-kasablanka-88-kota-kasablanka-tower-prudential-center_20160914090631_63918.jpg,skipped_existing,56424,249_kota-kasablanka-88-kota-kasablanka-tower-prudential-center_20160914090631_63918.jpg,https://cdn-strapi.prod.99iddev.net/assets/249_kota_kasablanka_88_kota_kasablanka_tower_prudential_center_20160914090631_63918_b212a235e9.jpg,Same name already exists in this Strapi folder,249_kota-kasablanka-88-kota-kasablanka-tower-prudential-center_20160914090631_63918.jpg
kota-kasablanka-tower-prudential-center,Media Library/Office Venue/kota-kasablanka-tower-prudential-center,898,10,10,5,exterior/249_kota-kasablanka-88-kota-kasablanka-tower-prudential-center_20160914090633_53821.jpg,exterior,249_kota-kasablanka-88-kota-kasablanka-tower-prudential-center_20160914090633_53821.jpg,skipped_existing,56425,249_kota-kasablanka-88-kota-kasablanka-tower-prudential-center_20160914090633_53821.jpg,https://cdn-strapi.prod.99iddev.net/assets/249_kota_kasablanka_88_kota_kasablanka_tower_prudential_center_20160914090633_53821_c76c7400ed.jpg,Same name already exists in this Strapi folder,249_kota-kasablanka-88-kota-kasablanka-tower-prudential-center_20160914090633_53821.jpg
kota-kasablanka-tower-prudential-center,Media Library/Office Venue/kota-kasablanka-tower-prudential-center,898,10,10,5,exterior/249_kota-kasablanka-88-kota-kasablanka-tower-prudential-center_20160914090634_13708.jpg,exterior,249_kota-kasablanka-88-kota-kasablanka-tower-prudential-center_20160914090634_13708.jpg,skipped_existing,56426,249_kota-kasablanka-88-kota-kasablanka-tower-prudential-center_20160914090634_13708.jpg,https://cdn-strapi.prod.99iddev.net/assets/249_kota_kasablanka_88_kota_kasablanka_tower_prudential_center_20160914090634_13708_ee97b50a7e.jpg,Same name already exists in this Strapi folder,249_kota-kasablanka-88-kota-kasablanka-tower-prudential-center_20160914090634_13708.jpg
land-mark-pluit,Media Library/Office Venue/land-mark-pluit,1005,6,6,3,exterior/440_land-mark-pluit-land-mark-pluit_20161024033751_50670.jpg,exterior,440_land-mark-pluit-land-mark-pluit_20161024033751_50670.jpg,skipped_existing,56451,440_land-mark-pluit-land-mark-pluit_20161024033751_50670.jpg,https://cdn-strapi.prod.99iddev.net/assets/440_land_mark_pluit_land_mark_pluit_20161024033751_50670_b5508c42b5.jpg,Same name already exists in this Strapi folder,440_land-mark-pluit-land-mark-pluit_20161024033751_50670.jpg
land-mark-pluit,Media Library/Office Venue/land-mark-pluit,1005,6,6,3,exterior/440_land-mark-pluit-land-mark-pluit_20161024033754_12339.jpg,exterior,440_land-mark-pluit-land-mark-pluit_20161024033754_12339.jpg,skipped_existing,56452,440_land-mark-pluit-land-mark-pluit_20161024033754_12339.jpg,https://cdn-strapi.prod.99iddev.net/assets/440_land_mark_pluit_land_mark_pluit_20161024033754_12339_fc0c75031d.jpg,Same name already exists in this Strapi folder,440_land-mark-pluit-land-mark-pluit_20161024033754_12339.jpg
land-mark-pluit,Media Library/Office Venue/land-mark-pluit,1005,6,6,3,exterior/440_land-mark-pluit-land-mark-pluit_20161024033754_73243.jpg,exterior,440_land-mark-pluit-land-mark-pluit_20161024033754_73243.jpg,skipped_existing,56453,440_land-mark-pluit-land-mark-pluit_20161024033754_73243.jpg,https://cdn-strapi.prod.99iddev.net/assets/440_land_mark_pluit_land_mark_pluit_20161024033754_73243_2aa4ff6c71.jpg,Same name already exists in this Strapi folder,440_land-mark-pluit-land-mark-pluit_20161024033754_73243.jpg
landmark-pluit-land-mark-pluit,Media Library/Office Venue/landmark-pluit-land-mark-pluit,931,132,133,45,exterior/440_landmark-pluit-land-mark-pluit_20161124034414_64859.jpg,exterior,440_landmark-pluit-land-mark-pluit_20161124034414_64859.jpg,skipped_existing,56454,440_landmark-pluit-land-mark-pluit_20161124034414_64859.jpg,https://cdn-strapi.prod.99iddev.net/assets/440_landmark_pluit_land_mark_pluit_20161124034414_64859_4a94c723d2.jpg,Same name already exists in this Strapi folder,440_landmark-pluit-land-mark-pluit_20161124034414_64859.jpg
landmark-pluit-land-mark-pluit,Media Library/Office Venue/landmark-pluit-land-mark-pluit,931,132,133,45,exterior/440_landmark-pluit-land-mark-pluit_20161124034437_62445.jpg,exterior,440_landmark-pluit-land-mark-pluit_20161124034437_62445.jpg,skipped_existing,56455,440_landmark-pluit-land-mark-pluit_20161124034437_62445.jpg,https://cdn-strapi.prod.99iddev.net/assets/440_landmark_pluit_land_mark_pluit_20161124034437_62445_36b4a756ea.jpg,Same name already exists in this Strapi folder,440_landmark-pluit-land-mark-pluit_20161124034437_62445.jpg
landmark-pluit-land-mark-pluit,Media Library/Office Venue/landmark-pluit-land-mark-pluit,931,132,133,45,exterior/440_landmark-pluit-land-mark-pluit_20170125083821_40944.jpg,exterior,440_landmark-pluit-land-mark-pluit_20170125083821_40944.jpg,skipped_existing,56456,440_landmark-pluit-land-mark-pluit_20170125083821_40944.jpg,https://cdn-strapi.prod.99iddev.net/assets/440_landmark_pluit_land_mark_pluit_20170125083821_40944_a1d93ab40c.jpg,Same name already exists in this Strapi folder,440_landmark-pluit-land-mark-pluit_20170125083821_40944.jpg
landmark-pluit-land-mark-pluit,Media Library/Office Venue/landmark-pluit-land-mark-pluit,931,132,133,45,exterior/440_landmark-pluit-land-mark-pluit_20170125083822_71995.jpg,exterior,440_landmark-pluit-land-mark-pluit_20170125083822_71995.jpg,skipped_existing,56457,440_landmark-pluit-land-mark-pluit_20170125083822_71995.jpg,https://cdn-strapi.prod.99iddev.net/assets/440_landmark_pluit_land_mark_pluit_20170125083822_71995_5e45d96ff7.jpg,Same name already exists in this Strapi folder,440_landmark-pluit-land-mark-pluit_20170125083822_71995.jpg
landmark-pluit-land-mark-pluit,Media Library/Office Venue/landmark-pluit-land-mark-pluit,931,132,133,45,exterior/440_landmark-pluit-land-mark-pluit_20170125083822_75620.jpg,exterior,440_landmark-pluit-land-mark-pluit_20170125083822_75620.jpg,skipped_existing,56458,440_landmark-pluit-land-mark-pluit_20170125083822_75620.jpg,https://cdn-strapi.prod.99iddev.net/assets/440_landmark_pluit_land_mark_pluit_20170125083822_75620_3c55f0f6b4.jpg,Same name already exists in this Strapi folder,440_landmark-pluit-land-mark-pluit_20170125083822_75620.jpg
landmark-pluit-land-mark-pluit,Media Library/Office Venue/landmark-pluit-land-mark-pluit,931,132,133,45,exterior/440_landmark-pluit-land-mark-pluit_20170125083823_10204.jpg,exterior,440_landmark-pluit-land-mark-pluit_20170125083823_10204.jpg,skipped_existing,56459,440_landmark-pluit-land-mark-pluit_20170125083823_10204.jpg,https://cdn-strapi.prod.99iddev.net/assets/440_landmark_pluit_land_mark_pluit_20170125083823_10204_366a2ecd92.jpg,Same name already exists in this Strapi folder,440_landmark-pluit-land-mark-pluit_20170125083823_10204.jpg
landmark-pluit-land-mark-pluit,Media Library/Office Venue/landmark-pluit-land-mark-pluit,931,132,133,45,exterior/440_landmark-pluit-land-mark-pluit_20170125083823_26061.jpg,exterior,440_landmark-pluit-land-mark-pluit_20170125083823_26061.jpg,skipped_existing,56460,440_landmark-pluit-land-mark-pluit_20170125083823_26061.jpg,https://cdn-strapi.prod.99iddev.net/assets/440_landmark_pluit_land_mark_pluit_20170125083823_26061_0492ca91f7.jpg,Same name already exists in this Strapi folder,440_landmark-pluit-land-mark-pluit_20170125083823_26061.jpg
landmark-pluit-land-mark-pluit,Media Library/Office Venue/landmark-pluit-land-mark-pluit,931,132,133,45,exterior/440_landmark-pluit-land-mark-pluit_20170125083824_36348.jpg,exterior,440_landmark-pluit-land-mark-pluit_20170125083824_36348.jpg,skipped_existing,56461,440_landmark-pluit-land-mark-pluit_20170125083824_36348.jpg,https://cdn-strapi.prod.99iddev.net/assets/440_landmark_pluit_land_mark_pluit_20170125083824_36348_f18e7c25ce.jpg,Same name already exists in this Strapi folder,440_landmark-pluit-land-mark-pluit_20170125083824_36348.jpg
landmark-pluit-land-mark-pluit,Media Library/Office Venue/landmark-pluit-land-mark-pluit,931,132,133,45,exterior/440_landmark-pluit-land-mark-pluit_20170125083824_58218.jpg,exterior,440_landmark-pluit-land-mark-pluit_20170125083824_58218.jpg,skipped_existing,56462,440_landmark-pluit-land-mark-pluit_20170125083824_58218.jpg,https://cdn-strapi.prod.99iddev.net/assets/440_landmark_pluit_land_mark_pluit_20170125083824_58218_93de242f39.jpg,Same name already exists in this Strapi folder,440_landmark-pluit-land-mark-pluit_20170125083824_58218.jpg
landmark-pluit-land-mark-pluit,Media Library/Office Venue/landmark-pluit-land-mark-pluit,931,132,133,45,exterior/440_landmark-pluit-land-mark-pluit_20170125083825_10061.jpg,exterior,440_landmark-pluit-land-mark-pluit_20170125083825_10061.jpg,skipped_existing,56463,440_landmark-pluit-land-mark-pluit_20170125083825_10061.jpg,https://cdn-strapi.prod.99iddev.net/assets/440_landmark_pluit_land_mark_pluit_20170125083825_10061_197f35f87b.jpg,Same name already exists in this Strapi folder,440_landmark-pluit-land-mark-pluit_20170125083825_10061.jpg
landmark-pluit-land-mark-pluit,Media Library/Office Venue/landmark-pluit-land-mark-pluit,931,132,133,45,exterior/440_landmark-pluit-land-mark-pluit_20170125083825_25284.jpg,exterior,440_landmark-pluit-land-mark-pluit_20170125083825_25284.jpg,skipped_existing,56464,440_landmark-pluit-land-mark-pluit_20170125083825_25284.jpg,https://cdn-strapi.prod.99iddev.net/assets/440_landmark_pluit_land_mark_pluit_20170125083825_25284_0e4511848c.jpg,Same name already exists in this Strapi folder,440_landmark-pluit-land-mark-pluit_20170125083825_25284.jpg
landmark-pluit-land-mark-pluit,Media Library/Office Venue/landmark-pluit-land-mark-pluit,931,132,133,45,exterior/440_landmark-pluit-land-mark-pluit_20170125083825_74520.jpg,exterior,440_landmark-pluit-land-mark-pluit_20170125083825_74520.jpg,skipped_existing,56465,440_landmark-pluit-land-mark-pluit_20170125083825_74520.jpg,https://cdn-strapi.prod.99iddev.net/assets/440_landmark_pluit_land_mark_pluit_20170125083825_74520_294ca07c84.jpg,Same name already exists in this Strapi folder,440_landmark-pluit-land-mark-pluit_20170125083825_74520.jpg
landmark-pluit-land-mark-pluit,Media Library/Office Venue/landmark-pluit-land-mark-pluit,931,132,133,45,exterior/440_landmark-pluit-land-mark-pluit_20170125083825_84818.jpg,exterior,440_landmark-pluit-land-mark-pluit_20170125083825_84818.jpg,skipped_existing,56466,440_landmark-pluit-land-mark-pluit_20170125083825_84818.jpg,https://cdn-strapi.prod.99iddev.net/assets/440_landmark_pluit_land_mark_pluit_20170125083825_84818_c17b68443c.jpg,Same name already exists in this Strapi folder,440_landmark-pluit-land-mark-pluit_20170125083825_84818.jpg
landmark-pluit-land-mark-pluit,Media Library/Office Venue/landmark-pluit-land-mark-pluit,931,132,133,45,exterior/440_landmark-pluit-land-mark-pluit_20170125083825_89667.jpg,exterior,440_landmark-pluit-land-mark-pluit_20170125083825_89667.jpg,skipped_existing,56467,440_landmark-pluit-land-mark-pluit_20170125083825_89667.jpg,https://cdn-strapi.prod.99iddev.net/assets/440_landmark_pluit_land_mark_pluit_20170125083825_89667_64a3a6e198.jpg,Same name already exists in this Strapi folder,440_landmark-pluit-land-mark-pluit_20170125083825_89667.jpg
landmark-pluit-land-mark-pluit,Media Library/Office Venue/landmark-pluit-land-mark-pluit,931,132,133,45,exterior/440_landmark-pluit-land-mark-pluit_20170125083826_11916.jpg,exterior,440_landmark-pluit-land-mark-pluit_20170125083826_11916.jpg,uploaded,58146,440_landmark-pluit-land-mark-pluit_20170125083826_11916.jpg,https://cdn-strapi.prod.99iddev.net/assets/440_landmark_pluit_land_mark_pluit_20170125083826_11916_392e53d1af.jpg,,
landmark-pluit-land-mark-pluit,Media Library/Office Venue/landmark-pluit-land-mark-pluit,931,132,133,45,exterior/440_landmark-pluit-land-mark-pluit_20170125083826_54230.jpg,exterior,440_landmark-pluit-land-mark-pluit_20170125083826_54230.jpg,skipped_existing,56468,440_landmark-pluit-land-mark-pluit_20170125083826_54230.jpg,https://cdn-strapi.prod.99iddev.net/assets/440_landmark_pluit_land_mark_pluit_20170125083826_54230_15eda08a05.jpg,Same name already exists in this Strapi folder,440_landmark-pluit-land-mark-pluit_20170125083826_54230.jpg
landmark-pluit-land-mark-pluit,Media Library/Office Venue/landmark-pluit-land-mark-pluit,931,132,133,45,exterior/440_landmark-pluit-land-mark-pluit_20170125083826_83020.jpg,exterior,440_landmark-pluit-land-mark-pluit_20170125083826_83020.jpg,skipped_existing,56469,440_landmark-pluit-land-mark-pluit_20170125083826_83020.jpg,https://cdn-strapi.prod.99iddev.net/assets/440_landmark_pluit_land_mark_pluit_20170125083826_83020_5449e2c8d1.jpg,Same name already exists in this Strapi folder,440_landmark-pluit-land-mark-pluit_20170125083826_83020.jpg
landmark-pluit-land-mark-pluit,Media Library/Office Venue/landmark-pluit-land-mark-pluit,931,132,133,45,exterior/440_landmark-pluit-land-mark-pluit_20170125083826_91049.jpg,exterior,440_landmark-pluit-land-mark-pluit_20170125083826_91049.jpg,skipped_existing,56470,440_landmark-pluit-land-mark-pluit_20170125083826_91049.jpg,https://cdn-strapi.prod.99iddev.net/assets/440_landmark_pluit_land_mark_pluit_20170125083826_91049_cd31c9e3e4.jpg,Same name already exists in this Strapi folder,440_landmark-pluit-land-mark-pluit_20170125083826_91049.jpg
landmark-pluit-land-mark-pluit,Media Library/Office Venue/landmark-pluit-land-mark-pluit,931,132,133,45,floorplan/440_landmark-pluit-land-mark-pluit_20170310081352_44086.jpg,floorplan,440_landmark-pluit-land-mark-pluit_20170310081352_44086.jpg,skipped_existing,56471,440_landmark-pluit-land-mark-pluit_20170310081352_44086.jpg,https://cdn-strapi.prod.99iddev.net/assets/440_landmark_pluit_land_mark_pluit_20170310081352_44086_e3f24e9f9c.jpg,Same name already exists in this Strapi folder,440_landmark-pluit-land-mark-pluit_20170310081352_44086.jpg
landmark-pluit-land-mark-pluit,Media Library/Office Venue/landmark-pluit-land-mark-pluit,931,132,133,45,floorplan/440_landmark-pluit-land-mark-pluit_20170310081353_50327.jpg,floorplan,440_landmark-pluit-land-mark-pluit_20170310081353_50327.jpg,skipped_existing,56472,440_landmark-pluit-land-mark-pluit_20170310081353_50327.jpg,https://cdn-strapi.prod.99iddev.net/assets/440_landmark_pluit_land_mark_pluit_20170310081353_50327_cbc7ad8864.jpg,Same name already exists in this Strapi folder,440_landmark-pluit-land-mark-pluit_20170310081353_50327.jpg
landmark-pluit-land-mark-pluit,Media Library/Office Venue/landmark-pluit-land-mark-pluit,931,132,133,45,floorplan/440_landmark-pluit-land-mark-pluit_20170310081353_64451.jpg,floorplan,440_landmark-pluit-land-mark-pluit_20170310081353_64451.jpg,skipped_existing,56473,440_landmark-pluit-land-mark-pluit_20170310081353_64451.jpg,https://cdn-strapi.prod.99iddev.net/assets/440_landmark_pluit_land_mark_pluit_20170310081353_64451_714ed0ccd8.jpg,Same name already exists in this Strapi folder,440_landmark-pluit-land-mark-pluit_20170310081353_64451.jpg
landmark-pluit-land-mark-pluit,Media Library/Office Venue/landmark-pluit-land-mark-pluit,931,132,133,45,floorplan/440_landmark-pluit-land-mark-pluit_20170310081354_63519.jpg,floorplan,440_landmark-pluit-land-mark-pluit_20170310081354_63519.jpg,skipped_existing,56474,440_landmark-pluit-land-mark-pluit_20170310081354_63519.jpg,https://cdn-strapi.prod.99iddev.net/assets/440_landmark_pluit_land_mark_pluit_20170310081354_63519_a52b055a41.jpg,Same name already exists in this Strapi folder,440_landmark-pluit-land-mark-pluit_20170310081354_63519.jpg
landmark-pluit-land-mark-pluit,Media Library/Office Venue/landmark-pluit-land-mark-pluit,931,132,133,45,floorplan/440_landmark-pluit-land-mark-pluit_20170505100032_76299.jpg,floorplan,440_landmark-pluit-land-mark-pluit_20170505100032_76299.jpg,skipped_existing,56475,440_landmark-pluit-land-mark-pluit_20170505100032_76299.jpg,https://cdn-strapi.prod.99iddev.net/assets/440_landmark_pluit_land_mark_pluit_20170505100032_76299_ac34696cf1.jpg,Same name already exists in this Strapi folder,440_landmark-pluit-land-mark-pluit_20170505100032_76299.jpg
landmark-pluit-land-mark-pluit,Media Library/Office Venue/landmark-pluit-land-mark-pluit,931,132,133,45,floorplan/440_landmark-pluit-land-mark-pluit_20170505100038_68461.jpg,floorplan,440_landmark-pluit-land-mark-pluit_20170505100038_68461.jpg,skipped_existing,56476,440_landmark-pluit-land-mark-pluit_20170505100038_68461.jpg,https://cdn-strapi.prod.99iddev.net/assets/440_landmark_pluit_land_mark_pluit_20170505100038_68461_bfcc36dbf4.jpg,Same name already exists in this Strapi folder,440_landmark-pluit-land-mark-pluit_20170505100038_68461.jpg
landmark-pluit-land-mark-pluit,Media Library/Office Venue/landmark-pluit-land-mark-pluit,931,132,133,45,floorplan/440_landmark-pluit-land-mark-pluit_20170505100043_74697.jpg,floorplan,440_landmark-pluit-land-mark-pluit_20170505100043_74697.jpg,skipped_existing,56477,440_landmark-pluit-land-mark-pluit_20170505100043_74697.jpg,https://cdn-strapi.prod.99iddev.net/assets/440_landmark_pluit_land_mark_pluit_20170505100043_74697_b6d91d15d7.jpg,Same name already exists in this Strapi folder,440_landmark-pluit-land-mark-pluit_20170505100043_74697.jpg
landmark-pluit-land-mark-pluit,Media Library/Office Venue/landmark-pluit-land-mark-pluit,931,132,133,45,interior/440_landmark-pluit-land-mark-pluit_20180522040050_69704.jpg,interior,440_landmark-pluit-land-mark-pluit_20180522040050_69704.jpg,skipped_existing,56478,440_landmark-pluit-land-mark-pluit_20180522040050_69704.jpg,https://cdn-strapi.prod.99iddev.net/assets/440_landmark_pluit_land_mark_pluit_20180522040050_69704_8188e3aed0.jpg,Same name already exists in this Strapi folder,440_landmark-pluit-land-mark-pluit_20180522040050_69704.jpg
landmark-pluit-land-mark-pluit,Media Library/Office Venue/landmark-pluit-land-mark-pluit,931,132,133,45,interior/440_landmark-pluit-land-mark-pluit_20180522040051_28360.jpg,interior,440_landmark-pluit-land-mark-pluit_20180522040051_28360.jpg,skipped_existing,56479,440_landmark-pluit-land-mark-pluit_20180522040051_28360.jpg,https://cdn-strapi.prod.99iddev.net/assets/440_landmark_pluit_land_mark_pluit_20180522040051_28360_6c9ed8a607.jpg,Same name already exists in this Strapi folder,440_landmark-pluit-land-mark-pluit_20180522040051_28360.jpg
landmark-pluit-land-mark-pluit,Media Library/Office Venue/landmark-pluit-land-mark-pluit,931,132,133,45,interior/440_landmark-pluit-land-mark-pluit_20180522040051_42546.jpg,interior,440_landmark-pluit-land-mark-pluit_20180522040051_42546.jpg,skipped_existing,56480,440_landmark-pluit-land-mark-pluit_20180522040051_42546.jpg,https://cdn-strapi.prod.99iddev.net/assets/440_landmark_pluit_land_mark_pluit_20180522040051_42546_8988a9fe3b.jpg,Same name already exists in this Strapi folder,440_landmark-pluit-land-mark-pluit_20180522040051_42546.jpg
landmark-pluit-land-mark-pluit,Media Library/Office Venue/landmark-pluit-land-mark-pluit,931,132,133,45,interior/440_landmark-pluit-land-mark-pluit_20180522040051_50952.jpg,interior,440_landmark-pluit-land-mark-pluit_20180522040051_50952.jpg,skipped_existing,56481,440_landmark-pluit-land-mark-pluit_20180522040051_50952.jpg,https://cdn-strapi.prod.99iddev.net/assets/440_landmark_pluit_land_mark_pluit_20180522040051_50952_d932909a1d.jpg,Same name already exists in this Strapi folder,440_landmark-pluit-land-mark-pluit_20180522040051_50952.jpg
landmark-pluit-land-mark-pluit,Media Library/Office Venue/landmark-pluit-land-mark-pluit,931,132,133,45,interior/440_landmark-pluit-land-mark-pluit_20180522040052_48126.jpg,interior,440_landmark-pluit-land-mark-pluit_20180522040052_48126.jpg,skipped_existing,56482,440_landmark-pluit-land-mark-pluit_20180522040052_48126.jpg,https://cdn-strapi.prod.99iddev.net/assets/440_landmark_pluit_land_mark_pluit_20180522040052_48126_3ee3c8caf7.jpg,Same name already exists in this Strapi folder,440_landmark-pluit-land-mark-pluit_20180522040052_48126.jpg
landmark-pluit-land-mark-pluit,Media Library/Office Venue/landmark-pluit-land-mark-pluit,931,132,133,45,interior/440_landmark-pluit-land-mark-pluit_20180522040056_51782.jpg,interior,440_landmark-pluit-land-mark-pluit_20180522040056_51782.jpg,skipped_existing,56483,440_landmark-pluit-land-mark-pluit_20180522040056_51782.jpg,https://cdn-strapi.prod.99iddev.net/assets/440_landmark_pluit_land_mark_pluit_20180522040056_51782_7f2ddcc601.jpg,Same name already exists in this Strapi folder,440_landmark-pluit-land-mark-pluit_20180522040056_51782.jpg
landmark-pluit-land-mark-pluit,Media Library/Office Venue/landmark-pluit-land-mark-pluit,931,132,133,45,interior/440_landmark-pluit-land-mark-pluit_20180522040056_55451.jpg,interior,440_landmark-pluit-land-mark-pluit_20180522040056_55451.jpg,skipped_existing,56484,440_landmark-pluit-land-mark-pluit_20180522040056_55451.jpg,https://cdn-strapi.prod.99iddev.net/assets/440_landmark_pluit_land_mark_pluit_20180522040056_55451_1e3e19b453.jpg,Same name already exists in this Strapi folder,440_landmark-pluit-land-mark-pluit_20180522040056_55451.jpg
landmark-pluit-land-mark-pluit,Media Library/Office Venue/landmark-pluit-land-mark-pluit,931,132,133,45,interior/440_landmark-pluit-land-mark-pluit_20180522040056_70137.jpg,interior,440_landmark-pluit-land-mark-pluit_20180522040056_70137.jpg,skipped_existing,56485,440_landmark-pluit-land-mark-pluit_20180522040056_70137.jpg,https://cdn-strapi.prod.99iddev.net/assets/440_landmark_pluit_land_mark_pluit_20180522040056_70137_943c08aed9.jpg,Same name already exists in this Strapi folder,440_landmark-pluit-land-mark-pluit_20180522040056_70137.jpg
landmark-pluit-land-mark-pluit,Media Library/Office Venue/landmark-pluit-land-mark-pluit,931,132,133,45,interior/440_landmark-pluit-land-mark-pluit_20180522040056_73111.jpg,interior,440_landmark-pluit-land-mark-pluit_20180522040056_73111.jpg,skipped_existing,56486,440_landmark-pluit-land-mark-pluit_20180522040056_73111.jpg,https://cdn-strapi.prod.99iddev.net/assets/440_landmark_pluit_land_mark_pluit_20180522040056_73111_cd3e4d0fa1.jpg,Same name already exists in this Strapi folder,440_landmark-pluit-land-mark-pluit_20180522040056_73111.jpg
landmark-pluit-land-mark-pluit,Media Library/Office Venue/landmark-pluit-land-mark-pluit,931,132,133,45,interior/440_landmark-pluit-land-mark-pluit_20180522040058_90838.jpg,interior,440_landmark-pluit-land-mark-pluit_20180522040058_90838.jpg,skipped_existing,56487,440_landmark-pluit-land-mark-pluit_20180522040058_90838.jpg,https://cdn-strapi.prod.99iddev.net/assets/440_landmark_pluit_land_mark_pluit_20180522040058_90838_df876be605.jpg,Same name already exists in this Strapi folder,440_landmark-pluit-land-mark-pluit_20180522040058_90838.jpg
landmark-pluit-land-mark-pluit,Media Library/Office Venue/landmark-pluit-land-mark-pluit,931,132,133,45,interior/440_landmark-pluit-land-mark-pluit_20180522040058_92791.jpg,interior,440_landmark-pluit-land-mark-pluit_20180522040058_92791.jpg,skipped_existing,56488,440_landmark-pluit-land-mark-pluit_20180522040058_92791.jpg,https://cdn-strapi.prod.99iddev.net/assets/440_landmark_pluit_land_mark_pluit_20180522040058_92791_69977d3fea.jpg,Same name already exists in this Strapi folder,440_landmark-pluit-land-mark-pluit_20180522040058_92791.jpg
landmark-pluit-land-mark-pluit,Media Library/Office Venue/landmark-pluit-land-mark-pluit,931,132,133,45,interior/440_landmark-pluit-land-mark-pluit_20180522040059_41699.jpg,interior,440_landmark-pluit-land-mark-pluit_20180522040059_41699.jpg,skipped_existing,56489,440_landmark-pluit-land-mark-pluit_20180522040059_41699.jpg,https://cdn-strapi.prod.99iddev.net/assets/440_landmark_pluit_land_mark_pluit_20180522040059_41699_b2be81680e.jpg,Same name already exists in this Strapi folder,440_landmark-pluit-land-mark-pluit_20180522040059_41699.jpg
landmark-pluit-land-mark-pluit,Media Library/Office Venue/landmark-pluit-land-mark-pluit,931,132,133,45,interior/440_landmark-pluit-land-mark-pluit_20180522040100_10523.jpg,interior,440_landmark-pluit-land-mark-pluit_20180522040100_10523.jpg,skipped_existing,56490,440_landmark-pluit-land-mark-pluit_20180522040100_10523.jpg,https://cdn-strapi.prod.99iddev.net/assets/440_landmark_pluit_land_mark_pluit_20180522040100_10523_ec4a33101e.jpg,Same name already exists in this Strapi folder,440_landmark-pluit-land-mark-pluit_20180522040100_10523.jpg
landmark-pluit-land-mark-pluit,Media Library/Office Venue/landmark-pluit-land-mark-pluit,931,132,133,45,interior/440_landmark-pluit-land-mark-pluit_20180522040102_20259.jpg,interior,440_landmark-pluit-land-mark-pluit_20180522040102_20259.jpg,skipped_existing,56491,440_landmark-pluit-land-mark-pluit_20180522040102_20259.jpg,https://cdn-strapi.prod.99iddev.net/assets/440_landmark_pluit_land_mark_pluit_20180522040102_20259_6bac4696de.jpg,Same name already exists in this Strapi folder,440_landmark-pluit-land-mark-pluit_20180522040102_20259.jpg
landmark-pluit-land-mark-pluit,Media Library/Office Venue/landmark-pluit-land-mark-pluit,931,132,133,45,interior/440_landmark-pluit-land-mark-pluit_20180522040102_41814.jpg,interior,440_landmark-pluit-land-mark-pluit_20180522040102_41814.jpg,skipped_existing,56492,440_landmark-pluit-land-mark-pluit_20180522040102_41814.jpg,https://cdn-strapi.prod.99iddev.net/assets/440_landmark_pluit_land_mark_pluit_20180522040102_41814_12ad49dae4.jpg,Same name already exists in this Strapi folder,440_landmark-pluit-land-mark-pluit_20180522040102_41814.jpg
landmark-pluit-land-mark-pluit,Media Library/Office Venue/landmark-pluit-land-mark-pluit,931,132,133,45,interior/440_landmark-pluit-land-mark-pluit_20180522040102_62597.jpg,interior,440_landmark-pluit-land-mark-pluit_20180522040102_62597.jpg,skipped_existing,56493,440_landmark-pluit-land-mark-pluit_20180522040102_62597.jpg,https://cdn-strapi.prod.99iddev.net/assets/440_landmark_pluit_land_mark_pluit_20180522040102_62597_bad07621c0.jpg,Same name already exists in this Strapi folder,440_landmark-pluit-land-mark-pluit_20180522040102_62597.jpg
landmark-pluit-land-mark-pluit,Media Library/Office Venue/landmark-pluit-land-mark-pluit,931,132,133,45,interior/440_landmark-pluit-land-mark-pluit_20180522040102_84739.jpg,interior,440_landmark-pluit-land-mark-pluit_20180522040102_84739.jpg,skipped_existing,56494,440_landmark-pluit-land-mark-pluit_20180522040102_84739.jpg,https://cdn-strapi.prod.99iddev.net/assets/440_landmark_pluit_land_mark_pluit_20180522040102_84739_f8d26fd7c6.jpg,Same name already exists in this Strapi folder,440_landmark-pluit-land-mark-pluit_20180522040102_84739.jpg
landmark-pluit-land-mark-pluit,Media Library/Office Venue/landmark-pluit-land-mark-pluit,931,132,133,45,interior/440_landmark-pluit-land-mark-pluit_20180522040103_38766.jpg,interior,440_landmark-pluit-land-mark-pluit_20180522040103_38766.jpg,skipped_existing,56495,440_landmark-pluit-land-mark-pluit_20180522040103_38766.jpg,https://cdn-strapi.prod.99iddev.net/assets/440_landmark_pluit_land_mark_pluit_20180522040103_38766_20aba2d328.jpg,Same name already exists in this Strapi folder,440_landmark-pluit-land-mark-pluit_20180522040103_38766.jpg
landmark-pluit-land-mark-pluit,Media Library/Office Venue/landmark-pluit-land-mark-pluit,931,132,133,45,interior/440_landmark-pluit-land-mark-pluit_20180522040104_14332.jpg,interior,440_landmark-pluit-land-mark-pluit_20180522040104_14332.jpg,skipped_existing,56496,440_landmark-pluit-land-mark-pluit_20180522040104_14332.jpg,https://cdn-strapi.prod.99iddev.net/assets/440_landmark_pluit_land_mark_pluit_20180522040104_14332_53edd2501f.jpg,Same name already exists in this Strapi folder,440_landmark-pluit-land-mark-pluit_20180522040104_14332.jpg
landmark-pluit-land-mark-pluit,Media Library/Office Venue/landmark-pluit-land-mark-pluit,931,132,133,45,interior/440_landmark-pluit-land-mark-pluit_20180522040104_55920.jpg,interior,440_landmark-pluit-land-mark-pluit_20180522040104_55920.jpg,skipped_existing,56497,440_landmark-pluit-land-mark-pluit_20180522040104_55920.jpg,https://cdn-strapi.prod.99iddev.net/assets/440_landmark_pluit_land_mark_pluit_20180522040104_55920_fe908819da.jpg,Same name already exists in this Strapi folder,440_landmark-pluit-land-mark-pluit_20180522040104_55920.jpg
mangkuluhur-tower,Media Library/Office Venue/mangkuluhur-tower,1006,32,32,16,exterior/337_mangkuluhur-tower-mangkuluhur-tower_20160914044138_96169.jpg,exterior,337_mangkuluhur-tower-mangkuluhur-tower_20160914044138_96169.jpg,skipped_existing,56517,337_mangkuluhur-tower-mangkuluhur-tower_20160914044138_96169.jpg,https://cdn-strapi.prod.99iddev.net/assets/337_mangkuluhur_tower_mangkuluhur_tower_20160914044138_96169_70bae66ac2.jpg,Same name already exists in this Strapi folder,337_mangkuluhur-tower-mangkuluhur-tower_20160914044138_96169.jpg
mangkuluhur-tower,Media Library/Office Venue/mangkuluhur-tower,1006,32,32,16,exterior/337_mangkuluhur-tower-mangkuluhur-tower_20160914044139_15308.jpg,exterior,337_mangkuluhur-tower-mangkuluhur-tower_20160914044139_15308.jpg,skipped_existing,56518,337_mangkuluhur-tower-mangkuluhur-tower_20160914044139_15308.jpg,https://cdn-strapi.prod.99iddev.net/assets/337_mangkuluhur_tower_mangkuluhur_tower_20160914044139_15308_5af3f48839.jpg,Same name already exists in this Strapi folder,337_mangkuluhur-tower-mangkuluhur-tower_20160914044139_15308.jpg
mangkuluhur-tower,Media Library/Office Venue/mangkuluhur-tower,1006,32,32,16,exterior/337_mangkuluhur-tower-mangkuluhur-tower_20180416031756_67015.jpg,exterior,337_mangkuluhur-tower-mangkuluhur-tower_20180416031756_67015.jpg,skipped_existing,56519,337_mangkuluhur-tower-mangkuluhur-tower_20180416031756_67015.jpg,https://cdn-strapi.prod.99iddev.net/assets/337_mangkuluhur_tower_mangkuluhur_tower_20180416031756_67015_fa3cc7329f.jpg,Same name already exists in this Strapi folder,337_mangkuluhur-tower-mangkuluhur-tower_20180416031756_67015.jpg
mangkuluhur-tower,Media Library/Office Venue/mangkuluhur-tower,1006,32,32,16,exterior/337_mangkuluhur-tower-mangkuluhur-tower_20180416031756_87261.jpg,exterior,337_mangkuluhur-tower-mangkuluhur-tower_20180416031756_87261.jpg,skipped_existing,56520,337_mangkuluhur-tower-mangkuluhur-tower_20180416031756_87261.jpg,https://cdn-strapi.prod.99iddev.net/assets/337_mangkuluhur_tower_mangkuluhur_tower_20180416031756_87261_d330cc4d99.jpg,Same name already exists in this Strapi folder,337_mangkuluhur-tower-mangkuluhur-tower_20180416031756_87261.jpg
mangkuluhur-tower,Media Library/Office Venue/mangkuluhur-tower,1006,32,32,16,exterior/337_mangkuluhur-tower-mangkuluhur-tower_20180416031757_42697.jpg,exterior,337_mangkuluhur-tower-mangkuluhur-tower_20180416031757_42697.jpg,skipped_existing,56521,337_mangkuluhur-tower-mangkuluhur-tower_20180416031757_42697.jpg,https://cdn-strapi.prod.99iddev.net/assets/337_mangkuluhur_tower_mangkuluhur_tower_20180416031757_42697_200f21a66c.jpg,Same name already exists in this Strapi folder,337_mangkuluhur-tower-mangkuluhur-tower_20180416031757_42697.jpg
mangkuluhur-tower,Media Library/Office Venue/mangkuluhur-tower,1006,32,32,16,exterior/337_mangkuluhur-tower-mangkuluhur-tower_20180416031757_70057.jpg,exterior,337_mangkuluhur-tower-mangkuluhur-tower_20180416031757_70057.jpg,skipped_existing,56522,337_mangkuluhur-tower-mangkuluhur-tower_20180416031757_70057.jpg,https://cdn-strapi.prod.99iddev.net/assets/337_mangkuluhur_tower_mangkuluhur_tower_20180416031757_70057_b9d54afd4b.jpg,Same name already exists in this Strapi folder,337_mangkuluhur-tower-mangkuluhur-tower_20180416031757_70057.jpg
mangkuluhur-tower,Media Library/Office Venue/mangkuluhur-tower,1006,32,32,16,exterior/337_mangkuluhur-tower-mangkuluhur-tower_20180416031758_18885.jpg,exterior,337_mangkuluhur-tower-mangkuluhur-tower_20180416031758_18885.jpg,skipped_existing,56523,337_mangkuluhur-tower-mangkuluhur-tower_20180416031758_18885.jpg,https://cdn-strapi.prod.99iddev.net/assets/337_mangkuluhur_tower_mangkuluhur_tower_20180416031758_18885_2feb611634.jpg,Same name already exists in this Strapi folder,337_mangkuluhur-tower-mangkuluhur-tower_20180416031758_18885.jpg
mangkuluhur-tower,Media Library/Office Venue/mangkuluhur-tower,1006,32,32,16,exterior/337_mangkuluhur-tower-mangkuluhur-tower_20180416031758_42371.jpg,exterior,337_mangkuluhur-tower-mangkuluhur-tower_20180416031758_42371.jpg,skipped_existing,56524,337_mangkuluhur-tower-mangkuluhur-tower_20180416031758_42371.jpg,https://cdn-strapi.prod.99iddev.net/assets/337_mangkuluhur_tower_mangkuluhur_tower_20180416031758_42371_e8ffcf3d74.jpg,Same name already exists in this Strapi folder,337_mangkuluhur-tower-mangkuluhur-tower_20180416031758_42371.jpg
mangkuluhur-tower,Media Library/Office Venue/mangkuluhur-tower,1006,32,32,16,exterior/337_mangkuluhur-tower-mangkuluhur-tower_20180416031759_24542.jpg,exterior,337_mangkuluhur-tower-mangkuluhur-tower_20180416031759_24542.jpg,skipped_existing,56525,337_mangkuluhur-tower-mangkuluhur-tower_20180416031759_24542.jpg,https://cdn-strapi.prod.99iddev.net/assets/337_mangkuluhur_tower_mangkuluhur_tower_20180416031759_24542_e6a5319afb.jpg,Same name already exists in this Strapi folder,337_mangkuluhur-tower-mangkuluhur-tower_20180416031759_24542.jpg
mangkuluhur-tower,Media Library/Office Venue/mangkuluhur-tower,1006,32,32,16,exterior/337_mangkuluhur-tower-mangkuluhur-tower_20180416031759_71627.jpg,exterior,337_mangkuluhur-tower-mangkuluhur-tower_20180416031759_71627.jpg,skipped_existing,56526,337_mangkuluhur-tower-mangkuluhur-tower_20180416031759_71627.jpg,https://cdn-strapi.prod.99iddev.net/assets/337_mangkuluhur_tower_mangkuluhur_tower_20180416031759_71627_b0419448e0.jpg,Same name already exists in this Strapi folder,337_mangkuluhur-tower-mangkuluhur-tower_20180416031759_71627.jpg
mangkuluhur-tower,Media Library/Office Venue/mangkuluhur-tower,1006,32,32,16,exterior/337_mangkuluhur-tower-mangkuluhur-tower_20180416031800_47330.jpg,exterior,337_mangkuluhur-tower-mangkuluhur-tower_20180416031800_47330.jpg,skipped_existing,56527,337_mangkuluhur-tower-mangkuluhur-tower_20180416031800_47330.jpg,https://cdn-strapi.prod.99iddev.net/assets/337_mangkuluhur_tower_mangkuluhur_tower_20180416031800_47330_49c380c8e4.jpg,Same name already exists in this Strapi folder,337_mangkuluhur-tower-mangkuluhur-tower_20180416031800_47330.jpg
mangkuluhur-tower,Media Library/Office Venue/mangkuluhur-tower,1006,32,32,16,exterior/337_mangkuluhur-tower-mangkuluhur-tower_20180416031800_63406.jpg,exterior,337_mangkuluhur-tower-mangkuluhur-tower_20180416031800_63406.jpg,skipped_existing,56528,337_mangkuluhur-tower-mangkuluhur-tower_20180416031800_63406.jpg,https://cdn-strapi.prod.99iddev.net/assets/337_mangkuluhur_tower_mangkuluhur_tower_20180416031800_63406_63f2597e4f.jpg,Same name already exists in this Strapi folder,337_mangkuluhur-tower-mangkuluhur-tower_20180416031800_63406.jpg
mangkuluhur-tower,Media Library/Office Venue/mangkuluhur-tower,1006,32,32,16,exterior/337_mangkuluhur-tower-mangkuluhur-tower_20180416031801_17654.jpg,exterior,337_mangkuluhur-tower-mangkuluhur-tower_20180416031801_17654.jpg,skipped_existing,56529,337_mangkuluhur-tower-mangkuluhur-tower_20180416031801_17654.jpg,https://cdn-strapi.prod.99iddev.net/assets/337_mangkuluhur_tower_mangkuluhur_tower_20180416031801_17654_f432ff35d7.jpg,Same name already exists in this Strapi folder,337_mangkuluhur-tower-mangkuluhur-tower_20180416031801_17654.jpg
mangkuluhur-tower,Media Library/Office Venue/mangkuluhur-tower,1006,32,32,16,floorplan/337_mangkuluhur-tower-mangkuluhur-tower_20170222074057_29483.jpg,floorplan,337_mangkuluhur-tower-mangkuluhur-tower_20170222074057_29483.jpg,skipped_existing,56530,337_mangkuluhur-tower-mangkuluhur-tower_20170222074057_29483.jpg,https://cdn-strapi.prod.99iddev.net/assets/337_mangkuluhur_tower_mangkuluhur_tower_20170222074057_29483_9f58b1a98e.jpg,Same name already exists in this Strapi folder,337_mangkuluhur-tower-mangkuluhur-tower_20170222074057_29483.jpg
mangkuluhur-tower,Media Library/Office Venue/mangkuluhur-tower,1006,32,32,16,floorplan/337_mangkuluhur-tower-mangkuluhur-tower_20170222074058_56900.jpg,floorplan,337_mangkuluhur-tower-mangkuluhur-tower_20170222074058_56900.jpg,skipped_existing,56531,337_mangkuluhur-tower-mangkuluhur-tower_20170222074058_56900.jpg,https://cdn-strapi.prod.99iddev.net/assets/337_mangkuluhur_tower_mangkuluhur_tower_20170222074058_56900_586d46c775.jpg,Same name already exists in this Strapi folder,337_mangkuluhur-tower-mangkuluhur-tower_20170222074058_56900.jpg
mangkuluhur-tower,Media Library/Office Venue/mangkuluhur-tower,1006,32,32,16,floorplan/337_mangkuluhur-tower-mangkuluhur-tower_20170222074058_75670.jpg,floorplan,337_mangkuluhur-tower-mangkuluhur-tower_20170222074058_75670.jpg,skipped_existing,56532,337_mangkuluhur-tower-mangkuluhur-tower_20170222074058_75670.jpg,https://cdn-strapi.prod.99iddev.net/assets/337_mangkuluhur_tower_mangkuluhur_tower_20170222074058_75670_54916d4168.jpg,Same name already exists in this Strapi folder,337_mangkuluhur-tower-mangkuluhur-tower_20170222074058_75670.jpg
menara-dea-i,Media Library/Office Venue/menara-dea-i,1008,12,12,6,exterior/70_menara-dea-menara-dea-i_20160914065147_90128.jpg,exterior,70_menara-dea-menara-dea-i_20160914065147_90128.jpg,skipped_existing,56603,70_menara-dea-menara-dea-i_20160914065147_90128.jpg,https://cdn-strapi.prod.99iddev.net/assets/70_menara_dea_menara_dea_i_20160914065147_90128_2d6f3e44eb.jpg,Same name already exists in this Strapi folder,70_menara-dea-menara-dea-i_20160914065147_90128.jpg
menara-dea-i,Media Library/Office Venue/menara-dea-i,1008,12,12,6,exterior/70_menara-dea-menara-dea-i_20160914065148_24673.jpg,exterior,70_menara-dea-menara-dea-i_20160914065148_24673.jpg,skipped_existing,56604,70_menara-dea-menara-dea-i_20160914065148_24673.jpg,https://cdn-strapi.prod.99iddev.net/assets/70_menara_dea_menara_dea_i_20160914065148_24673_ee6ca86489.jpg,Same name already exists in this Strapi folder,70_menara-dea-menara-dea-i_20160914065148_24673.jpg
menara-dea-i,Media Library/Office Venue/menara-dea-i,1008,12,12,6,exterior/70_menara-dea-menara-dea-i_20160914065148_30477.jpg,exterior,70_menara-dea-menara-dea-i_20160914065148_30477.jpg,skipped_existing,56605,70_menara-dea-menara-dea-i_20160914065148_30477.jpg,https://cdn-strapi.prod.99iddev.net/assets/70_menara_dea_menara_dea_i_20160914065148_30477_4667cec7e0.jpg,Same name already exists in this Strapi folder,70_menara-dea-menara-dea-i_20160914065148_30477.jpg
menara-dea-i,Media Library/Office Venue/menara-dea-i,1008,12,12,6,exterior/70_menara-dea-menara-dea-i_20160914065149_94668.jpg,exterior,70_menara-dea-menara-dea-i_20160914065149_94668.jpg,skipped_existing,56606,70_menara-dea-menara-dea-i_20160914065149_94668.jpg,https://cdn-strapi.prod.99iddev.net/assets/70_menara_dea_menara_dea_i_20160914065149_94668_ef3929e9d3.jpg,Same name already exists in this Strapi folder,70_menara-dea-menara-dea-i_20160914065149_94668.jpg
menara-dea-i,Media Library/Office Venue/menara-dea-i,1008,12,12,6,exterior/70_menara-dea-menara-dea-i_20160914065150_46951.jpg,exterior,70_menara-dea-menara-dea-i_20160914065150_46951.jpg,skipped_existing,56607,70_menara-dea-menara-dea-i_20160914065150_46951.jpg,https://cdn-strapi.prod.99iddev.net/assets/70_menara_dea_menara_dea_i_20160914065150_46951_8dcd1d9a2e.jpg,Same name already exists in this Strapi folder,70_menara-dea-menara-dea-i_20160914065150_46951.jpg
menara-dea-i,Media Library/Office Venue/menara-dea-i,1008,12,12,6,exterior/70_menara-dea-menara-dea-i_20160914065150_70880.jpg,exterior,70_menara-dea-menara-dea-i_20160914065150_70880.jpg,skipped_existing,56608,70_menara-dea-menara-dea-i_20160914065150_70880.jpg,https://cdn-strapi.prod.99iddev.net/assets/70_menara_dea_menara_dea_i_20160914065150_70880_e669240261.jpg,Same name already exists in this Strapi folder,70_menara-dea-menara-dea-i_20160914065150_70880.jpg
menara-merdeka,Media Library/Office Venue/menara-merdeka,514,18,18,3,exterior/181_menara-merdeka-menara-merdeka_20160914044251_45000.jpg,exterior,181_menara-merdeka-menara-merdeka_20160914044251_45000.jpg,skipped_existing,57735,181_menara-merdeka-menara-merdeka_20160914044251_45000.jpg,https://cdn-strapi.prod.99iddev.net/assets/181_menara_merdeka_menara_merdeka_20160914044251_45000_d50d1cc559.jpg,Same name already exists in this Strapi folder,181_menara-merdeka-menara-merdeka_20160914044251_45000.jpg
menara-merdeka,Media Library/Office Venue/menara-merdeka,514,18,18,3,exterior/181_menara-merdeka-menara-merdeka_20160914044252_39409.jpg,exterior,181_menara-merdeka-menara-merdeka_20160914044252_39409.jpg,skipped_existing,57736,181_menara-merdeka-menara-merdeka_20160914044252_39409.jpg,https://cdn-strapi.prod.99iddev.net/assets/181_menara_merdeka_menara_merdeka_20160914044252_39409_74802a2bdd.jpg,Same name already exists in this Strapi folder,181_menara-merdeka-menara-merdeka_20160914044252_39409.jpg
menara-merdeka,Media Library/Office Venue/menara-merdeka,514,18,18,3,exterior/181_menara-merdeka-menara-merdeka_20160914044252_73029.jpg,exterior,181_menara-merdeka-menara-merdeka_20160914044252_73029.jpg,skipped_existing,57737,181_menara-merdeka-menara-merdeka_20160914044252_73029.jpg,https://cdn-strapi.prod.99iddev.net/assets/181_menara_merdeka_menara_merdeka_20160914044252_73029_b816ea5c76.jpg,Same name already exists in this Strapi folder,181_menara-merdeka-menara-merdeka_20160914044252_73029.jpg
mugi-griya,Media Library/Office Venue/mugi-griya,560,9,9,2,exterior/406_mugi-griya-mugi-griya_20160914044325_29314.JPG,exterior,406_mugi-griya-mugi-griya_20160914044325_29314.JPG,skipped_existing,57772,406_mugi-griya-mugi-griya_20160914044325_29314.JPG,https://cdn-strapi.prod.99iddev.net/assets/406_mugi_griya_mugi_griya_20160914044325_29314_2e8c34f57c.JPG,Same name already exists in this Strapi folder,406_mugi-griya-mugi-griya_20160914044325_29314.JPG
mugi-griya,Media Library/Office Venue/mugi-griya,560,9,9,2,exterior/406_mugi-griya-mugi-griya_20160914044326_99225.jpg,exterior,406_mugi-griya-mugi-griya_20160914044326_99225.jpg,skipped_existing,57773,406_mugi-griya-mugi-griya_20160914044326_99225.jpg,https://cdn-strapi.prod.99iddev.net/assets/406_mugi_griya_mugi_griya_20160914044326_99225_a49827ed32.jpg,Same name already exists in this Strapi folder,406_mugi-griya-mugi-griya_20160914044326_99225.jpg
office-one,Media Library/Office Venue/office-one,904,12,12,6,exterior/493_office-one-office-one_20170330025930_11098.jpg,exterior,493_office-one-office-one_20170330025930_11098.jpg,skipped_existing,56747,493_office-one-office-one_20170330025930_11098.jpg,https://cdn-strapi.prod.99iddev.net/assets/493_office_one_office_one_20170330025930_11098_089a12db24.jpg,Same name already exists in this Strapi folder,493_office-one-office-one_20170330025930_11098.jpg
office-one,Media Library/Office Venue/office-one,904,12,12,6,exterior/493_office-one-office-one_20170330025931_52422.jpg,exterior,493_office-one-office-one_20170330025931_52422.jpg,skipped_existing,56748,493_office-one-office-one_20170330025931_52422.jpg,https://cdn-strapi.prod.99iddev.net/assets/493_office_one_office_one_20170330025931_52422_5796fa4f04.jpg,Same name already exists in this Strapi folder,493_office-one-office-one_20170330025931_52422.jpg
office-one,Media Library/Office Venue/office-one,904,12,12,6,exterior/493_office-one-office-one_20170330025932_78699.jpg,exterior,493_office-one-office-one_20170330025932_78699.jpg,skipped_existing,56749,493_office-one-office-one_20170330025932_78699.jpg,https://cdn-strapi.prod.99iddev.net/assets/493_office_one_office_one_20170330025932_78699_c4916d8ef4.jpg,Same name already exists in this Strapi folder,493_office-one-office-one_20170330025932_78699.jpg
office-one,Media Library/Office Venue/office-one,904,12,12,6,exterior/493_office-one-office-one_20180926064559_75187.jpg,exterior,493_office-one-office-one_20180926064559_75187.jpg,skipped_existing,56750,493_office-one-office-one_20180926064559_75187.jpg,https://cdn-strapi.prod.99iddev.net/assets/493_office_one_office_one_20180926064559_75187_d099535136.jpg,Same name already exists in this Strapi folder,493_office-one-office-one_20180926064559_75187.jpg
office-one,Media Library/Office Venue/office-one,904,12,12,6,exterior/493_office-one-office-one_20180926064600_51129.jpg,exterior,493_office-one-office-one_20180926064600_51129.jpg,skipped_existing,56751,493_office-one-office-one_20180926064600_51129.jpg,https://cdn-strapi.prod.99iddev.net/assets/493_office_one_office_one_20180926064600_51129_e0188b3d9d.jpg,Same name already exists in this Strapi folder,493_office-one-office-one_20180926064600_51129.jpg
office-one,Media Library/Office Venue/office-one,904,12,12,6,floorplan/493_office-one-office-one_20170313031642_23767.jpg,floorplan,493_office-one-office-one_20170313031642_23767.jpg,skipped_existing,56752,493_office-one-office-one_20170313031642_23767.jpg,https://cdn-strapi.prod.99iddev.net/assets/493_office_one_office_one_20170313031642_23767_b44b2d27b1.jpg,Same name already exists in this Strapi folder,493_office-one-office-one_20170313031642_23767.jpg
pakuwon-tower,Media Library/Office Venue/pakuwon-tower,583,12,12,1,exterior/527_kota-kasablanka-pakuwon-tower_20201111200345_93134.jpg,exterior,527_kota-kasablanka-pakuwon-tower_20201111200345_93134.jpg,skipped_existing,57800,527_kota-kasablanka-pakuwon-tower_20201111200345_93134.jpg,https://cdn-strapi.prod.99iddev.net/assets/527_kota_kasablanka_pakuwon_tower_20201111200345_93134_a4fea05f0d.jpg,Same name already exists in this Strapi folder,527_kota-kasablanka-pakuwon-tower_20201111200345_93134.jpg
park-tower,Media Library/Office Venue/park-tower,593,11,11,1,exterior/593_park-tower-ex-mnc-land-park-tower_20201111201404_68038.jpg,exterior,593_park-tower-ex-mnc-land-park-tower_20201111201404_68038.jpg,skipped_existing,57810,593_park-tower-ex-mnc-land-park-tower_20201111201404_68038.jpg,https://cdn-strapi.prod.99iddev.net/assets/593_park_tower_ex_mnc_land_park_tower_20201111201404_68038_3eae99e9fe.jpg,Same name already exists in this Strapi folder,593_park-tower-ex-mnc-land-park-tower_20201111201404_68038.jpg
plaza-bapindo-citibank-tower,Media Library/Office Venue/plaza-bapindo-citibank-tower,907,4,4,2,exterior/115_plaza-bapindo-citibank-tower_20160914044453_57168.jpg,exterior,115_plaza-bapindo-citibank-tower_20160914044453_57168.jpg,skipped_existing,56834,115_plaza-bapindo-citibank-tower_20160914044453_57168.jpg,https://cdn-strapi.prod.99iddev.net/assets/115_plaza_bapindo_citibank_tower_20160914044453_57168_cbfa6e00e6.jpg,Same name already exists in this Strapi folder,115_plaza-bapindo-citibank-tower_20160914044453_57168.jpg
plaza-bapindo-citibank-tower,Media Library/Office Venue/plaza-bapindo-citibank-tower,907,4,4,2,exterior/115_plaza-bapindo-citibank-tower_20160914044453_83519.jpg,exterior,115_plaza-bapindo-citibank-tower_20160914044453_83519.jpg,skipped_existing,56835,115_plaza-bapindo-citibank-tower_20160914044453_83519.jpg,https://cdn-strapi.prod.99iddev.net/assets/115_plaza_bapindo_citibank_tower_20160914044453_83519_778a5702ae.jpg,Same name already exists in this Strapi folder,115_plaza-bapindo-citibank-tower_20160914044453_83519.jpg
plaza-bapindo-mandiri-tower,Media Library/Office Venue/plaza-bapindo-mandiri-tower,908,18,18,9,exterior/116_plaza-bapindo-mandiri-tower_20160914044453_48034.jpg,exterior,116_plaza-bapindo-mandiri-tower_20160914044453_48034.jpg,skipped_existing,56836,116_plaza-bapindo-mandiri-tower_20160914044453_48034.jpg,https://cdn-strapi.prod.99iddev.net/assets/116_plaza_bapindo_mandiri_tower_20160914044453_48034_2cd3cd2f83.jpg,Same name already exists in this Strapi folder,116_plaza-bapindo-mandiri-tower_20160914044453_48034.jpg
plaza-bapindo-mandiri-tower,Media Library/Office Venue/plaza-bapindo-mandiri-tower,908,18,18,9,exterior/116_plaza-bapindo-mandiri-tower_20160914044454_53370.jpg,exterior,116_plaza-bapindo-mandiri-tower_20160914044454_53370.jpg,skipped_existing,56837,116_plaza-bapindo-mandiri-tower_20160914044454_53370.jpg,https://cdn-strapi.prod.99iddev.net/assets/116_plaza_bapindo_mandiri_tower_20160914044454_53370_a21bbab33c.jpg,Same name already exists in this Strapi folder,116_plaza-bapindo-mandiri-tower_20160914044454_53370.jpg
plaza-bapindo-mandiri-tower,Media Library/Office Venue/plaza-bapindo-mandiri-tower,908,18,18,9,exterior/116_plaza-bapindo-mandiri-tower_20160914044454_60950.jpg,exterior,116_plaza-bapindo-mandiri-tower_20160914044454_60950.jpg,skipped_existing,56838,116_plaza-bapindo-mandiri-tower_20160914044454_60950.jpg,https://cdn-strapi.prod.99iddev.net/assets/116_plaza_bapindo_mandiri_tower_20160914044454_60950_7607dd82de.jpg,Same name already exists in this Strapi folder,116_plaza-bapindo-mandiri-tower_20160914044454_60950.jpg
plaza-bapindo-mandiri-tower,Media Library/Office Venue/plaza-bapindo-mandiri-tower,908,18,18,9,interior/116_plaza-bapindo-mandiri-tower_20170705100745_60910.jpg,interior,116_plaza-bapindo-mandiri-tower_20170705100745_60910.jpg,skipped_existing,56839,116_plaza-bapindo-mandiri-tower_20170705100745_60910.jpg,https://cdn-strapi.prod.99iddev.net/assets/116_plaza_bapindo_mandiri_tower_20170705100745_60910_07d0bb506f.jpg,Same name already exists in this Strapi folder,116_plaza-bapindo-mandiri-tower_20170705100745_60910.jpg
plaza-bapindo-mandiri-tower,Media Library/Office Venue/plaza-bapindo-mandiri-tower,908,18,18,9,interior/116_plaza-bapindo-mandiri-tower_20170705100751_58199.jpg,interior,116_plaza-bapindo-mandiri-tower_20170705100751_58199.jpg,skipped_existing,56840,116_plaza-bapindo-mandiri-tower_20170705100751_58199.jpg,https://cdn-strapi.prod.99iddev.net/assets/116_plaza_bapindo_mandiri_tower_20170705100751_58199_08f73021ae.jpg,Same name already exists in this Strapi folder,116_plaza-bapindo-mandiri-tower_20170705100751_58199.jpg
plaza-bapindo-mandiri-tower,Media Library/Office Venue/plaza-bapindo-mandiri-tower,908,18,18,9,interior/116_plaza-bapindo-mandiri-tower_20170705100758_75657.jpg,interior,116_plaza-bapindo-mandiri-tower_20170705100758_75657.jpg,skipped_existing,56841,116_plaza-bapindo-mandiri-tower_20170705100758_75657.jpg,https://cdn-strapi.prod.99iddev.net/assets/116_plaza_bapindo_mandiri_tower_20170705100758_75657_974e3eac2a.jpg,Same name already exists in this Strapi folder,116_plaza-bapindo-mandiri-tower_20170705100758_75657.jpg
plaza-bapindo-mandiri-tower,Media Library/Office Venue/plaza-bapindo-mandiri-tower,908,18,18,9,interior/116_plaza-bapindo-mandiri-tower_20170705100803_33461.jpg,interior,116_plaza-bapindo-mandiri-tower_20170705100803_33461.jpg,skipped_existing,56842,116_plaza-bapindo-mandiri-tower_20170705100803_33461.jpg,https://cdn-strapi.prod.99iddev.net/assets/116_plaza_bapindo_mandiri_tower_20170705100803_33461_9f8b9a31c8.jpg,Same name already exists in this Strapi folder,116_plaza-bapindo-mandiri-tower_20170705100803_33461.jpg
plaza-bapindo-mandiri-tower,Media Library/Office Venue/plaza-bapindo-mandiri-tower,908,18,18,9,interior/116_plaza-bapindo-mandiri-tower_20170705100808_78569.jpg,interior,116_plaza-bapindo-mandiri-tower_20170705100808_78569.jpg,skipped_existing,56843,116_plaza-bapindo-mandiri-tower_20170705100808_78569.jpg,https://cdn-strapi.prod.99iddev.net/assets/116_plaza_bapindo_mandiri_tower_20170705100808_78569_32a193ebbc.jpg,Same name already exists in this Strapi folder,116_plaza-bapindo-mandiri-tower_20170705100808_78569.jpg
plaza-bapindo-mandiri-tower,Media Library/Office Venue/plaza-bapindo-mandiri-tower,908,18,18,9,interior/116_plaza-bapindo-mandiri-tower_20170705100817_96299.jpg,interior,116_plaza-bapindo-mandiri-tower_20170705100817_96299.jpg,skipped_existing,56844,116_plaza-bapindo-mandiri-tower_20170705100817_96299.jpg,https://cdn-strapi.prod.99iddev.net/assets/116_plaza_bapindo_mandiri_tower_20170705100817_96299_59fefc07c8.jpg,Same name already exists in this Strapi folder,116_plaza-bapindo-mandiri-tower_20170705100817_96299.jpg
podomoro-city,Media Library/Office Venue/podomoro-city,940,40,40,20,exterior/495_podomoro-city-soho-podomoro-city_20170418050336_42535.jpg,exterior,495_podomoro-city-soho-podomoro-city_20170418050336_42535.jpg,skipped_existing,56940,495_podomoro-city-soho-podomoro-city_20170418050336_42535.jpg,https://cdn-strapi.prod.99iddev.net/assets/495_podomoro_city_soho_podomoro_city_20170418050336_42535_d5de675098.jpg,Same name already exists in this Strapi folder,495_podomoro-city-soho-podomoro-city_20170418050336_42535.jpg
podomoro-city,Media Library/Office Venue/podomoro-city,940,40,40,20,exterior/495_podomoro-city-soho-podomoro-city_20170418050359_68887.jpg,exterior,495_podomoro-city-soho-podomoro-city_20170418050359_68887.jpg,skipped_existing,56941,495_podomoro-city-soho-podomoro-city_20170418050359_68887.jpg,https://cdn-strapi.prod.99iddev.net/assets/495_podomoro_city_soho_podomoro_city_20170418050359_68887_1763e104ed.jpg,Same name already exists in this Strapi folder,495_podomoro-city-soho-podomoro-city_20170418050359_68887.jpg
podomoro-city,Media Library/Office Venue/podomoro-city,940,40,40,20,floorplan/495_podomoro-city-soho-podomoro-city_20170331111328_79848.jpg,floorplan,495_podomoro-city-soho-podomoro-city_20170331111328_79848.jpg,skipped_existing,56942,495_podomoro-city-soho-podomoro-city_20170331111328_79848.jpg,https://cdn-strapi.prod.99iddev.net/assets/495_podomoro_city_soho_podomoro_city_20170331111328_79848_0b8cf991f9.jpg,Same name already exists in this Strapi folder,495_podomoro-city-soho-podomoro-city_20170331111328_79848.jpg
podomoro-city,Media Library/Office Venue/podomoro-city,940,40,40,20,floorplan/495_podomoro-city-soho-podomoro-city_20170331111329_26815.jpg,floorplan,495_podomoro-city-soho-podomoro-city_20170331111329_26815.jpg,skipped_existing,56943,495_podomoro-city-soho-podomoro-city_20170331111329_26815.jpg,https://cdn-strapi.prod.99iddev.net/assets/495_podomoro_city_soho_podomoro_city_20170331111329_26815_af58d77382.jpg,Same name already exists in this Strapi folder,495_podomoro-city-soho-podomoro-city_20170331111329_26815.jpg
podomoro-city,Media Library/Office Venue/podomoro-city,940,40,40,20,interior/495_podomoro-city-soho-podomoro-city_20171027085923_52759.jpg,interior,495_podomoro-city-soho-podomoro-city_20171027085923_52759.jpg,skipped_existing,56944,495_podomoro-city-soho-podomoro-city_20171027085923_52759.jpg,https://cdn-strapi.prod.99iddev.net/assets/495_podomoro_city_soho_podomoro_city_20171027085923_52759_2ccd7c1998.jpg,Same name already exists in this Strapi folder,495_podomoro-city-soho-podomoro-city_20171027085923_52759.jpg
podomoro-city,Media Library/Office Venue/podomoro-city,940,40,40,20,interior/495_podomoro-city-soho-podomoro-city_20171027085925_97839.jpg,interior,495_podomoro-city-soho-podomoro-city_20171027085925_97839.jpg,skipped_existing,56945,495_podomoro-city-soho-podomoro-city_20171027085925_97839.jpg,https://cdn-strapi.prod.99iddev.net/assets/495_podomoro_city_soho_podomoro_city_20171027085925_97839_4ac7ff1b54.jpg,Same name already exists in this Strapi folder,495_podomoro-city-soho-podomoro-city_20171027085925_97839.jpg
podomoro-city,Media Library/Office Venue/podomoro-city,940,40,40,20,interior/495_podomoro-city-soho-podomoro-city_20171027085927_11638.jpg,interior,495_podomoro-city-soho-podomoro-city_20171027085927_11638.jpg,skipped_existing,56946,495_podomoro-city-soho-podomoro-city_20171027085927_11638.jpg,https://cdn-strapi.prod.99iddev.net/assets/495_podomoro_city_soho_podomoro_city_20171027085927_11638_8a0635c8fc.jpg,Same name already exists in this Strapi folder,495_podomoro-city-soho-podomoro-city_20171027085927_11638.jpg
podomoro-city,Media Library/Office Venue/podomoro-city,940,40,40,20,interior/495_podomoro-city-soho-podomoro-city_20171027085929_67955.jpg,interior,495_podomoro-city-soho-podomoro-city_20171027085929_67955.jpg,skipped_existing,56947,495_podomoro-city-soho-podomoro-city_20171027085929_67955.jpg,https://cdn-strapi.prod.99iddev.net/assets/495_podomoro_city_soho_podomoro_city_20171027085929_67955_af3b9fce75.jpg,Same name already exists in this Strapi folder,495_podomoro-city-soho-podomoro-city_20171027085929_67955.jpg
podomoro-city,Media Library/Office Venue/podomoro-city,940,40,40,20,interior/495_podomoro-city-soho-podomoro-city_20171027085931_96077.jpg,interior,495_podomoro-city-soho-podomoro-city_20171027085931_96077.jpg,skipped_existing,56948,495_podomoro-city-soho-podomoro-city_20171027085931_96077.jpg,https://cdn-strapi.prod.99iddev.net/assets/495_podomoro_city_soho_podomoro_city_20171027085931_96077_3c9f23fa2b.jpg,Same name already exists in this Strapi folder,495_podomoro-city-soho-podomoro-city_20171027085931_96077.jpg
podomoro-city,Media Library/Office Venue/podomoro-city,940,40,40,20,interior/495_podomoro-city-soho-podomoro-city_20171027085933_22658.jpg,interior,495_podomoro-city-soho-podomoro-city_20171027085933_22658.jpg,skipped_existing,56949,495_podomoro-city-soho-podomoro-city_20171027085933_22658.jpg,https://cdn-strapi.prod.99iddev.net/assets/495_podomoro_city_soho_podomoro_city_20171027085933_22658_f6b01d0dd0.jpg,Same name already exists in this Strapi folder,495_podomoro-city-soho-podomoro-city_20171027085933_22658.jpg
podomoro-city,Media Library/Office Venue/podomoro-city,940,40,40,20,interior/495_podomoro-city-soho-podomoro-city_20171027085935_13762.jpg,interior,495_podomoro-city-soho-podomoro-city_20171027085935_13762.jpg,skipped_existing,56950,495_podomoro-city-soho-podomoro-city_20171027085935_13762.jpg,https://cdn-strapi.prod.99iddev.net/assets/495_podomoro_city_soho_podomoro_city_20171027085935_13762_2735bb14fd.jpg,Same name already exists in this Strapi folder,495_podomoro-city-soho-podomoro-city_20171027085935_13762.jpg
podomoro-city,Media Library/Office Venue/podomoro-city,940,40,40,20,interior/495_podomoro-city-soho-podomoro-city_20171027085936_81342.jpg,interior,495_podomoro-city-soho-podomoro-city_20171027085936_81342.jpg,skipped_existing,56951,495_podomoro-city-soho-podomoro-city_20171027085936_81342.jpg,https://cdn-strapi.prod.99iddev.net/assets/495_podomoro_city_soho_podomoro_city_20171027085936_81342_356666a1fd.jpg,Same name already exists in this Strapi folder,495_podomoro-city-soho-podomoro-city_20171027085936_81342.jpg
podomoro-city,Media Library/Office Venue/podomoro-city,940,40,40,20,interior/495_podomoro-city-soho-podomoro-city_20171027085938_85438.jpg,interior,495_podomoro-city-soho-podomoro-city_20171027085938_85438.jpg,skipped_existing,56952,495_podomoro-city-soho-podomoro-city_20171027085938_85438.jpg,https://cdn-strapi.prod.99iddev.net/assets/495_podomoro_city_soho_podomoro_city_20171027085938_85438_ef1d265973.jpg,Same name already exists in this Strapi folder,495_podomoro-city-soho-podomoro-city_20171027085938_85438.jpg
podomoro-city,Media Library/Office Venue/podomoro-city,940,40,40,20,interior/495_podomoro-city-soho-podomoro-city_20171027085941_56310.jpg,interior,495_podomoro-city-soho-podomoro-city_20171027085941_56310.jpg,skipped_existing,56953,495_podomoro-city-soho-podomoro-city_20171027085941_56310.jpg,https://cdn-strapi.prod.99iddev.net/assets/495_podomoro_city_soho_podomoro_city_20171027085941_56310_81b95d0f28.jpg,Same name already exists in this Strapi folder,495_podomoro-city-soho-podomoro-city_20171027085941_56310.jpg
podomoro-city,Media Library/Office Venue/podomoro-city,940,40,40,20,interior/495_podomoro-city-soho-podomoro-city_20171027085942_61322.jpg,interior,495_podomoro-city-soho-podomoro-city_20171027085942_61322.jpg,skipped_existing,56954,495_podomoro-city-soho-podomoro-city_20171027085942_61322.jpg,https://cdn-strapi.prod.99iddev.net/assets/495_podomoro_city_soho_podomoro_city_20171027085942_61322_bb67e74306.jpg,Same name already exists in this Strapi folder,495_podomoro-city-soho-podomoro-city_20171027085942_61322.jpg
podomoro-city,Media Library/Office Venue/podomoro-city,940,40,40,20,interior/495_podomoro-city-soho-podomoro-city_20171027085944_68962.jpg,interior,495_podomoro-city-soho-podomoro-city_20171027085944_68962.jpg,skipped_existing,56955,495_podomoro-city-soho-podomoro-city_20171027085944_68962.jpg,https://cdn-strapi.prod.99iddev.net/assets/495_podomoro_city_soho_podomoro_city_20171027085944_68962_b9113286ed.jpg,Same name already exists in this Strapi folder,495_podomoro-city-soho-podomoro-city_20171027085944_68962.jpg
podomoro-city,Media Library/Office Venue/podomoro-city,940,40,40,20,interior/495_podomoro-city-soho-podomoro-city_20171027085948_50938.jpg,interior,495_podomoro-city-soho-podomoro-city_20171027085948_50938.jpg,skipped_existing,56956,495_podomoro-city-soho-podomoro-city_20171027085948_50938.jpg,https://cdn-strapi.prod.99iddev.net/assets/495_podomoro_city_soho_podomoro_city_20171027085948_50938_bec7edc7ed.jpg,Same name already exists in this Strapi folder,495_podomoro-city-soho-podomoro-city_20171027085948_50938.jpg
podomoro-city,Media Library/Office Venue/podomoro-city,940,40,40,20,interior/495_podomoro-city-soho-podomoro-city_20171027085950_53624.jpg,interior,495_podomoro-city-soho-podomoro-city_20171027085950_53624.jpg,skipped_existing,56957,495_podomoro-city-soho-podomoro-city_20171027085950_53624.jpg,https://cdn-strapi.prod.99iddev.net/assets/495_podomoro_city_soho_podomoro_city_20171027085950_53624_3c36c59e17.jpg,Same name already exists in this Strapi folder,495_podomoro-city-soho-podomoro-city_20171027085950_53624.jpg
podomoro-city,Media Library/Office Venue/podomoro-city,940,40,40,20,interior/495_podomoro-city-soho-podomoro-city_20171027085952_83732.jpg,interior,495_podomoro-city-soho-podomoro-city_20171027085952_83732.jpg,skipped_existing,56958,495_podomoro-city-soho-podomoro-city_20171027085952_83732.jpg,https://cdn-strapi.prod.99iddev.net/assets/495_podomoro_city_soho_podomoro_city_20171027085952_83732_ca6d957095.jpg,Same name already exists in this Strapi folder,495_podomoro-city-soho-podomoro-city_20171027085952_83732.jpg
podomoro-city,Media Library/Office Venue/podomoro-city,940,40,40,20,interior/495_podomoro-city-soho-podomoro-city_20171027085954_87617.jpg,interior,495_podomoro-city-soho-podomoro-city_20171027085954_87617.jpg,skipped_existing,56959,495_podomoro-city-soho-podomoro-city_20171027085954_87617.jpg,https://cdn-strapi.prod.99iddev.net/assets/495_podomoro_city_soho_podomoro_city_20171027085954_87617_b6e8696855.jpg,Same name already exists in this Strapi folder,495_podomoro-city-soho-podomoro-city_20171027085954_87617.jpg
prince-center,Media Library/Office Venue/prince-center,910,28,28,14,exterior/119_prince-center-prince-center_20160914044510_58507.jpg,exterior,119_prince-center-prince-center_20160914044510_58507.jpg,skipped_existing,56960,119_prince-center-prince-center_20160914044510_58507.jpg,https://cdn-strapi.prod.99iddev.net/assets/119_prince_center_prince_center_20160914044510_58507_f248a79d82.jpg,Same name already exists in this Strapi folder,119_prince-center-prince-center_20160914044510_58507.jpg
prince-center,Media Library/Office Venue/prince-center,910,28,28,14,exterior/119_prince-center-prince-center_20160914044510_82997.jpg,exterior,119_prince-center-prince-center_20160914044510_82997.jpg,skipped_existing,56961,119_prince-center-prince-center_20160914044510_82997.jpg,https://cdn-strapi.prod.99iddev.net/assets/119_prince_center_prince_center_20160914044510_82997_d5c2e21e3c.jpg,Same name already exists in this Strapi folder,119_prince-center-prince-center_20160914044510_82997.jpg
prince-center,Media Library/Office Venue/prince-center,910,28,28,14,exterior/119_prince-center-prince-center_20160914044511_70488.jpg,exterior,119_prince-center-prince-center_20160914044511_70488.jpg,skipped_existing,56962,119_prince-center-prince-center_20160914044511_70488.jpg,https://cdn-strapi.prod.99iddev.net/assets/119_prince_center_prince_center_20160914044511_70488_0190ac7ce6.jpg,Same name already exists in this Strapi folder,119_prince-center-prince-center_20160914044511_70488.jpg
prince-center,Media Library/Office Venue/prince-center,910,28,28,14,floorplan/119_prince-center-prince-center_20170316041953_26937.jpg,floorplan,119_prince-center-prince-center_20170316041953_26937.jpg,skipped_existing,56963,119_prince-center-prince-center_20170316041953_26937.jpg,https://cdn-strapi.prod.99iddev.net/assets/119_prince_center_prince_center_20170316041953_26937_01ea4fe449.jpg,Same name already exists in this Strapi folder,119_prince-center-prince-center_20170316041953_26937.jpg
prince-center,Media Library/Office Venue/prince-center,910,28,28,14,floorplan/119_prince-center-prince-center_20170316042043_52454.jpg,floorplan,119_prince-center-prince-center_20170316042043_52454.jpg,skipped_existing,56964,119_prince-center-prince-center_20170316042043_52454.jpg,https://cdn-strapi.prod.99iddev.net/assets/119_prince_center_prince_center_20170316042043_52454_cf863f2bf0.jpg,Same name already exists in this Strapi folder,119_prince-center-prince-center_20170316042043_52454.jpg
prince-center,Media Library/Office Venue/prince-center,910,28,28,14,floorplan/119_prince-center-prince-center_20170316042044_49134.jpg,floorplan,119_prince-center-prince-center_20170316042044_49134.jpg,skipped_existing,56965,119_prince-center-prince-center_20170316042044_49134.jpg,https://cdn-strapi.prod.99iddev.net/assets/119_prince_center_prince_center_20170316042044_49134_8af8c57044.jpg,Same name already exists in this Strapi folder,119_prince-center-prince-center_20170316042044_49134.jpg
prince-center,Media Library/Office Venue/prince-center,910,28,28,14,interior/119_prince-center-prince-center_20170214033435_53015.jpg,interior,119_prince-center-prince-center_20170214033435_53015.jpg,skipped_existing,56966,119_prince-center-prince-center_20170214033435_53015.jpg,https://cdn-strapi.prod.99iddev.net/assets/119_prince_center_prince_center_20170214033435_53015_8b71ebc0a4.jpg,Same name already exists in this Strapi folder,119_prince-center-prince-center_20170214033435_53015.jpg
prince-center,Media Library/Office Venue/prince-center,910,28,28,14,interior/119_prince-center-prince-center_20170214033436_56063.jpg,interior,119_prince-center-prince-center_20170214033436_56063.jpg,skipped_existing,56967,119_prince-center-prince-center_20170214033436_56063.jpg,https://cdn-strapi.prod.99iddev.net/assets/119_prince_center_prince_center_20170214033436_56063_be4ab92225.jpg,Same name already exists in this Strapi folder,119_prince-center-prince-center_20170214033436_56063.jpg
prince-center,Media Library/Office Venue/prince-center,910,28,28,14,interior/119_prince-center-prince-center_20170214033437_33714.jpg,interior,119_prince-center-prince-center_20170214033437_33714.jpg,skipped_existing,56968,119_prince-center-prince-center_20170214033437_33714.jpg,https://cdn-strapi.prod.99iddev.net/assets/119_prince_center_prince_center_20170214033437_33714_5d789eba94.jpg,Same name already exists in this Strapi folder,119_prince-center-prince-center_20170214033437_33714.jpg
prince-center,Media Library/Office Venue/prince-center,910,28,28,14,interior/119_prince-center-prince-center_20170214033437_40039.jpg,interior,119_prince-center-prince-center_20170214033437_40039.jpg,skipped_existing,56969,119_prince-center-prince-center_20170214033437_40039.jpg,https://cdn-strapi.prod.99iddev.net/assets/119_prince_center_prince_center_20170214033437_40039_17b8a90de4.jpg,Same name already exists in this Strapi folder,119_prince-center-prince-center_20170214033437_40039.jpg
prince-center,Media Library/Office Venue/prince-center,910,28,28,14,interior/119_prince-center-prince-center_20170214033438_24121.jpg,interior,119_prince-center-prince-center_20170214033438_24121.jpg,skipped_existing,56970,119_prince-center-prince-center_20170214033438_24121.jpg,https://cdn-strapi.prod.99iddev.net/assets/119_prince_center_prince_center_20170214033438_24121_dc2c00208c.jpg,Same name already exists in this Strapi folder,119_prince-center-prince-center_20170214033438_24121.jpg
prince-center,Media Library/Office Venue/prince-center,910,28,28,14,interior/119_prince-center-prince-center_20170214033438_77444.jpg,interior,119_prince-center-prince-center_20170214033438_77444.jpg,skipped_existing,56971,119_prince-center-prince-center_20170214033438_77444.jpg,https://cdn-strapi.prod.99iddev.net/assets/119_prince_center_prince_center_20170214033438_77444_1fc51a9a4d.jpg,Same name already exists in this Strapi folder,119_prince-center-prince-center_20170214033438_77444.jpg
prince-center,Media Library/Office Venue/prince-center,910,28,28,14,interior/119_prince-center-prince-center_20170214033439_35215.jpg,interior,119_prince-center-prince-center_20170214033439_35215.jpg,skipped_existing,56972,119_prince-center-prince-center_20170214033439_35215.jpg,https://cdn-strapi.prod.99iddev.net/assets/119_prince_center_prince_center_20170214033439_35215_b92d5cfedf.jpg,Same name already exists in this Strapi folder,119_prince-center-prince-center_20170214033439_35215.jpg
prince-center,Media Library/Office Venue/prince-center,910,28,28,14,interior/119_prince-center-prince-center_20170214033439_41928.jpg,interior,119_prince-center-prince-center_20170214033439_41928.jpg,skipped_existing,56973,119_prince-center-prince-center_20170214033439_41928.jpg,https://cdn-strapi.prod.99iddev.net/assets/119_prince_center_prince_center_20170214033439_41928_6580e17112.jpg,Same name already exists in this Strapi folder,119_prince-center-prince-center_20170214033439_41928.jpg
ra-mampang-office,Media Library/Office Venue/ra-mampang-office,657,5,5,1,exterior/655_ra-mampang-office-ra-mampang-office_20191204051804_62994.jpg,exterior,655_ra-mampang-office-ra-mampang-office_20191204051804_62994.jpg,skipped_existing,57860,655_ra-mampang-office-ra-mampang-office_20191204051804_62994.jpg,https://cdn-strapi.prod.99iddev.net/assets/655_ra_mampang_office_ra_mampang_office_20191204051804_62994_76aefdc5c9.jpg,Same name already exists in this Strapi folder,655_ra-mampang-office-ra-mampang-office_20191204051804_62994.jpg
rdtx-place,Media Library/Office Venue/rdtx-place,663,11,12,2,exterior/646_rdtx-place-rdtx-place_20201122154617_42626.jpg,exterior,646_rdtx-place-rdtx-place_20201122154617_42626.jpg,skipped_existing,57867,646_rdtx-place-rdtx-place_20201122154617_42626.jpg,https://cdn-strapi.prod.99iddev.net/assets/646_rdtx_place_rdtx_place_20201122154617_42626_11d4570881.jpg,Same name already exists in this Strapi folder,646_rdtx-place-rdtx-place_20201122154617_42626.jpg
rdtx-place,Media Library/Office Venue/rdtx-place,663,11,12,2,exterior/646_rdtx-place-rdtx-place_20201122161447_78688.jpg,exterior,646_rdtx-place-rdtx-place_20201122161447_78688.jpg,uploaded,58147,646_rdtx-place-rdtx-place_20201122161447_78688.jpg,https://cdn-strapi.prod.99iddev.net/assets/646_rdtx_place_rdtx_place_20201122161447_78688_9e522f1fb6.jpg,,
sophie-building,Media Library/Office Venue/sophie-building,942,4,4,2,interior/642_sophie-building-sophie-building_20190214101032_27955.jpg,interior,642_sophie-building-sophie-building_20190214101032_27955.jpg,skipped_existing,57042,642_sophie-building-sophie-building_20190214101032_27955.jpg,https://cdn-strapi.prod.99iddev.net/assets/642_sophie_building_sophie_building_20190214101032_27955_2391fc1bf9.jpg,Same name already exists in this Strapi folder,642_sophie-building-sophie-building_20190214101032_27955.jpg
sophie-building,Media Library/Office Venue/sophie-building,942,4,4,2,interior/642_sophie-building-sophie-building_20190214101033_72010.jpg,interior,642_sophie-building-sophie-building_20190214101033_72010.jpg,skipped_existing,57043,642_sophie-building-sophie-building_20190214101033_72010.jpg,https://cdn-strapi.prod.99iddev.net/assets/642_sophie_building_sophie_building_20190214101033_72010_148cd1598f.jpg,Same name already exists in this Strapi folder,642_sophie-building-sophie-building_20190214101033_72010.jpg
sopo-del-tower-b,Media Library/Office Venue/sopo-del-tower-b,710,16,16,4,interior/343_sopo-del-tower-sopo-del-tower-b_20171212082304_81848.jpg,interior,343_sopo-del-tower-sopo-del-tower-b_20171212082304_81848.jpg,skipped_existing,57044,343_sopo-del-tower-sopo-del-tower-b_20171212082304_81848.jpg,https://cdn-strapi.prod.99iddev.net/assets/343_sopo_del_tower_sopo_del_tower_b_20171212082304_81848_4bbafb0964.jpg,Same name already exists in this Strapi folder,343_sopo-del-tower-sopo-del-tower-b_20171212082304_81848.jpg
sopo-del-tower-b,Media Library/Office Venue/sopo-del-tower-b,710,16,16,4,interior/343_sopo-del-tower-sopo-del-tower-b_20180503093923_28208.jpg,interior,343_sopo-del-tower-sopo-del-tower-b_20180503093923_28208.jpg,skipped_existing,57045,343_sopo-del-tower-sopo-del-tower-b_20180503093923_28208.jpg,https://cdn-strapi.prod.99iddev.net/assets/343_sopo_del_tower_sopo_del_tower_b_20180503093923_28208_a168446d8b.jpg,Same name already exists in this Strapi folder,343_sopo-del-tower-sopo-del-tower-b_20180503093923_28208.jpg
sopo-del-tower-b,Media Library/Office Venue/sopo-del-tower-b,710,16,16,4,interior/343_sopo-del-tower-sopo-del-tower-b_20180503093924_72539.jpg,interior,343_sopo-del-tower-sopo-del-tower-b_20180503093924_72539.jpg,skipped_existing,57046,343_sopo-del-tower-sopo-del-tower-b_20180503093924_72539.jpg,https://cdn-strapi.prod.99iddev.net/assets/343_sopo_del_tower_sopo_del_tower_b_20180503093924_72539_81db54ba55.jpg,Same name already exists in this Strapi folder,343_sopo-del-tower-sopo-del-tower-b_20180503093924_72539.jpg
sopo-del-tower-b,Media Library/Office Venue/sopo-del-tower-b,710,16,16,4,interior/343_sopo-del-tower-sopo-del-tower-b_20180503093925_18369.jpg,interior,343_sopo-del-tower-sopo-del-tower-b_20180503093925_18369.jpg,skipped_existing,57047,343_sopo-del-tower-sopo-del-tower-b_20180503093925_18369.jpg,https://cdn-strapi.prod.99iddev.net/assets/343_sopo_del_tower_sopo_del_tower_b_20180503093925_18369_9364645391.jpg,Same name already exists in this Strapi folder,343_sopo-del-tower-sopo-del-tower-b_20180503093925_18369.jpg
st-moritz-office-tower,Media Library/Office Venue/st-moritz-office-tower,1014,32,32,16,exterior/401_st-moritz-office-tower-st-moritz-office-tower_20160914044640_84126.jpg,exterior,401_st-moritz-office-tower-st-moritz-office-tower_20160914044640_84126.jpg,skipped_existing,57068,401_st-moritz-office-tower-st-moritz-office-tower_20160914044640_84126.jpg,https://cdn-strapi.prod.99iddev.net/assets/401_st_moritz_office_tower_st_moritz_office_tower_20160914044640_84126_76b4302eb7.jpg,Same name already exists in this Strapi folder,401_st-moritz-office-tower-st-moritz-office-tower_20160914044640_84126.jpg
st-moritz-office-tower,Media Library/Office Venue/st-moritz-office-tower,1014,32,32,16,exterior/401_st-moritz-office-tower-st-moritz-office-tower_20160914044641_39088.jpg,exterior,401_st-moritz-office-tower-st-moritz-office-tower_20160914044641_39088.jpg,skipped_existing,57069,401_st-moritz-office-tower-st-moritz-office-tower_20160914044641_39088.jpg,https://cdn-strapi.prod.99iddev.net/assets/401_st_moritz_office_tower_st_moritz_office_tower_20160914044641_39088_878afa6f88.jpg,Same name already exists in this Strapi folder,401_st-moritz-office-tower-st-moritz-office-tower_20160914044641_39088.jpg
st-moritz-office-tower,Media Library/Office Venue/st-moritz-office-tower,1014,32,32,16,exterior/401_st-moritz-office-tower-st-moritz-office-tower_20161124041345_58030.jpg,exterior,401_st-moritz-office-tower-st-moritz-office-tower_20161124041345_58030.jpg,skipped_existing,57070,401_st-moritz-office-tower-st-moritz-office-tower_20161124041345_58030.jpg,https://cdn-strapi.prod.99iddev.net/assets/401_st_moritz_office_tower_st_moritz_office_tower_20161124041345_58030_f0cc9d2025.jpg,Same name already exists in this Strapi folder,401_st-moritz-office-tower-st-moritz-office-tower_20161124041345_58030.jpg
st-moritz-office-tower,Media Library/Office Venue/st-moritz-office-tower,1014,32,32,16,exterior/401_st-moritz-office-tower-st-moritz-office-tower_20161124041346_21635.jpg,exterior,401_st-moritz-office-tower-st-moritz-office-tower_20161124041346_21635.jpg,skipped_existing,57071,401_st-moritz-office-tower-st-moritz-office-tower_20161124041346_21635.jpg,https://cdn-strapi.prod.99iddev.net/assets/401_st_moritz_office_tower_st_moritz_office_tower_20161124041346_21635_b493e51577.jpg,Same name already exists in this Strapi folder,401_st-moritz-office-tower-st-moritz-office-tower_20161124041346_21635.jpg
st-moritz-office-tower,Media Library/Office Venue/st-moritz-office-tower,1014,32,32,16,exterior/401_st-moritz-office-tower-st-moritz-office-tower_20161124041347_87838.jpg,exterior,401_st-moritz-office-tower-st-moritz-office-tower_20161124041347_87838.jpg,skipped_existing,57072,401_st-moritz-office-tower-st-moritz-office-tower_20161124041347_87838.jpg,https://cdn-strapi.prod.99iddev.net/assets/401_st_moritz_office_tower_st_moritz_office_tower_20161124041347_87838_09118185f0.jpg,Same name already exists in this Strapi folder,401_st-moritz-office-tower-st-moritz-office-tower_20161124041347_87838.jpg
st-moritz-office-tower,Media Library/Office Venue/st-moritz-office-tower,1014,32,32,16,exterior/401_st-moritz-office-tower-st-moritz-office-tower_20161124041347_88920.jpg,exterior,401_st-moritz-office-tower-st-moritz-office-tower_20161124041347_88920.jpg,skipped_existing,57073,401_st-moritz-office-tower-st-moritz-office-tower_20161124041347_88920.jpg,https://cdn-strapi.prod.99iddev.net/assets/401_st_moritz_office_tower_st_moritz_office_tower_20161124041347_88920_03a9bdfbc9.jpg,Same name already exists in this Strapi folder,401_st-moritz-office-tower-st-moritz-office-tower_20161124041347_88920.jpg
st-moritz-office-tower,Media Library/Office Venue/st-moritz-office-tower,1014,32,32,16,exterior/401_st-moritz-office-tower-st-moritz-office-tower_20161124041348_31762.jpg,exterior,401_st-moritz-office-tower-st-moritz-office-tower_20161124041348_31762.jpg,skipped_existing,57074,401_st-moritz-office-tower-st-moritz-office-tower_20161124041348_31762.jpg,https://cdn-strapi.prod.99iddev.net/assets/401_st_moritz_office_tower_st_moritz_office_tower_20161124041348_31762_19f248aaa1.jpg,Same name already exists in this Strapi folder,401_st-moritz-office-tower-st-moritz-office-tower_20161124041348_31762.jpg
st-moritz-office-tower,Media Library/Office Venue/st-moritz-office-tower,1014,32,32,16,exterior/401_st-moritz-office-tower-st-moritz-office-tower_20161124041354_63273.jpg,exterior,401_st-moritz-office-tower-st-moritz-office-tower_20161124041354_63273.jpg,skipped_existing,57075,401_st-moritz-office-tower-st-moritz-office-tower_20161124041354_63273.jpg,https://cdn-strapi.prod.99iddev.net/assets/401_st_moritz_office_tower_st_moritz_office_tower_20161124041354_63273_d8005d60a1.jpg,Same name already exists in this Strapi folder,401_st-moritz-office-tower-st-moritz-office-tower_20161124041354_63273.jpg
st-moritz-office-tower,Media Library/Office Venue/st-moritz-office-tower,1014,32,32,16,exterior/401_st-moritz-office-tower-st-moritz-office-tower_20170320070907_38008.jpg,exterior,401_st-moritz-office-tower-st-moritz-office-tower_20170320070907_38008.jpg,skipped_existing,57076,401_st-moritz-office-tower-st-moritz-office-tower_20170320070907_38008.jpg,https://cdn-strapi.prod.99iddev.net/assets/401_st_moritz_office_tower_st_moritz_office_tower_20170320070907_38008_74ed1fd8e4.jpg,Same name already exists in this Strapi folder,401_st-moritz-office-tower-st-moritz-office-tower_20170320070907_38008.jpg
st-moritz-office-tower,Media Library/Office Venue/st-moritz-office-tower,1014,32,32,16,exterior/401_st-moritz-office-tower-st-moritz-office-tower_20170320070908_96278.jpg,exterior,401_st-moritz-office-tower-st-moritz-office-tower_20170320070908_96278.jpg,skipped_existing,57077,401_st-moritz-office-tower-st-moritz-office-tower_20170320070908_96278.jpg,https://cdn-strapi.prod.99iddev.net/assets/401_st_moritz_office_tower_st_moritz_office_tower_20170320070908_96278_03dfd45880.jpg,Same name already exists in this Strapi folder,401_st-moritz-office-tower-st-moritz-office-tower_20170320070908_96278.jpg
st-moritz-office-tower,Media Library/Office Venue/st-moritz-office-tower,1014,32,32,16,exterior/401_st-moritz-office-tower-st-moritz-office-tower_20170320070909_10496.jpg,exterior,401_st-moritz-office-tower-st-moritz-office-tower_20170320070909_10496.jpg,skipped_existing,57078,401_st-moritz-office-tower-st-moritz-office-tower_20170320070909_10496.jpg,https://cdn-strapi.prod.99iddev.net/assets/401_st_moritz_office_tower_st_moritz_office_tower_20170320070909_10496_a48036a2ac.jpg,Same name already exists in this Strapi folder,401_st-moritz-office-tower-st-moritz-office-tower_20170320070909_10496.jpg
st-moritz-office-tower,Media Library/Office Venue/st-moritz-office-tower,1014,32,32,16,exterior/401_st-moritz-office-tower-st-moritz-office-tower_20170320070909_87645.jpg,exterior,401_st-moritz-office-tower-st-moritz-office-tower_20170320070909_87645.jpg,skipped_existing,57079,401_st-moritz-office-tower-st-moritz-office-tower_20170320070909_87645.jpg,https://cdn-strapi.prod.99iddev.net/assets/401_st_moritz_office_tower_st_moritz_office_tower_20170320070909_87645_515b16ab10.jpg,Same name already exists in this Strapi folder,401_st-moritz-office-tower-st-moritz-office-tower_20170320070909_87645.jpg
st-moritz-office-tower,Media Library/Office Venue/st-moritz-office-tower,1014,32,32,16,exterior/401_st-moritz-office-tower-st-moritz-office-tower_20170411045046_58059.jpg,exterior,401_st-moritz-office-tower-st-moritz-office-tower_20170411045046_58059.jpg,skipped_existing,57080,401_st-moritz-office-tower-st-moritz-office-tower_20170411045046_58059.jpg,https://cdn-strapi.prod.99iddev.net/assets/401_st_moritz_office_tower_st_moritz_office_tower_20170411045046_58059_d7d5cc6361.jpg,Same name already exists in this Strapi folder,401_st-moritz-office-tower-st-moritz-office-tower_20170411045046_58059.jpg
st-moritz-office-tower,Media Library/Office Venue/st-moritz-office-tower,1014,32,32,16,floorplan/401_st-moritz-office-tower-st-moritz-office-tower_20170310045312_48973.jpg,floorplan,401_st-moritz-office-tower-st-moritz-office-tower_20170310045312_48973.jpg,skipped_existing,57081,401_st-moritz-office-tower-st-moritz-office-tower_20170310045312_48973.jpg,https://cdn-strapi.prod.99iddev.net/assets/401_st_moritz_office_tower_st_moritz_office_tower_20170310045312_48973_382260804b.jpg,Same name already exists in this Strapi folder,401_st-moritz-office-tower-st-moritz-office-tower_20170310045312_48973.jpg
st-moritz-office-tower,Media Library/Office Venue/st-moritz-office-tower,1014,32,32,16,floorplan/401_st-moritz-office-tower-st-moritz-office-tower_20170310045312_60014.jpg,floorplan,401_st-moritz-office-tower-st-moritz-office-tower_20170310045312_60014.jpg,skipped_existing,57082,401_st-moritz-office-tower-st-moritz-office-tower_20170310045312_60014.jpg,https://cdn-strapi.prod.99iddev.net/assets/401_st_moritz_office_tower_st_moritz_office_tower_20170310045312_60014_d95567d97b.jpg,Same name already exists in this Strapi folder,401_st-moritz-office-tower-st-moritz-office-tower_20170310045312_60014.jpg
st-moritz-office-tower,Media Library/Office Venue/st-moritz-office-tower,1014,32,32,16,floorplan/401_st-moritz-office-tower-st-moritz-office-tower_20170310045313_75462.jpg,floorplan,401_st-moritz-office-tower-st-moritz-office-tower_20170310045313_75462.jpg,skipped_existing,57083,401_st-moritz-office-tower-st-moritz-office-tower_20170310045313_75462.jpg,https://cdn-strapi.prod.99iddev.net/assets/401_st_moritz_office_tower_st_moritz_office_tower_20170310045313_75462_0ecaf07e07.jpg,Same name already exists in this Strapi folder,401_st-moritz-office-tower-st-moritz-office-tower_20170310045313_75462.jpg
talavera-talavera-office-park,Media Library/Office Venue/talavera-talavera-office-park,913,52,52,26,exterior/240_talavera-talavera-office-park_20160914085421_32491.jpg,exterior,240_talavera-talavera-office-park_20160914085421_32491.jpg,skipped_existing,57124,240_talavera-talavera-office-park_20160914085421_32491.jpg,https://cdn-strapi.prod.99iddev.net/assets/240_talavera_talavera_office_park_20160914085421_32491_c8460a12b6.jpg,Same name already exists in this Strapi folder,240_talavera-talavera-office-park_20160914085421_32491.jpg
talavera-talavera-office-park,Media Library/Office Venue/talavera-talavera-office-park,913,52,52,26,exterior/240_talavera-talavera-office-park_20160914085422_15746.jpg,exterior,240_talavera-talavera-office-park_20160914085422_15746.jpg,skipped_existing,57125,240_talavera-talavera-office-park_20160914085422_15746.jpg,https://cdn-strapi.prod.99iddev.net/assets/240_talavera_talavera_office_park_20160914085422_15746_91bde022a9.jpg,Same name already exists in this Strapi folder,240_talavera-talavera-office-park_20160914085422_15746.jpg
talavera-talavera-office-park,Media Library/Office Venue/talavera-talavera-office-park,913,52,52,26,exterior/240_talavera-talavera-office-park_20160914085423_19475.jpg,exterior,240_talavera-talavera-office-park_20160914085423_19475.jpg,skipped_existing,57126,240_talavera-talavera-office-park_20160914085423_19475.jpg,https://cdn-strapi.prod.99iddev.net/assets/240_talavera_talavera_office_park_20160914085423_19475_d35b7d87a8.jpg,Same name already exists in this Strapi folder,240_talavera-talavera-office-park_20160914085423_19475.jpg
talavera-talavera-office-park,Media Library/Office Venue/talavera-talavera-office-park,913,52,52,26,exterior/240_talavera-talavera-office-park_20160914085423_52248.jpg,exterior,240_talavera-talavera-office-park_20160914085423_52248.jpg,skipped_existing,57127,240_talavera-talavera-office-park_20160914085423_52248.jpg,https://cdn-strapi.prod.99iddev.net/assets/240_talavera_talavera_office_park_20160914085423_52248_2e7a626453.jpg,Same name already exists in this Strapi folder,240_talavera-talavera-office-park_20160914085423_52248.jpg
talavera-talavera-office-park,Media Library/Office Venue/talavera-talavera-office-park,913,52,52,26,exterior/240_talavera-talavera-office-park_20180130072029_82187.jpg,exterior,240_talavera-talavera-office-park_20180130072029_82187.jpg,skipped_existing,57128,240_talavera-talavera-office-park_20180130072029_82187.jpg,https://cdn-strapi.prod.99iddev.net/assets/240_talavera_talavera_office_park_20180130072029_82187_939dd3911b.jpg,Same name already exists in this Strapi folder,240_talavera-talavera-office-park_20180130072029_82187.jpg
talavera-talavera-office-park,Media Library/Office Venue/talavera-talavera-office-park,913,52,52,26,exterior/240_talavera-talavera-office-park_20180130072032_13331.jpg,exterior,240_talavera-talavera-office-park_20180130072032_13331.jpg,skipped_existing,57129,240_talavera-talavera-office-park_20180130072032_13331.jpg,https://cdn-strapi.prod.99iddev.net/assets/240_talavera_talavera_office_park_20180130072032_13331_6b79ac8082.jpg,Same name already exists in this Strapi folder,240_talavera-talavera-office-park_20180130072032_13331.jpg
talavera-talavera-office-park,Media Library/Office Venue/talavera-talavera-office-park,913,52,52,26,floorplan/240_talavera-talavera-office-park_20170316042132_26335.jpg,floorplan,240_talavera-talavera-office-park_20170316042132_26335.jpg,skipped_existing,57130,240_talavera-talavera-office-park_20170316042132_26335.jpg,https://cdn-strapi.prod.99iddev.net/assets/240_talavera_talavera_office_park_20170316042132_26335_3d23e24bc5.jpg,Same name already exists in this Strapi folder,240_talavera-talavera-office-park_20170316042132_26335.jpg
talavera-talavera-office-park,Media Library/Office Venue/talavera-talavera-office-park,913,52,52,26,floorplan/240_talavera-talavera-office-park_20170316042132_86738.jpg,floorplan,240_talavera-talavera-office-park_20170316042132_86738.jpg,skipped_existing,57131,240_talavera-talavera-office-park_20170316042132_86738.jpg,https://cdn-strapi.prod.99iddev.net/assets/240_talavera_talavera_office_park_20170316042132_86738_2b07847c7e.jpg,Same name already exists in this Strapi folder,240_talavera-talavera-office-park_20170316042132_86738.jpg
talavera-talavera-office-park,Media Library/Office Venue/talavera-talavera-office-park,913,52,52,26,floorplan/240_talavera-talavera-office-park_20180104030209_48255.jpg,floorplan,240_talavera-talavera-office-park_20180104030209_48255.jpg,skipped_existing,57132,240_talavera-talavera-office-park_20180104030209_48255.jpg,https://cdn-strapi.prod.99iddev.net/assets/240_talavera_talavera_office_park_20180104030209_48255_24bc178b04.jpg,Same name already exists in this Strapi folder,240_talavera-talavera-office-park_20180104030209_48255.jpg
talavera-talavera-office-park,Media Library/Office Venue/talavera-talavera-office-park,913,52,52,26,interior/240_talavera-talavera-office-park_20180706090904_51156.jpg,interior,240_talavera-talavera-office-park_20180706090904_51156.jpg,skipped_existing,57133,240_talavera-talavera-office-park_20180706090904_51156.jpg,https://cdn-strapi.prod.99iddev.net/assets/240_talavera_talavera_office_park_20180706090904_51156_b397131aa7.jpg,Same name already exists in this Strapi folder,240_talavera-talavera-office-park_20180706090904_51156.jpg
talavera-talavera-office-park,Media Library/Office Venue/talavera-talavera-office-park,913,52,52,26,interior/240_talavera-talavera-office-park_20180706090904_67686.jpg,interior,240_talavera-talavera-office-park_20180706090904_67686.jpg,skipped_existing,57134,240_talavera-talavera-office-park_20180706090904_67686.jpg,https://cdn-strapi.prod.99iddev.net/assets/240_talavera_talavera_office_park_20180706090904_67686_6d172ca3dc.jpg,Same name already exists in this Strapi folder,240_talavera-talavera-office-park_20180706090904_67686.jpg
talavera-talavera-office-park,Media Library/Office Venue/talavera-talavera-office-park,913,52,52,26,interior/240_talavera-talavera-office-park_20180706090904_78386.jpg,interior,240_talavera-talavera-office-park_20180706090904_78386.jpg,skipped_existing,57135,240_talavera-talavera-office-park_20180706090904_78386.jpg,https://cdn-strapi.prod.99iddev.net/assets/240_talavera_talavera_office_park_20180706090904_78386_495031155d.jpg,Same name already exists in this Strapi folder,240_talavera-talavera-office-park_20180706090904_78386.jpg
talavera-talavera-office-park,Media Library/Office Venue/talavera-talavera-office-park,913,52,52,26,interior/240_talavera-talavera-office-park_20180706090905_13210.jpg,interior,240_talavera-talavera-office-park_20180706090905_13210.jpg,skipped_existing,57136,240_talavera-talavera-office-park_20180706090905_13210.jpg,https://cdn-strapi.prod.99iddev.net/assets/240_talavera_talavera_office_park_20180706090905_13210_34f7395cc9.jpg,Same name already exists in this Strapi folder,240_talavera-talavera-office-park_20180706090905_13210.jpg
talavera-talavera-office-park,Media Library/Office Venue/talavera-talavera-office-park,913,52,52,26,interior/240_talavera-talavera-office-park_20180706090905_54210.jpg,interior,240_talavera-talavera-office-park_20180706090905_54210.jpg,skipped_existing,57137,240_talavera-talavera-office-park_20180706090905_54210.jpg,https://cdn-strapi.prod.99iddev.net/assets/240_talavera_talavera_office_park_20180706090905_54210_5e08939b39.jpg,Same name already exists in this Strapi folder,240_talavera-talavera-office-park_20180706090905_54210.jpg
talavera-talavera-office-park,Media Library/Office Venue/talavera-talavera-office-park,913,52,52,26,interior/240_talavera-talavera-office-park_20180706090905_59409.jpg,interior,240_talavera-talavera-office-park_20180706090905_59409.jpg,skipped_existing,57138,240_talavera-talavera-office-park_20180706090905_59409.jpg,https://cdn-strapi.prod.99iddev.net/assets/240_talavera_talavera_office_park_20180706090905_59409_90f8cdd43b.jpg,Same name already exists in this Strapi folder,240_talavera-talavera-office-park_20180706090905_59409.jpg
talavera-talavera-office-park,Media Library/Office Venue/talavera-talavera-office-park,913,52,52,26,interior/240_talavera-talavera-office-park_20180706090905_68492.jpg,interior,240_talavera-talavera-office-park_20180706090905_68492.jpg,skipped_existing,57139,240_talavera-talavera-office-park_20180706090905_68492.jpg,https://cdn-strapi.prod.99iddev.net/assets/240_talavera_talavera_office_park_20180706090905_68492_fc948aa376.jpg,Same name already exists in this Strapi folder,240_talavera-talavera-office-park_20180706090905_68492.jpg
talavera-talavera-office-park,Media Library/Office Venue/talavera-talavera-office-park,913,52,52,26,interior/240_talavera-talavera-office-park_20180706090906_45503.jpg,interior,240_talavera-talavera-office-park_20180706090906_45503.jpg,skipped_existing,57140,240_talavera-talavera-office-park_20180706090906_45503.jpg,https://cdn-strapi.prod.99iddev.net/assets/240_talavera_talavera_office_park_20180706090906_45503_b88324631e.jpg,Same name already exists in this Strapi folder,240_talavera-talavera-office-park_20180706090906_45503.jpg
talavera-talavera-office-park,Media Library/Office Venue/talavera-talavera-office-park,913,52,52,26,interior/240_talavera-talavera-office-park_20180706090906_94657.jpg,interior,240_talavera-talavera-office-park_20180706090906_94657.jpg,skipped_existing,57141,240_talavera-talavera-office-park_20180706090906_94657.jpg,https://cdn-strapi.prod.99iddev.net/assets/240_talavera_talavera_office_park_20180706090906_94657_c6822e8f2b.jpg,Same name already exists in this Strapi folder,240_talavera-talavera-office-park_20180706090906_94657.jpg
talavera-talavera-office-park,Media Library/Office Venue/talavera-talavera-office-park,913,52,52,26,interior/240_talavera-talavera-office-park_20180706090906_99808.jpg,interior,240_talavera-talavera-office-park_20180706090906_99808.jpg,skipped_existing,57142,240_talavera-talavera-office-park_20180706090906_99808.jpg,https://cdn-strapi.prod.99iddev.net/assets/240_talavera_talavera_office_park_20180706090906_99808_661fb47bb6.jpg,Same name already exists in this Strapi folder,240_talavera-talavera-office-park_20180706090906_99808.jpg
talavera-talavera-office-park,Media Library/Office Venue/talavera-talavera-office-park,913,52,52,26,interior/240_talavera-talavera-office-park_20180706090907_26265.jpg,interior,240_talavera-talavera-office-park_20180706090907_26265.jpg,skipped_existing,57143,240_talavera-talavera-office-park_20180706090907_26265.jpg,https://cdn-strapi.prod.99iddev.net/assets/240_talavera_talavera_office_park_20180706090907_26265_549de930d6.jpg,Same name already exists in this Strapi folder,240_talavera-talavera-office-park_20180706090907_26265.jpg
talavera-talavera-office-park,Media Library/Office Venue/talavera-talavera-office-park,913,52,52,26,interior/240_talavera-talavera-office-park_20180706090907_30209.jpg,interior,240_talavera-talavera-office-park_20180706090907_30209.jpg,skipped_existing,57144,240_talavera-talavera-office-park_20180706090907_30209.jpg,https://cdn-strapi.prod.99iddev.net/assets/240_talavera_talavera_office_park_20180706090907_30209_996104e58c.jpg,Same name already exists in this Strapi folder,240_talavera-talavera-office-park_20180706090907_30209.jpg
talavera-talavera-office-park,Media Library/Office Venue/talavera-talavera-office-park,913,52,52,26,interior/240_talavera-talavera-office-park_20180706090907_34193.jpg,interior,240_talavera-talavera-office-park_20180706090907_34193.jpg,skipped_existing,57145,240_talavera-talavera-office-park_20180706090907_34193.jpg,https://cdn-strapi.prod.99iddev.net/assets/240_talavera_talavera_office_park_20180706090907_34193_1ffd1ec49d.jpg,Same name already exists in this Strapi folder,240_talavera-talavera-office-park_20180706090907_34193.jpg
talavera-talavera-office-park,Media Library/Office Venue/talavera-talavera-office-park,913,52,52,26,interior/240_talavera-talavera-office-park_20180706090907_43160.jpg,interior,240_talavera-talavera-office-park_20180706090907_43160.jpg,skipped_existing,57146,240_talavera-talavera-office-park_20180706090907_43160.jpg,https://cdn-strapi.prod.99iddev.net/assets/240_talavera_talavera_office_park_20180706090907_43160_8ff5c0eddf.jpg,Same name already exists in this Strapi folder,240_talavera-talavera-office-park_20180706090907_43160.jpg
talavera-talavera-office-park,Media Library/Office Venue/talavera-talavera-office-park,913,52,52,26,interior/240_talavera-talavera-office-park_20180706090907_78652.jpg,interior,240_talavera-talavera-office-park_20180706090907_78652.jpg,skipped_existing,57147,240_talavera-talavera-office-park_20180706090907_78652.jpg,https://cdn-strapi.prod.99iddev.net/assets/240_talavera_talavera_office_park_20180706090907_78652_69c74c8a38.jpg,Same name already exists in this Strapi folder,240_talavera-talavera-office-park_20180706090907_78652.jpg
talavera-talavera-office-park,Media Library/Office Venue/talavera-talavera-office-park,913,52,52,26,interior/240_talavera-talavera-office-park_20180706090908_22728.jpg,interior,240_talavera-talavera-office-park_20180706090908_22728.jpg,skipped_existing,57148,240_talavera-talavera-office-park_20180706090908_22728.jpg,https://cdn-strapi.prod.99iddev.net/assets/240_talavera_talavera_office_park_20180706090908_22728_05949e5d48.jpg,Same name already exists in this Strapi folder,240_talavera-talavera-office-park_20180706090908_22728.jpg
talavera-talavera-office-park,Media Library/Office Venue/talavera-talavera-office-park,913,52,52,26,interior/240_talavera-talavera-office-park_20180706090908_92668.jpg,interior,240_talavera-talavera-office-park_20180706090908_92668.jpg,skipped_existing,57149,240_talavera-talavera-office-park_20180706090908_92668.jpg,https://cdn-strapi.prod.99iddev.net/assets/240_talavera_talavera_office_park_20180706090908_92668_1303edc144.jpg,Same name already exists in this Strapi folder,240_talavera-talavera-office-park_20180706090908_92668.jpg
thamrin-nine-indosurya-plaza,Media Library/Office Venue/thamrin-nine-indosurya-plaza,914,10,10,5,exterior/553_thamrin-nine-indosurya-plaza_20171215025926_79943.jpg,exterior,553_thamrin-nine-indosurya-plaza_20171215025926_79943.jpg,skipped_existing,57166,553_thamrin-nine-indosurya-plaza_20171215025926_79943.jpg,https://cdn-strapi.prod.99iddev.net/assets/553_thamrin_nine_indosurya_plaza_20171215025926_79943_cf30f39c31.jpg,Same name already exists in this Strapi folder,553_thamrin-nine-indosurya-plaza_20171215025926_79943.jpg
thamrin-nine-indosurya-plaza,Media Library/Office Venue/thamrin-nine-indosurya-plaza,914,10,10,5,exterior/553_thamrin-nine-indosurya-plaza_20171215025928_57912.jpg,exterior,553_thamrin-nine-indosurya-plaza_20171215025928_57912.jpg,skipped_existing,57167,553_thamrin-nine-indosurya-plaza_20171215025928_57912.jpg,https://cdn-strapi.prod.99iddev.net/assets/553_thamrin_nine_indosurya_plaza_20171215025928_57912_c44cdf42e0.jpg,Same name already exists in this Strapi folder,553_thamrin-nine-indosurya-plaza_20171215025928_57912.jpg
thamrin-nine-indosurya-plaza,Media Library/Office Venue/thamrin-nine-indosurya-plaza,914,10,10,5,exterior/553_thamrin-nine-indosurya-plaza_20171215025929_89979.jpg,exterior,553_thamrin-nine-indosurya-plaza_20171215025929_89979.jpg,skipped_existing,57168,553_thamrin-nine-indosurya-plaza_20171215025929_89979.jpg,https://cdn-strapi.prod.99iddev.net/assets/553_thamrin_nine_indosurya_plaza_20171215025929_89979_27955eac44.jpg,Same name already exists in this Strapi folder,553_thamrin-nine-indosurya-plaza_20171215025929_89979.jpg
thamrin-nine-indosurya-plaza,Media Library/Office Venue/thamrin-nine-indosurya-plaza,914,10,10,5,exterior/553_thamrin-nine-indosurya-plaza_20171215025931_44342.jpg,exterior,553_thamrin-nine-indosurya-plaza_20171215025931_44342.jpg,skipped_existing,57169,553_thamrin-nine-indosurya-plaza_20171215025931_44342.jpg,https://cdn-strapi.prod.99iddev.net/assets/553_thamrin_nine_indosurya_plaza_20171215025931_44342_47f10acbe7.jpg,Same name already exists in this Strapi folder,553_thamrin-nine-indosurya-plaza_20171215025931_44342.jpg
thamrin-nine-indosurya-plaza,Media Library/Office Venue/thamrin-nine-indosurya-plaza,914,10,10,5,exterior/553_thamrin-nine-indosurya-plaza_20171215025932_68036.jpg,exterior,553_thamrin-nine-indosurya-plaza_20171215025932_68036.jpg,skipped_existing,57170,553_thamrin-nine-indosurya-plaza_20171215025932_68036.jpg,https://cdn-strapi.prod.99iddev.net/assets/553_thamrin_nine_indosurya_plaza_20171215025932_68036_f2e743c566.jpg,Same name already exists in this Strapi folder,553_thamrin-nine-indosurya-plaza_20171215025932_68036.jpg
the-smith,Media Library/Office Venue/the-smith,1016,8,8,4,exterior/503_the-smith-alam-sutera-the-smith_20201229084700_57061.jpg,exterior,503_the-smith-alam-sutera-the-smith_20201229084700_57061.jpg,skipped_existing,57982,503_the-smith-alam-sutera-the-smith_20201229084700_57061.jpg,https://cdn-strapi.prod.99iddev.net/assets/503_the_smith_alam_sutera_the_smith_20201229084700_57061_13af3b4026.jpg,Same name already exists in this Strapi folder,503_the-smith-alam-sutera-the-smith_20201229084700_57061.jpg
the-smith,Media Library/Office Venue/the-smith,1016,8,8,4,floorplan/503_the-smith-alam-sutera-the-smith_20180730062552_91505.jpg,floorplan,503_the-smith-alam-sutera-the-smith_20180730062552_91505.jpg,skipped_existing,57193,503_the-smith-alam-sutera-the-smith_20180730062552_91505.jpg,https://cdn-strapi.prod.99iddev.net/assets/503_the_smith_alam_sutera_the_smith_20180730062552_91505_a434ece7f3.jpg,Same name already exists in this Strapi folder,503_the-smith-alam-sutera-the-smith_20180730062552_91505.jpg
the-smith,Media Library/Office Venue/the-smith,1016,8,8,4,floorplan/503_the-smith-alam-sutera-the-smith_20180730062553_58501.jpg,floorplan,503_the-smith-alam-sutera-the-smith_20180730062553_58501.jpg,skipped_existing,57194,503_the-smith-alam-sutera-the-smith_20180730062553_58501.jpg,https://cdn-strapi.prod.99iddev.net/assets/503_the_smith_alam_sutera_the_smith_20180730062553_58501_eb59872e3e.jpg,Same name already exists in this Strapi folder,503_the-smith-alam-sutera-the-smith_20180730062553_58501.jpg
the-smith,Media Library/Office Venue/the-smith,1016,8,8,4,floorplan/503_the-smith-alam-sutera-the-smith_20180730062554_67613.jpg,floorplan,503_the-smith-alam-sutera-the-smith_20180730062554_67613.jpg,skipped_existing,57195,503_the-smith-alam-sutera-the-smith_20180730062554_67613.jpg,https://cdn-strapi.prod.99iddev.net/assets/503_the_smith_alam_sutera_the_smith_20180730062554_67613_83580ac0c9.jpg,Same name already exists in this Strapi folder,503_the-smith-alam-sutera-the-smith_20180730062554_67613.jpg
wisma-81,Media Library/Office Venue/wisma-81,803,3,3,1,exterior/456_wisma-81-wisma-81_20201229090651_82183.jpg,exterior,456_wisma-81-wisma-81_20201229090651_82183.jpg,skipped_existing,57251,456_wisma-81-wisma-81_20201229090651_82183.jpg,https://cdn-strapi.prod.99iddev.net/assets/456_wisma_81_wisma_81_20201229090651_82183_9869d81f25.jpg,Same name already exists in this Strapi folder,456_wisma-81-wisma-81_20201229090651_82183.jpg
wisma-81-toto-office-building,Media Library/Office Venue/wisma-81-toto-office-building,917,6,6,3,exterior/456_wisma-81-toto-office-building-wisma-81-toto-office-building_20161124043937_17814.jpg,exterior,456_wisma-81-toto-office-building-wisma-81-toto-office-building_20161124043937_17814.jpg,skipped_existing,57252,456_wisma-81-toto-office-building-wisma-81-toto-office-building_20161124043937_17814.jpg,https://cdn-strapi.prod.99iddev.net/assets/456_wisma_81_toto_office_building_wisma_81_toto_office_building_20161124043937_17814_4c1f4b3a6f.jpg,Same name already exists in this Strapi folder,456_wisma-81-toto-office-building-wisma-81-toto-office-building_20161124043937_17814.jpg
wisma-81-toto-office-building,Media Library/Office Venue/wisma-81-toto-office-building,917,6,6,3,exterior/456_wisma-81-toto-office-building-wisma-81-toto-office-building_20161124043938_27105.jpg,exterior,456_wisma-81-toto-office-building-wisma-81-toto-office-building_20161124043938_27105.jpg,skipped_existing,57253,456_wisma-81-toto-office-building-wisma-81-toto-office-building_20161124043938_27105.jpg,https://cdn-strapi.prod.99iddev.net/assets/456_wisma_81_toto_office_building_wisma_81_toto_office_building_20161124043938_27105_62f6ee105e.jpg,Same name already exists in this Strapi folder,456_wisma-81-toto-office-building-wisma-81-toto-office-building_20161124043938_27105.jpg
wisma-81-toto-office-building,Media Library/Office Venue/wisma-81-toto-office-building,917,6,6,3,exterior/456_wisma-81-toto-office-building-wisma-81-toto-office-building_20161124043940_51322.jpg,exterior,456_wisma-81-toto-office-building-wisma-81-toto-office-building_20161124043940_51322.jpg,skipped_existing,57254,456_wisma-81-toto-office-building-wisma-81-toto-office-building_20161124043940_51322.jpg,https://cdn-strapi.prod.99iddev.net/assets/456_wisma_81_toto_office_building_wisma_81_toto_office_building_20161124043940_51322_ade92ba1c3.jpg,Same name already exists in this Strapi folder,456_wisma-81-toto-office-building-wisma-81-toto-office-building_20161124043940_51322.jpg
wisma-baja,Media Library/Office Venue/wisma-baja,918,2,2,1,exterior/355_wisma-baja-wisma-baja_20160914044748_17934.jpg,exterior,355_wisma-baja-wisma-baja_20160914044748_17934.jpg,skipped_existing,57255,355_wisma-baja-wisma-baja_20160914044748_17934.jpg,https://cdn-strapi.prod.99iddev.net/assets/355_wisma_baja_wisma_baja_20160914044748_17934_72e7e816fa.jpg,Same name already exists in this Strapi folder,355_wisma-baja-wisma-baja_20160914044748_17934.jpg
wisma-bca-serpong,Media Library/Office Venue/wisma-bca-serpong,821,5,6,2,exterior/638_wisma-bca-serpong-wisma-bca-serpong_20201229084707_96415.jpg,exterior,638_wisma-bca-serpong-wisma-bca-serpong_20201229084707_96415.jpg,skipped_existing,58036,638_wisma-bca-serpong-wisma-bca-serpong_20201229084707_96415.jpg,https://cdn-strapi.prod.99iddev.net/assets/638_wisma_bca_serpong_wisma_bca_serpong_20201229084707_96415_14d0ce3315.jpg,Same name already exists in this Strapi folder,638_wisma-bca-serpong-wisma-bca-serpong_20201229084707_96415.jpg
wisma-bca-serpong,Media Library/Office Venue/wisma-bca-serpong,821,5,6,2,exterior/638_wisma-bca-serpong-wisma-bca-serpong_20201229084712_41376.jpg,exterior,638_wisma-bca-serpong-wisma-bca-serpong_20201229084712_41376.jpg,uploaded,58148,638_wisma-bca-serpong-wisma-bca-serpong_20201229084712_41376.jpg,https://cdn-strapi.prod.99iddev.net/assets/638_wisma_bca_serpong_wisma_bca_serpong_20201229084712_41376_c5c83680b6.jpg,,
wisma-bisnis-indonesia,Media Library/Office Venue/wisma-bisnis-indonesia,1017,16,16,6,interior/187_wisma-bisnis-indonesia-wisma-bisnis-indonesia_20170214041529_77974.jpg,interior,187_wisma-bisnis-indonesia-wisma-bisnis-indonesia_20170214041529_77974.jpg,skipped_existing,57265,187_wisma-bisnis-indonesia-wisma-bisnis-indonesia_20170214041529_77974.jpg,https://cdn-strapi.prod.99iddev.net/assets/187_wisma_bisnis_indonesia_wisma_bisnis_indonesia_20170214041529_77974_1d4f39f8c9.jpg,Same name already exists in this Strapi folder,187_wisma-bisnis-indonesia-wisma-bisnis-indonesia_20170214041529_77974.jpg
wisma-bisnis-indonesia,Media Library/Office Venue/wisma-bisnis-indonesia,1017,16,16,6,interior/187_wisma-bisnis-indonesia-wisma-bisnis-indonesia_20170214041530_48853.jpg,interior,187_wisma-bisnis-indonesia-wisma-bisnis-indonesia_20170214041530_48853.jpg,skipped_existing,57266,187_wisma-bisnis-indonesia-wisma-bisnis-indonesia_20170214041530_48853.jpg,https://cdn-strapi.prod.99iddev.net/assets/187_wisma_bisnis_indonesia_wisma_bisnis_indonesia_20170214041530_48853_e08188f608.jpg,Same name already exists in this Strapi folder,187_wisma-bisnis-indonesia-wisma-bisnis-indonesia_20170214041530_48853.jpg
wisma-bisnis-indonesia,Media Library/Office Venue/wisma-bisnis-indonesia,1017,16,16,6,interior/187_wisma-bisnis-indonesia-wisma-bisnis-indonesia_20170214041530_51241.jpg,interior,187_wisma-bisnis-indonesia-wisma-bisnis-indonesia_20170214041530_51241.jpg,skipped_existing,57267,187_wisma-bisnis-indonesia-wisma-bisnis-indonesia_20170214041530_51241.jpg,https://cdn-strapi.prod.99iddev.net/assets/187_wisma_bisnis_indonesia_wisma_bisnis_indonesia_20170214041530_51241_dbacd92b34.jpg,Same name already exists in this Strapi folder,187_wisma-bisnis-indonesia-wisma-bisnis-indonesia_20170214041530_51241.jpg
wisma-bisnis-indonesia,Media Library/Office Venue/wisma-bisnis-indonesia,1017,16,16,6,interior/187_wisma-bisnis-indonesia-wisma-bisnis-indonesia_20170214041531_27401.jpg,interior,187_wisma-bisnis-indonesia-wisma-bisnis-indonesia_20170214041531_27401.jpg,skipped_existing,57268,187_wisma-bisnis-indonesia-wisma-bisnis-indonesia_20170214041531_27401.jpg,https://cdn-strapi.prod.99iddev.net/assets/187_wisma_bisnis_indonesia_wisma_bisnis_indonesia_20170214041531_27401_9414c55be1.jpg,Same name already exists in this Strapi folder,187_wisma-bisnis-indonesia-wisma-bisnis-indonesia_20170214041531_27401.jpg
wisma-bisnis-indonesia,Media Library/Office Venue/wisma-bisnis-indonesia,1017,16,16,6,interior/187_wisma-bisnis-indonesia-wisma-bisnis-indonesia_20170214041531_29336.jpg,interior,187_wisma-bisnis-indonesia-wisma-bisnis-indonesia_20170214041531_29336.jpg,skipped_existing,57269,187_wisma-bisnis-indonesia-wisma-bisnis-indonesia_20170214041531_29336.jpg,https://cdn-strapi.prod.99iddev.net/assets/187_wisma_bisnis_indonesia_wisma_bisnis_indonesia_20170214041531_29336_d2c9641599.jpg,Same name already exists in this Strapi folder,187_wisma-bisnis-indonesia-wisma-bisnis-indonesia_20170214041531_29336.jpg
wisma-bisnis-indonesia,Media Library/Office Venue/wisma-bisnis-indonesia,1017,16,16,6,interior/187_wisma-bisnis-indonesia-wisma-bisnis-indonesia_20170214041531_67236.jpg,interior,187_wisma-bisnis-indonesia-wisma-bisnis-indonesia_20170214041531_67236.jpg,skipped_existing,57270,187_wisma-bisnis-indonesia-wisma-bisnis-indonesia_20170214041531_67236.jpg,https://cdn-strapi.prod.99iddev.net/assets/187_wisma_bisnis_indonesia_wisma_bisnis_indonesia_20170214041531_67236_c013abebd8.jpg,Same name already exists in this Strapi folder,187_wisma-bisnis-indonesia-wisma-bisnis-indonesia_20170214041531_67236.jpg
wisma-sejahtera,Media Library/Office Venue/wisma-sejahtera,944,29,29,14,exterior/178_wisma-sejahtera-wisma-sejahtera_20160914044834_42229.JPG,exterior,178_wisma-sejahtera-wisma-sejahtera_20160914044834_42229.JPG,skipped_existing,58086,178_wisma-sejahtera-wisma-sejahtera_20160914044834_42229.JPG,https://cdn-strapi.prod.99iddev.net/assets/178_wisma_sejahtera_wisma_sejahtera_20160914044834_42229_0e9d8c25d1.JPG,Same name already exists in this Strapi folder,178_wisma-sejahtera-wisma-sejahtera_20160914044834_42229.JPG
wisma-sejahtera,Media Library/Office Venue/wisma-sejahtera,944,29,29,14,exterior/178_wisma-sejahtera-wisma-sejahtera_20160914044834_87859.JPG,exterior,178_wisma-sejahtera-wisma-sejahtera_20160914044834_87859.JPG,skipped_existing,58087,178_wisma-sejahtera-wisma-sejahtera_20160914044834_87859.JPG,https://cdn-strapi.prod.99iddev.net/assets/178_wisma_sejahtera_wisma_sejahtera_20160914044834_87859_1e2963fd03.JPG,Same name already exists in this Strapi folder,178_wisma-sejahtera-wisma-sejahtera_20160914044834_87859.JPG
wisma-sejahtera,Media Library/Office Venue/wisma-sejahtera,944,29,29,14,interior/178_wisma-sejahtera-wisma-sejahtera_20180405025113_23958.jpg,interior,178_wisma-sejahtera-wisma-sejahtera_20180405025113_23958.jpg,skipped_existing,57381,178_wisma-sejahtera-wisma-sejahtera_20180405025113_23958.jpg,https://cdn-strapi.prod.99iddev.net/assets/178_wisma_sejahtera_wisma_sejahtera_20180405025113_23958_d4003b440a.jpg,Same name already exists in this Strapi folder,178_wisma-sejahtera-wisma-sejahtera_20180405025113_23958.jpg
wisma-sejahtera,Media Library/Office Venue/wisma-sejahtera,944,29,29,14,interior/178_wisma-sejahtera-wisma-sejahtera_20180405025113_82397.jpg,interior,178_wisma-sejahtera-wisma-sejahtera_20180405025113_82397.jpg,skipped_existing,57382,178_wisma-sejahtera-wisma-sejahtera_20180405025113_82397.jpg,https://cdn-strapi.prod.99iddev.net/assets/178_wisma_sejahtera_wisma_sejahtera_20180405025113_82397_c0b3e34e63.jpg,Same name already exists in this Strapi folder,178_wisma-sejahtera-wisma-sejahtera_20180405025113_82397.jpg
wisma-sejahtera,Media Library/Office Venue/wisma-sejahtera,944,29,29,14,interior/178_wisma-sejahtera-wisma-sejahtera_20180405025114_12421.jpg,interior,178_wisma-sejahtera-wisma-sejahtera_20180405025114_12421.jpg,skipped_existing,57383,178_wisma-sejahtera-wisma-sejahtera_20180405025114_12421.jpg,https://cdn-strapi.prod.99iddev.net/assets/178_wisma_sejahtera_wisma_sejahtera_20180405025114_12421_c3e3177f65.jpg,Same name already exists in this Strapi folder,178_wisma-sejahtera-wisma-sejahtera_20180405025114_12421.jpg
wisma-sejahtera,Media Library/Office Venue/wisma-sejahtera,944,29,29,14,interior/178_wisma-sejahtera-wisma-sejahtera_20180405025114_33239.jpg,interior,178_wisma-sejahtera-wisma-sejahtera_20180405025114_33239.jpg,skipped_existing,57384,178_wisma-sejahtera-wisma-sejahtera_20180405025114_33239.jpg,https://cdn-strapi.prod.99iddev.net/assets/178_wisma_sejahtera_wisma_sejahtera_20180405025114_33239_75cc9e975f.jpg,Same name already exists in this Strapi folder,178_wisma-sejahtera-wisma-sejahtera_20180405025114_33239.jpg
wisma-sejahtera,Media Library/Office Venue/wisma-sejahtera,944,29,29,14,interior/178_wisma-sejahtera-wisma-sejahtera_20180405025114_51592.jpg,interior,178_wisma-sejahtera-wisma-sejahtera_20180405025114_51592.jpg,skipped_existing,57385,178_wisma-sejahtera-wisma-sejahtera_20180405025114_51592.jpg,https://cdn-strapi.prod.99iddev.net/assets/178_wisma_sejahtera_wisma_sejahtera_20180405025114_51592_f4ceb6b192.jpg,Same name already exists in this Strapi folder,178_wisma-sejahtera-wisma-sejahtera_20180405025114_51592.jpg
wisma-sejahtera,Media Library/Office Venue/wisma-sejahtera,944,29,29,14,interior/178_wisma-sejahtera-wisma-sejahtera_20180405025114_74740.jpg,interior,178_wisma-sejahtera-wisma-sejahtera_20180405025114_74740.jpg,skipped_existing,57386,178_wisma-sejahtera-wisma-sejahtera_20180405025114_74740.jpg,https://cdn-strapi.prod.99iddev.net/assets/178_wisma_sejahtera_wisma_sejahtera_20180405025114_74740_74aefee4ab.jpg,Same name already exists in this Strapi folder,178_wisma-sejahtera-wisma-sejahtera_20180405025114_74740.jpg
wisma-sejahtera,Media Library/Office Venue/wisma-sejahtera,944,29,29,14,interior/178_wisma-sejahtera-wisma-sejahtera_20180405025115_53843.jpg,interior,178_wisma-sejahtera-wisma-sejahtera_20180405025115_53843.jpg,skipped_existing,57387,178_wisma-sejahtera-wisma-sejahtera_20180405025115_53843.jpg,https://cdn-strapi.prod.99iddev.net/assets/178_wisma_sejahtera_wisma_sejahtera_20180405025115_53843_f7a8c3353e.jpg,Same name already exists in this Strapi folder,178_wisma-sejahtera-wisma-sejahtera_20180405025115_53843.jpg
wisma-sejahtera,Media Library/Office Venue/wisma-sejahtera,944,29,29,14,interior/178_wisma-sejahtera-wisma-sejahtera_20180405025116_53576.jpg,interior,178_wisma-sejahtera-wisma-sejahtera_20180405025116_53576.jpg,skipped_existing,57388,178_wisma-sejahtera-wisma-sejahtera_20180405025116_53576.jpg,https://cdn-strapi.prod.99iddev.net/assets/178_wisma_sejahtera_wisma_sejahtera_20180405025116_53576_e1524a271b.jpg,Same name already exists in this Strapi folder,178_wisma-sejahtera-wisma-sejahtera_20180405025116_53576.jpg
wisma-sejahtera,Media Library/Office Venue/wisma-sejahtera,944,29,29,14,interior/178_wisma-sejahtera-wisma-sejahtera_20180405025117_22088.jpg,interior,178_wisma-sejahtera-wisma-sejahtera_20180405025117_22088.jpg,skipped_existing,57389,178_wisma-sejahtera-wisma-sejahtera_20180405025117_22088.jpg,https://cdn-strapi.prod.99iddev.net/assets/178_wisma_sejahtera_wisma_sejahtera_20180405025117_22088_c586afe3e4.jpg,Same name already exists in this Strapi folder,178_wisma-sejahtera-wisma-sejahtera_20180405025117_22088.jpg
wisma-sejahtera,Media Library/Office Venue/wisma-sejahtera,944,29,29,14,interior/178_wisma-sejahtera-wisma-sejahtera_20180405025117_27517.jpg,interior,178_wisma-sejahtera-wisma-sejahtera_20180405025117_27517.jpg,skipped_existing,57390,178_wisma-sejahtera-wisma-sejahtera_20180405025117_27517.jpg,https://cdn-strapi.prod.99iddev.net/assets/178_wisma_sejahtera_wisma_sejahtera_20180405025117_27517_887be51a89.jpg,Same name already exists in this Strapi folder,178_wisma-sejahtera-wisma-sejahtera_20180405025117_27517.jpg
wisma-sejahtera,Media Library/Office Venue/wisma-sejahtera,944,29,29,14,interior/178_wisma-sejahtera-wisma-sejahtera_20180405025117_56382.jpg,interior,178_wisma-sejahtera-wisma-sejahtera_20180405025117_56382.jpg,skipped_existing,57391,178_wisma-sejahtera-wisma-sejahtera_20180405025117_56382.jpg,https://cdn-strapi.prod.99iddev.net/assets/178_wisma_sejahtera_wisma_sejahtera_20180405025117_56382_2559e58bba.jpg,Same name already exists in this Strapi folder,178_wisma-sejahtera-wisma-sejahtera_20180405025117_56382.jpg
wisma-sejahtera,Media Library/Office Venue/wisma-sejahtera,944,29,29,14,interior/178_wisma-sejahtera-wisma-sejahtera_20180405025117_69762.jpg,interior,178_wisma-sejahtera-wisma-sejahtera_20180405025117_69762.jpg,skipped_existing,57392,178_wisma-sejahtera-wisma-sejahtera_20180405025117_69762.jpg,https://cdn-strapi.prod.99iddev.net/assets/178_wisma_sejahtera_wisma_sejahtera_20180405025117_69762_bc6dab6cdd.jpg,Same name already exists in this Strapi folder,178_wisma-sejahtera-wisma-sejahtera_20180405025117_69762.jpg
