office_name,media_library_folder,folder_id,before_asset_count,after_asset_count,local_image_count,relative_path,local_category,filename,status,strapi_asset_id,strapi_asset_name,strapi_url,reason,existing_match
alamanda-tower,Media Library/Office Venue/alamanda-tower,123,39,59,20,interior/201_alamanda-tower-alamanda-tower_20190215024013_13092.jpg,interior,201_alamanda-tower-alamanda-tower_20190215024013_13092.jpg,uploaded,55764,201_alamanda-tower-alamanda-tower_20190215024013_13092.jpg,https://cdn-strapi.prod.99iddev.net/assets/201_alamanda_tower_alamanda_tower_20190215024013_13092_db779b29af.jpg,,
alamanda-tower,Media Library/Office Venue/alamanda-tower,123,39,59,20,interior/201_alamanda-tower-alamanda-tower_20190215024013_53086.jpg,interior,201_alamanda-tower-alamanda-tower_20190215024013_53086.jpg,uploaded,55765,201_alamanda-tower-alamanda-tower_20190215024013_53086.jpg,https://cdn-strapi.prod.99iddev.net/assets/201_alamanda_tower_alamanda_tower_20190215024013_53086_57a4447eb2.jpg,,
alamanda-tower,Media Library/Office Venue/alamanda-tower,123,39,59,20,interior/201_alamanda-tower-alamanda-tower_20190215024013_54286.jpg,interior,201_alamanda-tower-alamanda-tower_20190215024013_54286.jpg,uploaded,55766,201_alamanda-tower-alamanda-tower_20190215024013_54286.jpg,https://cdn-strapi.prod.99iddev.net/assets/201_alamanda_tower_alamanda_tower_20190215024013_54286_d637bdeeef.jpg,,
alamanda-tower,Media Library/Office Venue/alamanda-tower,123,39,59,20,interior/201_alamanda-tower-alamanda-tower_20190215024013_76774.jpg,interior,201_alamanda-tower-alamanda-tower_20190215024013_76774.jpg,uploaded,55767,201_alamanda-tower-alamanda-tower_20190215024013_76774.jpg,https://cdn-strapi.prod.99iddev.net/assets/201_alamanda_tower_alamanda_tower_20190215024013_76774_53212d1559.jpg,,
alamanda-tower,Media Library/Office Venue/alamanda-tower,123,39,59,20,interior/201_alamanda-tower-alamanda-tower_20190215024014_17972.jpg,interior,201_alamanda-tower-alamanda-tower_20190215024014_17972.jpg,uploaded,55768,201_alamanda-tower-alamanda-tower_20190215024014_17972.jpg,https://cdn-strapi.prod.99iddev.net/assets/201_alamanda_tower_alamanda_tower_20190215024014_17972_f79fc5c109.jpg,,
alamanda-tower,Media Library/Office Venue/alamanda-tower,123,39,59,20,interior/201_alamanda-tower-alamanda-tower_20190215024014_26386.jpg,interior,201_alamanda-tower-alamanda-tower_20190215024014_26386.jpg,uploaded,55769,201_alamanda-tower-alamanda-tower_20190215024014_26386.jpg,https://cdn-strapi.prod.99iddev.net/assets/201_alamanda_tower_alamanda_tower_20190215024014_26386_e3d94acaf0.jpg,,
alamanda-tower,Media Library/Office Venue/alamanda-tower,123,39,59,20,interior/201_alamanda-tower-alamanda-tower_20190215024014_37329.jpg,interior,201_alamanda-tower-alamanda-tower_20190215024014_37329.jpg,uploaded,55770,201_alamanda-tower-alamanda-tower_20190215024014_37329.jpg,https://cdn-strapi.prod.99iddev.net/assets/201_alamanda_tower_alamanda_tower_20190215024014_37329_a265e6930f.jpg,,
alamanda-tower,Media Library/Office Venue/alamanda-tower,123,39,59,20,interior/201_alamanda-tower-alamanda-tower_20190215024014_39802.jpg,interior,201_alamanda-tower-alamanda-tower_20190215024014_39802.jpg,uploaded,55771,201_alamanda-tower-alamanda-tower_20190215024014_39802.jpg,https://cdn-strapi.prod.99iddev.net/assets/201_alamanda_tower_alamanda_tower_20190215024014_39802_f8467ea3b3.jpg,,
alamanda-tower,Media Library/Office Venue/alamanda-tower,123,39,59,20,interior/201_alamanda-tower-alamanda-tower_20190215024014_48098.jpg,interior,201_alamanda-tower-alamanda-tower_20190215024014_48098.jpg,uploaded,55772,201_alamanda-tower-alamanda-tower_20190215024014_48098.jpg,https://cdn-strapi.prod.99iddev.net/assets/201_alamanda_tower_alamanda_tower_20190215024014_48098_10dcfcd822.jpg,,
alamanda-tower,Media Library/Office Venue/alamanda-tower,123,39,59,20,interior/201_alamanda-tower-alamanda-tower_20190215024014_83153.jpg,interior,201_alamanda-tower-alamanda-tower_20190215024014_83153.jpg,uploaded,55773,201_alamanda-tower-alamanda-tower_20190215024014_83153.jpg,https://cdn-strapi.prod.99iddev.net/assets/201_alamanda_tower_alamanda_tower_20190215024014_83153_ceb74a46e5.jpg,,
alamanda-tower,Media Library/Office Venue/alamanda-tower,123,39,59,20,interior/201_alamanda-tower-alamanda-tower_20190215024015_29615.jpg,interior,201_alamanda-tower-alamanda-tower_20190215024015_29615.jpg,uploaded,55774,201_alamanda-tower-alamanda-tower_20190215024015_29615.jpg,https://cdn-strapi.prod.99iddev.net/assets/201_alamanda_tower_alamanda_tower_20190215024015_29615_b54516d6bb.jpg,,
alamanda-tower,Media Library/Office Venue/alamanda-tower,123,39,59,20,interior/201_alamanda-tower-alamanda-tower_20190215024015_58879.jpg,interior,201_alamanda-tower-alamanda-tower_20190215024015_58879.jpg,uploaded,55775,201_alamanda-tower-alamanda-tower_20190215024015_58879.jpg,https://cdn-strapi.prod.99iddev.net/assets/201_alamanda_tower_alamanda_tower_20190215024015_58879_e834bb70e8.jpg,,
alamanda-tower,Media Library/Office Venue/alamanda-tower,123,39,59,20,interior/201_alamanda-tower-alamanda-tower_20190215024015_78222.jpg,interior,201_alamanda-tower-alamanda-tower_20190215024015_78222.jpg,uploaded,55776,201_alamanda-tower-alamanda-tower_20190215024015_78222.jpg,https://cdn-strapi.prod.99iddev.net/assets/201_alamanda_tower_alamanda_tower_20190215024015_78222_f8f00a06ea.jpg,,
alamanda-tower,Media Library/Office Venue/alamanda-tower,123,39,59,20,interior/201_alamanda-tower-alamanda-tower_20190215024015_82258.jpg,interior,201_alamanda-tower-alamanda-tower_20190215024015_82258.jpg,uploaded,55777,201_alamanda-tower-alamanda-tower_20190215024015_82258.jpg,https://cdn-strapi.prod.99iddev.net/assets/201_alamanda_tower_alamanda_tower_20190215024015_82258_ea4f7fea7e.jpg,,
alamanda-tower,Media Library/Office Venue/alamanda-tower,123,39,59,20,interior/201_alamanda-tower-alamanda-tower_20190215024015_89842.jpg,interior,201_alamanda-tower-alamanda-tower_20190215024015_89842.jpg,uploaded,55778,201_alamanda-tower-alamanda-tower_20190215024015_89842.jpg,https://cdn-strapi.prod.99iddev.net/assets/201_alamanda_tower_alamanda_tower_20190215024015_89842_5d89ed7f03.jpg,,
alamanda-tower,Media Library/Office Venue/alamanda-tower,123,39,59,20,interior/201_alamanda-tower-alamanda-tower_20190215024015_95428.jpg,interior,201_alamanda-tower-alamanda-tower_20190215024015_95428.jpg,uploaded,55779,201_alamanda-tower-alamanda-tower_20190215024015_95428.jpg,https://cdn-strapi.prod.99iddev.net/assets/201_alamanda_tower_alamanda_tower_20190215024015_95428_1f40823687.jpg,,
alamanda-tower,Media Library/Office Venue/alamanda-tower,123,39,59,20,interior/201_alamanda-tower-alamanda-tower_20190215024016_28974.jpg,interior,201_alamanda-tower-alamanda-tower_20190215024016_28974.jpg,uploaded,55780,201_alamanda-tower-alamanda-tower_20190215024016_28974.jpg,https://cdn-strapi.prod.99iddev.net/assets/201_alamanda_tower_alamanda_tower_20190215024016_28974_dd02a81ca2.jpg,,
alamanda-tower,Media Library/Office Venue/alamanda-tower,123,39,59,20,interior/201_alamanda-tower-alamanda-tower_20190215024016_37721.jpg,interior,201_alamanda-tower-alamanda-tower_20190215024016_37721.jpg,uploaded,55781,201_alamanda-tower-alamanda-tower_20190215024016_37721.jpg,https://cdn-strapi.prod.99iddev.net/assets/201_alamanda_tower_alamanda_tower_20190215024016_37721_dfba54c5d2.jpg,,
alamanda-tower,Media Library/Office Venue/alamanda-tower,123,39,59,20,interior/201_alamanda-tower-alamanda-tower_20190215024016_61135.jpg,interior,201_alamanda-tower-alamanda-tower_20190215024016_61135.jpg,uploaded,55782,201_alamanda-tower-alamanda-tower_20190215024016_61135.jpg,https://cdn-strapi.prod.99iddev.net/assets/201_alamanda_tower_alamanda_tower_20190215024016_61135_a43ae83425.jpg,,
alamanda-tower,Media Library/Office Venue/alamanda-tower,123,39,59,20,interior/201_alamanda-tower-alamanda-tower_20190215024016_90316.jpg,interior,201_alamanda-tower-alamanda-tower_20190215024016_90316.jpg,uploaded,55783,201_alamanda-tower-alamanda-tower_20190215024016_90316.jpg,https://cdn-strapi.prod.99iddev.net/assets/201_alamanda_tower_alamanda_tower_20190215024016_90316_4c9824e858.jpg,,
allianz-tower,Media Library/Office Venue/allianz-tower,919,15,30,15,exterior/24_allianz-tower-allianz-tower_20160914043712_37640.jpg,exterior,24_allianz-tower-allianz-tower_20160914043712_37640.jpg,uploaded,55784,24_allianz-tower-allianz-tower_20160914043712_37640.jpg,https://cdn-strapi.prod.99iddev.net/assets/24_allianz_tower_allianz_tower_20160914043712_37640_8ecbc9b374.jpg,,
allianz-tower,Media Library/Office Venue/allianz-tower,919,15,30,15,exterior/24_allianz-tower-allianz-tower_20160914043712_80497.jpg,exterior,24_allianz-tower-allianz-tower_20160914043712_80497.jpg,uploaded,55785,24_allianz-tower-allianz-tower_20160914043712_80497.jpg,https://cdn-strapi.prod.99iddev.net/assets/24_allianz_tower_allianz_tower_20160914043712_80497_71e2b14059.jpg,,
allianz-tower,Media Library/Office Venue/allianz-tower,919,15,30,15,exterior/24_allianz-tower-allianz-tower_20160914043713_30058.jpg,exterior,24_allianz-tower-allianz-tower_20160914043713_30058.jpg,uploaded,55786,24_allianz-tower-allianz-tower_20160914043713_30058.jpg,https://cdn-strapi.prod.99iddev.net/assets/24_allianz_tower_allianz_tower_20160914043713_30058_884c2daad7.jpg,,
allianz-tower,Media Library/Office Venue/allianz-tower,919,15,30,15,floorplan/24_allianz-tower-allianz-tower_20170331111704_52476.jpg,floorplan,24_allianz-tower-allianz-tower_20170331111704_52476.jpg,uploaded,55787,24_allianz-tower-allianz-tower_20170331111704_52476.jpg,https://cdn-strapi.prod.99iddev.net/assets/24_allianz_tower_allianz_tower_20170331111704_52476_00d6634197.jpg,,
allianz-tower,Media Library/Office Venue/allianz-tower,919,15,30,15,interior/24_allianz-tower-allianz-tower_20170616071626_10296.jpg,interior,24_allianz-tower-allianz-tower_20170616071626_10296.jpg,uploaded,55788,24_allianz-tower-allianz-tower_20170616071626_10296.jpg,https://cdn-strapi.prod.99iddev.net/assets/24_allianz_tower_allianz_tower_20170616071626_10296_373c5ccd1a.jpg,,
allianz-tower,Media Library/Office Venue/allianz-tower,919,15,30,15,interior/24_allianz-tower-allianz-tower_20170616071638_31364.jpg,interior,24_allianz-tower-allianz-tower_20170616071638_31364.jpg,uploaded,55789,24_allianz-tower-allianz-tower_20170616071638_31364.jpg,https://cdn-strapi.prod.99iddev.net/assets/24_allianz_tower_allianz_tower_20170616071638_31364_b01d85dd0d.jpg,,
allianz-tower,Media Library/Office Venue/allianz-tower,919,15,30,15,interior/24_allianz-tower-allianz-tower_20170616071646_85395.jpg,interior,24_allianz-tower-allianz-tower_20170616071646_85395.jpg,uploaded,55790,24_allianz-tower-allianz-tower_20170616071646_85395.jpg,https://cdn-strapi.prod.99iddev.net/assets/24_allianz_tower_allianz_tower_20170616071646_85395_5245063a85.jpg,,
allianz-tower,Media Library/Office Venue/allianz-tower,919,15,30,15,interior/24_allianz-tower-allianz-tower_20170616071658_53189.jpg,interior,24_allianz-tower-allianz-tower_20170616071658_53189.jpg,uploaded,55791,24_allianz-tower-allianz-tower_20170616071658_53189.jpg,https://cdn-strapi.prod.99iddev.net/assets/24_allianz_tower_allianz_tower_20170616071658_53189_808e3db820.jpg,,
allianz-tower,Media Library/Office Venue/allianz-tower,919,15,30,15,interior/24_allianz-tower-allianz-tower_20170616071706_15489.jpg,interior,24_allianz-tower-allianz-tower_20170616071706_15489.jpg,uploaded,55792,24_allianz-tower-allianz-tower_20170616071706_15489.jpg,https://cdn-strapi.prod.99iddev.net/assets/24_allianz_tower_allianz_tower_20170616071706_15489_539dafb64f.jpg,,
allianz-tower,Media Library/Office Venue/allianz-tower,919,15,30,15,interior/24_allianz-tower-allianz-tower_20170616071728_98920.jpg,interior,24_allianz-tower-allianz-tower_20170616071728_98920.jpg,uploaded,55793,24_allianz-tower-allianz-tower_20170616071728_98920.jpg,https://cdn-strapi.prod.99iddev.net/assets/24_allianz_tower_allianz_tower_20170616071728_98920_15628bf788.jpg,,
allianz-tower,Media Library/Office Venue/allianz-tower,919,15,30,15,interior/24_allianz-tower-allianz-tower_20170616071748_76753.jpg,interior,24_allianz-tower-allianz-tower_20170616071748_76753.jpg,uploaded,55794,24_allianz-tower-allianz-tower_20170616071748_76753.jpg,https://cdn-strapi.prod.99iddev.net/assets/24_allianz_tower_allianz_tower_20170616071748_76753_6fabfb4d83.jpg,,
allianz-tower,Media Library/Office Venue/allianz-tower,919,15,30,15,interior/24_allianz-tower-allianz-tower_20170616071830_19451.jpg,interior,24_allianz-tower-allianz-tower_20170616071830_19451.jpg,uploaded,55795,24_allianz-tower-allianz-tower_20170616071830_19451.jpg,https://cdn-strapi.prod.99iddev.net/assets/24_allianz_tower_allianz_tower_20170616071830_19451_4b494aa592.jpg,,
allianz-tower,Media Library/Office Venue/allianz-tower,919,15,30,15,interior/24_allianz-tower-allianz-tower_20170616071839_71110.jpg,interior,24_allianz-tower-allianz-tower_20170616071839_71110.jpg,uploaded,55796,24_allianz-tower-allianz-tower_20170616071839_71110.jpg,https://cdn-strapi.prod.99iddev.net/assets/24_allianz_tower_allianz_tower_20170616071839_71110_d0d6100d10.jpg,,
allianz-tower,Media Library/Office Venue/allianz-tower,919,15,30,15,interior/24_allianz-tower-allianz-tower_20170616071859_69330.jpg,interior,24_allianz-tower-allianz-tower_20170616071859_69330.jpg,uploaded,55797,24_allianz-tower-allianz-tower_20170616071859_69330.jpg,https://cdn-strapi.prod.99iddev.net/assets/24_allianz_tower_allianz_tower_20170616071859_69330_0a10ac1b4c.jpg,,
allianz-tower,Media Library/Office Venue/allianz-tower,919,15,30,15,interior/24_allianz-tower-allianz-tower_20170616072002_18463.jpg,interior,24_allianz-tower-allianz-tower_20170616072002_18463.jpg,uploaded,55798,24_allianz-tower-allianz-tower_20170616072002_18463.jpg,https://cdn-strapi.prod.99iddev.net/assets/24_allianz_tower_allianz_tower_20170616072002_18463_034a86b6ad.jpg,,
altira-altira,Media Library/Office Venue/altira-altira,971,2,3,1,exterior/304_altira-altira_20160914043713_85498.jpg,exterior,304_altira-altira_20160914043713_85498.jpg,uploaded,55799,304_altira-altira_20160914043713_85498.jpg,https://cdn-strapi.prod.99iddev.net/assets/304_altira_altira_20160914043713_85498_67a8a2e09f.jpg,,
altira-altira-office-park-mini-office,Media Library/Office Venue/altira-altira-office-park-mini-office,972,8,16,8,exterior/499_altira-altira-office-park-mini-office_20180420064505_57417.jpg,exterior,499_altira-altira-office-park-mini-office_20180420064505_57417.jpg,uploaded,55800,499_altira-altira-office-park-mini-office_20180420064505_57417.jpg,https://cdn-strapi.prod.99iddev.net/assets/499_altira_altira_office_park_mini_office_20180420064505_57417_0c44ad45c4.jpg,,
altira-altira-office-park-mini-office,Media Library/Office Venue/altira-altira-office-park-mini-office,972,8,16,8,exterior/499_altira-altira-office-park-mini-office_20180420064508_21122.jpg,exterior,499_altira-altira-office-park-mini-office_20180420064508_21122.jpg,uploaded,55801,499_altira-altira-office-park-mini-office_20180420064508_21122.jpg,https://cdn-strapi.prod.99iddev.net/assets/499_altira_altira_office_park_mini_office_20180420064508_21122_21149d3614.jpg,,
altira-altira-office-park-mini-office,Media Library/Office Venue/altira-altira-office-park-mini-office,972,8,16,8,exterior/499_altira-altira-office-park-mini-office_20180420064508_37017.jpg,exterior,499_altira-altira-office-park-mini-office_20180420064508_37017.jpg,uploaded,55802,499_altira-altira-office-park-mini-office_20180420064508_37017.jpg,https://cdn-strapi.prod.99iddev.net/assets/499_altira_altira_office_park_mini_office_20180420064508_37017_ec5155fd6d.jpg,,
altira-altira-office-park-mini-office,Media Library/Office Venue/altira-altira-office-park-mini-office,972,8,16,8,exterior/499_altira-altira-office-park-mini-office_20180420064508_49620.jpg,exterior,499_altira-altira-office-park-mini-office_20180420064508_49620.jpg,uploaded,55803,499_altira-altira-office-park-mini-office_20180420064508_49620.jpg,https://cdn-strapi.prod.99iddev.net/assets/499_altira_altira_office_park_mini_office_20180420064508_49620_9aa4065f86.jpg,,
altira-altira-office-park-mini-office,Media Library/Office Venue/altira-altira-office-park-mini-office,972,8,16,8,exterior/499_altira-altira-office-park-mini-office_20180420064509_40142.jpg,exterior,499_altira-altira-office-park-mini-office_20180420064509_40142.jpg,uploaded,55804,499_altira-altira-office-park-mini-office_20180420064509_40142.jpg,https://cdn-strapi.prod.99iddev.net/assets/499_altira_altira_office_park_mini_office_20180420064509_40142_2133c04114.jpg,,
altira-altira-office-park-mini-office,Media Library/Office Venue/altira-altira-office-park-mini-office,972,8,16,8,exterior/499_altira-altira-office-park-mini-office_20180420064509_80565.jpg,exterior,499_altira-altira-office-park-mini-office_20180420064509_80565.jpg,uploaded,55805,499_altira-altira-office-park-mini-office_20180420064509_80565.jpg,https://cdn-strapi.prod.99iddev.net/assets/499_altira_altira_office_park_mini_office_20180420064509_80565_4509da47b0.jpg,,
altira-altira-office-park-mini-office,Media Library/Office Venue/altira-altira-office-park-mini-office,972,8,16,8,exterior/499_altira-altira-office-park-mini-office_20180420064509_83457.jpg,exterior,499_altira-altira-office-park-mini-office_20180420064509_83457.jpg,uploaded,55806,499_altira-altira-office-park-mini-office_20180420064509_83457.jpg,https://cdn-strapi.prod.99iddev.net/assets/499_altira_altira_office_park_mini_office_20180420064509_83457_edc30f1c1c.jpg,,
altira-altira-office-park-mini-office,Media Library/Office Venue/altira-altira-office-park-mini-office,972,8,16,8,exterior/499_altira-altira-office-park-mini-office_20180420064510_23678.jpg,exterior,499_altira-altira-office-park-mini-office_20180420064510_23678.jpg,uploaded,55807,499_altira-altira-office-park-mini-office_20180420064510_23678.jpg,https://cdn-strapi.prod.99iddev.net/assets/499_altira_altira_office_park_mini_office_20180420064510_23678_d706d44e80.jpg,,
altira-office-tower,Media Library/Office Venue/altira-office-tower,125,46,54,8,exterior/304_altira-altira-office-tower_20180420064355_43380.jpg,exterior,304_altira-altira-office-tower_20180420064355_43380.jpg,uploaded,55808,304_altira-altira-office-tower_20180420064355_43380.jpg,https://cdn-strapi.prod.99iddev.net/assets/304_altira_altira_office_tower_20180420064355_43380_520985178e.jpg,,
altira-office-tower,Media Library/Office Venue/altira-office-tower,125,46,54,8,exterior/304_altira-altira-office-tower_20180420064356_67759.jpg,exterior,304_altira-altira-office-tower_20180420064356_67759.jpg,uploaded,55809,304_altira-altira-office-tower_20180420064356_67759.jpg,https://cdn-strapi.prod.99iddev.net/assets/304_altira_altira_office_tower_20180420064356_67759_4012fa4c22.jpg,,
altira-office-tower,Media Library/Office Venue/altira-office-tower,125,46,54,8,exterior/304_altira-altira-office-tower_20180420064358_32128.jpg,exterior,304_altira-altira-office-tower_20180420064358_32128.jpg,uploaded,55810,304_altira-altira-office-tower_20180420064358_32128.jpg,https://cdn-strapi.prod.99iddev.net/assets/304_altira_altira_office_tower_20180420064358_32128_fa1bb3e4a6.jpg,,
altira-office-tower,Media Library/Office Venue/altira-office-tower,125,46,54,8,exterior/304_altira-altira-office-tower_20180420064359_79601.jpg,exterior,304_altira-altira-office-tower_20180420064359_79601.jpg,uploaded,55811,304_altira-altira-office-tower_20180420064359_79601.jpg,https://cdn-strapi.prod.99iddev.net/assets/304_altira_altira_office_tower_20180420064359_79601_4df9700d28.jpg,,
altira-office-tower,Media Library/Office Venue/altira-office-tower,125,46,54,8,exterior/304_altira-altira-office-tower_20180420064359_85853.jpg,exterior,304_altira-altira-office-tower_20180420064359_85853.jpg,uploaded,55812,304_altira-altira-office-tower_20180420064359_85853.jpg,https://cdn-strapi.prod.99iddev.net/assets/304_altira_altira_office_tower_20180420064359_85853_bb24288000.jpg,,
altira-office-tower,Media Library/Office Venue/altira-office-tower,125,46,54,8,exterior/304_altira-altira-office-tower_20180420064400_11571.jpg,exterior,304_altira-altira-office-tower_20180420064400_11571.jpg,uploaded,55813,304_altira-altira-office-tower_20180420064400_11571.jpg,https://cdn-strapi.prod.99iddev.net/assets/304_altira_altira_office_tower_20180420064400_11571_404d69f470.jpg,,
altira-office-tower,Media Library/Office Venue/altira-office-tower,125,46,54,8,exterior/304_altira-altira-office-tower_20180420064400_35086.jpg,exterior,304_altira-altira-office-tower_20180420064400_35086.jpg,uploaded,55814,304_altira-altira-office-tower_20180420064400_35086.jpg,https://cdn-strapi.prod.99iddev.net/assets/304_altira_altira_office_tower_20180420064400_35086_870d0995c0.jpg,,
altira-office-tower,Media Library/Office Venue/altira-office-tower,125,46,54,8,exterior/304_altira-altira-office-tower_20180420064401_54343.jpg,exterior,304_altira-altira-office-tower_20180420064401_54343.jpg,uploaded,55815,304_altira-altira-office-tower_20180420064401_54343.jpg,https://cdn-strapi.prod.99iddev.net/assets/304_altira_altira_office_tower_20180420064401_54343_80fdfa8011.jpg,,
anz-tower,Media Library/Office Venue/anz-tower,945,17,34,17,exterior/87_anz-tower-anz-tower_20160914043659_79488.jpg,exterior,87_anz-tower-anz-tower_20160914043659_79488.jpg,uploaded,55816,87_anz-tower-anz-tower_20160914043659_79488.jpg,https://cdn-strapi.prod.99iddev.net/assets/87_anz_tower_anz_tower_20160914043659_79488_22ee43cd4c.jpg,,
anz-tower,Media Library/Office Venue/anz-tower,945,17,34,17,exterior/87_anz-tower-anz-tower_20160914043700_19130.jpg,exterior,87_anz-tower-anz-tower_20160914043700_19130.jpg,uploaded,55817,87_anz-tower-anz-tower_20160914043700_19130.jpg,https://cdn-strapi.prod.99iddev.net/assets/87_anz_tower_anz_tower_20160914043700_19130_06f7bc839c.jpg,,
anz-tower,Media Library/Office Venue/anz-tower,945,17,34,17,exterior/87_anz-tower-anz-tower_20160914043700_68800.jpg,exterior,87_anz-tower-anz-tower_20160914043700_68800.jpg,uploaded,55818,87_anz-tower-anz-tower_20160914043700_68800.jpg,https://cdn-strapi.prod.99iddev.net/assets/87_anz_tower_anz_tower_20160914043700_68800_697880509c.jpg,,
anz-tower,Media Library/Office Venue/anz-tower,945,17,34,17,exterior/87_anz-tower-anz-tower_20160914043700_87212.jpg,exterior,87_anz-tower-anz-tower_20160914043700_87212.jpg,uploaded,55819,87_anz-tower-anz-tower_20160914043700_87212.jpg,https://cdn-strapi.prod.99iddev.net/assets/87_anz_tower_anz_tower_20160914043700_87212_f9ca418bce.jpg,,
anz-tower,Media Library/Office Venue/anz-tower,945,17,34,17,floorplan/87_anz-tower-anz-tower_20170222072221_79152.jpg,floorplan,87_anz-tower-anz-tower_20170222072221_79152.jpg,uploaded,55820,87_anz-tower-anz-tower_20170222072221_79152.jpg,https://cdn-strapi.prod.99iddev.net/assets/87_anz_tower_anz_tower_20170222072221_79152_4840b1309b.jpg,,
anz-tower,Media Library/Office Venue/anz-tower,945,17,34,17,floorplan/87_anz-tower-anz-tower_20170222074137_85645.jpg,floorplan,87_anz-tower-anz-tower_20170222074137_85645.jpg,uploaded,55821,87_anz-tower-anz-tower_20170222074137_85645.jpg,https://cdn-strapi.prod.99iddev.net/assets/87_anz_tower_anz_tower_20170222074137_85645_de687b6072.jpg,,
anz-tower,Media Library/Office Venue/anz-tower,945,17,34,17,interior/87_anz-tower-anz-tower_20170214034818_33020.jpg,interior,87_anz-tower-anz-tower_20170214034818_33020.jpg,uploaded,55822,87_anz-tower-anz-tower_20170214034818_33020.jpg,https://cdn-strapi.prod.99iddev.net/assets/87_anz_tower_anz_tower_20170214034818_33020_f73f809e64.jpg,,
anz-tower,Media Library/Office Venue/anz-tower,945,17,34,17,interior/87_anz-tower-anz-tower_20170214034818_38608.jpg,interior,87_anz-tower-anz-tower_20170214034818_38608.jpg,uploaded,55823,87_anz-tower-anz-tower_20170214034818_38608.jpg,https://cdn-strapi.prod.99iddev.net/assets/87_anz_tower_anz_tower_20170214034818_38608_978325784d.jpg,,
anz-tower,Media Library/Office Venue/anz-tower,945,17,34,17,interior/87_anz-tower-anz-tower_20170214034819_32859.jpg,interior,87_anz-tower-anz-tower_20170214034819_32859.jpg,uploaded,55824,87_anz-tower-anz-tower_20170214034819_32859.jpg,https://cdn-strapi.prod.99iddev.net/assets/87_anz_tower_anz_tower_20170214034819_32859_cf1dbeda32.jpg,,
anz-tower,Media Library/Office Venue/anz-tower,945,17,34,17,interior/87_anz-tower-anz-tower_20170214034820_34306.jpg,interior,87_anz-tower-anz-tower_20170214034820_34306.jpg,uploaded,55825,87_anz-tower-anz-tower_20170214034820_34306.jpg,https://cdn-strapi.prod.99iddev.net/assets/87_anz_tower_anz_tower_20170214034820_34306_7491f2f360.jpg,,
anz-tower,Media Library/Office Venue/anz-tower,945,17,34,17,interior/87_anz-tower-anz-tower_20170214034820_46620.jpg,interior,87_anz-tower-anz-tower_20170214034820_46620.jpg,uploaded,55826,87_anz-tower-anz-tower_20170214034820_46620.jpg,https://cdn-strapi.prod.99iddev.net/assets/87_anz_tower_anz_tower_20170214034820_46620_6706518110.jpg,,
anz-tower,Media Library/Office Venue/anz-tower,945,17,34,17,interior/87_anz-tower-anz-tower_20170214034820_53929.jpg,interior,87_anz-tower-anz-tower_20170214034820_53929.jpg,uploaded,55827,87_anz-tower-anz-tower_20170214034820_53929.jpg,https://cdn-strapi.prod.99iddev.net/assets/87_anz_tower_anz_tower_20170214034820_53929_ba086dbdbc.jpg,,
anz-tower,Media Library/Office Venue/anz-tower,945,17,34,17,interior/87_anz-tower-anz-tower_20170214034821_22807.jpg,interior,87_anz-tower-anz-tower_20170214034821_22807.jpg,uploaded,55828,87_anz-tower-anz-tower_20170214034821_22807.jpg,https://cdn-strapi.prod.99iddev.net/assets/87_anz_tower_anz_tower_20170214034821_22807_ca8e9fe58f.jpg,,
anz-tower,Media Library/Office Venue/anz-tower,945,17,34,17,interior/87_anz-tower-anz-tower_20170214034821_97259.jpg,interior,87_anz-tower-anz-tower_20170214034821_97259.jpg,uploaded,55829,87_anz-tower-anz-tower_20170214034821_97259.jpg,https://cdn-strapi.prod.99iddev.net/assets/87_anz_tower_anz_tower_20170214034821_97259_ab3cc69e44.jpg,,
anz-tower,Media Library/Office Venue/anz-tower,945,17,34,17,interior/87_anz-tower-anz-tower_20170913064739_55455.jpg,interior,87_anz-tower-anz-tower_20170913064739_55455.jpg,uploaded,55830,87_anz-tower-anz-tower_20170913064739_55455.jpg,https://cdn-strapi.prod.99iddev.net/assets/87_anz_tower_anz_tower_20170913064739_55455_7a3e548c35.jpg,,
anz-tower,Media Library/Office Venue/anz-tower,945,17,34,17,interior/87_anz-tower-anz-tower_20170913064740_65290.jpg,interior,87_anz-tower-anz-tower_20170913064740_65290.jpg,uploaded,55831,87_anz-tower-anz-tower_20170913064740_65290.jpg,https://cdn-strapi.prod.99iddev.net/assets/87_anz_tower_anz_tower_20170913064740_65290_0e8e641f9a.jpg,,
anz-tower,Media Library/Office Venue/anz-tower,945,17,34,17,interior/87_anz-tower-anz-tower_20170913064743_91273.jpg,interior,87_anz-tower-anz-tower_20170913064743_91273.jpg,uploaded,55832,87_anz-tower-anz-tower_20170913064743_91273.jpg,https://cdn-strapi.prod.99iddev.net/assets/87_anz_tower_anz_tower_20170913064743_91273_32331ac1fe.jpg,,
arrtu-agro-nusantara,Media Library/Office Venue/arrtu-agro-nusantara,893,21,42,21,exterior/26_arrtu-agro-nusantara-ex-graha-mip-arrtu-agro-nusantara_20160928070722_31694.jpg,exterior,26_arrtu-agro-nusantara-ex-graha-mip-arrtu-agro-nusantara_20160928070722_31694.jpg,uploaded,55833,26_arrtu-agro-nusantara-ex-graha-mip-arrtu-agro-nusantara_20160928070722_31694.jpg,https://cdn-strapi.prod.99iddev.net/assets/26_arrtu_agro_nusantara_ex_graha_mip_arrtu_agro_nusantara_20160928070722_31694_64b76e5b5d.jpg,,
arrtu-agro-nusantara,Media Library/Office Venue/arrtu-agro-nusantara,893,21,42,21,exterior/26_arrtu-agro-nusantara-ex-graha-mip-arrtu-agro-nusantara_20160928070723_13386.jpg,exterior,26_arrtu-agro-nusantara-ex-graha-mip-arrtu-agro-nusantara_20160928070723_13386.jpg,uploaded,55834,26_arrtu-agro-nusantara-ex-graha-mip-arrtu-agro-nusantara_20160928070723_13386.jpg,https://cdn-strapi.prod.99iddev.net/assets/26_arrtu_agro_nusantara_ex_graha_mip_arrtu_agro_nusantara_20160928070723_13386_f35e090126.jpg,,
arrtu-agro-nusantara,Media Library/Office Venue/arrtu-agro-nusantara,893,21,42,21,exterior/26_arrtu-agro-nusantara-ex-graha-mip-arrtu-agro-nusantara_20160928070723_83499.jpg,exterior,26_arrtu-agro-nusantara-ex-graha-mip-arrtu-agro-nusantara_20160928070723_83499.jpg,uploaded,55835,26_arrtu-agro-nusantara-ex-graha-mip-arrtu-agro-nusantara_20160928070723_83499.jpg,https://cdn-strapi.prod.99iddev.net/assets/26_arrtu_agro_nusantara_ex_graha_mip_arrtu_agro_nusantara_20160928070723_83499_a9a9a0b52b.jpg,,
arrtu-agro-nusantara,Media Library/Office Venue/arrtu-agro-nusantara,893,21,42,21,exterior/26_arrtu-agro-nusantara-ex-graha-mip-arrtu-agro-nusantara_20160928070724_24570.jpg,exterior,26_arrtu-agro-nusantara-ex-graha-mip-arrtu-agro-nusantara_20160928070724_24570.jpg,uploaded,55836,26_arrtu-agro-nusantara-ex-graha-mip-arrtu-agro-nusantara_20160928070724_24570.jpg,https://cdn-strapi.prod.99iddev.net/assets/26_arrtu_agro_nusantara_ex_graha_mip_arrtu_agro_nusantara_20160928070724_24570_7e41ea535a.jpg,,
arrtu-agro-nusantara,Media Library/Office Venue/arrtu-agro-nusantara,893,21,42,21,exterior/26_arrtu-agro-nusantara-ex-graha-mip-arrtu-agro-nusantara_20161020044842_39155.jpg,exterior,26_arrtu-agro-nusantara-ex-graha-mip-arrtu-agro-nusantara_20161020044842_39155.jpg,uploaded,55837,26_arrtu-agro-nusantara-ex-graha-mip-arrtu-agro-nusantara_20161020044842_39155.jpg,https://cdn-strapi.prod.99iddev.net/assets/26_arrtu_agro_nusantara_ex_graha_mip_arrtu_agro_nusantara_20161020044842_39155_2eb647ec96.jpg,,
arrtu-agro-nusantara,Media Library/Office Venue/arrtu-agro-nusantara,893,21,42,21,exterior/26_arrtu-agro-nusantara-ex-graha-mip-arrtu-agro-nusantara_20161020044843_25591.jpg,exterior,26_arrtu-agro-nusantara-ex-graha-mip-arrtu-agro-nusantara_20161020044843_25591.jpg,uploaded,55838,26_arrtu-agro-nusantara-ex-graha-mip-arrtu-agro-nusantara_20161020044843_25591.jpg,https://cdn-strapi.prod.99iddev.net/assets/26_arrtu_agro_nusantara_ex_graha_mip_arrtu_agro_nusantara_20161020044843_25591_a0b8f1ecb1.jpg,,
arrtu-agro-nusantara,Media Library/Office Venue/arrtu-agro-nusantara,893,21,42,21,exterior/26_arrtu-agro-nusantara-ex-graha-mip-arrtu-agro-nusantara_20161020044843_65446.jpg,exterior,26_arrtu-agro-nusantara-ex-graha-mip-arrtu-agro-nusantara_20161020044843_65446.jpg,uploaded,55839,26_arrtu-agro-nusantara-ex-graha-mip-arrtu-agro-nusantara_20161020044843_65446.jpg,https://cdn-strapi.prod.99iddev.net/assets/26_arrtu_agro_nusantara_ex_graha_mip_arrtu_agro_nusantara_20161020044843_65446_11f41119a1.jpg,,
arrtu-agro-nusantara,Media Library/Office Venue/arrtu-agro-nusantara,893,21,42,21,exterior/26_arrtu-agro-nusantara-ex-graha-mip-arrtu-agro-nusantara_20161020044844_83849.jpg,exterior,26_arrtu-agro-nusantara-ex-graha-mip-arrtu-agro-nusantara_20161020044844_83849.jpg,uploaded,55840,26_arrtu-agro-nusantara-ex-graha-mip-arrtu-agro-nusantara_20161020044844_83849.jpg,https://cdn-strapi.prod.99iddev.net/assets/26_arrtu_agro_nusantara_ex_graha_mip_arrtu_agro_nusantara_20161020044844_83849_02a6064a23.jpg,,
arrtu-agro-nusantara,Media Library/Office Venue/arrtu-agro-nusantara,893,21,42,21,interior/26_arrtu-agro-nusantara-ex-graha-mip-arrtu-agro-nusantara_20180329015833_44896.jpg,interior,26_arrtu-agro-nusantara-ex-graha-mip-arrtu-agro-nusantara_20180329015833_44896.jpg,uploaded,55841,26_arrtu-agro-nusantara-ex-graha-mip-arrtu-agro-nusantara_20180329015833_44896.jpg,https://cdn-strapi.prod.99iddev.net/assets/26_arrtu_agro_nusantara_ex_graha_mip_arrtu_agro_nusantara_20180329015833_44896_72109215e6.jpg,,
arrtu-agro-nusantara,Media Library/Office Venue/arrtu-agro-nusantara,893,21,42,21,interior/26_arrtu-agro-nusantara-ex-graha-mip-arrtu-agro-nusantara_20180329015833_87501.jpg,interior,26_arrtu-agro-nusantara-ex-graha-mip-arrtu-agro-nusantara_20180329015833_87501.jpg,uploaded,55842,26_arrtu-agro-nusantara-ex-graha-mip-arrtu-agro-nusantara_20180329015833_87501.jpg,https://cdn-strapi.prod.99iddev.net/assets/26_arrtu_agro_nusantara_ex_graha_mip_arrtu_agro_nusantara_20180329015833_87501_aa436095aa.jpg,,
arrtu-agro-nusantara,Media Library/Office Venue/arrtu-agro-nusantara,893,21,42,21,interior/26_arrtu-agro-nusantara-ex-graha-mip-arrtu-agro-nusantara_20180329015834_45616.jpg,interior,26_arrtu-agro-nusantara-ex-graha-mip-arrtu-agro-nusantara_20180329015834_45616.jpg,uploaded,55843,26_arrtu-agro-nusantara-ex-graha-mip-arrtu-agro-nusantara_20180329015834_45616.jpg,https://cdn-strapi.prod.99iddev.net/assets/26_arrtu_agro_nusantara_ex_graha_mip_arrtu_agro_nusantara_20180329015834_45616_e610f40cac.jpg,,
arrtu-agro-nusantara,Media Library/Office Venue/arrtu-agro-nusantara,893,21,42,21,interior/26_arrtu-agro-nusantara-ex-graha-mip-arrtu-agro-nusantara_20180329015834_45897.jpg,interior,26_arrtu-agro-nusantara-ex-graha-mip-arrtu-agro-nusantara_20180329015834_45897.jpg,uploaded,55844,26_arrtu-agro-nusantara-ex-graha-mip-arrtu-agro-nusantara_20180329015834_45897.jpg,https://cdn-strapi.prod.99iddev.net/assets/26_arrtu_agro_nusantara_ex_graha_mip_arrtu_agro_nusantara_20180329015834_45897_860fd5675e.jpg,,
arrtu-agro-nusantara,Media Library/Office Venue/arrtu-agro-nusantara,893,21,42,21,interior/26_arrtu-agro-nusantara-ex-graha-mip-arrtu-agro-nusantara_20180329015835_18263.jpg,interior,26_arrtu-agro-nusantara-ex-graha-mip-arrtu-agro-nusantara_20180329015835_18263.jpg,uploaded,55845,26_arrtu-agro-nusantara-ex-graha-mip-arrtu-agro-nusantara_20180329015835_18263.jpg,https://cdn-strapi.prod.99iddev.net/assets/26_arrtu_agro_nusantara_ex_graha_mip_arrtu_agro_nusantara_20180329015835_18263_bf876478e1.jpg,,
arrtu-agro-nusantara,Media Library/Office Venue/arrtu-agro-nusantara,893,21,42,21,interior/26_arrtu-agro-nusantara-ex-graha-mip-arrtu-agro-nusantara_20180329015836_47421.jpg,interior,26_arrtu-agro-nusantara-ex-graha-mip-arrtu-agro-nusantara_20180329015836_47421.jpg,uploaded,55846,26_arrtu-agro-nusantara-ex-graha-mip-arrtu-agro-nusantara_20180329015836_47421.jpg,https://cdn-strapi.prod.99iddev.net/assets/26_arrtu_agro_nusantara_ex_graha_mip_arrtu_agro_nusantara_20180329015836_47421_8d854f1d24.jpg,,
arrtu-agro-nusantara,Media Library/Office Venue/arrtu-agro-nusantara,893,21,42,21,interior/26_arrtu-agro-nusantara-ex-graha-mip-arrtu-agro-nusantara_20180329015836_59304.jpg,interior,26_arrtu-agro-nusantara-ex-graha-mip-arrtu-agro-nusantara_20180329015836_59304.jpg,uploaded,55847,26_arrtu-agro-nusantara-ex-graha-mip-arrtu-agro-nusantara_20180329015836_59304.jpg,https://cdn-strapi.prod.99iddev.net/assets/26_arrtu_agro_nusantara_ex_graha_mip_arrtu_agro_nusantara_20180329015836_59304_b8b8ac34a8.jpg,,
arrtu-agro-nusantara,Media Library/Office Venue/arrtu-agro-nusantara,893,21,42,21,interior/26_arrtu-agro-nusantara-ex-graha-mip-arrtu-agro-nusantara_20180329015836_65192.jpg,interior,26_arrtu-agro-nusantara-ex-graha-mip-arrtu-agro-nusantara_20180329015836_65192.jpg,uploaded,55848,26_arrtu-agro-nusantara-ex-graha-mip-arrtu-agro-nusantara_20180329015836_65192.jpg,https://cdn-strapi.prod.99iddev.net/assets/26_arrtu_agro_nusantara_ex_graha_mip_arrtu_agro_nusantara_20180329015836_65192_16b62f8f21.jpg,,
arrtu-agro-nusantara,Media Library/Office Venue/arrtu-agro-nusantara,893,21,42,21,interior/26_arrtu-agro-nusantara-ex-graha-mip-arrtu-agro-nusantara_20180329015837_11786.jpg,interior,26_arrtu-agro-nusantara-ex-graha-mip-arrtu-agro-nusantara_20180329015837_11786.jpg,uploaded,55849,26_arrtu-agro-nusantara-ex-graha-mip-arrtu-agro-nusantara_20180329015837_11786.jpg,https://cdn-strapi.prod.99iddev.net/assets/26_arrtu_agro_nusantara_ex_graha_mip_arrtu_agro_nusantara_20180329015837_11786_71289d2002.jpg,,
arrtu-agro-nusantara,Media Library/Office Venue/arrtu-agro-nusantara,893,21,42,21,interior/26_arrtu-agro-nusantara-ex-graha-mip-arrtu-agro-nusantara_20180329015837_17002.jpg,interior,26_arrtu-agro-nusantara-ex-graha-mip-arrtu-agro-nusantara_20180329015837_17002.jpg,uploaded,55850,26_arrtu-agro-nusantara-ex-graha-mip-arrtu-agro-nusantara_20180329015837_17002.jpg,https://cdn-strapi.prod.99iddev.net/assets/26_arrtu_agro_nusantara_ex_graha_mip_arrtu_agro_nusantara_20180329015837_17002_6c5c474f2f.jpg,,
arrtu-agro-nusantara,Media Library/Office Venue/arrtu-agro-nusantara,893,21,42,21,interior/26_arrtu-agro-nusantara-ex-graha-mip-arrtu-agro-nusantara_20180329015837_61822.jpg,interior,26_arrtu-agro-nusantara-ex-graha-mip-arrtu-agro-nusantara_20180329015837_61822.jpg,uploaded,55851,26_arrtu-agro-nusantara-ex-graha-mip-arrtu-agro-nusantara_20180329015837_61822.jpg,https://cdn-strapi.prod.99iddev.net/assets/26_arrtu_agro_nusantara_ex_graha_mip_arrtu_agro_nusantara_20180329015837_61822_46970b379e.jpg,,
arrtu-agro-nusantara,Media Library/Office Venue/arrtu-agro-nusantara,893,21,42,21,interior/26_arrtu-agro-nusantara-ex-graha-mip-arrtu-agro-nusantara_20180404072319_11827.jpg,interior,26_arrtu-agro-nusantara-ex-graha-mip-arrtu-agro-nusantara_20180404072319_11827.jpg,uploaded,55852,26_arrtu-agro-nusantara-ex-graha-mip-arrtu-agro-nusantara_20180404072319_11827.jpg,https://cdn-strapi.prod.99iddev.net/assets/26_arrtu_agro_nusantara_ex_graha_mip_arrtu_agro_nusantara_20180404072319_11827_ff08454837.jpg,,
arrtu-agro-nusantara,Media Library/Office Venue/arrtu-agro-nusantara,893,21,42,21,interior/26_arrtu-agro-nusantara-ex-graha-mip-arrtu-agro-nusantara_20180404072320_34864.jpg,interior,26_arrtu-agro-nusantara-ex-graha-mip-arrtu-agro-nusantara_20180404072320_34864.jpg,uploaded,55853,26_arrtu-agro-nusantara-ex-graha-mip-arrtu-agro-nusantara_20180404072320_34864.jpg,https://cdn-strapi.prod.99iddev.net/assets/26_arrtu_agro_nusantara_ex_graha_mip_arrtu_agro_nusantara_20180404072320_34864_89f39090df.jpg,,
atrium-setiabudi,Media Library/Office Venue/atrium-setiabudi,150,36,56,20,interior/28_atrium-setiabudi-atrium-setiabudi_20170616073222_31167.jpg,interior,28_atrium-setiabudi-atrium-setiabudi_20170616073222_31167.jpg,uploaded,55854,28_atrium-setiabudi-atrium-setiabudi_20170616073222_31167.jpg,https://cdn-strapi.prod.99iddev.net/assets/28_atrium_setiabudi_atrium_setiabudi_20170616073222_31167_3f4057ae90.jpg,,
atrium-setiabudi,Media Library/Office Venue/atrium-setiabudi,150,36,56,20,interior/28_atrium-setiabudi-atrium-setiabudi_20170616073229_37719.jpg,interior,28_atrium-setiabudi-atrium-setiabudi_20170616073229_37719.jpg,uploaded,55855,28_atrium-setiabudi-atrium-setiabudi_20170616073229_37719.jpg,https://cdn-strapi.prod.99iddev.net/assets/28_atrium_setiabudi_atrium_setiabudi_20170616073229_37719_ba1f8688e7.jpg,,
atrium-setiabudi,Media Library/Office Venue/atrium-setiabudi,150,36,56,20,interior/28_atrium-setiabudi-atrium-setiabudi_20170616073237_48679.jpg,interior,28_atrium-setiabudi-atrium-setiabudi_20170616073237_48679.jpg,uploaded,55856,28_atrium-setiabudi-atrium-setiabudi_20170616073237_48679.jpg,https://cdn-strapi.prod.99iddev.net/assets/28_atrium_setiabudi_atrium_setiabudi_20170616073237_48679_f842a413c6.jpg,,
atrium-setiabudi,Media Library/Office Venue/atrium-setiabudi,150,36,56,20,interior/28_atrium-setiabudi-atrium-setiabudi_20170616073248_35646.jpg,interior,28_atrium-setiabudi-atrium-setiabudi_20170616073248_35646.jpg,uploaded,55857,28_atrium-setiabudi-atrium-setiabudi_20170616073248_35646.jpg,https://cdn-strapi.prod.99iddev.net/assets/28_atrium_setiabudi_atrium_setiabudi_20170616073248_35646_e2f8b72d41.jpg,,
atrium-setiabudi,Media Library/Office Venue/atrium-setiabudi,150,36,56,20,interior/28_atrium-setiabudi-atrium-setiabudi_20170616073255_67289.jpg,interior,28_atrium-setiabudi-atrium-setiabudi_20170616073255_67289.jpg,uploaded,55858,28_atrium-setiabudi-atrium-setiabudi_20170616073255_67289.jpg,https://cdn-strapi.prod.99iddev.net/assets/28_atrium_setiabudi_atrium_setiabudi_20170616073255_67289_26ef2462c5.jpg,,
atrium-setiabudi,Media Library/Office Venue/atrium-setiabudi,150,36,56,20,interior/28_atrium-setiabudi-atrium-setiabudi_20170616073300_73097.jpg,interior,28_atrium-setiabudi-atrium-setiabudi_20170616073300_73097.jpg,uploaded,55859,28_atrium-setiabudi-atrium-setiabudi_20170616073300_73097.jpg,https://cdn-strapi.prod.99iddev.net/assets/28_atrium_setiabudi_atrium_setiabudi_20170616073300_73097_1d40958354.jpg,,
atrium-setiabudi,Media Library/Office Venue/atrium-setiabudi,150,36,56,20,interior/28_atrium-setiabudi-atrium-setiabudi_20170616073307_28260.jpg,interior,28_atrium-setiabudi-atrium-setiabudi_20170616073307_28260.jpg,uploaded,55860,28_atrium-setiabudi-atrium-setiabudi_20170616073307_28260.jpg,https://cdn-strapi.prod.99iddev.net/assets/28_atrium_setiabudi_atrium_setiabudi_20170616073307_28260_562df60928.jpg,,
atrium-setiabudi,Media Library/Office Venue/atrium-setiabudi,150,36,56,20,interior/28_atrium-setiabudi-atrium-setiabudi_20170616073315_82807.jpg,interior,28_atrium-setiabudi-atrium-setiabudi_20170616073315_82807.jpg,uploaded,55861,28_atrium-setiabudi-atrium-setiabudi_20170616073315_82807.jpg,https://cdn-strapi.prod.99iddev.net/assets/28_atrium_setiabudi_atrium_setiabudi_20170616073315_82807_61f8c1a28a.jpg,,
atrium-setiabudi,Media Library/Office Venue/atrium-setiabudi,150,36,56,20,interior/28_atrium-setiabudi-atrium-setiabudi_20171212075352_35417.jpg,interior,28_atrium-setiabudi-atrium-setiabudi_20171212075352_35417.jpg,uploaded,55862,28_atrium-setiabudi-atrium-setiabudi_20171212075352_35417.jpg,https://cdn-strapi.prod.99iddev.net/assets/28_atrium_setiabudi_atrium_setiabudi_20171212075352_35417_7e1b47ed54.jpg,,
atrium-setiabudi,Media Library/Office Venue/atrium-setiabudi,150,36,56,20,interior/28_atrium-setiabudi-atrium-setiabudi_20171212075354_78131.jpg,interior,28_atrium-setiabudi-atrium-setiabudi_20171212075354_78131.jpg,uploaded,55863,28_atrium-setiabudi-atrium-setiabudi_20171212075354_78131.jpg,https://cdn-strapi.prod.99iddev.net/assets/28_atrium_setiabudi_atrium_setiabudi_20171212075354_78131_620a71ce24.jpg,,
atrium-setiabudi,Media Library/Office Venue/atrium-setiabudi,150,36,56,20,interior/28_atrium-setiabudi-atrium-setiabudi_20171212075357_96972.jpg,interior,28_atrium-setiabudi-atrium-setiabudi_20171212075357_96972.jpg,uploaded,55864,28_atrium-setiabudi-atrium-setiabudi_20171212075357_96972.jpg,https://cdn-strapi.prod.99iddev.net/assets/28_atrium_setiabudi_atrium_setiabudi_20171212075357_96972_4953bd1480.jpg,,
atrium-setiabudi,Media Library/Office Venue/atrium-setiabudi,150,36,56,20,interior/28_atrium-setiabudi-atrium-setiabudi_20171212075401_22560.jpg,interior,28_atrium-setiabudi-atrium-setiabudi_20171212075401_22560.jpg,uploaded,55865,28_atrium-setiabudi-atrium-setiabudi_20171212075401_22560.jpg,https://cdn-strapi.prod.99iddev.net/assets/28_atrium_setiabudi_atrium_setiabudi_20171212075401_22560_e6c9ade4fb.jpg,,
atrium-setiabudi,Media Library/Office Venue/atrium-setiabudi,150,36,56,20,interior/28_atrium-setiabudi-atrium-setiabudi_20171212075411_46435.jpg,interior,28_atrium-setiabudi-atrium-setiabudi_20171212075411_46435.jpg,uploaded,55866,28_atrium-setiabudi-atrium-setiabudi_20171212075411_46435.jpg,https://cdn-strapi.prod.99iddev.net/assets/28_atrium_setiabudi_atrium_setiabudi_20171212075411_46435_c8c5c17a14.jpg,,
atrium-setiabudi,Media Library/Office Venue/atrium-setiabudi,150,36,56,20,interior/28_atrium-setiabudi-atrium-setiabudi_20171212075413_97686.jpg,interior,28_atrium-setiabudi-atrium-setiabudi_20171212075413_97686.jpg,uploaded,55867,28_atrium-setiabudi-atrium-setiabudi_20171212075413_97686.jpg,https://cdn-strapi.prod.99iddev.net/assets/28_atrium_setiabudi_atrium_setiabudi_20171212075413_97686_476ed1d207.jpg,,
atrium-setiabudi,Media Library/Office Venue/atrium-setiabudi,150,36,56,20,interior/28_atrium-setiabudi-atrium-setiabudi_20171212075421_85019.jpg,interior,28_atrium-setiabudi-atrium-setiabudi_20171212075421_85019.jpg,uploaded,55868,28_atrium-setiabudi-atrium-setiabudi_20171212075421_85019.jpg,https://cdn-strapi.prod.99iddev.net/assets/28_atrium_setiabudi_atrium_setiabudi_20171212075421_85019_1e4c793607.jpg,,
atrium-setiabudi,Media Library/Office Venue/atrium-setiabudi,150,36,56,20,interior/28_atrium-setiabudi-atrium-setiabudi_20171212075423_31571.jpg,interior,28_atrium-setiabudi-atrium-setiabudi_20171212075423_31571.jpg,uploaded,55869,28_atrium-setiabudi-atrium-setiabudi_20171212075423_31571.jpg,https://cdn-strapi.prod.99iddev.net/assets/28_atrium_setiabudi_atrium_setiabudi_20171212075423_31571_3b60543678.jpg,,
atrium-setiabudi,Media Library/Office Venue/atrium-setiabudi,150,36,56,20,interior/28_atrium-setiabudi-atrium-setiabudi_20171212075439_47204.jpg,interior,28_atrium-setiabudi-atrium-setiabudi_20171212075439_47204.jpg,uploaded,55870,28_atrium-setiabudi-atrium-setiabudi_20171212075439_47204.jpg,https://cdn-strapi.prod.99iddev.net/assets/28_atrium_setiabudi_atrium_setiabudi_20171212075439_47204_1d77f788de.jpg,,
atrium-setiabudi,Media Library/Office Venue/atrium-setiabudi,150,36,56,20,interior/28_atrium-setiabudi-atrium-setiabudi_20171212075447_94526.jpg,interior,28_atrium-setiabudi-atrium-setiabudi_20171212075447_94526.jpg,uploaded,55871,28_atrium-setiabudi-atrium-setiabudi_20171212075447_94526.jpg,https://cdn-strapi.prod.99iddev.net/assets/28_atrium_setiabudi_atrium_setiabudi_20171212075447_94526_5bc0d82ed2.jpg,,
atrium-setiabudi,Media Library/Office Venue/atrium-setiabudi,150,36,56,20,interior/28_atrium-setiabudi-atrium-setiabudi_20171212075449_34954.jpg,interior,28_atrium-setiabudi-atrium-setiabudi_20171212075449_34954.jpg,uploaded,55872,28_atrium-setiabudi-atrium-setiabudi_20171212075449_34954.jpg,https://cdn-strapi.prod.99iddev.net/assets/28_atrium_setiabudi_atrium_setiabudi_20171212075449_34954_c894018b17.jpg,,
atrium-setiabudi,Media Library/Office Venue/atrium-setiabudi,150,36,56,20,interior/28_atrium-setiabudi-atrium-setiabudi_20171212075455_70267.jpg,interior,28_atrium-setiabudi-atrium-setiabudi_20171212075455_70267.jpg,uploaded,55873,28_atrium-setiabudi-atrium-setiabudi_20171212075455_70267.jpg,https://cdn-strapi.prod.99iddev.net/assets/28_atrium_setiabudi_atrium_setiabudi_20171212075455_70267_39425d16ef.jpg,,
bangkok-bank,Media Library/Office Venue/bangkok-bank,158,5,9,4,exterior/386_bangkok-bank-bangkok-bank_20160914043734_96716.jpg,exterior,386_bangkok-bank-bangkok-bank_20160914043734_96716.jpg,uploaded,55874,386_bangkok-bank-bangkok-bank_20160914043734_96716.jpg,https://cdn-strapi.prod.99iddev.net/assets/386_bangkok_bank_bangkok_bank_20160914043734_96716_dfc59ac731.jpg,,
bangkok-bank,Media Library/Office Venue/bangkok-bank,158,5,9,4,interior/386_bangkok-bank-bangkok-bank_20170705095521_15620.jpg,interior,386_bangkok-bank-bangkok-bank_20170705095521_15620.jpg,uploaded,55875,386_bangkok-bank-bangkok-bank_20170705095521_15620.jpg,https://cdn-strapi.prod.99iddev.net/assets/386_bangkok_bank_bangkok_bank_20170705095521_15620_3f584b8fcb.jpg,,
bangkok-bank,Media Library/Office Venue/bangkok-bank,158,5,9,4,interior/386_bangkok-bank-bangkok-bank_20170705095529_33577.jpg,interior,386_bangkok-bank-bangkok-bank_20170705095529_33577.jpg,uploaded,55876,386_bangkok-bank-bangkok-bank_20170705095529_33577.jpg,https://cdn-strapi.prod.99iddev.net/assets/386_bangkok_bank_bangkok_bank_20170705095529_33577_662bc8e4cf.jpg,,
bangkok-bank,Media Library/Office Venue/bangkok-bank,158,5,9,4,interior/386_bangkok-bank-bangkok-bank_20170705095534_56701.jpg,interior,386_bangkok-bank-bangkok-bank_20170705095534_56701.jpg,uploaded,55877,386_bangkok-bank-bangkok-bank_20170705095534_56701.jpg,https://cdn-strapi.prod.99iddev.net/assets/386_bangkok_bank_bangkok_bank_20170705095534_56701_8a794632d7.jpg,,
bellezza-bellezza-shopping-arcade,Media Library/Office Venue/bellezza-bellezza-shopping-arcade,920,17,34,17,exterior/521_bellezza-bellezza-shopping-arcade_20170612032850_69192.jpg,exterior,521_bellezza-bellezza-shopping-arcade_20170612032850_69192.jpg,uploaded,55878,521_bellezza-bellezza-shopping-arcade_20170612032850_69192.jpg,https://cdn-strapi.prod.99iddev.net/assets/521_bellezza_bellezza_shopping_arcade_20170612032850_69192_8c14598a55.jpg,,
bellezza-bellezza-shopping-arcade,Media Library/Office Venue/bellezza-bellezza-shopping-arcade,920,17,34,17,floorplan/521_bellezza-bellezza-shopping-arcade_20170612034718_87265.jpg,floorplan,521_bellezza-bellezza-shopping-arcade_20170612034718_87265.jpg,uploaded,55879,521_bellezza-bellezza-shopping-arcade_20170612034718_87265.jpg,https://cdn-strapi.prod.99iddev.net/assets/521_bellezza_bellezza_shopping_arcade_20170612034718_87265_773312810d.jpg,,
bellezza-bellezza-shopping-arcade,Media Library/Office Venue/bellezza-bellezza-shopping-arcade,920,17,34,17,floorplan/521_bellezza-bellezza-shopping-arcade_20170612034727_91664.jpg,floorplan,521_bellezza-bellezza-shopping-arcade_20170612034727_91664.jpg,uploaded,55880,521_bellezza-bellezza-shopping-arcade_20170612034727_91664.jpg,https://cdn-strapi.prod.99iddev.net/assets/521_bellezza_bellezza_shopping_arcade_20170612034727_91664_753212e507.jpg,,
bellezza-bellezza-shopping-arcade,Media Library/Office Venue/bellezza-bellezza-shopping-arcade,920,17,34,17,floorplan/521_bellezza-bellezza-shopping-arcade_20170612034732_56139.jpg,floorplan,521_bellezza-bellezza-shopping-arcade_20170612034732_56139.jpg,uploaded,55881,521_bellezza-bellezza-shopping-arcade_20170612034732_56139.jpg,https://cdn-strapi.prod.99iddev.net/assets/521_bellezza_bellezza_shopping_arcade_20170612034732_56139_aa045c83ab.jpg,,
bellezza-bellezza-shopping-arcade,Media Library/Office Venue/bellezza-bellezza-shopping-arcade,920,17,34,17,interior/521_bellezza-bellezza-shopping-arcade_20170612033009_24187.jpg,interior,521_bellezza-bellezza-shopping-arcade_20170612033009_24187.jpg,uploaded,55882,521_bellezza-bellezza-shopping-arcade_20170612033009_24187.jpg,https://cdn-strapi.prod.99iddev.net/assets/521_bellezza_bellezza_shopping_arcade_20170612033009_24187_bec8b0e8dd.jpg,,
bellezza-bellezza-shopping-arcade,Media Library/Office Venue/bellezza-bellezza-shopping-arcade,920,17,34,17,interior/521_bellezza-bellezza-shopping-arcade_20170612033017_16556.jpg,interior,521_bellezza-bellezza-shopping-arcade_20170612033017_16556.jpg,uploaded,55883,521_bellezza-bellezza-shopping-arcade_20170612033017_16556.jpg,https://cdn-strapi.prod.99iddev.net/assets/521_bellezza_bellezza_shopping_arcade_20170612033017_16556_3c0aed7ffa.jpg,,
bellezza-bellezza-shopping-arcade,Media Library/Office Venue/bellezza-bellezza-shopping-arcade,920,17,34,17,interior/521_bellezza-bellezza-shopping-arcade_20170612033027_69141.jpg,interior,521_bellezza-bellezza-shopping-arcade_20170612033027_69141.jpg,uploaded,55884,521_bellezza-bellezza-shopping-arcade_20170612033027_69141.jpg,https://cdn-strapi.prod.99iddev.net/assets/521_bellezza_bellezza_shopping_arcade_20170612033027_69141_7c9ea8bc1a.jpg,,
bellezza-bellezza-shopping-arcade,Media Library/Office Venue/bellezza-bellezza-shopping-arcade,920,17,34,17,interior/521_bellezza-bellezza-shopping-arcade_20170612033036_75115.jpg,interior,521_bellezza-bellezza-shopping-arcade_20170612033036_75115.jpg,uploaded,55885,521_bellezza-bellezza-shopping-arcade_20170612033036_75115.jpg,https://cdn-strapi.prod.99iddev.net/assets/521_bellezza_bellezza_shopping_arcade_20170612033036_75115_7801810558.jpg,,
bellezza-bellezza-shopping-arcade,Media Library/Office Venue/bellezza-bellezza-shopping-arcade,920,17,34,17,interior/521_bellezza-bellezza-shopping-arcade_20170612033044_81168.jpg,interior,521_bellezza-bellezza-shopping-arcade_20170612033044_81168.jpg,uploaded,55886,521_bellezza-bellezza-shopping-arcade_20170612033044_81168.jpg,https://cdn-strapi.prod.99iddev.net/assets/521_bellezza_bellezza_shopping_arcade_20170612033044_81168_5145a4155e.jpg,,
bellezza-bellezza-shopping-arcade,Media Library/Office Venue/bellezza-bellezza-shopping-arcade,920,17,34,17,interior/521_bellezza-bellezza-shopping-arcade_20170612033106_42592.jpg,interior,521_bellezza-bellezza-shopping-arcade_20170612033106_42592.jpg,uploaded,55887,521_bellezza-bellezza-shopping-arcade_20170612033106_42592.jpg,https://cdn-strapi.prod.99iddev.net/assets/521_bellezza_bellezza_shopping_arcade_20170612033106_42592_b0b0ee81ea.jpg,,
bellezza-bellezza-shopping-arcade,Media Library/Office Venue/bellezza-bellezza-shopping-arcade,920,17,34,17,interior/521_bellezza-bellezza-shopping-arcade_20170612033114_65339.jpg,interior,521_bellezza-bellezza-shopping-arcade_20170612033114_65339.jpg,uploaded,55888,521_bellezza-bellezza-shopping-arcade_20170612033114_65339.jpg,https://cdn-strapi.prod.99iddev.net/assets/521_bellezza_bellezza_shopping_arcade_20170612033114_65339_721cbaab20.jpg,,
bellezza-bellezza-shopping-arcade,Media Library/Office Venue/bellezza-bellezza-shopping-arcade,920,17,34,17,interior/521_bellezza-bellezza-shopping-arcade_20170612033337_90115.jpg,interior,521_bellezza-bellezza-shopping-arcade_20170612033337_90115.jpg,uploaded,55889,521_bellezza-bellezza-shopping-arcade_20170612033337_90115.jpg,https://cdn-strapi.prod.99iddev.net/assets/521_bellezza_bellezza_shopping_arcade_20170612033337_90115_8159e26812.jpg,,
bellezza-bellezza-shopping-arcade,Media Library/Office Venue/bellezza-bellezza-shopping-arcade,920,17,34,17,interior/521_bellezza-bellezza-shopping-arcade_20170612033402_70555.jpg,interior,521_bellezza-bellezza-shopping-arcade_20170612033402_70555.jpg,uploaded,55890,521_bellezza-bellezza-shopping-arcade_20170612033402_70555.jpg,https://cdn-strapi.prod.99iddev.net/assets/521_bellezza_bellezza_shopping_arcade_20170612033402_70555_d9fb3534cc.jpg,,
bellezza-bellezza-shopping-arcade,Media Library/Office Venue/bellezza-bellezza-shopping-arcade,920,17,34,17,interior/521_bellezza-bellezza-shopping-arcade_20170612033408_89500.jpg,interior,521_bellezza-bellezza-shopping-arcade_20170612033408_89500.jpg,uploaded,55891,521_bellezza-bellezza-shopping-arcade_20170612033408_89500.jpg,https://cdn-strapi.prod.99iddev.net/assets/521_bellezza_bellezza_shopping_arcade_20170612033408_89500_53fa65504d.jpg,,
bellezza-bellezza-shopping-arcade,Media Library/Office Venue/bellezza-bellezza-shopping-arcade,920,17,34,17,interior/521_bellezza-bellezza-shopping-arcade_20170612033421_16133.jpg,interior,521_bellezza-bellezza-shopping-arcade_20170612033421_16133.jpg,uploaded,55892,521_bellezza-bellezza-shopping-arcade_20170612033421_16133.jpg,https://cdn-strapi.prod.99iddev.net/assets/521_bellezza_bellezza_shopping_arcade_20170612033421_16133_205b74cc67.jpg,,
bellezza-bellezza-shopping-arcade,Media Library/Office Venue/bellezza-bellezza-shopping-arcade,920,17,34,17,interior/521_bellezza-bellezza-shopping-arcade_20171024043902_66221.jpg,interior,521_bellezza-bellezza-shopping-arcade_20171024043902_66221.jpg,uploaded,55893,521_bellezza-bellezza-shopping-arcade_20171024043902_66221.jpg,https://cdn-strapi.prod.99iddev.net/assets/521_bellezza_bellezza_shopping_arcade_20171024043902_66221_47c94576ae.jpg,,
bellezza-bellezza-shopping-arcade,Media Library/Office Venue/bellezza-bellezza-shopping-arcade,920,17,34,17,interior/521_bellezza-bellezza-shopping-arcade_20171024043905_54701.jpg,interior,521_bellezza-bellezza-shopping-arcade_20171024043905_54701.jpg,uploaded,55894,521_bellezza-bellezza-shopping-arcade_20171024043905_54701.jpg,https://cdn-strapi.prod.99iddev.net/assets/521_bellezza_bellezza_shopping_arcade_20171024043905_54701_b0c98c3dd6.jpg,,
bellezza-office-tower,Media Library/Office Venue/bellezza-office-tower,973,3,6,3,exterior/482_bellezza-office-tower-bellezza-office-tower_20170418042628_28485.jpg,exterior,482_bellezza-office-tower-bellezza-office-tower_20170418042628_28485.jpg,uploaded,55895,482_bellezza-office-tower-bellezza-office-tower_20170418042628_28485.jpg,https://cdn-strapi.prod.99iddev.net/assets/482_bellezza_office_tower_bellezza_office_tower_20170418042628_28485_606a715fdf.jpg,,
bellezza-office-tower,Media Library/Office Venue/bellezza-office-tower,973,3,6,3,exterior/482_bellezza-office-tower-bellezza-office-tower_20170418042636_31787.jpg,exterior,482_bellezza-office-tower-bellezza-office-tower_20170418042636_31787.jpg,uploaded,55896,482_bellezza-office-tower-bellezza-office-tower_20170418042636_31787.jpg,https://cdn-strapi.prod.99iddev.net/assets/482_bellezza_office_tower_bellezza_office_tower_20170418042636_31787_6aed58e03f.jpg,,
bellezza-office-tower,Media Library/Office Venue/bellezza-office-tower,973,3,6,3,exterior/482_bellezza-office-tower-bellezza-office-tower_20170418042643_52336.jpg,exterior,482_bellezza-office-tower-bellezza-office-tower_20170418042643_52336.jpg,uploaded,55897,482_bellezza-office-tower-bellezza-office-tower_20170418042643_52336.jpg,https://cdn-strapi.prod.99iddev.net/assets/482_bellezza_office_tower_bellezza_office_tower_20170418042643_52336_bef5dba181.jpg,,
berita-satu-plaza,Media Library/Office Venue/berita-satu-plaza,1315,1,2,1,floorplan/295_berita-satu-plaza-berita-satu-plaza_20170222061403_93105.jpg,floorplan,295_berita-satu-plaza-berita-satu-plaza_20170222061403_93105.jpg,uploaded,55898,295_berita-satu-plaza-berita-satu-plaza_20170222061403_93105.jpg,https://cdn-strapi.prod.99iddev.net/assets/295_berita_satu_plaza_berita_satu_plaza_20170222061403_93105_a503a4af71.jpg,,
blue-green-office-tower,Media Library/Office Venue/blue-green-office-tower,921,34,56,22,exterior/164_blue-green-integrated-boutique-office-blue-green-office-tower_20160914095521_20321.jpg,exterior,164_blue-green-integrated-boutique-office-blue-green-office-tower_20160914095521_20321.jpg,uploaded,55899,164_blue-green-integrated-boutique-office-blue-green-office-tower_20160914095521_20321.jpg,https://cdn-strapi.prod.99iddev.net/assets/164_blue_green_integrated_boutique_office_blue_green_office_tower_20160914095521_20321_e1cdf3e4a0.jpg,,
blue-green-office-tower,Media Library/Office Venue/blue-green-office-tower,921,34,56,22,floorplan/164_blue-green-integrated-boutique-office-blue-green-office-tower_20181015045451_81655.jpg,floorplan,164_blue-green-integrated-boutique-office-blue-green-office-tower_20181015045451_81655.jpg,uploaded,55900,164_blue-green-integrated-boutique-office-blue-green-office-tower_20181015045451_81655.jpg,https://cdn-strapi.prod.99iddev.net/assets/164_blue_green_integrated_boutique_office_blue_green_office_tower_20181015045451_81655_7438ecfa39.jpg,,
blue-green-office-tower,Media Library/Office Venue/blue-green-office-tower,921,34,56,22,interior/164_blue-green-integrated-boutique-office-blue-green-office-tower_20181015023011_17772.jpg,interior,164_blue-green-integrated-boutique-office-blue-green-office-tower_20181015023011_17772.jpg,uploaded,55901,164_blue-green-integrated-boutique-office-blue-green-office-tower_20181015023011_17772.jpg,https://cdn-strapi.prod.99iddev.net/assets/164_blue_green_integrated_boutique_office_blue_green_office_tower_20181015023011_17772_99b936ba24.jpg,,
blue-green-office-tower,Media Library/Office Venue/blue-green-office-tower,921,34,56,22,interior/164_blue-green-integrated-boutique-office-blue-green-office-tower_20181015023011_27952.jpg,interior,164_blue-green-integrated-boutique-office-blue-green-office-tower_20181015023011_27952.jpg,uploaded,55902,164_blue-green-integrated-boutique-office-blue-green-office-tower_20181015023011_27952.jpg,https://cdn-strapi.prod.99iddev.net/assets/164_blue_green_integrated_boutique_office_blue_green_office_tower_20181015023011_27952_500a72640b.jpg,,
blue-green-office-tower,Media Library/Office Venue/blue-green-office-tower,921,34,56,22,interior/164_blue-green-integrated-boutique-office-blue-green-office-tower_20181015023011_43878.jpg,interior,164_blue-green-integrated-boutique-office-blue-green-office-tower_20181015023011_43878.jpg,uploaded,55903,164_blue-green-integrated-boutique-office-blue-green-office-tower_20181015023011_43878.jpg,https://cdn-strapi.prod.99iddev.net/assets/164_blue_green_integrated_boutique_office_blue_green_office_tower_20181015023011_43878_d9ef35cf70.jpg,,
blue-green-office-tower,Media Library/Office Venue/blue-green-office-tower,921,34,56,22,interior/164_blue-green-integrated-boutique-office-blue-green-office-tower_20181015023012_57803.jpg,interior,164_blue-green-integrated-boutique-office-blue-green-office-tower_20181015023012_57803.jpg,uploaded,55904,164_blue-green-integrated-boutique-office-blue-green-office-tower_20181015023012_57803.jpg,https://cdn-strapi.prod.99iddev.net/assets/164_blue_green_integrated_boutique_office_blue_green_office_tower_20181015023012_57803_e21156fd5a.jpg,,
blue-green-office-tower,Media Library/Office Venue/blue-green-office-tower,921,34,56,22,interior/164_blue-green-integrated-boutique-office-blue-green-office-tower_20181015023012_61727.jpg,interior,164_blue-green-integrated-boutique-office-blue-green-office-tower_20181015023012_61727.jpg,uploaded,55905,164_blue-green-integrated-boutique-office-blue-green-office-tower_20181015023012_61727.jpg,https://cdn-strapi.prod.99iddev.net/assets/164_blue_green_integrated_boutique_office_blue_green_office_tower_20181015023012_61727_4f2a9c729d.jpg,,
blue-green-office-tower,Media Library/Office Venue/blue-green-office-tower,921,34,56,22,interior/164_blue-green-integrated-boutique-office-blue-green-office-tower_20181015023012_87492.jpg,interior,164_blue-green-integrated-boutique-office-blue-green-office-tower_20181015023012_87492.jpg,uploaded,55906,164_blue-green-integrated-boutique-office-blue-green-office-tower_20181015023012_87492.jpg,https://cdn-strapi.prod.99iddev.net/assets/164_blue_green_integrated_boutique_office_blue_green_office_tower_20181015023012_87492_db8c1f488f.jpg,,
blue-green-office-tower,Media Library/Office Venue/blue-green-office-tower,921,34,56,22,interior/164_blue-green-integrated-boutique-office-blue-green-office-tower_20181015023012_90199.jpg,interior,164_blue-green-integrated-boutique-office-blue-green-office-tower_20181015023012_90199.jpg,uploaded,55907,164_blue-green-integrated-boutique-office-blue-green-office-tower_20181015023012_90199.jpg,https://cdn-strapi.prod.99iddev.net/assets/164_blue_green_integrated_boutique_office_blue_green_office_tower_20181015023012_90199_ad5ff9cfc6.jpg,,
blue-green-office-tower,Media Library/Office Venue/blue-green-office-tower,921,34,56,22,interior/164_blue-green-integrated-boutique-office-blue-green-office-tower_20181015023013_25244.jpg,interior,164_blue-green-integrated-boutique-office-blue-green-office-tower_20181015023013_25244.jpg,uploaded,55908,164_blue-green-integrated-boutique-office-blue-green-office-tower_20181015023013_25244.jpg,https://cdn-strapi.prod.99iddev.net/assets/164_blue_green_integrated_boutique_office_blue_green_office_tower_20181015023013_25244_26abfdf412.jpg,,
blue-green-office-tower,Media Library/Office Venue/blue-green-office-tower,921,34,56,22,interior/164_blue-green-integrated-boutique-office-blue-green-office-tower_20181015023013_27184.jpg,interior,164_blue-green-integrated-boutique-office-blue-green-office-tower_20181015023013_27184.jpg,uploaded,55909,164_blue-green-integrated-boutique-office-blue-green-office-tower_20181015023013_27184.jpg,https://cdn-strapi.prod.99iddev.net/assets/164_blue_green_integrated_boutique_office_blue_green_office_tower_20181015023013_27184_1a7e989443.jpg,,
blue-green-office-tower,Media Library/Office Venue/blue-green-office-tower,921,34,56,22,interior/164_blue-green-integrated-boutique-office-blue-green-office-tower_20181015023013_64084.jpg,interior,164_blue-green-integrated-boutique-office-blue-green-office-tower_20181015023013_64084.jpg,uploaded,55910,164_blue-green-integrated-boutique-office-blue-green-office-tower_20181015023013_64084.jpg,https://cdn-strapi.prod.99iddev.net/assets/164_blue_green_integrated_boutique_office_blue_green_office_tower_20181015023013_64084_fa36ad8d3c.jpg,,
blue-green-office-tower,Media Library/Office Venue/blue-green-office-tower,921,34,56,22,interior/164_blue-green-integrated-boutique-office-blue-green-office-tower_20181015023013_64805.jpg,interior,164_blue-green-integrated-boutique-office-blue-green-office-tower_20181015023013_64805.jpg,uploaded,55911,164_blue-green-integrated-boutique-office-blue-green-office-tower_20181015023013_64805.jpg,https://cdn-strapi.prod.99iddev.net/assets/164_blue_green_integrated_boutique_office_blue_green_office_tower_20181015023013_64805_fbcc4b1733.jpg,,
blue-green-office-tower,Media Library/Office Venue/blue-green-office-tower,921,34,56,22,interior/164_blue-green-integrated-boutique-office-blue-green-office-tower_20181015023013_69451.jpg,interior,164_blue-green-integrated-boutique-office-blue-green-office-tower_20181015023013_69451.jpg,uploaded,55912,164_blue-green-integrated-boutique-office-blue-green-office-tower_20181015023013_69451.jpg,https://cdn-strapi.prod.99iddev.net/assets/164_blue_green_integrated_boutique_office_blue_green_office_tower_20181015023013_69451_81b43e35f0.jpg,,
blue-green-office-tower,Media Library/Office Venue/blue-green-office-tower,921,34,56,22,interior/164_blue-green-integrated-boutique-office-blue-green-office-tower_20181015023013_77044.jpg,interior,164_blue-green-integrated-boutique-office-blue-green-office-tower_20181015023013_77044.jpg,uploaded,55913,164_blue-green-integrated-boutique-office-blue-green-office-tower_20181015023013_77044.jpg,https://cdn-strapi.prod.99iddev.net/assets/164_blue_green_integrated_boutique_office_blue_green_office_tower_20181015023013_77044_0c91e6ea3a.jpg,,
blue-green-office-tower,Media Library/Office Venue/blue-green-office-tower,921,34,56,22,interior/164_blue-green-integrated-boutique-office-blue-green-office-tower_20181015023013_92523.jpg,interior,164_blue-green-integrated-boutique-office-blue-green-office-tower_20181015023013_92523.jpg,uploaded,55914,164_blue-green-integrated-boutique-office-blue-green-office-tower_20181015023013_92523.jpg,https://cdn-strapi.prod.99iddev.net/assets/164_blue_green_integrated_boutique_office_blue_green_office_tower_20181015023013_92523_8a2a6a151b.jpg,,
blue-green-office-tower,Media Library/Office Venue/blue-green-office-tower,921,34,56,22,interior/164_blue-green-integrated-boutique-office-blue-green-office-tower_20181015023013_96545.jpg,interior,164_blue-green-integrated-boutique-office-blue-green-office-tower_20181015023013_96545.jpg,uploaded,55915,164_blue-green-integrated-boutique-office-blue-green-office-tower_20181015023013_96545.jpg,https://cdn-strapi.prod.99iddev.net/assets/164_blue_green_integrated_boutique_office_blue_green_office_tower_20181015023013_96545_d149a1d310.jpg,,
blue-green-office-tower,Media Library/Office Venue/blue-green-office-tower,921,34,56,22,interior/164_blue-green-integrated-boutique-office-blue-green-office-tower_20181015023014_18370.jpg,interior,164_blue-green-integrated-boutique-office-blue-green-office-tower_20181015023014_18370.jpg,uploaded,55916,164_blue-green-integrated-boutique-office-blue-green-office-tower_20181015023014_18370.jpg,https://cdn-strapi.prod.99iddev.net/assets/164_blue_green_integrated_boutique_office_blue_green_office_tower_20181015023014_18370_7f78403c5b.jpg,,
blue-green-office-tower,Media Library/Office Venue/blue-green-office-tower,921,34,56,22,interior/164_blue-green-integrated-boutique-office-blue-green-office-tower_20181015023014_38339.jpg,interior,164_blue-green-integrated-boutique-office-blue-green-office-tower_20181015023014_38339.jpg,uploaded,55917,164_blue-green-integrated-boutique-office-blue-green-office-tower_20181015023014_38339.jpg,https://cdn-strapi.prod.99iddev.net/assets/164_blue_green_integrated_boutique_office_blue_green_office_tower_20181015023014_38339_203ccbeea1.jpg,,
blue-green-office-tower,Media Library/Office Venue/blue-green-office-tower,921,34,56,22,interior/164_blue-green-integrated-boutique-office-blue-green-office-tower_20181015023014_45287.jpg,interior,164_blue-green-integrated-boutique-office-blue-green-office-tower_20181015023014_45287.jpg,uploaded,55918,164_blue-green-integrated-boutique-office-blue-green-office-tower_20181015023014_45287.jpg,https://cdn-strapi.prod.99iddev.net/assets/164_blue_green_integrated_boutique_office_blue_green_office_tower_20181015023014_45287_b6574e4d29.jpg,,
blue-green-office-tower,Media Library/Office Venue/blue-green-office-tower,921,34,56,22,interior/164_blue-green-integrated-boutique-office-blue-green-office-tower_20181015023014_63360.jpg,interior,164_blue-green-integrated-boutique-office-blue-green-office-tower_20181015023014_63360.jpg,uploaded,55919,164_blue-green-integrated-boutique-office-blue-green-office-tower_20181015023014_63360.jpg,https://cdn-strapi.prod.99iddev.net/assets/164_blue_green_integrated_boutique_office_blue_green_office_tower_20181015023014_63360_1c8b35b23b.jpg,,
blue-green-office-tower,Media Library/Office Venue/blue-green-office-tower,921,34,56,22,interior/164_blue-green-integrated-boutique-office-blue-green-office-tower_20181015023014_88203.jpg,interior,164_blue-green-integrated-boutique-office-blue-green-office-tower_20181015023014_88203.jpg,uploaded,55920,164_blue-green-integrated-boutique-office-blue-green-office-tower_20181015023014_88203.jpg,https://cdn-strapi.prod.99iddev.net/assets/164_blue_green_integrated_boutique_office_blue_green_office_tower_20181015023014_88203_565859657c.jpg,,
centennial-tower,Media Library/Office Venue/centennial-tower,174,33,33,11,interior/2_centennial-tower-centennial-tower_20170314084530_40504.jpg,interior,2_centennial-tower-centennial-tower_20170314084530_40504.jpg,skipped_existing,55753,2_centennial-tower-centennial-tower_20170314084530_40504.jpg,https://cdn-strapi.prod.99iddev.net/assets/2_centennial_tower_centennial_tower_20170314084530_40504_9982255c89.jpg,Same name already exists in this Strapi folder,2_centennial-tower-centennial-tower_20170314084530_40504.jpg
centennial-tower,Media Library/Office Venue/centennial-tower,174,33,33,11,interior/2_centennial-tower-centennial-tower_20170314084532_10504.jpg,interior,2_centennial-tower-centennial-tower_20170314084532_10504.jpg,skipped_existing,55754,2_centennial-tower-centennial-tower_20170314084532_10504.jpg,https://cdn-strapi.prod.99iddev.net/assets/2_centennial_tower_centennial_tower_20170314084532_10504_5bdd041773.jpg,Same name already exists in this Strapi folder,2_centennial-tower-centennial-tower_20170314084532_10504.jpg
centennial-tower,Media Library/Office Venue/centennial-tower,174,33,33,11,interior/2_centennial-tower-centennial-tower_20170314084532_39445.jpg,interior,2_centennial-tower-centennial-tower_20170314084532_39445.jpg,skipped_existing,55755,2_centennial-tower-centennial-tower_20170314084532_39445.jpg,https://cdn-strapi.prod.99iddev.net/assets/2_centennial_tower_centennial_tower_20170314084532_39445_aba6092539.jpg,Same name already exists in this Strapi folder,2_centennial-tower-centennial-tower_20170314084532_39445.jpg
centennial-tower,Media Library/Office Venue/centennial-tower,174,33,33,11,interior/2_centennial-tower-centennial-tower_20170314084532_80887.jpg,interior,2_centennial-tower-centennial-tower_20170314084532_80887.jpg,skipped_existing,55756,2_centennial-tower-centennial-tower_20170314084532_80887.jpg,https://cdn-strapi.prod.99iddev.net/assets/2_centennial_tower_centennial_tower_20170314084532_80887_4fb460f5b4.jpg,Same name already exists in this Strapi folder,2_centennial-tower-centennial-tower_20170314084532_80887.jpg
centennial-tower,Media Library/Office Venue/centennial-tower,174,33,33,11,interior/2_centennial-tower-centennial-tower_20170314084533_24272.jpg,interior,2_centennial-tower-centennial-tower_20170314084533_24272.jpg,skipped_existing,55757,2_centennial-tower-centennial-tower_20170314084533_24272.jpg,https://cdn-strapi.prod.99iddev.net/assets/2_centennial_tower_centennial_tower_20170314084533_24272_b600678454.jpg,Same name already exists in this Strapi folder,2_centennial-tower-centennial-tower_20170314084533_24272.jpg
centennial-tower,Media Library/Office Venue/centennial-tower,174,33,33,11,interior/2_centennial-tower-centennial-tower_20170314084533_28031.jpg,interior,2_centennial-tower-centennial-tower_20170314084533_28031.jpg,skipped_existing,55758,2_centennial-tower-centennial-tower_20170314084533_28031.jpg,https://cdn-strapi.prod.99iddev.net/assets/2_centennial_tower_centennial_tower_20170314084533_28031_1fe7e2dc67.jpg,Same name already exists in this Strapi folder,2_centennial-tower-centennial-tower_20170314084533_28031.jpg
centennial-tower,Media Library/Office Venue/centennial-tower,174,33,33,11,interior/2_centennial-tower-centennial-tower_20170314084533_48886.jpg,interior,2_centennial-tower-centennial-tower_20170314084533_48886.jpg,skipped_existing,55759,2_centennial-tower-centennial-tower_20170314084533_48886.jpg,https://cdn-strapi.prod.99iddev.net/assets/2_centennial_tower_centennial_tower_20170314084533_48886_15ec1d976e.jpg,Same name already exists in this Strapi folder,2_centennial-tower-centennial-tower_20170314084533_48886.jpg
centennial-tower,Media Library/Office Venue/centennial-tower,174,33,33,11,interior/2_centennial-tower-centennial-tower_20170314084534_37010.jpg,interior,2_centennial-tower-centennial-tower_20170314084534_37010.jpg,skipped_existing,55760,2_centennial-tower-centennial-tower_20170314084534_37010.jpg,https://cdn-strapi.prod.99iddev.net/assets/2_centennial_tower_centennial_tower_20170314084534_37010_6eabf54312.jpg,Same name already exists in this Strapi folder,2_centennial-tower-centennial-tower_20170314084534_37010.jpg
centennial-tower,Media Library/Office Venue/centennial-tower,174,33,33,11,interior/2_centennial-tower-centennial-tower_20170314084534_37913.jpg,interior,2_centennial-tower-centennial-tower_20170314084534_37913.jpg,skipped_existing,55761,2_centennial-tower-centennial-tower_20170314084534_37913.jpg,https://cdn-strapi.prod.99iddev.net/assets/2_centennial_tower_centennial_tower_20170314084534_37913_9bac50ddde.jpg,Same name already exists in this Strapi folder,2_centennial-tower-centennial-tower_20170314084534_37913.jpg
centennial-tower,Media Library/Office Venue/centennial-tower,174,33,33,11,interior/2_centennial-tower-centennial-tower_20170314084534_70384.jpg,interior,2_centennial-tower-centennial-tower_20170314084534_70384.jpg,skipped_existing,55762,2_centennial-tower-centennial-tower_20170314084534_70384.jpg,https://cdn-strapi.prod.99iddev.net/assets/2_centennial_tower_centennial_tower_20170314084534_70384_88c79a4dde.jpg,Same name already exists in this Strapi folder,2_centennial-tower-centennial-tower_20170314084534_70384.jpg
centennial-tower,Media Library/Office Venue/centennial-tower,174,33,33,11,interior/2_centennial-tower-centennial-tower_20170314084534_82473.jpg,interior,2_centennial-tower-centennial-tower_20170314084534_82473.jpg,skipped_existing,55763,2_centennial-tower-centennial-tower_20170314084534_82473.jpg,https://cdn-strapi.prod.99iddev.net/assets/2_centennial_tower_centennial_tower_20170314084534_82473_45339a4545.jpg,Same name already exists in this Strapi folder,2_centennial-tower-centennial-tower_20170314084534_82473.jpg
cibis-nine,Media Library/Office Venue/cibis-nine,182,19,20,1,exterior/206_cibis-business-park-cibis-nine_20170330025700_11747.jpg,exterior,206_cibis-business-park-cibis-nine_20170330025700_11747.jpg,uploaded,55921,206_cibis-business-park-cibis-nine_20170330025700_11747.jpg,https://cdn-strapi.prod.99iddev.net/assets/206_cibis_business_park_cibis_nine_20170330025700_11747_d657fdced2.jpg,,
cibis-tower,Media Library/Office Venue/cibis-tower,975,1,2,1,exterior/206_cibis-tower-cibis-tower_20160914043744_86524.jpg,exterior,206_cibis-tower-cibis-tower_20160914043744_86524.jpg,uploaded,55922,206_cibis-tower-cibis-tower_20160914043744_86524.jpg,https://cdn-strapi.prod.99iddev.net/assets/206_cibis_tower_cibis_tower_20160914043744_86524_dcf79db399.jpg,,
cibis-tower-9,Media Library/Office Venue/cibis-tower-9,1316,3,5,2,exterior/206_cibis-tower-9-cibis-tower-9_20170125075337_94014.jpg,exterior,206_cibis-tower-9-cibis-tower-9_20170125075337_94014.jpg,uploaded,55923,206_cibis-tower-9-cibis-tower-9_20170125075337_94014.jpg,https://cdn-strapi.prod.99iddev.net/assets/206_cibis_tower_9_cibis_tower_9_20170125075337_94014_59211fc0d6.jpg,,
cibis-tower-9,Media Library/Office Venue/cibis-tower-9,1316,3,5,2,exterior/206_cibis-tower-9-cibis-tower-9_20170125075338_89827.jpg,exterior,206_cibis-tower-9-cibis-tower-9_20170125075338_89827.jpg,uploaded,55924,206_cibis-tower-9-cibis-tower-9_20170125075338_89827.jpg,https://cdn-strapi.prod.99iddev.net/assets/206_cibis_tower_9_cibis_tower_9_20170125075338_89827_0f4132bee3.jpg,,
ciputra-international-puri-3-phase-1,Media Library/Office Venue/ciputra-international-puri-3-phase-1,894,29,58,29,exterior/397_ciputra-international-puri-ciputra-international-puri-3-phase-1_20160914043804_19031.jpg,exterior,397_ciputra-international-puri-ciputra-international-puri-3-phase-1_20160914043804_19031.jpg,uploaded,55925,397_ciputra-international-puri-ciputra-international-puri-3-phase-1_20160914043804_19031.jpg,https://cdn-strapi.prod.99iddev.net/assets/397_ciputra_international_puri_ciputra_international_puri_3_phase_1_20160914043804_19031_e39fe14f30.jpg,,
ciputra-international-puri-3-phase-1,Media Library/Office Venue/ciputra-international-puri-3-phase-1,894,29,58,29,exterior/397_ciputra-international-puri-ciputra-international-puri-3-phase-1_20160914043804_94441.jpg,exterior,397_ciputra-international-puri-ciputra-international-puri-3-phase-1_20160914043804_94441.jpg,uploaded,55926,397_ciputra-international-puri-ciputra-international-puri-3-phase-1_20160914043804_94441.jpg,https://cdn-strapi.prod.99iddev.net/assets/397_ciputra_international_puri_ciputra_international_puri_3_phase_1_20160914043804_94441_de9cde9ee5.jpg,,
ciputra-international-puri-3-phase-1,Media Library/Office Venue/ciputra-international-puri-3-phase-1,894,29,58,29,exterior/397_ciputra-international-puri-ciputra-international-puri-3-phase-1_20160914043805_33378.jpg,exterior,397_ciputra-international-puri-ciputra-international-puri-3-phase-1_20160914043805_33378.jpg,uploaded,55927,397_ciputra-international-puri-ciputra-international-puri-3-phase-1_20160914043805_33378.jpg,https://cdn-strapi.prod.99iddev.net/assets/397_ciputra_international_puri_ciputra_international_puri_3_phase_1_20160914043805_33378_2dd1d14640.jpg,,
ciputra-international-puri-3-phase-1,Media Library/Office Venue/ciputra-international-puri-3-phase-1,894,29,58,29,exterior/397_ciputra-international-puri-ciputra-international-puri-3-phase-1_20180525082838_57580.jpg,exterior,397_ciputra-international-puri-ciputra-international-puri-3-phase-1_20180525082838_57580.jpg,uploaded,55928,397_ciputra-international-puri-ciputra-international-puri-3-phase-1_20180525082838_57580.jpg,https://cdn-strapi.prod.99iddev.net/assets/397_ciputra_international_puri_ciputra_international_puri_3_phase_1_20180525082838_57580_4a1095962f.jpg,,
ciputra-international-puri-3-phase-1,Media Library/Office Venue/ciputra-international-puri-3-phase-1,894,29,58,29,exterior/397_ciputra-international-puri-ciputra-international-puri-3-phase-1_20180525082838_80986.jpg,exterior,397_ciputra-international-puri-ciputra-international-puri-3-phase-1_20180525082838_80986.jpg,uploaded,55929,397_ciputra-international-puri-ciputra-international-puri-3-phase-1_20180525082838_80986.jpg,https://cdn-strapi.prod.99iddev.net/assets/397_ciputra_international_puri_ciputra_international_puri_3_phase_1_20180525082838_80986_bcfc952b03.jpg,,
ciputra-international-puri-3-phase-1,Media Library/Office Venue/ciputra-international-puri-3-phase-1,894,29,58,29,exterior/397_ciputra-international-puri-ciputra-international-puri-3-phase-1_20180525082839_30306.jpg,exterior,397_ciputra-international-puri-ciputra-international-puri-3-phase-1_20180525082839_30306.jpg,uploaded,55930,397_ciputra-international-puri-ciputra-international-puri-3-phase-1_20180525082839_30306.jpg,https://cdn-strapi.prod.99iddev.net/assets/397_ciputra_international_puri_ciputra_international_puri_3_phase_1_20180525082839_30306_9d0682a297.jpg,,
ciputra-international-puri-3-phase-1,Media Library/Office Venue/ciputra-international-puri-3-phase-1,894,29,58,29,exterior/397_ciputra-international-puri-ciputra-international-puri-3-phase-1_20180525082839_64596.jpg,exterior,397_ciputra-international-puri-ciputra-international-puri-3-phase-1_20180525082839_64596.jpg,uploaded,55931,397_ciputra-international-puri-ciputra-international-puri-3-phase-1_20180525082839_64596.jpg,https://cdn-strapi.prod.99iddev.net/assets/397_ciputra_international_puri_ciputra_international_puri_3_phase_1_20180525082839_64596_bef80e3a57.jpg,,
ciputra-international-puri-3-phase-1,Media Library/Office Venue/ciputra-international-puri-3-phase-1,894,29,58,29,exterior/397_ciputra-international-puri-ciputra-international-puri-3-phase-1_20180525082839_74447.jpg,exterior,397_ciputra-international-puri-ciputra-international-puri-3-phase-1_20180525082839_74447.jpg,uploaded,55932,397_ciputra-international-puri-ciputra-international-puri-3-phase-1_20180525082839_74447.jpg,https://cdn-strapi.prod.99iddev.net/assets/397_ciputra_international_puri_ciputra_international_puri_3_phase_1_20180525082839_74447_4e5206a50a.jpg,,
ciputra-international-puri-3-phase-1,Media Library/Office Venue/ciputra-international-puri-3-phase-1,894,29,58,29,exterior/397_ciputra-international-puri-ciputra-international-puri-3-phase-1_20180525082840_35721.jpg,exterior,397_ciputra-international-puri-ciputra-international-puri-3-phase-1_20180525082840_35721.jpg,uploaded,55933,397_ciputra-international-puri-ciputra-international-puri-3-phase-1_20180525082840_35721.jpg,https://cdn-strapi.prod.99iddev.net/assets/397_ciputra_international_puri_ciputra_international_puri_3_phase_1_20180525082840_35721_79fbe33054.jpg,,
ciputra-international-puri-3-phase-1,Media Library/Office Venue/ciputra-international-puri-3-phase-1,894,29,58,29,exterior/397_ciputra-international-puri-ciputra-international-puri-3-phase-1_20180525082840_88568.jpg,exterior,397_ciputra-international-puri-ciputra-international-puri-3-phase-1_20180525082840_88568.jpg,uploaded,55934,397_ciputra-international-puri-ciputra-international-puri-3-phase-1_20180525082840_88568.jpg,https://cdn-strapi.prod.99iddev.net/assets/397_ciputra_international_puri_ciputra_international_puri_3_phase_1_20180525082840_88568_8aa3deb4ba.jpg,,
ciputra-international-puri-3-phase-1,Media Library/Office Venue/ciputra-international-puri-3-phase-1,894,29,58,29,floorplan/397_ciputra-international-puri-ciputra-international-puri-3-phase-1_20180523070609_51253.jpg,floorplan,397_ciputra-international-puri-ciputra-international-puri-3-phase-1_20180523070609_51253.jpg,uploaded,55935,397_ciputra-international-puri-ciputra-international-puri-3-phase-1_20180523070609_51253.jpg,https://cdn-strapi.prod.99iddev.net/assets/397_ciputra_international_puri_ciputra_international_puri_3_phase_1_20180523070609_51253_046e6da7d1.jpg,,
ciputra-international-puri-3-phase-1,Media Library/Office Venue/ciputra-international-puri-3-phase-1,894,29,58,29,floorplan/397_ciputra-international-puri-ciputra-international-puri-3-phase-1_20180523070609_80264.jpg,floorplan,397_ciputra-international-puri-ciputra-international-puri-3-phase-1_20180523070609_80264.jpg,uploaded,55936,397_ciputra-international-puri-ciputra-international-puri-3-phase-1_20180523070609_80264.jpg,https://cdn-strapi.prod.99iddev.net/assets/397_ciputra_international_puri_ciputra_international_puri_3_phase_1_20180523070609_80264_e7c0e703bf.jpg,,
ciputra-international-puri-3-phase-1,Media Library/Office Venue/ciputra-international-puri-3-phase-1,894,29,58,29,interior/397_ciputra-international-puri-ciputra-international-puri-3-phase-1_20180525083204_43517.jpg,interior,397_ciputra-international-puri-ciputra-international-puri-3-phase-1_20180525083204_43517.jpg,uploaded,55937,397_ciputra-international-puri-ciputra-international-puri-3-phase-1_20180525083204_43517.jpg,https://cdn-strapi.prod.99iddev.net/assets/397_ciputra_international_puri_ciputra_international_puri_3_phase_1_20180525083204_43517_833697f1a0.jpg,,
ciputra-international-puri-3-phase-1,Media Library/Office Venue/ciputra-international-puri-3-phase-1,894,29,58,29,interior/397_ciputra-international-puri-ciputra-international-puri-3-phase-1_20180525083204_61647.jpg,interior,397_ciputra-international-puri-ciputra-international-puri-3-phase-1_20180525083204_61647.jpg,uploaded,55938,397_ciputra-international-puri-ciputra-international-puri-3-phase-1_20180525083204_61647.jpg,https://cdn-strapi.prod.99iddev.net/assets/397_ciputra_international_puri_ciputra_international_puri_3_phase_1_20180525083204_61647_07a8933764.jpg,,
ciputra-international-puri-3-phase-1,Media Library/Office Venue/ciputra-international-puri-3-phase-1,894,29,58,29,interior/397_ciputra-international-puri-ciputra-international-puri-3-phase-1_20180525083205_50617.jpg,interior,397_ciputra-international-puri-ciputra-international-puri-3-phase-1_20180525083205_50617.jpg,uploaded,55939,397_ciputra-international-puri-ciputra-international-puri-3-phase-1_20180525083205_50617.jpg,https://cdn-strapi.prod.99iddev.net/assets/397_ciputra_international_puri_ciputra_international_puri_3_phase_1_20180525083205_50617_b15baf5c70.jpg,,
ciputra-international-puri-3-phase-1,Media Library/Office Venue/ciputra-international-puri-3-phase-1,894,29,58,29,interior/397_ciputra-international-puri-ciputra-international-puri-3-phase-1_20180525083205_69744.jpg,interior,397_ciputra-international-puri-ciputra-international-puri-3-phase-1_20180525083205_69744.jpg,uploaded,55940,397_ciputra-international-puri-ciputra-international-puri-3-phase-1_20180525083205_69744.jpg,https://cdn-strapi.prod.99iddev.net/assets/397_ciputra_international_puri_ciputra_international_puri_3_phase_1_20180525083205_69744_b1382531ea.jpg,,
ciputra-international-puri-3-phase-1,Media Library/Office Venue/ciputra-international-puri-3-phase-1,894,29,58,29,interior/397_ciputra-international-puri-ciputra-international-puri-3-phase-1_20180525083206_17704.jpg,interior,397_ciputra-international-puri-ciputra-international-puri-3-phase-1_20180525083206_17704.jpg,uploaded,55941,397_ciputra-international-puri-ciputra-international-puri-3-phase-1_20180525083206_17704.jpg,https://cdn-strapi.prod.99iddev.net/assets/397_ciputra_international_puri_ciputra_international_puri_3_phase_1_20180525083206_17704_9933183640.jpg,,
ciputra-international-puri-3-phase-1,Media Library/Office Venue/ciputra-international-puri-3-phase-1,894,29,58,29,interior/397_ciputra-international-puri-ciputra-international-puri-3-phase-1_20180525083206_86485.jpg,interior,397_ciputra-international-puri-ciputra-international-puri-3-phase-1_20180525083206_86485.jpg,uploaded,55942,397_ciputra-international-puri-ciputra-international-puri-3-phase-1_20180525083206_86485.jpg,https://cdn-strapi.prod.99iddev.net/assets/397_ciputra_international_puri_ciputra_international_puri_3_phase_1_20180525083206_86485_fd3358dc3e.jpg,,
ciputra-international-puri-3-phase-1,Media Library/Office Venue/ciputra-international-puri-3-phase-1,894,29,58,29,interior/397_ciputra-international-puri-ciputra-international-puri-3-phase-1_20180525083206_92668.jpg,interior,397_ciputra-international-puri-ciputra-international-puri-3-phase-1_20180525083206_92668.jpg,uploaded,55943,397_ciputra-international-puri-ciputra-international-puri-3-phase-1_20180525083206_92668.jpg,https://cdn-strapi.prod.99iddev.net/assets/397_ciputra_international_puri_ciputra_international_puri_3_phase_1_20180525083206_92668_5e744a1017.jpg,,
ciputra-international-puri-3-phase-1,Media Library/Office Venue/ciputra-international-puri-3-phase-1,894,29,58,29,interior/397_ciputra-international-puri-ciputra-international-puri-3-phase-1_20180525083207_26693.jpg,interior,397_ciputra-international-puri-ciputra-international-puri-3-phase-1_20180525083207_26693.jpg,uploaded,55944,397_ciputra-international-puri-ciputra-international-puri-3-phase-1_20180525083207_26693.jpg,https://cdn-strapi.prod.99iddev.net/assets/397_ciputra_international_puri_ciputra_international_puri_3_phase_1_20180525083207_26693_76c848785f.jpg,,
ciputra-international-puri-3-phase-1,Media Library/Office Venue/ciputra-international-puri-3-phase-1,894,29,58,29,interior/397_ciputra-international-puri-ciputra-international-puri-3-phase-1_20180525083207_76055.jpg,interior,397_ciputra-international-puri-ciputra-international-puri-3-phase-1_20180525083207_76055.jpg,uploaded,55945,397_ciputra-international-puri-ciputra-international-puri-3-phase-1_20180525083207_76055.jpg,https://cdn-strapi.prod.99iddev.net/assets/397_ciputra_international_puri_ciputra_international_puri_3_phase_1_20180525083207_76055_d749910267.jpg,,
ciputra-international-puri-3-phase-1,Media Library/Office Venue/ciputra-international-puri-3-phase-1,894,29,58,29,interior/397_ciputra-international-puri-ciputra-international-puri-3-phase-1_20180525083208_14332.jpg,interior,397_ciputra-international-puri-ciputra-international-puri-3-phase-1_20180525083208_14332.jpg,uploaded,55946,397_ciputra-international-puri-ciputra-international-puri-3-phase-1_20180525083208_14332.jpg,https://cdn-strapi.prod.99iddev.net/assets/397_ciputra_international_puri_ciputra_international_puri_3_phase_1_20180525083208_14332_55c19e4363.jpg,,
ciputra-international-puri-3-phase-1,Media Library/Office Venue/ciputra-international-puri-3-phase-1,894,29,58,29,interior/397_ciputra-international-puri-ciputra-international-puri-3-phase-1_20180525083208_38903.jpg,interior,397_ciputra-international-puri-ciputra-international-puri-3-phase-1_20180525083208_38903.jpg,uploaded,55947,397_ciputra-international-puri-ciputra-international-puri-3-phase-1_20180525083208_38903.jpg,https://cdn-strapi.prod.99iddev.net/assets/397_ciputra_international_puri_ciputra_international_puri_3_phase_1_20180525083208_38903_7a3882dec6.jpg,,
ciputra-international-puri-3-phase-1,Media Library/Office Venue/ciputra-international-puri-3-phase-1,894,29,58,29,interior/397_ciputra-international-puri-ciputra-international-puri-3-phase-1_20180525083208_57221.jpg,interior,397_ciputra-international-puri-ciputra-international-puri-3-phase-1_20180525083208_57221.jpg,uploaded,55948,397_ciputra-international-puri-ciputra-international-puri-3-phase-1_20180525083208_57221.jpg,https://cdn-strapi.prod.99iddev.net/assets/397_ciputra_international_puri_ciputra_international_puri_3_phase_1_20180525083208_57221_45b9a430eb.jpg,,
ciputra-international-puri-3-phase-1,Media Library/Office Venue/ciputra-international-puri-3-phase-1,894,29,58,29,interior/397_ciputra-international-puri-ciputra-international-puri-3-phase-1_20180525083209_20902.jpg,interior,397_ciputra-international-puri-ciputra-international-puri-3-phase-1_20180525083209_20902.jpg,uploaded,55949,397_ciputra-international-puri-ciputra-international-puri-3-phase-1_20180525083209_20902.jpg,https://cdn-strapi.prod.99iddev.net/assets/397_ciputra_international_puri_ciputra_international_puri_3_phase_1_20180525083209_20902_186deedc03.jpg,,
ciputra-international-puri-3-phase-1,Media Library/Office Venue/ciputra-international-puri-3-phase-1,894,29,58,29,interior/397_ciputra-international-puri-ciputra-international-puri-3-phase-1_20180525083209_55271.jpg,interior,397_ciputra-international-puri-ciputra-international-puri-3-phase-1_20180525083209_55271.jpg,uploaded,55950,397_ciputra-international-puri-ciputra-international-puri-3-phase-1_20180525083209_55271.jpg,https://cdn-strapi.prod.99iddev.net/assets/397_ciputra_international_puri_ciputra_international_puri_3_phase_1_20180525083209_55271_cf776b517b.jpg,,
ciputra-international-puri-3-phase-1,Media Library/Office Venue/ciputra-international-puri-3-phase-1,894,29,58,29,interior/397_ciputra-international-puri-ciputra-international-puri-3-phase-1_20180525083210_40182.jpg,interior,397_ciputra-international-puri-ciputra-international-puri-3-phase-1_20180525083210_40182.jpg,uploaded,55951,397_ciputra-international-puri-ciputra-international-puri-3-phase-1_20180525083210_40182.jpg,https://cdn-strapi.prod.99iddev.net/assets/397_ciputra_international_puri_ciputra_international_puri_3_phase_1_20180525083210_40182_dc5b090afb.jpg,,
ciputra-international-puri-3-phase-1,Media Library/Office Venue/ciputra-international-puri-3-phase-1,894,29,58,29,interior/397_ciputra-international-puri-ciputra-international-puri-3-phase-1_20180525083210_49769.jpg,interior,397_ciputra-international-puri-ciputra-international-puri-3-phase-1_20180525083210_49769.jpg,uploaded,55952,397_ciputra-international-puri-ciputra-international-puri-3-phase-1_20180525083210_49769.jpg,https://cdn-strapi.prod.99iddev.net/assets/397_ciputra_international_puri_ciputra_international_puri_3_phase_1_20180525083210_49769_04ae85b2d6.jpg,,
ciputra-international-puri-3-phase-1,Media Library/Office Venue/ciputra-international-puri-3-phase-1,894,29,58,29,interior/397_ciputra-international-puri-ciputra-international-puri-3-phase-1_20180525083211_30397.jpg,interior,397_ciputra-international-puri-ciputra-international-puri-3-phase-1_20180525083211_30397.jpg,uploaded,55953,397_ciputra-international-puri-ciputra-international-puri-3-phase-1_20180525083211_30397.jpg,https://cdn-strapi.prod.99iddev.net/assets/397_ciputra_international_puri_ciputra_international_puri_3_phase_1_20180525083211_30397_36df942054.jpg,,
ciputra-world-2,Media Library/Office Venue/ciputra-world-2,976,5,10,5,exterior/285_ciputra-world-2-ciputra-world-2_20160914043812_71902.jpg,exterior,285_ciputra-world-2-ciputra-world-2_20160914043812_71902.jpg,uploaded,55954,285_ciputra-world-2-ciputra-world-2_20160914043812_71902.jpg,https://cdn-strapi.prod.99iddev.net/assets/285_ciputra_world_2_ciputra_world_2_20160914043812_71902_88343793f9.jpg,,
ciputra-world-2,Media Library/Office Venue/ciputra-world-2,976,5,10,5,exterior/285_ciputra-world-2-ciputra-world-2_20160914043812_76951.jpg,exterior,285_ciputra-world-2-ciputra-world-2_20160914043812_76951.jpg,uploaded,55955,285_ciputra-world-2-ciputra-world-2_20160914043812_76951.jpg,https://cdn-strapi.prod.99iddev.net/assets/285_ciputra_world_2_ciputra_world_2_20160914043812_76951_4f809af921.jpg,,
ciputra-world-2,Media Library/Office Venue/ciputra-world-2,976,5,10,5,exterior/285_ciputra-world-2-ciputra-world-2_20160914043812_77122.jpg,exterior,285_ciputra-world-2-ciputra-world-2_20160914043812_77122.jpg,uploaded,55956,285_ciputra-world-2-ciputra-world-2_20160914043812_77122.jpg,https://cdn-strapi.prod.99iddev.net/assets/285_ciputra_world_2_ciputra_world_2_20160914043812_77122_20c3e2d1a3.jpg,,
ciputra-world-2,Media Library/Office Venue/ciputra-world-2,976,5,10,5,exterior/285_ciputra-world-2-ciputra-world-2_20160914043813_14595.jpg,exterior,285_ciputra-world-2-ciputra-world-2_20160914043813_14595.jpg,uploaded,55957,285_ciputra-world-2-ciputra-world-2_20160914043813_14595.jpg,https://cdn-strapi.prod.99iddev.net/assets/285_ciputra_world_2_ciputra_world_2_20160914043813_14595_06d0fa6339.jpg,,
ciputra-world-2,Media Library/Office Venue/ciputra-world-2,976,5,10,5,exterior/285_ciputra-world-2-ciputra-world-2_20160914043813_85311.jpg,exterior,285_ciputra-world-2-ciputra-world-2_20160914043813_85311.jpg,uploaded,55958,285_ciputra-world-2-ciputra-world-2_20160914043813_85311.jpg,https://cdn-strapi.prod.99iddev.net/assets/285_ciputra_world_2_ciputra_world_2_20160914043813_85311_de540aa35d.jpg,,
ciputra-world-2-tokopedia-tower,Media Library/Office Venue/ciputra-world-2-tokopedia-tower,922,1,2,1,interior/285_ciputra-world-2-tokopedia-tower_20170309121505_87208.jpg,interior,285_ciputra-world-2-tokopedia-tower_20170309121505_87208.jpg,uploaded,55959,285_ciputra-world-2-tokopedia-tower_20170309121505_87208.jpg,https://cdn-strapi.prod.99iddev.net/assets/285_ciputra_world_2_tokopedia_tower_20170309121505_87208_65e194ce2b.jpg,,
ciputra-world-2-tokopedia-tower-tokopedia-tower,Media Library/Office Venue/ciputra-world-2-tokopedia-tower-tokopedia-tower,1266,9,18,9,floorplan/285_ciputra-world-2-tokopedia-tower-tokopedia-tower_20170317091413_30694.jpg,floorplan,285_ciputra-world-2-tokopedia-tower-tokopedia-tower_20170317091413_30694.jpg,uploaded,55960,285_ciputra-world-2-tokopedia-tower-tokopedia-tower_20170317091413_30694.jpg,https://cdn-strapi.prod.99iddev.net/assets/285_ciputra_world_2_tokopedia_tower_tokopedia_tower_20170317091413_30694_270c396bbd.jpg,,
ciputra-world-2-tokopedia-tower-tokopedia-tower,Media Library/Office Venue/ciputra-world-2-tokopedia-tower-tokopedia-tower,1266,9,18,9,floorplan/285_ciputra-world-2-tokopedia-tower-tokopedia-tower_20170317091414_44368.jpg,floorplan,285_ciputra-world-2-tokopedia-tower-tokopedia-tower_20170317091414_44368.jpg,uploaded,55961,285_ciputra-world-2-tokopedia-tower-tokopedia-tower_20170317091414_44368.jpg,https://cdn-strapi.prod.99iddev.net/assets/285_ciputra_world_2_tokopedia_tower_tokopedia_tower_20170317091414_44368_185b138192.jpg,,
ciputra-world-2-tokopedia-tower-tokopedia-tower,Media Library/Office Venue/ciputra-world-2-tokopedia-tower-tokopedia-tower,1266,9,18,9,floorplan/285_ciputra-world-2-tokopedia-tower-tokopedia-tower_20170317091414_94725.jpg,floorplan,285_ciputra-world-2-tokopedia-tower-tokopedia-tower_20170317091414_94725.jpg,uploaded,55962,285_ciputra-world-2-tokopedia-tower-tokopedia-tower_20170317091414_94725.jpg,https://cdn-strapi.prod.99iddev.net/assets/285_ciputra_world_2_tokopedia_tower_tokopedia_tower_20170317091414_94725_f3dbd60d28.jpg,,
ciputra-world-2-tokopedia-tower-tokopedia-tower,Media Library/Office Venue/ciputra-world-2-tokopedia-tower-tokopedia-tower,1266,9,18,9,interior/285_ciputra-world-2-tokopedia-tower-tokopedia-tower_20170314090910_12109.jpg,interior,285_ciputra-world-2-tokopedia-tower-tokopedia-tower_20170314090910_12109.jpg,uploaded,55963,285_ciputra-world-2-tokopedia-tower-tokopedia-tower_20170314090910_12109.jpg,https://cdn-strapi.prod.99iddev.net/assets/285_ciputra_world_2_tokopedia_tower_tokopedia_tower_20170314090910_12109_35c53806bd.jpg,,
ciputra-world-2-tokopedia-tower-tokopedia-tower,Media Library/Office Venue/ciputra-world-2-tokopedia-tower-tokopedia-tower,1266,9,18,9,interior/285_ciputra-world-2-tokopedia-tower-tokopedia-tower_20170314090910_43701.jpg,interior,285_ciputra-world-2-tokopedia-tower-tokopedia-tower_20170314090910_43701.jpg,uploaded,55964,285_ciputra-world-2-tokopedia-tower-tokopedia-tower_20170314090910_43701.jpg,https://cdn-strapi.prod.99iddev.net/assets/285_ciputra_world_2_tokopedia_tower_tokopedia_tower_20170314090910_43701_b0de924b6f.jpg,,
ciputra-world-2-tokopedia-tower-tokopedia-tower,Media Library/Office Venue/ciputra-world-2-tokopedia-tower-tokopedia-tower,1266,9,18,9,interior/285_ciputra-world-2-tokopedia-tower-tokopedia-tower_20170314090911_10446.jpg,interior,285_ciputra-world-2-tokopedia-tower-tokopedia-tower_20170314090911_10446.jpg,uploaded,55965,285_ciputra-world-2-tokopedia-tower-tokopedia-tower_20170314090911_10446.jpg,https://cdn-strapi.prod.99iddev.net/assets/285_ciputra_world_2_tokopedia_tower_tokopedia_tower_20170314090911_10446_704ac3e26d.jpg,,
ciputra-world-2-tokopedia-tower-tokopedia-tower,Media Library/Office Venue/ciputra-world-2-tokopedia-tower-tokopedia-tower,1266,9,18,9,interior/285_ciputra-world-2-tokopedia-tower-tokopedia-tower_20170314090911_86581.jpg,interior,285_ciputra-world-2-tokopedia-tower-tokopedia-tower_20170314090911_86581.jpg,uploaded,55966,285_ciputra-world-2-tokopedia-tower-tokopedia-tower_20170314090911_86581.jpg,https://cdn-strapi.prod.99iddev.net/assets/285_ciputra_world_2_tokopedia_tower_tokopedia_tower_20170314090911_86581_3bf3b39b1b.jpg,,
ciputra-world-2-tokopedia-tower-tokopedia-tower,Media Library/Office Venue/ciputra-world-2-tokopedia-tower-tokopedia-tower,1266,9,18,9,interior/285_ciputra-world-2-tokopedia-tower-tokopedia-tower_20170314090912_44145.jpg,interior,285_ciputra-world-2-tokopedia-tower-tokopedia-tower_20170314090912_44145.jpg,uploaded,55967,285_ciputra-world-2-tokopedia-tower-tokopedia-tower_20170314090912_44145.jpg,https://cdn-strapi.prod.99iddev.net/assets/285_ciputra_world_2_tokopedia_tower_tokopedia_tower_20170314090912_44145_e5d63fbeb0.jpg,,
ciputra-world-2-tokopedia-tower-tokopedia-tower,Media Library/Office Venue/ciputra-world-2-tokopedia-tower-tokopedia-tower,1266,9,18,9,interior/285_ciputra-world-2-tokopedia-tower-tokopedia-tower_20170314090912_90741.jpg,interior,285_ciputra-world-2-tokopedia-tower-tokopedia-tower_20170314090912_90741.jpg,uploaded,55968,285_ciputra-world-2-tokopedia-tower-tokopedia-tower_20170314090912_90741.jpg,https://cdn-strapi.prod.99iddev.net/assets/285_ciputra_world_2_tokopedia_tower_tokopedia_tower_20170314090912_90741_13c0c36c12.jpg,,
citra-north-towers,Media Library/Office Venue/citra-north-towers,185,10,12,2,exterior/367_citra-towers-citra-north-towers_20200218042818_38457.jpg,exterior,367_citra-towers-citra-north-towers_20200218042818_38457.jpg,uploaded,55969,367_citra-towers-citra-north-towers_20200218042818_38457.jpg,https://cdn-strapi.prod.99iddev.net/assets/367_citra_towers_citra_north_towers_20200218042818_38457_c7fa36d430.jpg,,
citra-north-towers,Media Library/Office Venue/citra-north-towers,185,10,12,2,exterior/367_citra-towers-citra-north-towers_20200218042826_64984.jpg,exterior,367_citra-towers-citra-north-towers_20200218042826_64984.jpg,uploaded,55970,367_citra-towers-citra-north-towers_20200218042826_64984.jpg,https://cdn-strapi.prod.99iddev.net/assets/367_citra_towers_citra_north_towers_20200218042826_64984_a4299ec369.jpg,,
citra-towers-1,Media Library/Office Venue/citra-towers-1,1317,2,4,2,floorplan/367_citra-towers-citra-towers-1_20170309100457_51238.jpg,floorplan,367_citra-towers-citra-towers-1_20170309100457_51238.jpg,uploaded,55971,367_citra-towers-citra-towers-1_20170309100457_51238.jpg,https://cdn-strapi.prod.99iddev.net/assets/367_citra_towers_citra_towers_1_20170309100457_51238_f6eb711bfb.jpg,,
citra-towers-1,Media Library/Office Venue/citra-towers-1,1317,2,4,2,floorplan/367_citra-towers-citra-towers-1_20170309100457_89054.jpg,floorplan,367_citra-towers-citra-towers-1_20170309100457_89054.jpg,uploaded,55972,367_citra-towers-citra-towers-1_20170309100457_89054.jpg,https://cdn-strapi.prod.99iddev.net/assets/367_citra_towers_citra_towers_1_20170309100457_89054_357449c37e.jpg,,
citra-towers-2,Media Library/Office Venue/citra-towers-2,977,2,4,2,exterior/368_citra-towers-citra-towers-2_20160914043814_75901.jpg,exterior,368_citra-towers-citra-towers-2_20160914043814_75901.jpg,uploaded,55973,368_citra-towers-citra-towers-2_20160914043814_75901.jpg,https://cdn-strapi.prod.99iddev.net/assets/368_citra_towers_citra_towers_2_20160914043814_75901_f55fa35787.jpg,,
citra-towers-2,Media Library/Office Venue/citra-towers-2,977,2,4,2,exterior/368_citra-towers-citra-towers-2_20160914043815_70070.jpg,exterior,368_citra-towers-citra-towers-2_20160914043815_70070.jpg,uploaded,55974,368_citra-towers-citra-towers-2_20160914043815_70070.jpg,https://cdn-strapi.prod.99iddev.net/assets/368_citra_towers_citra_towers_2_20160914043815_70070_0a74f159ad.jpg,,
citylofts-sudirman,Media Library/Office Venue/citylofts-sudirman,978,4,8,4,exterior/22_citylofts-sudirman-citylofts-sudirman_20160914043815_50265.jpg,exterior,22_citylofts-sudirman-citylofts-sudirman_20160914043815_50265.jpg,uploaded,55975,22_citylofts-sudirman-citylofts-sudirman_20160914043815_50265.jpg,https://cdn-strapi.prod.99iddev.net/assets/22_citylofts_sudirman_citylofts_sudirman_20160914043815_50265_5324352dbc.jpg,,
citylofts-sudirman,Media Library/Office Venue/citylofts-sudirman,978,4,8,4,exterior/22_citylofts-sudirman-citylofts-sudirman_20160914043816_33732.jpg,exterior,22_citylofts-sudirman-citylofts-sudirman_20160914043816_33732.jpg,uploaded,55976,22_citylofts-sudirman-citylofts-sudirman_20160914043816_33732.jpg,https://cdn-strapi.prod.99iddev.net/assets/22_citylofts_sudirman_citylofts_sudirman_20160914043816_33732_6985b539d4.jpg,,
citylofts-sudirman,Media Library/Office Venue/citylofts-sudirman,978,4,8,4,interior/22_citylofts-sudirman-citylofts-sudirman_20170314084716_34943.jpg,interior,22_citylofts-sudirman-citylofts-sudirman_20170314084716_34943.jpg,uploaded,55977,22_citylofts-sudirman-citylofts-sudirman_20170314084716_34943.jpg,https://cdn-strapi.prod.99iddev.net/assets/22_citylofts_sudirman_citylofts_sudirman_20170314084716_34943_94b7932246.jpg,,
citylofts-sudirman,Media Library/Office Venue/citylofts-sudirman,978,4,8,4,interior/22_citylofts-sudirman-citylofts-sudirman_20170314084717_57328.jpg,interior,22_citylofts-sudirman-citylofts-sudirman_20170314084717_57328.jpg,uploaded,55978,22_citylofts-sudirman-citylofts-sudirman_20170314084717_57328.jpg,https://cdn-strapi.prod.99iddev.net/assets/22_citylofts_sudirman_citylofts_sudirman_20170314084717_57328_78f183aa28.jpg,,
daswin-office-tower,Media Library/Office Venue/daswin-office-tower,1320,2,4,2,floorplan/573_daswin-office-tower-daswin-office-tower_20190729043636_32889.jpg,floorplan,573_daswin-office-tower-daswin-office-tower_20190729043636_32889.jpg,uploaded,55979,573_daswin-office-tower-daswin-office-tower_20190729043636_32889.jpg,https://cdn-strapi.prod.99iddev.net/assets/573_daswin_office_tower_daswin_office_tower_20190729043636_32889_5ceffe3715.jpg,,
daswin-office-tower,Media Library/Office Venue/daswin-office-tower,1320,2,4,2,floorplan/573_daswin-office-tower-daswin-office-tower_20190729043636_96908.jpg,floorplan,573_daswin-office-tower-daswin-office-tower_20190729043636_96908.jpg,uploaded,55980,573_daswin-office-tower-daswin-office-tower_20190729043636_96908.jpg,https://cdn-strapi.prod.99iddev.net/assets/573_daswin_office_tower_daswin_office_tower_20190729043636_96908_da5b0e5791.jpg,,
de-ritz,Media Library/Office Venue/de-ritz,980,1,2,1,exterior/469_de-ritz-de-ritz_20170125075825_67932.jpg,exterior,469_de-ritz-de-ritz_20170125075825_67932.jpg,uploaded,55981,469_de-ritz-de-ritz_20170125075825_67932.jpg,https://cdn-strapi.prod.99iddev.net/assets/469_de_ritz_de_ritz_20170125075825_67932_59e8004e3d.jpg,,
de-ritz-building,Media Library/Office Venue/de-ritz-building,196,26,27,1,exterior/469_de-ritz-de-ritz-building_20170620040155_34242.jpg,exterior,469_de-ritz-de-ritz-building_20170620040155_34242.jpg,uploaded,55982,469_de-ritz-de-ritz-building_20170620040155_34242.jpg,https://cdn-strapi.prod.99iddev.net/assets/469_de_ritz_de_ritz_building_20170620040155_34242_4932d2afa8.jpg,,
fedex-fedex,Media Library/Office Venue/fedex-fedex,895,2,4,2,exterior/363_fedex-fedex_20160914043829_34193.jpg,exterior,363_fedex-fedex_20160914043829_34193.jpg,uploaded,55983,363_fedex-fedex_20160914043829_34193.jpg,https://cdn-strapi.prod.99iddev.net/assets/363_fedex_fedex_20160914043829_34193_8765e67a89.jpg,,
fedex-fedex,Media Library/Office Venue/fedex-fedex,895,2,4,2,exterior/363_fedex-fedex_20160914043830_92037.jpg,exterior,363_fedex-fedex_20160914043830_92037.jpg,uploaded,55984,363_fedex-fedex_20160914043830_92037.jpg,https://cdn-strapi.prod.99iddev.net/assets/363_fedex_fedex_20160914043830_92037_814a339b7e.jpg,,
fontana-office-tower,Media Library/Office Venue/fontana-office-tower,211,14,27,13,exterior/507_the-mansion-bougenville-fontana-office-tower_20200722165900_79294.jpg,exterior,507_the-mansion-bougenville-fontana-office-tower_20200722165900_79294.jpg,uploaded,55985,507_the-mansion-bougenville-fontana-office-tower_20200722165900_79294.jpg,https://cdn-strapi.prod.99iddev.net/assets/507_the_mansion_bougenville_fontana_office_tower_20200722165900_79294_9280a49214.jpg,,
fontana-office-tower,Media Library/Office Venue/fontana-office-tower,211,14,27,13,floorplan/507_the-mansion-bougenville-fontana-office-tower_20170421084846_77039.jpg,floorplan,507_the-mansion-bougenville-fontana-office-tower_20170421084846_77039.jpg,uploaded,55986,507_the-mansion-bougenville-fontana-office-tower_20170421084846_77039.jpg,https://cdn-strapi.prod.99iddev.net/assets/507_the_mansion_bougenville_fontana_office_tower_20170421084846_77039_b846233812.jpg,,
fontana-office-tower,Media Library/Office Venue/fontana-office-tower,211,14,27,13,floorplan/507_the-mansion-bougenville-fontana-office-tower_20170421084852_90156.jpg,floorplan,507_the-mansion-bougenville-fontana-office-tower_20170421084852_90156.jpg,uploaded,55987,507_the-mansion-bougenville-fontana-office-tower_20170421084852_90156.jpg,https://cdn-strapi.prod.99iddev.net/assets/507_the_mansion_bougenville_fontana_office_tower_20170421084852_90156_223ba6d8bd.jpg,,
fontana-office-tower,Media Library/Office Venue/fontana-office-tower,211,14,27,13,floorplan/507_the-mansion-bougenville-fontana-office-tower_20170421084857_86013.jpg,floorplan,507_the-mansion-bougenville-fontana-office-tower_20170421084857_86013.jpg,uploaded,55988,507_the-mansion-bougenville-fontana-office-tower_20170421084857_86013.jpg,https://cdn-strapi.prod.99iddev.net/assets/507_the_mansion_bougenville_fontana_office_tower_20170421084857_86013_675e599411.jpg,,
fontana-office-tower,Media Library/Office Venue/fontana-office-tower,211,14,27,13,floorplan/507_the-mansion-bougenville-fontana-office-tower_20170421084904_84364.jpg,floorplan,507_the-mansion-bougenville-fontana-office-tower_20170421084904_84364.jpg,uploaded,55989,507_the-mansion-bougenville-fontana-office-tower_20170421084904_84364.jpg,https://cdn-strapi.prod.99iddev.net/assets/507_the_mansion_bougenville_fontana_office_tower_20170421084904_84364_e54dfb492b.jpg,,
fontana-office-tower,Media Library/Office Venue/fontana-office-tower,211,14,27,13,floorplan/507_the-mansion-bougenville-fontana-office-tower_20170421084909_24964.jpg,floorplan,507_the-mansion-bougenville-fontana-office-tower_20170421084909_24964.jpg,uploaded,55990,507_the-mansion-bougenville-fontana-office-tower_20170421084909_24964.jpg,https://cdn-strapi.prod.99iddev.net/assets/507_the_mansion_bougenville_fontana_office_tower_20170421084909_24964_53255e8baa.jpg,,
fontana-office-tower,Media Library/Office Venue/fontana-office-tower,211,14,27,13,floorplan/507_the-mansion-bougenville-fontana-office-tower_20170421084915_10451.jpg,floorplan,507_the-mansion-bougenville-fontana-office-tower_20170421084915_10451.jpg,uploaded,55991,507_the-mansion-bougenville-fontana-office-tower_20170421084915_10451.jpg,https://cdn-strapi.prod.99iddev.net/assets/507_the_mansion_bougenville_fontana_office_tower_20170421084915_10451_b0f2db1082.jpg,,
fontana-office-tower,Media Library/Office Venue/fontana-office-tower,211,14,27,13,floorplan/507_the-mansion-bougenville-fontana-office-tower_20170421085233_32484.jpg,floorplan,507_the-mansion-bougenville-fontana-office-tower_20170421085233_32484.jpg,uploaded,55992,507_the-mansion-bougenville-fontana-office-tower_20170421085233_32484.jpg,https://cdn-strapi.prod.99iddev.net/assets/507_the_mansion_bougenville_fontana_office_tower_20170421085233_32484_28419a283b.jpg,,
fontana-office-tower,Media Library/Office Venue/fontana-office-tower,211,14,27,13,floorplan/507_the-mansion-bougenville-fontana-office-tower_20170421085541_13127.jpg,floorplan,507_the-mansion-bougenville-fontana-office-tower_20170421085541_13127.jpg,uploaded,55993,507_the-mansion-bougenville-fontana-office-tower_20170421085541_13127.jpg,https://cdn-strapi.prod.99iddev.net/assets/507_the_mansion_bougenville_fontana_office_tower_20170421085541_13127_b782ec7a7a.jpg,,
fontana-office-tower,Media Library/Office Venue/fontana-office-tower,211,14,27,13,floorplan/507_the-mansion-bougenville-fontana-office-tower_20170421085548_23589.jpg,floorplan,507_the-mansion-bougenville-fontana-office-tower_20170421085548_23589.jpg,uploaded,55994,507_the-mansion-bougenville-fontana-office-tower_20170421085548_23589.jpg,https://cdn-strapi.prod.99iddev.net/assets/507_the_mansion_bougenville_fontana_office_tower_20170421085548_23589_da57631714.jpg,,
fontana-office-tower,Media Library/Office Venue/fontana-office-tower,211,14,27,13,floorplan/507_the-mansion-bougenville-fontana-office-tower_20170421085605_36728.jpg,floorplan,507_the-mansion-bougenville-fontana-office-tower_20170421085605_36728.jpg,uploaded,55995,507_the-mansion-bougenville-fontana-office-tower_20170421085605_36728.jpg,https://cdn-strapi.prod.99iddev.net/assets/507_the_mansion_bougenville_fontana_office_tower_20170421085605_36728_ae12d2b2ea.jpg,,
fontana-office-tower,Media Library/Office Venue/fontana-office-tower,211,14,27,13,floorplan/507_the-mansion-bougenville-fontana-office-tower_20170421085836_95032.jpg,floorplan,507_the-mansion-bougenville-fontana-office-tower_20170421085836_95032.jpg,uploaded,55996,507_the-mansion-bougenville-fontana-office-tower_20170421085836_95032.jpg,https://cdn-strapi.prod.99iddev.net/assets/507_the_mansion_bougenville_fontana_office_tower_20170421085836_95032_9f741bf8ce.jpg,,
fontana-office-tower,Media Library/Office Venue/fontana-office-tower,211,14,27,13,floorplan/507_the-mansion-bougenville-fontana-office-tower_20170421085842_42922.jpg,floorplan,507_the-mansion-bougenville-fontana-office-tower_20170421085842_42922.jpg,uploaded,55997,507_the-mansion-bougenville-fontana-office-tower_20170421085842_42922.jpg,https://cdn-strapi.prod.99iddev.net/assets/507_the_mansion_bougenville_fontana_office_tower_20170421085842_42922_66c06800a3.jpg,,
gallery-west,Media Library/Office Venue/gallery-west,923,56,87,31,exterior/165_gallery-west-gallery-west_20171212071654_37394.jpg,exterior,165_gallery-west-gallery-west_20171212071654_37394.jpg,uploaded,55998,165_gallery-west-gallery-west_20171212071654_37394.jpg,https://cdn-strapi.prod.99iddev.net/assets/165_gallery_west_gallery_west_20171212071654_37394_d266674805.jpg,,
gallery-west,Media Library/Office Venue/gallery-west,923,56,87,31,exterior/165_gallery-west-gallery-west_20171212071806_34106.jpg,exterior,165_gallery-west-gallery-west_20171212071806_34106.jpg,uploaded,55999,165_gallery-west-gallery-west_20171212071806_34106.jpg,https://cdn-strapi.prod.99iddev.net/assets/165_gallery_west_gallery_west_20171212071806_34106_2d912d099e.jpg,,
gallery-west,Media Library/Office Venue/gallery-west,923,56,87,31,exterior/165_gallery-west-gallery-west_20171212072201_82505.jpg,exterior,165_gallery-west-gallery-west_20171212072201_82505.jpg,uploaded,56000,165_gallery-west-gallery-west_20171212072201_82505.jpg,https://cdn-strapi.prod.99iddev.net/assets/165_gallery_west_gallery_west_20171212072201_82505_b05ea6d862.jpg,,
gallery-west,Media Library/Office Venue/gallery-west,923,56,87,31,exterior/165_gallery-west-gallery-west_20171212072208_40376.jpg,exterior,165_gallery-west-gallery-west_20171212072208_40376.jpg,uploaded,56001,165_gallery-west-gallery-west_20171212072208_40376.jpg,https://cdn-strapi.prod.99iddev.net/assets/165_gallery_west_gallery_west_20171212072208_40376_c325284ac4.jpg,,
gallery-west,Media Library/Office Venue/gallery-west,923,56,87,31,exterior/165_gallery-west-gallery-west_20171212072234_75380.jpg,exterior,165_gallery-west-gallery-west_20171212072234_75380.jpg,uploaded,56002,165_gallery-west-gallery-west_20171212072234_75380.jpg,https://cdn-strapi.prod.99iddev.net/assets/165_gallery_west_gallery_west_20171212072234_75380_2e18ae26c3.jpg,,
gallery-west,Media Library/Office Venue/gallery-west,923,56,87,31,exterior/165_gallery-west-gallery-west_20171212072243_93349.jpg,exterior,165_gallery-west-gallery-west_20171212072243_93349.jpg,uploaded,56003,165_gallery-west-gallery-west_20171212072243_93349.jpg,https://cdn-strapi.prod.99iddev.net/assets/165_gallery_west_gallery_west_20171212072243_93349_e6dc7a1c5f.jpg,,
gallery-west,Media Library/Office Venue/gallery-west,923,56,87,31,exterior/165_gallery-west-gallery-west_20171212072255_74473.jpg,exterior,165_gallery-west-gallery-west_20171212072255_74473.jpg,uploaded,56004,165_gallery-west-gallery-west_20171212072255_74473.jpg,https://cdn-strapi.prod.99iddev.net/assets/165_gallery_west_gallery_west_20171212072255_74473_9866b3d123.jpg,,
gallery-west,Media Library/Office Venue/gallery-west,923,56,87,31,floorplan/165_gallery-west-gallery-west_20170222073357_87204.jpg,floorplan,165_gallery-west-gallery-west_20170222073357_87204.jpg,uploaded,56005,165_gallery-west-gallery-west_20170222073357_87204.jpg,https://cdn-strapi.prod.99iddev.net/assets/165_gallery_west_gallery_west_20170222073357_87204_e389e1ead5.jpg,,
gallery-west,Media Library/Office Venue/gallery-west,923,56,87,31,floorplan/165_gallery-west-gallery-west_20170222074746_45053.jpg,floorplan,165_gallery-west-gallery-west_20170222074746_45053.jpg,uploaded,56006,165_gallery-west-gallery-west_20170222074746_45053.jpg,https://cdn-strapi.prod.99iddev.net/assets/165_gallery_west_gallery_west_20170222074746_45053_b30ab99405.jpg,,
gallery-west,Media Library/Office Venue/gallery-west,923,56,87,31,floorplan/165_gallery-west-gallery-west_20170222074747_23129.jpg,floorplan,165_gallery-west-gallery-west_20170222074747_23129.jpg,uploaded,56007,165_gallery-west-gallery-west_20170222074747_23129.jpg,https://cdn-strapi.prod.99iddev.net/assets/165_gallery_west_gallery_west_20170222074747_23129_28ffcda57a.jpg,,
gallery-west,Media Library/Office Venue/gallery-west,923,56,87,31,floorplan/165_gallery-west-gallery-west_20170222074747_98515.jpg,floorplan,165_gallery-west-gallery-west_20170222074747_98515.jpg,uploaded,56008,165_gallery-west-gallery-west_20170222074747_98515.jpg,https://cdn-strapi.prod.99iddev.net/assets/165_gallery_west_gallery_west_20170222074747_98515_855e9fb143.jpg,,
gallery-west,Media Library/Office Venue/gallery-west,923,56,87,31,interior/165_gallery-west-gallery-west_20171024044014_78495.jpg,interior,165_gallery-west-gallery-west_20171024044014_78495.jpg,uploaded,56009,165_gallery-west-gallery-west_20171024044014_78495.jpg,https://cdn-strapi.prod.99iddev.net/assets/165_gallery_west_gallery_west_20171024044014_78495_e412ce0b15.jpg,,
gallery-west,Media Library/Office Venue/gallery-west,923,56,87,31,interior/165_gallery-west-gallery-west_20171024044016_43005.jpg,interior,165_gallery-west-gallery-west_20171024044016_43005.jpg,uploaded,56010,165_gallery-west-gallery-west_20171024044016_43005.jpg,https://cdn-strapi.prod.99iddev.net/assets/165_gallery_west_gallery_west_20171024044016_43005_19aa359e49.jpg,,
gallery-west,Media Library/Office Venue/gallery-west,923,56,87,31,interior/165_gallery-west-gallery-west_20171024044019_89417.jpg,interior,165_gallery-west-gallery-west_20171024044019_89417.jpg,uploaded,56011,165_gallery-west-gallery-west_20171024044019_89417.jpg,https://cdn-strapi.prod.99iddev.net/assets/165_gallery_west_gallery_west_20171024044019_89417_6582f665e7.jpg,,
gallery-west,Media Library/Office Venue/gallery-west,923,56,87,31,interior/165_gallery-west-gallery-west_20171024044020_70257.jpg,interior,165_gallery-west-gallery-west_20171024044020_70257.jpg,uploaded,56012,165_gallery-west-gallery-west_20171024044020_70257.jpg,https://cdn-strapi.prod.99iddev.net/assets/165_gallery_west_gallery_west_20171024044020_70257_0fbbd956de.jpg,,
gallery-west,Media Library/Office Venue/gallery-west,923,56,87,31,interior/165_gallery-west-gallery-west_20180412062236_46754.jpg,interior,165_gallery-west-gallery-west_20180412062236_46754.jpg,uploaded,56013,165_gallery-west-gallery-west_20180412062236_46754.jpg,https://cdn-strapi.prod.99iddev.net/assets/165_gallery_west_gallery_west_20180412062236_46754_e880289795.jpg,,
gallery-west,Media Library/Office Venue/gallery-west,923,56,87,31,interior/165_gallery-west-gallery-west_20180412062236_52646.jpg,interior,165_gallery-west-gallery-west_20180412062236_52646.jpg,uploaded,56014,165_gallery-west-gallery-west_20180412062236_52646.jpg,https://cdn-strapi.prod.99iddev.net/assets/165_gallery_west_gallery_west_20180412062236_52646_bd6f9ddae1.jpg,,
gallery-west,Media Library/Office Venue/gallery-west,923,56,87,31,interior/165_gallery-west-gallery-west_20180412062237_74543.jpg,interior,165_gallery-west-gallery-west_20180412062237_74543.jpg,uploaded,56015,165_gallery-west-gallery-west_20180412062237_74543.jpg,https://cdn-strapi.prod.99iddev.net/assets/165_gallery_west_gallery_west_20180412062237_74543_3132cdcde8.jpg,,
gallery-west,Media Library/Office Venue/gallery-west,923,56,87,31,interior/165_gallery-west-gallery-west_20180412062237_88028.jpg,interior,165_gallery-west-gallery-west_20180412062237_88028.jpg,uploaded,56016,165_gallery-west-gallery-west_20180412062237_88028.jpg,https://cdn-strapi.prod.99iddev.net/assets/165_gallery_west_gallery_west_20180412062237_88028_84b1db390c.jpg,,
gallery-west,Media Library/Office Venue/gallery-west,923,56,87,31,interior/165_gallery-west-gallery-west_20180412062237_97471.jpg,interior,165_gallery-west-gallery-west_20180412062237_97471.jpg,uploaded,56017,165_gallery-west-gallery-west_20180412062237_97471.jpg,https://cdn-strapi.prod.99iddev.net/assets/165_gallery_west_gallery_west_20180412062237_97471_f1614cc63d.jpg,,
gallery-west,Media Library/Office Venue/gallery-west,923,56,87,31,interior/165_gallery-west-gallery-west_20180412062238_12810.jpg,interior,165_gallery-west-gallery-west_20180412062238_12810.jpg,uploaded,56018,165_gallery-west-gallery-west_20180412062238_12810.jpg,https://cdn-strapi.prod.99iddev.net/assets/165_gallery_west_gallery_west_20180412062238_12810_125e12d1d7.jpg,,
gallery-west,Media Library/Office Venue/gallery-west,923,56,87,31,interior/165_gallery-west-gallery-west_20180412062238_27394.jpg,interior,165_gallery-west-gallery-west_20180412062238_27394.jpg,uploaded,56019,165_gallery-west-gallery-west_20180412062238_27394.jpg,https://cdn-strapi.prod.99iddev.net/assets/165_gallery_west_gallery_west_20180412062238_27394_07815aa210.jpg,,
gallery-west,Media Library/Office Venue/gallery-west,923,56,87,31,interior/165_gallery-west-gallery-west_20180412062239_35138.jpg,interior,165_gallery-west-gallery-west_20180412062239_35138.jpg,uploaded,56020,165_gallery-west-gallery-west_20180412062239_35138.jpg,https://cdn-strapi.prod.99iddev.net/assets/165_gallery_west_gallery_west_20180412062239_35138_f7e5f1ce02.jpg,,
gallery-west,Media Library/Office Venue/gallery-west,923,56,87,31,interior/165_gallery-west-gallery-west_20180412062239_58651.jpg,interior,165_gallery-west-gallery-west_20180412062239_58651.jpg,uploaded,56021,165_gallery-west-gallery-west_20180412062239_58651.jpg,https://cdn-strapi.prod.99iddev.net/assets/165_gallery_west_gallery_west_20180412062239_58651_e7c62b8f20.jpg,,
gallery-west,Media Library/Office Venue/gallery-west,923,56,87,31,interior/165_gallery-west-gallery-west_20180412062240_29166.jpg,interior,165_gallery-west-gallery-west_20180412062240_29166.jpg,uploaded,56022,165_gallery-west-gallery-west_20180412062240_29166.jpg,https://cdn-strapi.prod.99iddev.net/assets/165_gallery_west_gallery_west_20180412062240_29166_0d8d7fcc60.jpg,,
gallery-west,Media Library/Office Venue/gallery-west,923,56,87,31,interior/165_gallery-west-gallery-west_20180412062240_69276.jpg,interior,165_gallery-west-gallery-west_20180412062240_69276.jpg,uploaded,56023,165_gallery-west-gallery-west_20180412062240_69276.jpg,https://cdn-strapi.prod.99iddev.net/assets/165_gallery_west_gallery_west_20180412062240_69276_c31d070c2b.jpg,,
gallery-west,Media Library/Office Venue/gallery-west,923,56,87,31,interior/165_gallery-west-gallery-west_20180412062241_16144.jpg,interior,165_gallery-west-gallery-west_20180412062241_16144.jpg,uploaded,56024,165_gallery-west-gallery-west_20180412062241_16144.jpg,https://cdn-strapi.prod.99iddev.net/assets/165_gallery_west_gallery_west_20180412062241_16144_66070361f1.jpg,,
gallery-west,Media Library/Office Venue/gallery-west,923,56,87,31,interior/165_gallery-west-gallery-west_20180412062241_34223.jpg,interior,165_gallery-west-gallery-west_20180412062241_34223.jpg,uploaded,56025,165_gallery-west-gallery-west_20180412062241_34223.jpg,https://cdn-strapi.prod.99iddev.net/assets/165_gallery_west_gallery_west_20180412062241_34223_b37de6ddf7.jpg,,
gallery-west,Media Library/Office Venue/gallery-west,923,56,87,31,interior/165_gallery-west-gallery-west_20180412062242_24564.jpg,interior,165_gallery-west-gallery-west_20180412062242_24564.jpg,uploaded,56026,165_gallery-west-gallery-west_20180412062242_24564.jpg,https://cdn-strapi.prod.99iddev.net/assets/165_gallery_west_gallery_west_20180412062242_24564_88f0d3bfa9.jpg,,
gallery-west,Media Library/Office Venue/gallery-west,923,56,87,31,interior/165_gallery-west-gallery-west_20180412062242_63967.jpg,interior,165_gallery-west-gallery-west_20180412062242_63967.jpg,uploaded,56027,165_gallery-west-gallery-west_20180412062242_63967.jpg,https://cdn-strapi.prod.99iddev.net/assets/165_gallery_west_gallery_west_20180412062242_63967_712ca0eb41.jpg,,
gallery-west,Media Library/Office Venue/gallery-west,923,56,87,31,interior/165_gallery-west-gallery-west_20180412062243_76905.jpg,interior,165_gallery-west-gallery-west_20180412062243_76905.jpg,uploaded,56028,165_gallery-west-gallery-west_20180412062243_76905.jpg,https://cdn-strapi.prod.99iddev.net/assets/165_gallery_west_gallery_west_20180412062243_76905_1a1c444166.jpg,,
gandaria-8,Media Library/Office Venue/gandaria-8,924,12,24,12,exterior/253_gandaria-8-gandaria-8_20160914043840_96867.jpg,exterior,253_gandaria-8-gandaria-8_20160914043840_96867.jpg,uploaded,56029,253_gandaria-8-gandaria-8_20160914043840_96867.jpg,https://cdn-strapi.prod.99iddev.net/assets/253_gandaria_8_gandaria_8_20160914043840_96867_a1443f0cc5.jpg,,
gandaria-8,Media Library/Office Venue/gandaria-8,924,12,24,12,exterior/253_gandaria-8-gandaria-8_20160914043841_24249.jpg,exterior,253_gandaria-8-gandaria-8_20160914043841_24249.jpg,uploaded,56030,253_gandaria-8-gandaria-8_20160914043841_24249.jpg,https://cdn-strapi.prod.99iddev.net/assets/253_gandaria_8_gandaria_8_20160914043841_24249_88d008ac21.jpg,,
gandaria-8,Media Library/Office Venue/gandaria-8,924,12,24,12,exterior/253_gandaria-8-gandaria-8_20160914043841_55872.jpg,exterior,253_gandaria-8-gandaria-8_20160914043841_55872.jpg,uploaded,56031,253_gandaria-8-gandaria-8_20160914043841_55872.jpg,https://cdn-strapi.prod.99iddev.net/assets/253_gandaria_8_gandaria_8_20160914043841_55872_8bd4e68fe1.jpg,,
gandaria-8,Media Library/Office Venue/gandaria-8,924,12,24,12,interior/253_gandaria-8-gandaria-8_20170331101833_22568.jpg,interior,253_gandaria-8-gandaria-8_20170331101833_22568.jpg,uploaded,56032,253_gandaria-8-gandaria-8_20170331101833_22568.jpg,https://cdn-strapi.prod.99iddev.net/assets/253_gandaria_8_gandaria_8_20170331101833_22568_6371a3bf3e.jpg,,
gandaria-8,Media Library/Office Venue/gandaria-8,924,12,24,12,interior/253_gandaria-8-gandaria-8_20170331101834_57905.jpg,interior,253_gandaria-8-gandaria-8_20170331101834_57905.jpg,uploaded,56033,253_gandaria-8-gandaria-8_20170331101834_57905.jpg,https://cdn-strapi.prod.99iddev.net/assets/253_gandaria_8_gandaria_8_20170331101834_57905_4b5ae3bfe2.jpg,,
gandaria-8,Media Library/Office Venue/gandaria-8,924,12,24,12,interior/253_gandaria-8-gandaria-8_20170331101834_93245.jpg,interior,253_gandaria-8-gandaria-8_20170331101834_93245.jpg,uploaded,56034,253_gandaria-8-gandaria-8_20170331101834_93245.jpg,https://cdn-strapi.prod.99iddev.net/assets/253_gandaria_8_gandaria_8_20170331101834_93245_e92f5b7cce.jpg,,
gandaria-8,Media Library/Office Venue/gandaria-8,924,12,24,12,interior/253_gandaria-8-gandaria-8_20170331101835_20171.jpg,interior,253_gandaria-8-gandaria-8_20170331101835_20171.jpg,uploaded,56035,253_gandaria-8-gandaria-8_20170331101835_20171.jpg,https://cdn-strapi.prod.99iddev.net/assets/253_gandaria_8_gandaria_8_20170331101835_20171_b001980ee6.jpg,,
gandaria-8,Media Library/Office Venue/gandaria-8,924,12,24,12,interior/253_gandaria-8-gandaria-8_20170331101835_25466.jpg,interior,253_gandaria-8-gandaria-8_20170331101835_25466.jpg,uploaded,56036,253_gandaria-8-gandaria-8_20170331101835_25466.jpg,https://cdn-strapi.prod.99iddev.net/assets/253_gandaria_8_gandaria_8_20170331101835_25466_72862863ce.jpg,,
gandaria-8,Media Library/Office Venue/gandaria-8,924,12,24,12,interior/253_gandaria-8-gandaria-8_20170331101836_20073.jpg,interior,253_gandaria-8-gandaria-8_20170331101836_20073.jpg,uploaded,56037,253_gandaria-8-gandaria-8_20170331101836_20073.jpg,https://cdn-strapi.prod.99iddev.net/assets/253_gandaria_8_gandaria_8_20170331101836_20073_77d0085f9a.jpg,,
gandaria-8,Media Library/Office Venue/gandaria-8,924,12,24,12,interior/253_gandaria-8-gandaria-8_20170331101836_73191.jpg,interior,253_gandaria-8-gandaria-8_20170331101836_73191.jpg,uploaded,56038,253_gandaria-8-gandaria-8_20170331101836_73191.jpg,https://cdn-strapi.prod.99iddev.net/assets/253_gandaria_8_gandaria_8_20170331101836_73191_ec197e5707.jpg,,
gandaria-8,Media Library/Office Venue/gandaria-8,924,12,24,12,interior/253_gandaria-8-gandaria-8_20170331101836_90929.jpg,interior,253_gandaria-8-gandaria-8_20170331101836_90929.jpg,uploaded,56039,253_gandaria-8-gandaria-8_20170331101836_90929.jpg,https://cdn-strapi.prod.99iddev.net/assets/253_gandaria_8_gandaria_8_20170331101836_90929_e3568bf7c1.jpg,,
gandaria-8,Media Library/Office Venue/gandaria-8,924,12,24,12,interior/253_gandaria-8-gandaria-8_20170331101837_24493.jpg,interior,253_gandaria-8-gandaria-8_20170331101837_24493.jpg,uploaded,56040,253_gandaria-8-gandaria-8_20170331101837_24493.jpg,https://cdn-strapi.prod.99iddev.net/assets/253_gandaria_8_gandaria_8_20170331101837_24493_10a9b0decf.jpg,,
gedung-anakida,Media Library/Office Venue/gedung-anakida,981,11,22,11,exterior/436_gedung-anakida-gedung-anakida_20161124034044_51383.jpg,exterior,436_gedung-anakida-gedung-anakida_20161124034044_51383.jpg,uploaded,56041,436_gedung-anakida-gedung-anakida_20161124034044_51383.jpg,https://cdn-strapi.prod.99iddev.net/assets/436_gedung_anakida_gedung_anakida_20161124034044_51383_a7bb7ec4cd.jpg,,
gedung-anakida,Media Library/Office Venue/gedung-anakida,981,11,22,11,exterior/436_gedung-anakida-gedung-anakida_20161124034044_87338.jpg,exterior,436_gedung-anakida-gedung-anakida_20161124034044_87338.jpg,uploaded,56042,436_gedung-anakida-gedung-anakida_20161124034044_87338.jpg,https://cdn-strapi.prod.99iddev.net/assets/436_gedung_anakida_gedung_anakida_20161124034044_87338_990ad75adb.jpg,,
gedung-anakida,Media Library/Office Venue/gedung-anakida,981,11,22,11,interior/436_gedung-anakida-gedung-anakida_20180530084931_43817.jpg,interior,436_gedung-anakida-gedung-anakida_20180530084931_43817.jpg,uploaded,56043,436_gedung-anakida-gedung-anakida_20180530084931_43817.jpg,https://cdn-strapi.prod.99iddev.net/assets/436_gedung_anakida_gedung_anakida_20180530084931_43817_a72ba60007.jpg,,
gedung-anakida,Media Library/Office Venue/gedung-anakida,981,11,22,11,interior/436_gedung-anakida-gedung-anakida_20180530084932_11354.jpg,interior,436_gedung-anakida-gedung-anakida_20180530084932_11354.jpg,uploaded,56044,436_gedung-anakida-gedung-anakida_20180530084932_11354.jpg,https://cdn-strapi.prod.99iddev.net/assets/436_gedung_anakida_gedung_anakida_20180530084932_11354_7a0dfc8d6a.jpg,,
gedung-anakida,Media Library/Office Venue/gedung-anakida,981,11,22,11,interior/436_gedung-anakida-gedung-anakida_20180530084932_81841.jpg,interior,436_gedung-anakida-gedung-anakida_20180530084932_81841.jpg,uploaded,56045,436_gedung-anakida-gedung-anakida_20180530084932_81841.jpg,https://cdn-strapi.prod.99iddev.net/assets/436_gedung_anakida_gedung_anakida_20180530084932_81841_de31da4adb.jpg,,
gedung-anakida,Media Library/Office Venue/gedung-anakida,981,11,22,11,interior/436_gedung-anakida-gedung-anakida_20180530084932_97013.jpg,interior,436_gedung-anakida-gedung-anakida_20180530084932_97013.jpg,uploaded,56046,436_gedung-anakida-gedung-anakida_20180530084932_97013.jpg,https://cdn-strapi.prod.99iddev.net/assets/436_gedung_anakida_gedung_anakida_20180530084932_97013_5c837f557b.jpg,,
gedung-anakida,Media Library/Office Venue/gedung-anakida,981,11,22,11,interior/436_gedung-anakida-gedung-anakida_20180530084933_61987.jpg,interior,436_gedung-anakida-gedung-anakida_20180530084933_61987.jpg,uploaded,56047,436_gedung-anakida-gedung-anakida_20180530084933_61987.jpg,https://cdn-strapi.prod.99iddev.net/assets/436_gedung_anakida_gedung_anakida_20180530084933_61987_3ecb98e353.jpg,,
gedung-anakida,Media Library/Office Venue/gedung-anakida,981,11,22,11,interior/436_gedung-anakida-gedung-anakida_20180530084933_97991.jpg,interior,436_gedung-anakida-gedung-anakida_20180530084933_97991.jpg,uploaded,56048,436_gedung-anakida-gedung-anakida_20180530084933_97991.jpg,https://cdn-strapi.prod.99iddev.net/assets/436_gedung_anakida_gedung_anakida_20180530084933_97991_d9d0ee7893.jpg,,
gedung-anakida,Media Library/Office Venue/gedung-anakida,981,11,22,11,interior/436_gedung-anakida-gedung-anakida_20180530084934_49889.jpg,interior,436_gedung-anakida-gedung-anakida_20180530084934_49889.jpg,uploaded,56049,436_gedung-anakida-gedung-anakida_20180530084934_49889.jpg,https://cdn-strapi.prod.99iddev.net/assets/436_gedung_anakida_gedung_anakida_20180530084934_49889_577a25bbbd.jpg,,
gedung-anakida,Media Library/Office Venue/gedung-anakida,981,11,22,11,interior/436_gedung-anakida-gedung-anakida_20180530084934_78436.jpg,interior,436_gedung-anakida-gedung-anakida_20180530084934_78436.jpg,uploaded,56050,436_gedung-anakida-gedung-anakida_20180530084934_78436.jpg,https://cdn-strapi.prod.99iddev.net/assets/436_gedung_anakida_gedung_anakida_20180530084934_78436_66228c0c11.jpg,,
gedung-anakida,Media Library/Office Venue/gedung-anakida,981,11,22,11,interior/436_gedung-anakida-gedung-anakida_20180530084935_54362.jpg,interior,436_gedung-anakida-gedung-anakida_20180530084935_54362.jpg,uploaded,56051,436_gedung-anakida-gedung-anakida_20180530084935_54362.jpg,https://cdn-strapi.prod.99iddev.net/assets/436_gedung_anakida_gedung_anakida_20180530084935_54362_d822d41c1b.jpg,,
gedung-arva,Media Library/Office Venue/gedung-arva,925,14,28,14,exterior/188_gedung-arva-gedung-arva_20160914043846_94733.jpg,exterior,188_gedung-arva-gedung-arva_20160914043846_94733.jpg,uploaded,56052,188_gedung-arva-gedung-arva_20160914043846_94733.jpg,https://cdn-strapi.prod.99iddev.net/assets/188_gedung_arva_gedung_arva_20160914043846_94733_199c5330dd.jpg,,
gedung-arva,Media Library/Office Venue/gedung-arva,925,14,28,14,interior/188_gedung-arva-gedung-arva_20180411083507_70846.jpg,interior,188_gedung-arva-gedung-arva_20180411083507_70846.jpg,uploaded,56053,188_gedung-arva-gedung-arva_20180411083507_70846.jpg,https://cdn-strapi.prod.99iddev.net/assets/188_gedung_arva_gedung_arva_20180411083507_70846_57cdccd1a5.jpg,,
gedung-arva,Media Library/Office Venue/gedung-arva,925,14,28,14,interior/188_gedung-arva-gedung-arva_20180411083508_45582.jpg,interior,188_gedung-arva-gedung-arva_20180411083508_45582.jpg,uploaded,56054,188_gedung-arva-gedung-arva_20180411083508_45582.jpg,https://cdn-strapi.prod.99iddev.net/assets/188_gedung_arva_gedung_arva_20180411083508_45582_433a230089.jpg,,
gedung-arva,Media Library/Office Venue/gedung-arva,925,14,28,14,interior/188_gedung-arva-gedung-arva_20180411083508_55672.jpg,interior,188_gedung-arva-gedung-arva_20180411083508_55672.jpg,uploaded,56055,188_gedung-arva-gedung-arva_20180411083508_55672.jpg,https://cdn-strapi.prod.99iddev.net/assets/188_gedung_arva_gedung_arva_20180411083508_55672_935af62886.jpg,,
gedung-arva,Media Library/Office Venue/gedung-arva,925,14,28,14,interior/188_gedung-arva-gedung-arva_20180411083508_88974.jpg,interior,188_gedung-arva-gedung-arva_20180411083508_88974.jpg,uploaded,56056,188_gedung-arva-gedung-arva_20180411083508_88974.jpg,https://cdn-strapi.prod.99iddev.net/assets/188_gedung_arva_gedung_arva_20180411083508_88974_9b22ed0e0c.jpg,,
gedung-arva,Media Library/Office Venue/gedung-arva,925,14,28,14,interior/188_gedung-arva-gedung-arva_20180411083509_50074.jpg,interior,188_gedung-arva-gedung-arva_20180411083509_50074.jpg,uploaded,56057,188_gedung-arva-gedung-arva_20180411083509_50074.jpg,https://cdn-strapi.prod.99iddev.net/assets/188_gedung_arva_gedung_arva_20180411083509_50074_ca7867603c.jpg,,
gedung-arva,Media Library/Office Venue/gedung-arva,925,14,28,14,interior/188_gedung-arva-gedung-arva_20180411083509_87884.jpg,interior,188_gedung-arva-gedung-arva_20180411083509_87884.jpg,uploaded,56058,188_gedung-arva-gedung-arva_20180411083509_87884.jpg,https://cdn-strapi.prod.99iddev.net/assets/188_gedung_arva_gedung_arva_20180411083509_87884_ddf14c2a1d.jpg,,
gedung-arva,Media Library/Office Venue/gedung-arva,925,14,28,14,interior/188_gedung-arva-gedung-arva_20180411083510_89373.jpg,interior,188_gedung-arva-gedung-arva_20180411083510_89373.jpg,uploaded,56059,188_gedung-arva-gedung-arva_20180411083510_89373.jpg,https://cdn-strapi.prod.99iddev.net/assets/188_gedung_arva_gedung_arva_20180411083510_89373_e41f8e9154.jpg,,
gedung-arva,Media Library/Office Venue/gedung-arva,925,14,28,14,interior/188_gedung-arva-gedung-arva_20180411083511_73500.jpg,interior,188_gedung-arva-gedung-arva_20180411083511_73500.jpg,uploaded,56060,188_gedung-arva-gedung-arva_20180411083511_73500.jpg,https://cdn-strapi.prod.99iddev.net/assets/188_gedung_arva_gedung_arva_20180411083511_73500_5bd342cbdd.jpg,,
gedung-arva,Media Library/Office Venue/gedung-arva,925,14,28,14,interior/188_gedung-arva-gedung-arva_20180411083511_96452.jpg,interior,188_gedung-arva-gedung-arva_20180411083511_96452.jpg,uploaded,56061,188_gedung-arva-gedung-arva_20180411083511_96452.jpg,https://cdn-strapi.prod.99iddev.net/assets/188_gedung_arva_gedung_arva_20180411083511_96452_b912c130cf.jpg,,
gedung-arva,Media Library/Office Venue/gedung-arva,925,14,28,14,interior/188_gedung-arva-gedung-arva_20180411083512_33304.jpg,interior,188_gedung-arva-gedung-arva_20180411083512_33304.jpg,uploaded,56062,188_gedung-arva-gedung-arva_20180411083512_33304.jpg,https://cdn-strapi.prod.99iddev.net/assets/188_gedung_arva_gedung_arva_20180411083512_33304_65f72ff8d5.jpg,,
gedung-arva,Media Library/Office Venue/gedung-arva,925,14,28,14,interior/188_gedung-arva-gedung-arva_20180411083512_76651.jpg,interior,188_gedung-arva-gedung-arva_20180411083512_76651.jpg,uploaded,56063,188_gedung-arva-gedung-arva_20180411083512_76651.jpg,https://cdn-strapi.prod.99iddev.net/assets/188_gedung_arva_gedung_arva_20180411083512_76651_ef4e0c20ad.jpg,,
gedung-arva,Media Library/Office Venue/gedung-arva,925,14,28,14,interior/188_gedung-arva-gedung-arva_20180411083512_89209.jpg,interior,188_gedung-arva-gedung-arva_20180411083512_89209.jpg,uploaded,56064,188_gedung-arva-gedung-arva_20180411083512_89209.jpg,https://cdn-strapi.prod.99iddev.net/assets/188_gedung_arva_gedung_arva_20180411083512_89209_8bcff9643e.jpg,,
gedung-arva,Media Library/Office Venue/gedung-arva,925,14,28,14,interior/188_gedung-arva-gedung-arva_20180411083513_91382.jpg,interior,188_gedung-arva-gedung-arva_20180411083513_91382.jpg,uploaded,56065,188_gedung-arva-gedung-arva_20180411083513_91382.jpg,https://cdn-strapi.prod.99iddev.net/assets/188_gedung_arva_gedung_arva_20180411083513_91382_dcf4775536.jpg,,
gedung-bank-panin-senayan,Media Library/Office Venue/gedung-bank-panin-senayan,983,1,2,1,exterior/94_gedung-bank-panin-gedung-bank-panin-senayan_20160914043853_78628.jpg,exterior,94_gedung-bank-panin-gedung-bank-panin-senayan_20160914043853_78628.jpg,uploaded,56066,94_gedung-bank-panin-gedung-bank-panin-senayan_20160914043853_78628.jpg,https://cdn-strapi.prod.99iddev.net/assets/94_gedung_bank_panin_gedung_bank_panin_senayan_20160914043853_78628_4228abd896.jpg,,
gedung-bni-1,Media Library/Office Venue/gedung-bni-1,984,13,26,13,exterior/95_gedung-bni-gedung-bni-1_20160914043846_14356.jpg,exterior,95_gedung-bni-gedung-bni-1_20160914043846_14356.jpg,uploaded,56067,95_gedung-bni-gedung-bni-1_20160914043846_14356.jpg,https://cdn-strapi.prod.99iddev.net/assets/95_gedung_bni_gedung_bni_1_20160914043846_14356_b92580e3e5.jpg,,
gedung-bni-1,Media Library/Office Venue/gedung-bni-1,984,13,26,13,exterior/95_gedung-bni-gedung-bni-1_20160914043847_79026.jpg,exterior,95_gedung-bni-gedung-bni-1_20160914043847_79026.jpg,uploaded,56068,95_gedung-bni-gedung-bni-1_20160914043847_79026.jpg,https://cdn-strapi.prod.99iddev.net/assets/95_gedung_bni_gedung_bni_1_20160914043847_79026_18442202a2.jpg,,
gedung-bni-1,Media Library/Office Venue/gedung-bni-1,984,13,26,13,exterior/95_gedung-bni-gedung-bni-1_20160914043847_89384.jpg,exterior,95_gedung-bni-gedung-bni-1_20160914043847_89384.jpg,uploaded,56069,95_gedung-bni-gedung-bni-1_20160914043847_89384.jpg,https://cdn-strapi.prod.99iddev.net/assets/95_gedung_bni_gedung_bni_1_20160914043847_89384_b97977d7ee.jpg,,
gedung-bni-1,Media Library/Office Venue/gedung-bni-1,984,13,26,13,interior/95_gedung-bni-gedung-bni-1_20180411084049_22326.jpg,interior,95_gedung-bni-gedung-bni-1_20180411084049_22326.jpg,uploaded,56070,95_gedung-bni-gedung-bni-1_20180411084049_22326.jpg,https://cdn-strapi.prod.99iddev.net/assets/95_gedung_bni_gedung_bni_1_20180411084049_22326_68983e391b.jpg,,
gedung-bni-1,Media Library/Office Venue/gedung-bni-1,984,13,26,13,interior/95_gedung-bni-gedung-bni-1_20180411084049_68978.jpg,interior,95_gedung-bni-gedung-bni-1_20180411084049_68978.jpg,uploaded,56071,95_gedung-bni-gedung-bni-1_20180411084049_68978.jpg,https://cdn-strapi.prod.99iddev.net/assets/95_gedung_bni_gedung_bni_1_20180411084049_68978_e8c8ae3ec5.jpg,,
gedung-bni-1,Media Library/Office Venue/gedung-bni-1,984,13,26,13,interior/95_gedung-bni-gedung-bni-1_20180411084050_19074.jpg,interior,95_gedung-bni-gedung-bni-1_20180411084050_19074.jpg,uploaded,56072,95_gedung-bni-gedung-bni-1_20180411084050_19074.jpg,https://cdn-strapi.prod.99iddev.net/assets/95_gedung_bni_gedung_bni_1_20180411084050_19074_8147dab16a.jpg,,
gedung-bni-1,Media Library/Office Venue/gedung-bni-1,984,13,26,13,interior/95_gedung-bni-gedung-bni-1_20180411084051_25939.jpg,interior,95_gedung-bni-gedung-bni-1_20180411084051_25939.jpg,uploaded,56073,95_gedung-bni-gedung-bni-1_20180411084051_25939.jpg,https://cdn-strapi.prod.99iddev.net/assets/95_gedung_bni_gedung_bni_1_20180411084051_25939_31f98922fa.jpg,,
gedung-bni-1,Media Library/Office Venue/gedung-bni-1,984,13,26,13,interior/95_gedung-bni-gedung-bni-1_20180411084051_75849.jpg,interior,95_gedung-bni-gedung-bni-1_20180411084051_75849.jpg,uploaded,56074,95_gedung-bni-gedung-bni-1_20180411084051_75849.jpg,https://cdn-strapi.prod.99iddev.net/assets/95_gedung_bni_gedung_bni_1_20180411084051_75849_1e42cea4d7.jpg,,
gedung-bni-1,Media Library/Office Venue/gedung-bni-1,984,13,26,13,interior/95_gedung-bni-gedung-bni-1_20180411084052_46429.jpg,interior,95_gedung-bni-gedung-bni-1_20180411084052_46429.jpg,uploaded,56075,95_gedung-bni-gedung-bni-1_20180411084052_46429.jpg,https://cdn-strapi.prod.99iddev.net/assets/95_gedung_bni_gedung_bni_1_20180411084052_46429_687f4e83b5.jpg,,
gedung-bni-1,Media Library/Office Venue/gedung-bni-1,984,13,26,13,interior/95_gedung-bni-gedung-bni-1_20180411084052_59565.jpg,interior,95_gedung-bni-gedung-bni-1_20180411084052_59565.jpg,uploaded,56076,95_gedung-bni-gedung-bni-1_20180411084052_59565.jpg,https://cdn-strapi.prod.99iddev.net/assets/95_gedung_bni_gedung_bni_1_20180411084052_59565_eb73621406.jpg,,
gedung-bni-1,Media Library/Office Venue/gedung-bni-1,984,13,26,13,interior/95_gedung-bni-gedung-bni-1_20180411084053_31596.jpg,interior,95_gedung-bni-gedung-bni-1_20180411084053_31596.jpg,uploaded,56077,95_gedung-bni-gedung-bni-1_20180411084053_31596.jpg,https://cdn-strapi.prod.99iddev.net/assets/95_gedung_bni_gedung_bni_1_20180411084053_31596_94ce059074.jpg,,
gedung-bni-1,Media Library/Office Venue/gedung-bni-1,984,13,26,13,interior/95_gedung-bni-gedung-bni-1_20180411084053_47626.jpg,interior,95_gedung-bni-gedung-bni-1_20180411084053_47626.jpg,uploaded,56078,95_gedung-bni-gedung-bni-1_20180411084053_47626.jpg,https://cdn-strapi.prod.99iddev.net/assets/95_gedung_bni_gedung_bni_1_20180411084053_47626_5faed6abf1.jpg,,
gedung-bni-1,Media Library/Office Venue/gedung-bni-1,984,13,26,13,interior/95_gedung-bni-gedung-bni-1_20180411084053_99702.jpg,interior,95_gedung-bni-gedung-bni-1_20180411084053_99702.jpg,uploaded,56079,95_gedung-bni-gedung-bni-1_20180411084053_99702.jpg,https://cdn-strapi.prod.99iddev.net/assets/95_gedung_bni_gedung_bni_1_20180411084053_99702_3e2b99f576.jpg,,
gedung-graha-kencana,Media Library/Office Venue/gedung-graha-kencana,242,37,57,20,interior/166_gedung-graha-kencana-gedung-graha-kencana_20170712101433_72887.jpg,interior,166_gedung-graha-kencana-gedung-graha-kencana_20170712101433_72887.jpg,uploaded,56080,166_gedung-graha-kencana-gedung-graha-kencana_20170712101433_72887.jpg,https://cdn-strapi.prod.99iddev.net/assets/166_gedung_graha_kencana_gedung_graha_kencana_20170712101433_72887_fee2a88993.jpg,,
gedung-graha-kencana,Media Library/Office Venue/gedung-graha-kencana,242,37,57,20,interior/166_gedung-graha-kencana-gedung-graha-kencana_20170712101436_35565.jpg,interior,166_gedung-graha-kencana-gedung-graha-kencana_20170712101436_35565.jpg,uploaded,56081,166_gedung-graha-kencana-gedung-graha-kencana_20170712101436_35565.jpg,https://cdn-strapi.prod.99iddev.net/assets/166_gedung_graha_kencana_gedung_graha_kencana_20170712101436_35565_8cd964370a.jpg,,
gedung-graha-kencana,Media Library/Office Venue/gedung-graha-kencana,242,37,57,20,interior/166_gedung-graha-kencana-gedung-graha-kencana_20170712101440_48194.jpg,interior,166_gedung-graha-kencana-gedung-graha-kencana_20170712101440_48194.jpg,uploaded,56082,166_gedung-graha-kencana-gedung-graha-kencana_20170712101440_48194.jpg,https://cdn-strapi.prod.99iddev.net/assets/166_gedung_graha_kencana_gedung_graha_kencana_20170712101440_48194_1682e42831.jpg,,
gedung-graha-kencana,Media Library/Office Venue/gedung-graha-kencana,242,37,57,20,interior/166_gedung-graha-kencana-gedung-graha-kencana_20170712101442_55273.jpg,interior,166_gedung-graha-kencana-gedung-graha-kencana_20170712101442_55273.jpg,uploaded,56083,166_gedung-graha-kencana-gedung-graha-kencana_20170712101442_55273.jpg,https://cdn-strapi.prod.99iddev.net/assets/166_gedung_graha_kencana_gedung_graha_kencana_20170712101442_55273_aea3fd4aba.jpg,,
gedung-graha-kencana,Media Library/Office Venue/gedung-graha-kencana,242,37,57,20,interior/166_gedung-graha-kencana-gedung-graha-kencana_20170712101445_43612.jpg,interior,166_gedung-graha-kencana-gedung-graha-kencana_20170712101445_43612.jpg,uploaded,56084,166_gedung-graha-kencana-gedung-graha-kencana_20170712101445_43612.jpg,https://cdn-strapi.prod.99iddev.net/assets/166_gedung_graha_kencana_gedung_graha_kencana_20170712101445_43612_e59d013062.jpg,,
gedung-graha-kencana,Media Library/Office Venue/gedung-graha-kencana,242,37,57,20,interior/166_gedung-graha-kencana-gedung-graha-kencana_20170712101448_47438.jpg,interior,166_gedung-graha-kencana-gedung-graha-kencana_20170712101448_47438.jpg,uploaded,56085,166_gedung-graha-kencana-gedung-graha-kencana_20170712101448_47438.jpg,https://cdn-strapi.prod.99iddev.net/assets/166_gedung_graha_kencana_gedung_graha_kencana_20170712101448_47438_e2f627f9ba.jpg,,
gedung-graha-kencana,Media Library/Office Venue/gedung-graha-kencana,242,37,57,20,interior/166_gedung-graha-kencana-gedung-graha-kencana_20170712101451_13439.jpg,interior,166_gedung-graha-kencana-gedung-graha-kencana_20170712101451_13439.jpg,uploaded,56086,166_gedung-graha-kencana-gedung-graha-kencana_20170712101451_13439.jpg,https://cdn-strapi.prod.99iddev.net/assets/166_gedung_graha_kencana_gedung_graha_kencana_20170712101451_13439_51e4b46ad5.jpg,,
gedung-graha-kencana,Media Library/Office Venue/gedung-graha-kencana,242,37,57,20,interior/166_gedung-graha-kencana-gedung-graha-kencana_20170712101453_46606.jpg,interior,166_gedung-graha-kencana-gedung-graha-kencana_20170712101453_46606.jpg,uploaded,56087,166_gedung-graha-kencana-gedung-graha-kencana_20170712101453_46606.jpg,https://cdn-strapi.prod.99iddev.net/assets/166_gedung_graha_kencana_gedung_graha_kencana_20170712101453_46606_6efd772d2c.jpg,,
gedung-graha-kencana,Media Library/Office Venue/gedung-graha-kencana,242,37,57,20,interior/166_gedung-graha-kencana-gedung-graha-kencana_20170712101457_72860.jpg,interior,166_gedung-graha-kencana-gedung-graha-kencana_20170712101457_72860.jpg,uploaded,56088,166_gedung-graha-kencana-gedung-graha-kencana_20170712101457_72860.jpg,https://cdn-strapi.prod.99iddev.net/assets/166_gedung_graha_kencana_gedung_graha_kencana_20170712101457_72860_7f5954d86f.jpg,,
gedung-graha-kencana,Media Library/Office Venue/gedung-graha-kencana,242,37,57,20,interior/166_gedung-graha-kencana-gedung-graha-kencana_20170712101459_17114.jpg,interior,166_gedung-graha-kencana-gedung-graha-kencana_20170712101459_17114.jpg,uploaded,56089,166_gedung-graha-kencana-gedung-graha-kencana_20170712101459_17114.jpg,https://cdn-strapi.prod.99iddev.net/assets/166_gedung_graha_kencana_gedung_graha_kencana_20170712101459_17114_69c4e3438c.jpg,,
gedung-graha-kencana,Media Library/Office Venue/gedung-graha-kencana,242,37,57,20,interior/166_gedung-graha-kencana-gedung-graha-kencana_20170712101502_46592.jpg,interior,166_gedung-graha-kencana-gedung-graha-kencana_20170712101502_46592.jpg,uploaded,56090,166_gedung-graha-kencana-gedung-graha-kencana_20170712101502_46592.jpg,https://cdn-strapi.prod.99iddev.net/assets/166_gedung_graha_kencana_gedung_graha_kencana_20170712101502_46592_8ecd75c534.jpg,,
gedung-graha-kencana,Media Library/Office Venue/gedung-graha-kencana,242,37,57,20,interior/166_gedung-graha-kencana-gedung-graha-kencana_20170712101505_19085.jpg,interior,166_gedung-graha-kencana-gedung-graha-kencana_20170712101505_19085.jpg,uploaded,56091,166_gedung-graha-kencana-gedung-graha-kencana_20170712101505_19085.jpg,https://cdn-strapi.prod.99iddev.net/assets/166_gedung_graha_kencana_gedung_graha_kencana_20170712101505_19085_e27875fca4.jpg,,
gedung-graha-kencana,Media Library/Office Venue/gedung-graha-kencana,242,37,57,20,interior/166_gedung-graha-kencana-gedung-graha-kencana_20170712101508_66047.jpg,interior,166_gedung-graha-kencana-gedung-graha-kencana_20170712101508_66047.jpg,uploaded,56092,166_gedung-graha-kencana-gedung-graha-kencana_20170712101508_66047.jpg,https://cdn-strapi.prod.99iddev.net/assets/166_gedung_graha_kencana_gedung_graha_kencana_20170712101508_66047_3d7df0c7c4.jpg,,
gedung-graha-kencana,Media Library/Office Venue/gedung-graha-kencana,242,37,57,20,interior/166_gedung-graha-kencana-gedung-graha-kencana_20170712101510_77793.jpg,interior,166_gedung-graha-kencana-gedung-graha-kencana_20170712101510_77793.jpg,uploaded,56093,166_gedung-graha-kencana-gedung-graha-kencana_20170712101510_77793.jpg,https://cdn-strapi.prod.99iddev.net/assets/166_gedung_graha_kencana_gedung_graha_kencana_20170712101510_77793_3eff04fbb8.jpg,,
gedung-graha-kencana,Media Library/Office Venue/gedung-graha-kencana,242,37,57,20,interior/166_gedung-graha-kencana-gedung-graha-kencana_20170712101514_93421.jpg,interior,166_gedung-graha-kencana-gedung-graha-kencana_20170712101514_93421.jpg,uploaded,56094,166_gedung-graha-kencana-gedung-graha-kencana_20170712101514_93421.jpg,https://cdn-strapi.prod.99iddev.net/assets/166_gedung_graha_kencana_gedung_graha_kencana_20170712101514_93421_e9a9960115.jpg,,
gedung-graha-kencana,Media Library/Office Venue/gedung-graha-kencana,242,37,57,20,interior/166_gedung-graha-kencana-gedung-graha-kencana_20170712101518_11274.jpg,interior,166_gedung-graha-kencana-gedung-graha-kencana_20170712101518_11274.jpg,uploaded,56095,166_gedung-graha-kencana-gedung-graha-kencana_20170712101518_11274.jpg,https://cdn-strapi.prod.99iddev.net/assets/166_gedung_graha_kencana_gedung_graha_kencana_20170712101518_11274_488ed9e096.jpg,,
gedung-graha-kencana,Media Library/Office Venue/gedung-graha-kencana,242,37,57,20,interior/166_gedung-graha-kencana-gedung-graha-kencana_20170712101521_74034.jpg,interior,166_gedung-graha-kencana-gedung-graha-kencana_20170712101521_74034.jpg,uploaded,56096,166_gedung-graha-kencana-gedung-graha-kencana_20170712101521_74034.jpg,https://cdn-strapi.prod.99iddev.net/assets/166_gedung_graha_kencana_gedung_graha_kencana_20170712101521_74034_ed44c59d48.jpg,,
gedung-graha-kencana,Media Library/Office Venue/gedung-graha-kencana,242,37,57,20,interior/166_gedung-graha-kencana-gedung-graha-kencana_20170712101524_76394.jpg,interior,166_gedung-graha-kencana-gedung-graha-kencana_20170712101524_76394.jpg,uploaded,56097,166_gedung-graha-kencana-gedung-graha-kencana_20170712101524_76394.jpg,https://cdn-strapi.prod.99iddev.net/assets/166_gedung_graha_kencana_gedung_graha_kencana_20170712101524_76394_4a93b75be5.jpg,,
gedung-graha-kencana,Media Library/Office Venue/gedung-graha-kencana,242,37,57,20,interior/166_gedung-graha-kencana-gedung-graha-kencana_20170712101527_44446.jpg,interior,166_gedung-graha-kencana-gedung-graha-kencana_20170712101527_44446.jpg,uploaded,56098,166_gedung-graha-kencana-gedung-graha-kencana_20170712101527_44446.jpg,https://cdn-strapi.prod.99iddev.net/assets/166_gedung_graha_kencana_gedung_graha_kencana_20170712101527_44446_bbc6908b12.jpg,,
gedung-graha-kencana,Media Library/Office Venue/gedung-graha-kencana,242,37,57,20,interior/166_gedung-graha-kencana-gedung-graha-kencana_20170712101530_41221.jpg,interior,166_gedung-graha-kencana-gedung-graha-kencana_20170712101530_41221.jpg,uploaded,56099,166_gedung-graha-kencana-gedung-graha-kencana_20170712101530_41221.jpg,https://cdn-strapi.prod.99iddev.net/assets/166_gedung_graha_kencana_gedung_graha_kencana_20170712101530_41221_0d70f08b25.jpg,,
gedung-hero,Media Library/Office Venue/gedung-hero,896,3,6,3,exterior/403_gedung-hero-gedung-hero_20160914043905_71426.jpg,exterior,403_gedung-hero-gedung-hero_20160914043905_71426.jpg,uploaded,56100,403_gedung-hero-gedung-hero_20160914043905_71426.jpg,https://cdn-strapi.prod.99iddev.net/assets/403_gedung_hero_gedung_hero_20160914043905_71426_e93e343f16.jpg,,
gedung-hero,Media Library/Office Venue/gedung-hero,896,3,6,3,exterior/403_gedung-hero-gedung-hero_20160914043905_86006.jpg,exterior,403_gedung-hero-gedung-hero_20160914043905_86006.jpg,uploaded,56101,403_gedung-hero-gedung-hero_20160914043905_86006.jpg,https://cdn-strapi.prod.99iddev.net/assets/403_gedung_hero_gedung_hero_20160914043905_86006_a5bd054b69.jpg,,
gedung-hero,Media Library/Office Venue/gedung-hero,896,3,6,3,exterior/403_gedung-hero-gedung-hero_20160914043906_77029.jpg,exterior,403_gedung-hero-gedung-hero_20160914043906_77029.jpg,uploaded,56102,403_gedung-hero-gedung-hero_20160914043906_77029.jpg,https://cdn-strapi.prod.99iddev.net/assets/403_gedung_hero_gedung_hero_20160914043906_77029_12085c6b6d.jpg,,
gedung-indosat,Media Library/Office Venue/gedung-indosat,986,7,14,7,exterior/389_gedung-indosat-gedung-indosat_20160914043906_73056.jpg,exterior,389_gedung-indosat-gedung-indosat_20160914043906_73056.jpg,uploaded,56103,389_gedung-indosat-gedung-indosat_20160914043906_73056.jpg,https://cdn-strapi.prod.99iddev.net/assets/389_gedung_indosat_gedung_indosat_20160914043906_73056_6f2faec20a.jpg,,
gedung-indosat,Media Library/Office Venue/gedung-indosat,986,7,14,7,interior/389_gedung-indosat-gedung-indosat_20180522061523_42942.jpg,interior,389_gedung-indosat-gedung-indosat_20180522061523_42942.jpg,uploaded,56104,389_gedung-indosat-gedung-indosat_20180522061523_42942.jpg,https://cdn-strapi.prod.99iddev.net/assets/389_gedung_indosat_gedung_indosat_20180522061523_42942_4b7503b8b9.jpg,,
gedung-indosat,Media Library/Office Venue/gedung-indosat,986,7,14,7,interior/389_gedung-indosat-gedung-indosat_20180522061523_66558.jpg,interior,389_gedung-indosat-gedung-indosat_20180522061523_66558.jpg,uploaded,56105,389_gedung-indosat-gedung-indosat_20180522061523_66558.jpg,https://cdn-strapi.prod.99iddev.net/assets/389_gedung_indosat_gedung_indosat_20180522061523_66558_6a2305a1f3.jpg,,
gedung-indosat,Media Library/Office Venue/gedung-indosat,986,7,14,7,interior/389_gedung-indosat-gedung-indosat_20180522061523_79456.jpg,interior,389_gedung-indosat-gedung-indosat_20180522061523_79456.jpg,uploaded,56106,389_gedung-indosat-gedung-indosat_20180522061523_79456.jpg,https://cdn-strapi.prod.99iddev.net/assets/389_gedung_indosat_gedung_indosat_20180522061523_79456_e87a36b22b.jpg,,
gedung-indosat,Media Library/Office Venue/gedung-indosat,986,7,14,7,interior/389_gedung-indosat-gedung-indosat_20180522061524_60830.jpg,interior,389_gedung-indosat-gedung-indosat_20180522061524_60830.jpg,uploaded,56107,389_gedung-indosat-gedung-indosat_20180522061524_60830.jpg,https://cdn-strapi.prod.99iddev.net/assets/389_gedung_indosat_gedung_indosat_20180522061524_60830_41c7273d84.jpg,,
gedung-indosat,Media Library/Office Venue/gedung-indosat,986,7,14,7,interior/389_gedung-indosat-gedung-indosat_20180522061524_64260.jpg,interior,389_gedung-indosat-gedung-indosat_20180522061524_64260.jpg,uploaded,56108,389_gedung-indosat-gedung-indosat_20180522061524_64260.jpg,https://cdn-strapi.prod.99iddev.net/assets/389_gedung_indosat_gedung_indosat_20180522061524_64260_610bcf6916.jpg,,
gedung-indosat,Media Library/Office Venue/gedung-indosat,986,7,14,7,interior/389_gedung-indosat-gedung-indosat_20180522061524_71890.jpg,interior,389_gedung-indosat-gedung-indosat_20180522061524_71890.jpg,uploaded,56109,389_gedung-indosat-gedung-indosat_20180522061524_71890.jpg,https://cdn-strapi.prod.99iddev.net/assets/389_gedung_indosat_gedung_indosat_20180522061524_71890_e62961af4c.jpg,,
gedung-jaga,Media Library/Office Venue/gedung-jaga,987,4,8,4,exterior/481_gedung-jaga-gedung-jaga_20170320101711_93642.jpg,exterior,481_gedung-jaga-gedung-jaga_20170320101711_93642.jpg,uploaded,56110,481_gedung-jaga-gedung-jaga_20170320101711_93642.jpg,https://cdn-strapi.prod.99iddev.net/assets/481_gedung_jaga_gedung_jaga_20170320101711_93642_b0d3fd6176.jpg,,
gedung-jaga,Media Library/Office Venue/gedung-jaga,987,4,8,4,floorplan/481_gedung-jaga-gedung-jaga_20170320111046_61215.jpg,floorplan,481_gedung-jaga-gedung-jaga_20170320111046_61215.jpg,uploaded,56111,481_gedung-jaga-gedung-jaga_20170320111046_61215.jpg,https://cdn-strapi.prod.99iddev.net/assets/481_gedung_jaga_gedung_jaga_20170320111046_61215_5e62e56d30.jpg,,
gedung-jaga,Media Library/Office Venue/gedung-jaga,987,4,8,4,floorplan/481_gedung-jaga-gedung-jaga_20170320111047_87124.jpg,floorplan,481_gedung-jaga-gedung-jaga_20170320111047_87124.jpg,uploaded,56112,481_gedung-jaga-gedung-jaga_20170320111047_87124.jpg,https://cdn-strapi.prod.99iddev.net/assets/481_gedung_jaga_gedung_jaga_20170320111047_87124_5952ffd8c5.jpg,,
gedung-jaga,Media Library/Office Venue/gedung-jaga,987,4,8,4,floorplan/481_gedung-jaga-gedung-jaga_20170407104302_55613.jpg,floorplan,481_gedung-jaga-gedung-jaga_20170407104302_55613.jpg,uploaded,56113,481_gedung-jaga-gedung-jaga_20170407104302_55613.jpg,https://cdn-strapi.prod.99iddev.net/assets/481_gedung_jaga_gedung_jaga_20170407104302_55613_d9cb2a2af8.jpg,,
gedung-jagat,Media Library/Office Venue/gedung-jagat,247,31,42,11,exterior/481_gedung-jagat-gedung-jagat_20180227074100_56750.jpg,exterior,481_gedung-jagat-gedung-jagat_20180227074100_56750.jpg,uploaded,56114,481_gedung-jagat-gedung-jagat_20180227074100_56750.jpg,https://cdn-strapi.prod.99iddev.net/assets/481_gedung_jagat_gedung_jagat_20180227074100_56750_9617cc4208.jpg,,
gedung-jagat,Media Library/Office Venue/gedung-jagat,247,31,42,11,exterior/481_gedung-jagat-gedung-jagat_20180227074103_85440.jpg,exterior,481_gedung-jagat-gedung-jagat_20180227074103_85440.jpg,uploaded,56115,481_gedung-jagat-gedung-jagat_20180227074103_85440.jpg,https://cdn-strapi.prod.99iddev.net/assets/481_gedung_jagat_gedung_jagat_20180227074103_85440_fd42d6e609.jpg,,
gedung-jagat,Media Library/Office Venue/gedung-jagat,247,31,42,11,exterior/481_gedung-jagat-gedung-jagat_20180227074104_70257.jpg,exterior,481_gedung-jagat-gedung-jagat_20180227074104_70257.jpg,uploaded,56116,481_gedung-jagat-gedung-jagat_20180227074104_70257.jpg,https://cdn-strapi.prod.99iddev.net/assets/481_gedung_jagat_gedung_jagat_20180227074104_70257_086709b7cf.jpg,,
gedung-jagat,Media Library/Office Venue/gedung-jagat,247,31,42,11,exterior/481_gedung-jagat-gedung-jagat_20180227074105_61031.jpg,exterior,481_gedung-jagat-gedung-jagat_20180227074105_61031.jpg,uploaded,56117,481_gedung-jagat-gedung-jagat_20180227074105_61031.jpg,https://cdn-strapi.prod.99iddev.net/assets/481_gedung_jagat_gedung_jagat_20180227074105_61031_b8f35f4231.jpg,,
gedung-jagat,Media Library/Office Venue/gedung-jagat,247,31,42,11,exterior/481_gedung-jagat-gedung-jagat_20180227074106_64284.jpg,exterior,481_gedung-jagat-gedung-jagat_20180227074106_64284.jpg,uploaded,56118,481_gedung-jagat-gedung-jagat_20180227074106_64284.jpg,https://cdn-strapi.prod.99iddev.net/assets/481_gedung_jagat_gedung_jagat_20180227074106_64284_0050a56695.jpg,,
gedung-jagat,Media Library/Office Venue/gedung-jagat,247,31,42,11,exterior/481_gedung-jagat-gedung-jagat_20180227074107_39842.jpg,exterior,481_gedung-jagat-gedung-jagat_20180227074107_39842.jpg,uploaded,56119,481_gedung-jagat-gedung-jagat_20180227074107_39842.jpg,https://cdn-strapi.prod.99iddev.net/assets/481_gedung_jagat_gedung_jagat_20180227074107_39842_aedb311fba.jpg,,
gedung-jagat,Media Library/Office Venue/gedung-jagat,247,31,42,11,exterior/481_gedung-jagat-gedung-jagat_20180227074107_47723.jpg,exterior,481_gedung-jagat-gedung-jagat_20180227074107_47723.jpg,uploaded,56120,481_gedung-jagat-gedung-jagat_20180227074107_47723.jpg,https://cdn-strapi.prod.99iddev.net/assets/481_gedung_jagat_gedung_jagat_20180227074107_47723_b5630750c0.jpg,,
gedung-jagat,Media Library/Office Venue/gedung-jagat,247,31,42,11,exterior/481_gedung-jagat-gedung-jagat_20180227074107_56503.jpg,exterior,481_gedung-jagat-gedung-jagat_20180227074107_56503.jpg,uploaded,56121,481_gedung-jagat-gedung-jagat_20180227074107_56503.jpg,https://cdn-strapi.prod.99iddev.net/assets/481_gedung_jagat_gedung_jagat_20180227074107_56503_c27ea03210.jpg,,
gedung-jagat,Media Library/Office Venue/gedung-jagat,247,31,42,11,exterior/481_gedung-jagat-gedung-jagat_20180227074108_22179.jpg,exterior,481_gedung-jagat-gedung-jagat_20180227074108_22179.jpg,uploaded,56122,481_gedung-jagat-gedung-jagat_20180227074108_22179.jpg,https://cdn-strapi.prod.99iddev.net/assets/481_gedung_jagat_gedung_jagat_20180227074108_22179_8ad2060e5c.jpg,,
gedung-jagat,Media Library/Office Venue/gedung-jagat,247,31,42,11,exterior/481_gedung-jagat-gedung-jagat_20180227074108_30890.jpg,exterior,481_gedung-jagat-gedung-jagat_20180227074108_30890.jpg,uploaded,56123,481_gedung-jagat-gedung-jagat_20180227074108_30890.jpg,https://cdn-strapi.prod.99iddev.net/assets/481_gedung_jagat_gedung_jagat_20180227074108_30890_796e939ca1.jpg,,
gedung-jagat,Media Library/Office Venue/gedung-jagat,247,31,42,11,exterior/481_gedung-jagat-gedung-jagat_20180227074109_50085.jpg,exterior,481_gedung-jagat-gedung-jagat_20180227074109_50085.jpg,uploaded,56124,481_gedung-jagat-gedung-jagat_20180227074109_50085.jpg,https://cdn-strapi.prod.99iddev.net/assets/481_gedung_jagat_gedung_jagat_20180227074109_50085_07e1c702e1.jpg,,
gedung-mutiara,Media Library/Office Venue/gedung-mutiara,988,2,4,2,exterior/267_gedung-mutiara-gedung-mutiara_20160914043912_22015.jpg,exterior,267_gedung-mutiara-gedung-mutiara_20160914043912_22015.jpg,uploaded,56125,267_gedung-mutiara-gedung-mutiara_20160914043912_22015.jpg,https://cdn-strapi.prod.99iddev.net/assets/267_gedung_mutiara_gedung_mutiara_20160914043912_22015_ced9dc91ae.jpg,,
gedung-mutiara,Media Library/Office Venue/gedung-mutiara,988,2,4,2,exterior/267_gedung-mutiara-gedung-mutiara_20160914043912_35709.jpg,exterior,267_gedung-mutiara-gedung-mutiara_20160914043912_35709.jpg,uploaded,56126,267_gedung-mutiara-gedung-mutiara_20160914043912_35709.jpg,https://cdn-strapi.prod.99iddev.net/assets/267_gedung_mutiara_gedung_mutiara_20160914043912_35709_82c368d7c3.jpg,,
gedung-setiabudi-2,Media Library/Office Venue/gedung-setiabudi-2,275,21,36,15,interior/35_gedung-setiabudi-2-gedung-setiabudi-2_20170214041327_15006.jpg,interior,35_gedung-setiabudi-2-gedung-setiabudi-2_20170214041327_15006.jpg,uploaded,56127,35_gedung-setiabudi-2-gedung-setiabudi-2_20170214041327_15006.jpg,https://cdn-strapi.prod.99iddev.net/assets/35_gedung_setiabudi_2_gedung_setiabudi_2_20170214041327_15006_d126d8436b.jpg,,
gedung-setiabudi-2,Media Library/Office Venue/gedung-setiabudi-2,275,21,36,15,interior/35_gedung-setiabudi-2-gedung-setiabudi-2_20170214041328_70344.jpg,interior,35_gedung-setiabudi-2-gedung-setiabudi-2_20170214041328_70344.jpg,uploaded,56128,35_gedung-setiabudi-2-gedung-setiabudi-2_20170214041328_70344.jpg,https://cdn-strapi.prod.99iddev.net/assets/35_gedung_setiabudi_2_gedung_setiabudi_2_20170214041328_70344_2c02ffe7a9.jpg,,
gedung-setiabudi-2,Media Library/Office Venue/gedung-setiabudi-2,275,21,36,15,interior/35_gedung-setiabudi-2-gedung-setiabudi-2_20170214041329_39103.jpg,interior,35_gedung-setiabudi-2-gedung-setiabudi-2_20170214041329_39103.jpg,uploaded,56129,35_gedung-setiabudi-2-gedung-setiabudi-2_20170214041329_39103.jpg,https://cdn-strapi.prod.99iddev.net/assets/35_gedung_setiabudi_2_gedung_setiabudi_2_20170214041329_39103_bc7c6a99b7.jpg,,
gedung-setiabudi-2,Media Library/Office Venue/gedung-setiabudi-2,275,21,36,15,interior/35_gedung-setiabudi-2-gedung-setiabudi-2_20170214041330_78731.jpg,interior,35_gedung-setiabudi-2-gedung-setiabudi-2_20170214041330_78731.jpg,uploaded,56130,35_gedung-setiabudi-2-gedung-setiabudi-2_20170214041330_78731.jpg,https://cdn-strapi.prod.99iddev.net/assets/35_gedung_setiabudi_2_gedung_setiabudi_2_20170214041330_78731_1b278f4327.jpg,,
gedung-setiabudi-2,Media Library/Office Venue/gedung-setiabudi-2,275,21,36,15,interior/35_gedung-setiabudi-2-gedung-setiabudi-2_20170214041331_58149.jpg,interior,35_gedung-setiabudi-2-gedung-setiabudi-2_20170214041331_58149.jpg,uploaded,56131,35_gedung-setiabudi-2-gedung-setiabudi-2_20170214041331_58149.jpg,https://cdn-strapi.prod.99iddev.net/assets/35_gedung_setiabudi_2_gedung_setiabudi_2_20170214041331_58149_61722879fb.jpg,,
gedung-setiabudi-2,Media Library/Office Venue/gedung-setiabudi-2,275,21,36,15,interior/35_gedung-setiabudi-2-gedung-setiabudi-2_20170214041331_71643.jpg,interior,35_gedung-setiabudi-2-gedung-setiabudi-2_20170214041331_71643.jpg,uploaded,56132,35_gedung-setiabudi-2-gedung-setiabudi-2_20170214041331_71643.jpg,https://cdn-strapi.prod.99iddev.net/assets/35_gedung_setiabudi_2_gedung_setiabudi_2_20170214041331_71643_8a1137e257.jpg,,
gedung-setiabudi-2,Media Library/Office Venue/gedung-setiabudi-2,275,21,36,15,interior/35_gedung-setiabudi-2-gedung-setiabudi-2_20170214041332_14428.jpg,interior,35_gedung-setiabudi-2-gedung-setiabudi-2_20170214041332_14428.jpg,uploaded,56133,35_gedung-setiabudi-2-gedung-setiabudi-2_20170214041332_14428.jpg,https://cdn-strapi.prod.99iddev.net/assets/35_gedung_setiabudi_2_gedung_setiabudi_2_20170214041332_14428_68f78eaeb2.jpg,,
gedung-setiabudi-2,Media Library/Office Venue/gedung-setiabudi-2,275,21,36,15,interior/35_gedung-setiabudi-2-gedung-setiabudi-2_20170214041332_30022.jpg,interior,35_gedung-setiabudi-2-gedung-setiabudi-2_20170214041332_30022.jpg,uploaded,56134,35_gedung-setiabudi-2-gedung-setiabudi-2_20170214041332_30022.jpg,https://cdn-strapi.prod.99iddev.net/assets/35_gedung_setiabudi_2_gedung_setiabudi_2_20170214041332_30022_4a08e613ce.jpg,,
gedung-setiabudi-2,Media Library/Office Venue/gedung-setiabudi-2,275,21,36,15,interior/35_gedung-setiabudi-2-gedung-setiabudi-2_20170214041332_48175.jpg,interior,35_gedung-setiabudi-2-gedung-setiabudi-2_20170214041332_48175.jpg,uploaded,56135,35_gedung-setiabudi-2-gedung-setiabudi-2_20170214041332_48175.jpg,https://cdn-strapi.prod.99iddev.net/assets/35_gedung_setiabudi_2_gedung_setiabudi_2_20170214041332_48175_aa9734121b.jpg,,
gedung-setiabudi-2,Media Library/Office Venue/gedung-setiabudi-2,275,21,36,15,interior/35_gedung-setiabudi-2-gedung-setiabudi-2_20170616074945_30247.jpg,interior,35_gedung-setiabudi-2-gedung-setiabudi-2_20170616074945_30247.jpg,uploaded,56136,35_gedung-setiabudi-2-gedung-setiabudi-2_20170616074945_30247.jpg,https://cdn-strapi.prod.99iddev.net/assets/35_gedung_setiabudi_2_gedung_setiabudi_2_20170616074945_30247_31514f05ec.jpg,,
gedung-setiabudi-2,Media Library/Office Venue/gedung-setiabudi-2,275,21,36,15,interior/35_gedung-setiabudi-2-gedung-setiabudi-2_20170616074952_97487.jpg,interior,35_gedung-setiabudi-2-gedung-setiabudi-2_20170616074952_97487.jpg,uploaded,56137,35_gedung-setiabudi-2-gedung-setiabudi-2_20170616074952_97487.jpg,https://cdn-strapi.prod.99iddev.net/assets/35_gedung_setiabudi_2_gedung_setiabudi_2_20170616074952_97487_f65033b0b8.jpg,,
gedung-setiabudi-2,Media Library/Office Venue/gedung-setiabudi-2,275,21,36,15,interior/35_gedung-setiabudi-2-gedung-setiabudi-2_20170616074957_91873.jpg,interior,35_gedung-setiabudi-2-gedung-setiabudi-2_20170616074957_91873.jpg,uploaded,56138,35_gedung-setiabudi-2-gedung-setiabudi-2_20170616074957_91873.jpg,https://cdn-strapi.prod.99iddev.net/assets/35_gedung_setiabudi_2_gedung_setiabudi_2_20170616074957_91873_6d46d83219.jpg,,
gedung-setiabudi-2,Media Library/Office Venue/gedung-setiabudi-2,275,21,36,15,interior/35_gedung-setiabudi-2-gedung-setiabudi-2_20170616075002_11786.jpg,interior,35_gedung-setiabudi-2-gedung-setiabudi-2_20170616075002_11786.jpg,uploaded,56139,35_gedung-setiabudi-2-gedung-setiabudi-2_20170616075002_11786.jpg,https://cdn-strapi.prod.99iddev.net/assets/35_gedung_setiabudi_2_gedung_setiabudi_2_20170616075002_11786_6b2cf64e61.jpg,,
gedung-setiabudi-2,Media Library/Office Venue/gedung-setiabudi-2,275,21,36,15,interior/35_gedung-setiabudi-2-gedung-setiabudi-2_20170616075015_76904.jpg,interior,35_gedung-setiabudi-2-gedung-setiabudi-2_20170616075015_76904.jpg,uploaded,56140,35_gedung-setiabudi-2-gedung-setiabudi-2_20170616075015_76904.jpg,https://cdn-strapi.prod.99iddev.net/assets/35_gedung_setiabudi_2_gedung_setiabudi_2_20170616075015_76904_3002bea498.jpg,,
gedung-setiabudi-2,Media Library/Office Venue/gedung-setiabudi-2,275,21,36,15,interior/35_gedung-setiabudi-2-gedung-setiabudi-2_20170616075020_74310.jpg,interior,35_gedung-setiabudi-2-gedung-setiabudi-2_20170616075020_74310.jpg,uploaded,56141,35_gedung-setiabudi-2-gedung-setiabudi-2_20170616075020_74310.jpg,https://cdn-strapi.prod.99iddev.net/assets/35_gedung_setiabudi_2_gedung_setiabudi_2_20170616075020_74310_8963ac4754.jpg,,
gold-coast-office-tower,Media Library/Office Venue/gold-coast-office-tower,990,4,8,4,exterior/603_gold-coast-gold-coast-office-tower_20191121103151_18174.jpg,exterior,603_gold-coast-gold-coast-office-tower_20191121103151_18174.jpg,uploaded,56142,603_gold-coast-gold-coast-office-tower_20191121103151_18174.jpg,https://cdn-strapi.prod.99iddev.net/assets/603_gold_coast_gold_coast_office_tower_20191121103151_18174_101f313cae.jpg,,
gold-coast-office-tower,Media Library/Office Venue/gold-coast-office-tower,990,4,8,4,floorplan/603_gold-coast-gold-coast-office-tower_20190729042415_75053.jpg,floorplan,603_gold-coast-gold-coast-office-tower_20190729042415_75053.jpg,uploaded,56143,603_gold-coast-gold-coast-office-tower_20190729042415_75053.jpg,https://cdn-strapi.prod.99iddev.net/assets/603_gold_coast_gold_coast_office_tower_20190729042415_75053_a5e7052d95.jpg,,
gold-coast-office-tower,Media Library/Office Venue/gold-coast-office-tower,990,4,8,4,floorplan/603_gold-coast-gold-coast-office-tower_20190729042416_24425.jpg,floorplan,603_gold-coast-gold-coast-office-tower_20190729042416_24425.jpg,uploaded,56144,603_gold-coast-gold-coast-office-tower_20190729042416_24425.jpg,https://cdn-strapi.prod.99iddev.net/assets/603_gold_coast_gold_coast_office_tower_20190729042416_24425_7dfbb5a0ba.jpg,,
gold-coast-office-tower,Media Library/Office Venue/gold-coast-office-tower,990,4,8,4,floorplan/603_gold-coast-gold-coast-office-tower_20190729042416_67794.jpg,floorplan,603_gold-coast-gold-coast-office-tower_20190729042416_67794.jpg,uploaded,56145,603_gold-coast-gold-coast-office-tower_20190729042416_67794.jpg,https://cdn-strapi.prod.99iddev.net/assets/603_gold_coast_gold_coast_office_tower_20190729042416_67794_e0209c201c.jpg,,
graha-adhi-media,Media Library/Office Venue/graha-adhi-media,991,13,26,13,exterior/471_graha-adhi-media-graha-adhi-media_20170125082602_59916.jpg,exterior,471_graha-adhi-media-graha-adhi-media_20170125082602_59916.jpg,uploaded,56146,471_graha-adhi-media-graha-adhi-media_20170125082602_59916.jpg,https://cdn-strapi.prod.99iddev.net/assets/471_graha_adhi_media_graha_adhi_media_20170125082602_59916_0d9be7fd18.jpg,,
graha-adhi-media,Media Library/Office Venue/graha-adhi-media,991,13,26,13,exterior/471_graha-adhi-media-graha-adhi-media_20170125082603_22499.jpg,exterior,471_graha-adhi-media-graha-adhi-media_20170125082603_22499.jpg,uploaded,56147,471_graha-adhi-media-graha-adhi-media_20170125082603_22499.jpg,https://cdn-strapi.prod.99iddev.net/assets/471_graha_adhi_media_graha_adhi_media_20170125082603_22499_73eedc7801.jpg,,
graha-adhi-media,Media Library/Office Venue/graha-adhi-media,991,13,26,13,exterior/471_graha-adhi-media-graha-adhi-media_20170125082603_72482.jpg,exterior,471_graha-adhi-media-graha-adhi-media_20170125082603_72482.jpg,uploaded,56148,471_graha-adhi-media-graha-adhi-media_20170125082603_72482.jpg,https://cdn-strapi.prod.99iddev.net/assets/471_graha_adhi_media_graha_adhi_media_20170125082603_72482_1ab556f22f.jpg,,
graha-adhi-media,Media Library/Office Venue/graha-adhi-media,991,13,26,13,exterior/471_graha-adhi-media-graha-adhi-media_20170125082604_42295.jpg,exterior,471_graha-adhi-media-graha-adhi-media_20170125082604_42295.jpg,uploaded,56149,471_graha-adhi-media-graha-adhi-media_20170125082604_42295.jpg,https://cdn-strapi.prod.99iddev.net/assets/471_graha_adhi_media_graha_adhi_media_20170125082604_42295_3fd34d19c6.jpg,,
graha-adhi-media,Media Library/Office Venue/graha-adhi-media,991,13,26,13,exterior/471_graha-adhi-media-graha-adhi-media_20170125082604_89722.jpg,exterior,471_graha-adhi-media-graha-adhi-media_20170125082604_89722.jpg,uploaded,56150,471_graha-adhi-media-graha-adhi-media_20170125082604_89722.jpg,https://cdn-strapi.prod.99iddev.net/assets/471_graha_adhi_media_graha_adhi_media_20170125082604_89722_86793eb797.jpg,,
graha-adhi-media,Media Library/Office Venue/graha-adhi-media,991,13,26,13,exterior/471_graha-adhi-media-graha-adhi-media_20170125082605_21552.jpg,exterior,471_graha-adhi-media-graha-adhi-media_20170125082605_21552.jpg,uploaded,56151,471_graha-adhi-media-graha-adhi-media_20170125082605_21552.jpg,https://cdn-strapi.prod.99iddev.net/assets/471_graha_adhi_media_graha_adhi_media_20170125082605_21552_b8e89b0ead.jpg,,
graha-adhi-media,Media Library/Office Venue/graha-adhi-media,991,13,26,13,exterior/471_graha-adhi-media-graha-adhi-media_20170125082605_52511.jpg,exterior,471_graha-adhi-media-graha-adhi-media_20170125082605_52511.jpg,uploaded,56152,471_graha-adhi-media-graha-adhi-media_20170125082605_52511.jpg,https://cdn-strapi.prod.99iddev.net/assets/471_graha_adhi_media_graha_adhi_media_20170125082605_52511_a06d668e92.jpg,,
graha-adhi-media,Media Library/Office Venue/graha-adhi-media,991,13,26,13,exterior/471_graha-adhi-media-graha-adhi-media_20170125082605_97429.jpg,exterior,471_graha-adhi-media-graha-adhi-media_20170125082605_97429.jpg,uploaded,56153,471_graha-adhi-media-graha-adhi-media_20170125082605_97429.jpg,https://cdn-strapi.prod.99iddev.net/assets/471_graha_adhi_media_graha_adhi_media_20170125082605_97429_900e995005.jpg,,
graha-adhi-media,Media Library/Office Venue/graha-adhi-media,991,13,26,13,exterior/471_graha-adhi-media-graha-adhi-media_20170125082606_58566.jpg,exterior,471_graha-adhi-media-graha-adhi-media_20170125082606_58566.jpg,uploaded,56154,471_graha-adhi-media-graha-adhi-media_20170125082606_58566.jpg,https://cdn-strapi.prod.99iddev.net/assets/471_graha_adhi_media_graha_adhi_media_20170125082606_58566_183364be4a.jpg,,
graha-adhi-media,Media Library/Office Venue/graha-adhi-media,991,13,26,13,exterior/471_graha-adhi-media-graha-adhi-media_20170125082606_67369.jpg,exterior,471_graha-adhi-media-graha-adhi-media_20170125082606_67369.jpg,uploaded,56155,471_graha-adhi-media-graha-adhi-media_20170125082606_67369.jpg,https://cdn-strapi.prod.99iddev.net/assets/471_graha_adhi_media_graha_adhi_media_20170125082606_67369_aa0029e803.jpg,,
graha-adhi-media,Media Library/Office Venue/graha-adhi-media,991,13,26,13,exterior/471_graha-adhi-media-graha-adhi-media_20170125082606_73234.jpg,exterior,471_graha-adhi-media-graha-adhi-media_20170125082606_73234.jpg,uploaded,56156,471_graha-adhi-media-graha-adhi-media_20170125082606_73234.jpg,https://cdn-strapi.prod.99iddev.net/assets/471_graha_adhi_media_graha_adhi_media_20170125082606_73234_749d9fba61.jpg,,
graha-adhi-media,Media Library/Office Venue/graha-adhi-media,991,13,26,13,exterior/471_graha-adhi-media-graha-adhi-media_20170125082606_73563.jpg,exterior,471_graha-adhi-media-graha-adhi-media_20170125082606_73563.jpg,uploaded,56157,471_graha-adhi-media-graha-adhi-media_20170125082606_73563.jpg,https://cdn-strapi.prod.99iddev.net/assets/471_graha_adhi_media_graha_adhi_media_20170125082606_73563_8c7bcc9c6e.jpg,,
graha-adhi-media,Media Library/Office Venue/graha-adhi-media,991,13,26,13,exterior/471_graha-adhi-media-graha-adhi-media_20170125082607_26494.jpg,exterior,471_graha-adhi-media-graha-adhi-media_20170125082607_26494.jpg,uploaded,56158,471_graha-adhi-media-graha-adhi-media_20170125082607_26494.jpg,https://cdn-strapi.prod.99iddev.net/assets/471_graha_adhi_media_graha_adhi_media_20170125082607_26494_584a27c538.jpg,,
graha-aktiva,Media Library/Office Venue/graha-aktiva,299,19,20,1,floorplan/38_graha-aktiva-graha-aktiva_20170331112328_25644.jpg,floorplan,38_graha-aktiva-graha-aktiva_20170331112328_25644.jpg,uploaded,56159,38_graha-aktiva-graha-aktiva_20170331112328_25644.jpg,https://cdn-strapi.prod.99iddev.net/assets/38_graha_aktiva_graha_aktiva_20170331112328_25644_3d8a49af12.jpg,,
graha-arda,Media Library/Office Venue/graha-arda,302,5,8,3,exterior/39_graha-arda-graha-arda_20160914043939_42183.jpg,exterior,39_graha-arda-graha-arda_20160914043939_42183.jpg,uploaded,56160,39_graha-arda-graha-arda_20160914043939_42183.jpg,https://cdn-strapi.prod.99iddev.net/assets/39_graha_arda_graha_arda_20160914043939_42183_49c960a600.jpg,,
graha-arda,Media Library/Office Venue/graha-arda,302,5,8,3,exterior/39_graha-arda-graha-arda_20160914043940_37795.jpg,exterior,39_graha-arda-graha-arda_20160914043940_37795.jpg,uploaded,56161,39_graha-arda-graha-arda_20160914043940_37795.jpg,https://cdn-strapi.prod.99iddev.net/assets/39_graha_arda_graha_arda_20160914043940_37795_7ceb170655.jpg,,
graha-arda,Media Library/Office Venue/graha-arda,302,5,8,3,exterior/39_graha-arda-graha-arda_20160914043940_40451.jpg,exterior,39_graha-arda-graha-arda_20160914043940_40451.jpg,uploaded,56162,39_graha-arda-graha-arda_20160914043940_40451.jpg,https://cdn-strapi.prod.99iddev.net/assets/39_graha_arda_graha_arda_20160914043940_40451_261ab23bb8.jpg,,
graha-codefin,Media Library/Office Venue/graha-codefin,992,3,6,3,exterior/40_graha-codefin-ex-gedung-tira-graha-codefin_20160914043944_39847.jpg,exterior,40_graha-codefin-ex-gedung-tira-graha-codefin_20160914043944_39847.jpg,uploaded,56163,40_graha-codefin-ex-gedung-tira-graha-codefin_20160914043944_39847.jpg,https://cdn-strapi.prod.99iddev.net/assets/40_graha_codefin_ex_gedung_tira_graha_codefin_20160914043944_39847_9b07715ea9.jpg,,
graha-codefin,Media Library/Office Venue/graha-codefin,992,3,6,3,exterior/40_graha-codefin-ex-gedung-tira-graha-codefin_20160914043945_28266.jpg,exterior,40_graha-codefin-ex-gedung-tira-graha-codefin_20160914043945_28266.jpg,uploaded,56164,40_graha-codefin-ex-gedung-tira-graha-codefin_20160914043945_28266.jpg,https://cdn-strapi.prod.99iddev.net/assets/40_graha_codefin_ex_gedung_tira_graha_codefin_20160914043945_28266_324ff7291f.jpg,,
graha-codefin,Media Library/Office Venue/graha-codefin,992,3,6,3,exterior/40_graha-codefin-ex-gedung-tira-graha-codefin_20160914043945_38122.jpg,exterior,40_graha-codefin-ex-gedung-tira-graha-codefin_20160914043945_38122.jpg,uploaded,56165,40_graha-codefin-ex-gedung-tira-graha-codefin_20160914043945_38122.jpg,https://cdn-strapi.prod.99iddev.net/assets/40_graha_codefin_ex_gedung_tira_graha_codefin_20160914043945_38122_3821bb563b.jpg,,
graha-fif,Media Library/Office Venue/graha-fif,993,5,10,5,exterior/315_graha-fif-graha-fif_20160914043947_96605.jpg,exterior,315_graha-fif-graha-fif_20160914043947_96605.jpg,uploaded,56166,315_graha-fif-graha-fif_20160914043947_96605.jpg,https://cdn-strapi.prod.99iddev.net/assets/315_graha_fif_graha_fif_20160914043947_96605_ad80c8117a.jpg,,
graha-fif,Media Library/Office Venue/graha-fif,993,5,10,5,exterior/315_graha-fif-graha-fif_20160914043947_99586.jpg,exterior,315_graha-fif-graha-fif_20160914043947_99586.jpg,uploaded,56167,315_graha-fif-graha-fif_20160914043947_99586.jpg,https://cdn-strapi.prod.99iddev.net/assets/315_graha_fif_graha_fif_20160914043947_99586_5a1c6dd086.jpg,,
graha-fif,Media Library/Office Venue/graha-fif,993,5,10,5,exterior/315_graha-fif-graha-fif_20160914043948_40762.jpg,exterior,315_graha-fif-graha-fif_20160914043948_40762.jpg,uploaded,56168,315_graha-fif-graha-fif_20160914043948_40762.jpg,https://cdn-strapi.prod.99iddev.net/assets/315_graha_fif_graha_fif_20160914043948_40762_a7d3f41823.jpg,,
graha-fif,Media Library/Office Venue/graha-fif,993,5,10,5,exterior/315_graha-fif-graha-fif_20160914043948_45920.jpg,exterior,315_graha-fif-graha-fif_20160914043948_45920.jpg,uploaded,56169,315_graha-fif-graha-fif_20160914043948_45920.jpg,https://cdn-strapi.prod.99iddev.net/assets/315_graha_fif_graha_fif_20160914043948_45920_884e273cfa.jpg,,
graha-fif,Media Library/Office Venue/graha-fif,993,5,10,5,exterior/315_graha-fif-graha-fif_20160914043948_46547.jpg,exterior,315_graha-fif-graha-fif_20160914043948_46547.jpg,uploaded,56170,315_graha-fif-graha-fif_20160914043948_46547.jpg,https://cdn-strapi.prod.99iddev.net/assets/315_graha_fif_graha_fif_20160914043948_46547_ff2e55f3a0.jpg,,
graha-induk-kud,Media Library/Office Venue/graha-induk-kud,316,20,39,19,exterior/404_graha-induk-kud-graha-induk-kud_20160914043951_47375.jpg,exterior,404_graha-induk-kud-graha-induk-kud_20160914043951_47375.jpg,uploaded,56171,404_graha-induk-kud-graha-induk-kud_20160914043951_47375.jpg,https://cdn-strapi.prod.99iddev.net/assets/404_graha_induk_kud_graha_induk_kud_20160914043951_47375_db00a1c756.jpg,,
graha-induk-kud,Media Library/Office Venue/graha-induk-kud,316,20,39,19,exterior/404_graha-induk-kud-graha-induk-kud_20160914043952_41696.jpg,exterior,404_graha-induk-kud-graha-induk-kud_20160914043952_41696.jpg,uploaded,56172,404_graha-induk-kud-graha-induk-kud_20160914043952_41696.jpg,https://cdn-strapi.prod.99iddev.net/assets/404_graha_induk_kud_graha_induk_kud_20160914043952_41696_d47f574691.jpg,,
graha-induk-kud,Media Library/Office Venue/graha-induk-kud,316,20,39,19,exterior/404_graha-induk-kud-graha-induk-kud_20160914043952_78167.jpg,exterior,404_graha-induk-kud-graha-induk-kud_20160914043952_78167.jpg,uploaded,56173,404_graha-induk-kud-graha-induk-kud_20160914043952_78167.jpg,https://cdn-strapi.prod.99iddev.net/assets/404_graha_induk_kud_graha_induk_kud_20160914043952_78167_51482ca2bd.jpg,,
graha-induk-kud,Media Library/Office Venue/graha-induk-kud,316,20,39,19,interior/404_graha-induk-kud-graha-induk-kud_20180405021313_50866.jpg,interior,404_graha-induk-kud-graha-induk-kud_20180405021313_50866.jpg,uploaded,56174,404_graha-induk-kud-graha-induk-kud_20180405021313_50866.jpg,https://cdn-strapi.prod.99iddev.net/assets/404_graha_induk_kud_graha_induk_kud_20180405021313_50866_7a05e90acb.jpg,,
graha-induk-kud,Media Library/Office Venue/graha-induk-kud,316,20,39,19,interior/404_graha-induk-kud-graha-induk-kud_20180405021313_52634.jpg,interior,404_graha-induk-kud-graha-induk-kud_20180405021313_52634.jpg,uploaded,56175,404_graha-induk-kud-graha-induk-kud_20180405021313_52634.jpg,https://cdn-strapi.prod.99iddev.net/assets/404_graha_induk_kud_graha_induk_kud_20180405021313_52634_53c3902d56.jpg,,
graha-induk-kud,Media Library/Office Venue/graha-induk-kud,316,20,39,19,interior/404_graha-induk-kud-graha-induk-kud_20180405021314_23199.jpg,interior,404_graha-induk-kud-graha-induk-kud_20180405021314_23199.jpg,uploaded,56176,404_graha-induk-kud-graha-induk-kud_20180405021314_23199.jpg,https://cdn-strapi.prod.99iddev.net/assets/404_graha_induk_kud_graha_induk_kud_20180405021314_23199_36ecf34919.jpg,,
graha-induk-kud,Media Library/Office Venue/graha-induk-kud,316,20,39,19,interior/404_graha-induk-kud-graha-induk-kud_20180405021314_48108.jpg,interior,404_graha-induk-kud-graha-induk-kud_20180405021314_48108.jpg,uploaded,56177,404_graha-induk-kud-graha-induk-kud_20180405021314_48108.jpg,https://cdn-strapi.prod.99iddev.net/assets/404_graha_induk_kud_graha_induk_kud_20180405021314_48108_a49a56d152.jpg,,
graha-induk-kud,Media Library/Office Venue/graha-induk-kud,316,20,39,19,interior/404_graha-induk-kud-graha-induk-kud_20180405021315_50467.jpg,interior,404_graha-induk-kud-graha-induk-kud_20180405021315_50467.jpg,uploaded,56178,404_graha-induk-kud-graha-induk-kud_20180405021315_50467.jpg,https://cdn-strapi.prod.99iddev.net/assets/404_graha_induk_kud_graha_induk_kud_20180405021315_50467_6a21f6dc7b.jpg,,
graha-induk-kud,Media Library/Office Venue/graha-induk-kud,316,20,39,19,interior/404_graha-induk-kud-graha-induk-kud_20180405021315_79377.jpg,interior,404_graha-induk-kud-graha-induk-kud_20180405021315_79377.jpg,uploaded,56179,404_graha-induk-kud-graha-induk-kud_20180405021315_79377.jpg,https://cdn-strapi.prod.99iddev.net/assets/404_graha_induk_kud_graha_induk_kud_20180405021315_79377_593429c283.jpg,,
graha-induk-kud,Media Library/Office Venue/graha-induk-kud,316,20,39,19,interior/404_graha-induk-kud-graha-induk-kud_20180405021316_85672.jpg,interior,404_graha-induk-kud-graha-induk-kud_20180405021316_85672.jpg,uploaded,56180,404_graha-induk-kud-graha-induk-kud_20180405021316_85672.jpg,https://cdn-strapi.prod.99iddev.net/assets/404_graha_induk_kud_graha_induk_kud_20180405021316_85672_5c43de49a4.jpg,,
graha-induk-kud,Media Library/Office Venue/graha-induk-kud,316,20,39,19,interior/404_graha-induk-kud-graha-induk-kud_20180405021316_87311.jpg,interior,404_graha-induk-kud-graha-induk-kud_20180405021316_87311.jpg,uploaded,56181,404_graha-induk-kud-graha-induk-kud_20180405021316_87311.jpg,https://cdn-strapi.prod.99iddev.net/assets/404_graha_induk_kud_graha_induk_kud_20180405021316_87311_463c33ad6d.jpg,,
graha-induk-kud,Media Library/Office Venue/graha-induk-kud,316,20,39,19,interior/404_graha-induk-kud-graha-induk-kud_20180405021316_93114.jpg,interior,404_graha-induk-kud-graha-induk-kud_20180405021316_93114.jpg,uploaded,56182,404_graha-induk-kud-graha-induk-kud_20180405021316_93114.jpg,https://cdn-strapi.prod.99iddev.net/assets/404_graha_induk_kud_graha_induk_kud_20180405021316_93114_5f061fb1dd.jpg,,
graha-induk-kud,Media Library/Office Venue/graha-induk-kud,316,20,39,19,interior/404_graha-induk-kud-graha-induk-kud_20180405021317_14348.jpg,interior,404_graha-induk-kud-graha-induk-kud_20180405021317_14348.jpg,uploaded,56183,404_graha-induk-kud-graha-induk-kud_20180405021317_14348.jpg,https://cdn-strapi.prod.99iddev.net/assets/404_graha_induk_kud_graha_induk_kud_20180405021317_14348_07a238c086.jpg,,
graha-induk-kud,Media Library/Office Venue/graha-induk-kud,316,20,39,19,interior/404_graha-induk-kud-graha-induk-kud_20180405021317_36476.jpg,interior,404_graha-induk-kud-graha-induk-kud_20180405021317_36476.jpg,uploaded,56184,404_graha-induk-kud-graha-induk-kud_20180405021317_36476.jpg,https://cdn-strapi.prod.99iddev.net/assets/404_graha_induk_kud_graha_induk_kud_20180405021317_36476_18bbe63424.jpg,,
graha-induk-kud,Media Library/Office Venue/graha-induk-kud,316,20,39,19,interior/404_graha-induk-kud-graha-induk-kud_20180405021317_38202.jpg,interior,404_graha-induk-kud-graha-induk-kud_20180405021317_38202.jpg,uploaded,56185,404_graha-induk-kud-graha-induk-kud_20180405021317_38202.jpg,https://cdn-strapi.prod.99iddev.net/assets/404_graha_induk_kud_graha_induk_kud_20180405021317_38202_9e0e7e8dc7.jpg,,
graha-induk-kud,Media Library/Office Venue/graha-induk-kud,316,20,39,19,interior/404_graha-induk-kud-graha-induk-kud_20180405021318_33545.jpg,interior,404_graha-induk-kud-graha-induk-kud_20180405021318_33545.jpg,uploaded,56186,404_graha-induk-kud-graha-induk-kud_20180405021318_33545.jpg,https://cdn-strapi.prod.99iddev.net/assets/404_graha_induk_kud_graha_induk_kud_20180405021318_33545_e03913902e.jpg,,
graha-induk-kud,Media Library/Office Venue/graha-induk-kud,316,20,39,19,interior/404_graha-induk-kud-graha-induk-kud_20180405021318_90365.jpg,interior,404_graha-induk-kud-graha-induk-kud_20180405021318_90365.jpg,uploaded,56187,404_graha-induk-kud-graha-induk-kud_20180405021318_90365.jpg,https://cdn-strapi.prod.99iddev.net/assets/404_graha_induk_kud_graha_induk_kud_20180405021318_90365_c3cc879937.jpg,,
graha-induk-kud,Media Library/Office Venue/graha-induk-kud,316,20,39,19,interior/404_graha-induk-kud-graha-induk-kud_20180405021319_68497.jpg,interior,404_graha-induk-kud-graha-induk-kud_20180405021319_68497.jpg,uploaded,56188,404_graha-induk-kud-graha-induk-kud_20180405021319_68497.jpg,https://cdn-strapi.prod.99iddev.net/assets/404_graha_induk_kud_graha_induk_kud_20180405021319_68497_6a636b9419.jpg,,
graha-induk-kud,Media Library/Office Venue/graha-induk-kud,316,20,39,19,interior/404_graha-induk-kud-graha-induk-kud_20180405021319_73454.jpg,interior,404_graha-induk-kud-graha-induk-kud_20180405021319_73454.jpg,uploaded,56189,404_graha-induk-kud-graha-induk-kud_20180405021319_73454.jpg,https://cdn-strapi.prod.99iddev.net/assets/404_graha_induk_kud_graha_induk_kud_20180405021319_73454_bb95663569.jpg,,
graha-kirana,Media Library/Office Venue/graha-kirana,926,28,51,23,exterior/274_graha-kirana-graha-kirana_20160914044001_54341.jpg,exterior,274_graha-kirana-graha-kirana_20160914044001_54341.jpg,uploaded,56190,274_graha-kirana-graha-kirana_20160914044001_54341.jpg,https://cdn-strapi.prod.99iddev.net/assets/274_graha_kirana_graha_kirana_20160914044001_54341_1e38e44fc6.jpg,,
graha-kirana,Media Library/Office Venue/graha-kirana,926,28,51,23,exterior/274_graha-kirana-graha-kirana_20160914044002_47849.jpg,exterior,274_graha-kirana-graha-kirana_20160914044002_47849.jpg,uploaded,56191,274_graha-kirana-graha-kirana_20160914044002_47849.jpg,https://cdn-strapi.prod.99iddev.net/assets/274_graha_kirana_graha_kirana_20160914044002_47849_bcf3c4e014.jpg,,
graha-kirana,Media Library/Office Venue/graha-kirana,926,28,51,23,floorplan/274_graha-kirana-graha-kirana_20170331115413_77255.jpg,floorplan,274_graha-kirana-graha-kirana_20170331115413_77255.jpg,uploaded,56192,274_graha-kirana-graha-kirana_20170331115413_77255.jpg,https://cdn-strapi.prod.99iddev.net/assets/274_graha_kirana_graha_kirana_20170331115413_77255_90760ce64c.jpg,,
graha-kirana,Media Library/Office Venue/graha-kirana,926,28,51,23,interior/274_graha-kirana-graha-kirana_20171017062448_81258.jpg,interior,274_graha-kirana-graha-kirana_20171017062448_81258.jpg,uploaded,56193,274_graha-kirana-graha-kirana_20171017062448_81258.jpg,https://cdn-strapi.prod.99iddev.net/assets/274_graha_kirana_graha_kirana_20171017062448_81258_a8333c6059.jpg,,
graha-kirana,Media Library/Office Venue/graha-kirana,926,28,51,23,interior/274_graha-kirana-graha-kirana_20171017062451_89715.jpg,interior,274_graha-kirana-graha-kirana_20171017062451_89715.jpg,uploaded,56194,274_graha-kirana-graha-kirana_20171017062451_89715.jpg,https://cdn-strapi.prod.99iddev.net/assets/274_graha_kirana_graha_kirana_20171017062451_89715_9860634ddc.jpg,,
graha-kirana,Media Library/Office Venue/graha-kirana,926,28,51,23,interior/274_graha-kirana-graha-kirana_20171017062513_53542.jpg,interior,274_graha-kirana-graha-kirana_20171017062513_53542.jpg,uploaded,56195,274_graha-kirana-graha-kirana_20171017062513_53542.jpg,https://cdn-strapi.prod.99iddev.net/assets/274_graha_kirana_graha_kirana_20171017062513_53542_4b1dc64b42.jpg,,
graha-kirana,Media Library/Office Venue/graha-kirana,926,28,51,23,interior/274_graha-kirana-graha-kirana_20171017062516_67223.jpg,interior,274_graha-kirana-graha-kirana_20171017062516_67223.jpg,uploaded,56196,274_graha-kirana-graha-kirana_20171017062516_67223.jpg,https://cdn-strapi.prod.99iddev.net/assets/274_graha_kirana_graha_kirana_20171017062516_67223_0eab299a9b.jpg,,
graha-kirana,Media Library/Office Venue/graha-kirana,926,28,51,23,interior/274_graha-kirana-graha-kirana_20171017062517_63349.jpg,interior,274_graha-kirana-graha-kirana_20171017062517_63349.jpg,uploaded,56197,274_graha-kirana-graha-kirana_20171017062517_63349.jpg,https://cdn-strapi.prod.99iddev.net/assets/274_graha_kirana_graha_kirana_20171017062517_63349_504088bb97.jpg,,
graha-kirana,Media Library/Office Venue/graha-kirana,926,28,51,23,interior/274_graha-kirana-graha-kirana_20171017062519_33958.jpg,interior,274_graha-kirana-graha-kirana_20171017062519_33958.jpg,uploaded,56198,274_graha-kirana-graha-kirana_20171017062519_33958.jpg,https://cdn-strapi.prod.99iddev.net/assets/274_graha_kirana_graha_kirana_20171017062519_33958_5800b19574.jpg,,
graha-kirana,Media Library/Office Venue/graha-kirana,926,28,51,23,interior/274_graha-kirana-graha-kirana_20171017062521_99389.jpg,interior,274_graha-kirana-graha-kirana_20171017062521_99389.jpg,uploaded,56199,274_graha-kirana-graha-kirana_20171017062521_99389.jpg,https://cdn-strapi.prod.99iddev.net/assets/274_graha_kirana_graha_kirana_20171017062521_99389_4603037ffe.jpg,,
graha-kirana,Media Library/Office Venue/graha-kirana,926,28,51,23,interior/274_graha-kirana-graha-kirana_20171017062522_43200.jpg,interior,274_graha-kirana-graha-kirana_20171017062522_43200.jpg,uploaded,56200,274_graha-kirana-graha-kirana_20171017062522_43200.jpg,https://cdn-strapi.prod.99iddev.net/assets/274_graha_kirana_graha_kirana_20171017062522_43200_9df7b7f292.jpg,,
graha-kirana,Media Library/Office Venue/graha-kirana,926,28,51,23,interior/274_graha-kirana-graha-kirana_20171017062524_16016.jpg,interior,274_graha-kirana-graha-kirana_20171017062524_16016.jpg,uploaded,56201,274_graha-kirana-graha-kirana_20171017062524_16016.jpg,https://cdn-strapi.prod.99iddev.net/assets/274_graha_kirana_graha_kirana_20171017062524_16016_4edd8ab311.jpg,,
graha-kirana,Media Library/Office Venue/graha-kirana,926,28,51,23,interior/274_graha-kirana-graha-kirana_20171017062526_36910.jpg,interior,274_graha-kirana-graha-kirana_20171017062526_36910.jpg,uploaded,56202,274_graha-kirana-graha-kirana_20171017062526_36910.jpg,https://cdn-strapi.prod.99iddev.net/assets/274_graha_kirana_graha_kirana_20171017062526_36910_afde3c8605.jpg,,
graha-kirana,Media Library/Office Venue/graha-kirana,926,28,51,23,interior/274_graha-kirana-graha-kirana_20171017062537_90702.jpg,interior,274_graha-kirana-graha-kirana_20171017062537_90702.jpg,uploaded,56203,274_graha-kirana-graha-kirana_20171017062537_90702.jpg,https://cdn-strapi.prod.99iddev.net/assets/274_graha_kirana_graha_kirana_20171017062537_90702_fd7d0ea993.jpg,,
graha-kirana,Media Library/Office Venue/graha-kirana,926,28,51,23,interior/274_graha-kirana-graha-kirana_20171017062539_91773.jpg,interior,274_graha-kirana-graha-kirana_20171017062539_91773.jpg,uploaded,56204,274_graha-kirana-graha-kirana_20171017062539_91773.jpg,https://cdn-strapi.prod.99iddev.net/assets/274_graha_kirana_graha_kirana_20171017062539_91773_f52df561c9.jpg,,
graha-kirana,Media Library/Office Venue/graha-kirana,926,28,51,23,interior/274_graha-kirana-graha-kirana_20171017062541_90177.jpg,interior,274_graha-kirana-graha-kirana_20171017062541_90177.jpg,uploaded,56205,274_graha-kirana-graha-kirana_20171017062541_90177.jpg,https://cdn-strapi.prod.99iddev.net/assets/274_graha_kirana_graha_kirana_20171017062541_90177_ad5bf506f5.jpg,,
graha-kirana,Media Library/Office Venue/graha-kirana,926,28,51,23,interior/274_graha-kirana-graha-kirana_20171017062542_56120.jpg,interior,274_graha-kirana-graha-kirana_20171017062542_56120.jpg,uploaded,56206,274_graha-kirana-graha-kirana_20171017062542_56120.jpg,https://cdn-strapi.prod.99iddev.net/assets/274_graha_kirana_graha_kirana_20171017062542_56120_090bda1d50.jpg,,
graha-kirana,Media Library/Office Venue/graha-kirana,926,28,51,23,interior/274_graha-kirana-graha-kirana_20171017062544_97460.jpg,interior,274_graha-kirana-graha-kirana_20171017062544_97460.jpg,uploaded,56207,274_graha-kirana-graha-kirana_20171017062544_97460.jpg,https://cdn-strapi.prod.99iddev.net/assets/274_graha_kirana_graha_kirana_20171017062544_97460_4dfa64eb5a.jpg,,
graha-kirana,Media Library/Office Venue/graha-kirana,926,28,51,23,interior/274_graha-kirana-graha-kirana_20171017062545_62066.jpg,interior,274_graha-kirana-graha-kirana_20171017062545_62066.jpg,uploaded,56208,274_graha-kirana-graha-kirana_20171017062545_62066.jpg,https://cdn-strapi.prod.99iddev.net/assets/274_graha_kirana_graha_kirana_20171017062545_62066_0185c598dd.jpg,,
graha-kirana,Media Library/Office Venue/graha-kirana,926,28,51,23,interior/274_graha-kirana-graha-kirana_20171017062546_98388.jpg,interior,274_graha-kirana-graha-kirana_20171017062546_98388.jpg,uploaded,56209,274_graha-kirana-graha-kirana_20171017062546_98388.jpg,https://cdn-strapi.prod.99iddev.net/assets/274_graha_kirana_graha_kirana_20171017062546_98388_1f8a823d2f.jpg,,
graha-kirana,Media Library/Office Venue/graha-kirana,926,28,51,23,interior/274_graha-kirana-graha-kirana_20171017062548_20792.jpg,interior,274_graha-kirana-graha-kirana_20171017062548_20792.jpg,uploaded,56210,274_graha-kirana-graha-kirana_20171017062548_20792.jpg,https://cdn-strapi.prod.99iddev.net/assets/274_graha_kirana_graha_kirana_20171017062548_20792_0142816637.jpg,,
graha-kirana,Media Library/Office Venue/graha-kirana,926,28,51,23,interior/274_graha-kirana-graha-kirana_20171017062554_96294.jpg,interior,274_graha-kirana-graha-kirana_20171017062554_96294.jpg,uploaded,56211,274_graha-kirana-graha-kirana_20171017062554_96294.jpg,https://cdn-strapi.prod.99iddev.net/assets/274_graha_kirana_graha_kirana_20171017062554_96294_382e515490.jpg,,
graha-kirana,Media Library/Office Venue/graha-kirana,926,28,51,23,interior/274_graha-kirana-graha-kirana_20171017062556_84530.jpg,interior,274_graha-kirana-graha-kirana_20171017062556_84530.jpg,uploaded,56212,274_graha-kirana-graha-kirana_20171017062556_84530.jpg,https://cdn-strapi.prod.99iddev.net/assets/274_graha_kirana_graha_kirana_20171017062556_84530_4b6b820472.jpg,,
graha-mustika-ratu,Media Library/Office Venue/graha-mustika-ratu,333,10,12,2,interior/7_graha-mustika-ratu-graha-mustika-ratu_20180416093838_75744.jpg,interior,7_graha-mustika-ratu-graha-mustika-ratu_20180416093838_75744.jpg,uploaded,56213,7_graha-mustika-ratu-graha-mustika-ratu_20180416093838_75744.jpg,https://cdn-strapi.prod.99iddev.net/assets/7_graha_mustika_ratu_graha_mustika_ratu_20180416093838_75744_b9e4deedf2.jpg,,
graha-mustika-ratu,Media Library/Office Venue/graha-mustika-ratu,333,10,12,2,interior/7_graha-mustika-ratu-graha-mustika-ratu_20180416093839_21088.jpg,interior,7_graha-mustika-ratu-graha-mustika-ratu_20180416093839_21088.jpg,uploaded,56214,7_graha-mustika-ratu-graha-mustika-ratu_20180416093839_21088.jpg,https://cdn-strapi.prod.99iddev.net/assets/7_graha_mustika_ratu_graha_mustika_ratu_20180416093839_21088_3bff9dbd9d.jpg,,
graha-rekso,Media Library/Office Venue/graha-rekso,344,26,46,20,interior/275_graha-rekso-graha-rekso_20180920091013_49246.jpg,interior,275_graha-rekso-graha-rekso_20180920091013_49246.jpg,uploaded,56215,275_graha-rekso-graha-rekso_20180920091013_49246.jpg,https://cdn-strapi.prod.99iddev.net/assets/275_graha_rekso_graha_rekso_20180920091013_49246_8d75f1397c.jpg,,
graha-rekso,Media Library/Office Venue/graha-rekso,344,26,46,20,interior/275_graha-rekso-graha-rekso_20180920091013_53944.jpg,interior,275_graha-rekso-graha-rekso_20180920091013_53944.jpg,uploaded,56216,275_graha-rekso-graha-rekso_20180920091013_53944.jpg,https://cdn-strapi.prod.99iddev.net/assets/275_graha_rekso_graha_rekso_20180920091013_53944_9352b44f35.jpg,,
graha-rekso,Media Library/Office Venue/graha-rekso,344,26,46,20,interior/275_graha-rekso-graha-rekso_20180920091013_92715.jpg,interior,275_graha-rekso-graha-rekso_20180920091013_92715.jpg,uploaded,56217,275_graha-rekso-graha-rekso_20180920091013_92715.jpg,https://cdn-strapi.prod.99iddev.net/assets/275_graha_rekso_graha_rekso_20180920091013_92715_8754897b7e.jpg,,
graha-rekso,Media Library/Office Venue/graha-rekso,344,26,46,20,interior/275_graha-rekso-graha-rekso_20180920091014_16610.jpg,interior,275_graha-rekso-graha-rekso_20180920091014_16610.jpg,uploaded,56218,275_graha-rekso-graha-rekso_20180920091014_16610.jpg,https://cdn-strapi.prod.99iddev.net/assets/275_graha_rekso_graha_rekso_20180920091014_16610_2447f46270.jpg,,
graha-rekso,Media Library/Office Venue/graha-rekso,344,26,46,20,interior/275_graha-rekso-graha-rekso_20180920091014_72477.jpg,interior,275_graha-rekso-graha-rekso_20180920091014_72477.jpg,uploaded,56219,275_graha-rekso-graha-rekso_20180920091014_72477.jpg,https://cdn-strapi.prod.99iddev.net/assets/275_graha_rekso_graha_rekso_20180920091014_72477_dd86c91b4b.jpg,,
graha-rekso,Media Library/Office Venue/graha-rekso,344,26,46,20,interior/275_graha-rekso-graha-rekso_20180920091014_86173.jpg,interior,275_graha-rekso-graha-rekso_20180920091014_86173.jpg,uploaded,56220,275_graha-rekso-graha-rekso_20180920091014_86173.jpg,https://cdn-strapi.prod.99iddev.net/assets/275_graha_rekso_graha_rekso_20180920091014_86173_1e7fb43dca.jpg,,
graha-rekso,Media Library/Office Venue/graha-rekso,344,26,46,20,interior/275_graha-rekso-graha-rekso_20180920091015_32644.jpg,interior,275_graha-rekso-graha-rekso_20180920091015_32644.jpg,uploaded,56221,275_graha-rekso-graha-rekso_20180920091015_32644.jpg,https://cdn-strapi.prod.99iddev.net/assets/275_graha_rekso_graha_rekso_20180920091015_32644_414821bea6.jpg,,
graha-rekso,Media Library/Office Venue/graha-rekso,344,26,46,20,interior/275_graha-rekso-graha-rekso_20180920091015_41373.jpg,interior,275_graha-rekso-graha-rekso_20180920091015_41373.jpg,uploaded,56222,275_graha-rekso-graha-rekso_20180920091015_41373.jpg,https://cdn-strapi.prod.99iddev.net/assets/275_graha_rekso_graha_rekso_20180920091015_41373_50cbf98ab0.jpg,,
graha-rekso,Media Library/Office Venue/graha-rekso,344,26,46,20,interior/275_graha-rekso-graha-rekso_20180920091015_91471.jpg,interior,275_graha-rekso-graha-rekso_20180920091015_91471.jpg,uploaded,56223,275_graha-rekso-graha-rekso_20180920091015_91471.jpg,https://cdn-strapi.prod.99iddev.net/assets/275_graha_rekso_graha_rekso_20180920091015_91471_86e5f71c79.jpg,,
graha-rekso,Media Library/Office Venue/graha-rekso,344,26,46,20,interior/275_graha-rekso-graha-rekso_20180920091016_36747.jpg,interior,275_graha-rekso-graha-rekso_20180920091016_36747.jpg,uploaded,56224,275_graha-rekso-graha-rekso_20180920091016_36747.jpg,https://cdn-strapi.prod.99iddev.net/assets/275_graha_rekso_graha_rekso_20180920091016_36747_28f9a4dc0d.jpg,,
graha-rekso,Media Library/Office Venue/graha-rekso,344,26,46,20,interior/275_graha-rekso-graha-rekso_20180920091016_91736.jpg,interior,275_graha-rekso-graha-rekso_20180920091016_91736.jpg,uploaded,56225,275_graha-rekso-graha-rekso_20180920091016_91736.jpg,https://cdn-strapi.prod.99iddev.net/assets/275_graha_rekso_graha_rekso_20180920091016_91736_bb2fb33825.jpg,,
graha-rekso,Media Library/Office Venue/graha-rekso,344,26,46,20,interior/275_graha-rekso-graha-rekso_20180920091017_92332.jpg,interior,275_graha-rekso-graha-rekso_20180920091017_92332.jpg,uploaded,56226,275_graha-rekso-graha-rekso_20180920091017_92332.jpg,https://cdn-strapi.prod.99iddev.net/assets/275_graha_rekso_graha_rekso_20180920091017_92332_fbbdabb6a5.jpg,,
graha-rekso,Media Library/Office Venue/graha-rekso,344,26,46,20,interior/275_graha-rekso-graha-rekso_20180920091017_94792.jpg,interior,275_graha-rekso-graha-rekso_20180920091017_94792.jpg,uploaded,56227,275_graha-rekso-graha-rekso_20180920091017_94792.jpg,https://cdn-strapi.prod.99iddev.net/assets/275_graha_rekso_graha_rekso_20180920091017_94792_1753d19f57.jpg,,
graha-rekso,Media Library/Office Venue/graha-rekso,344,26,46,20,interior/275_graha-rekso-graha-rekso_20180920091017_96433.jpg,interior,275_graha-rekso-graha-rekso_20180920091017_96433.jpg,uploaded,56228,275_graha-rekso-graha-rekso_20180920091017_96433.jpg,https://cdn-strapi.prod.99iddev.net/assets/275_graha_rekso_graha_rekso_20180920091017_96433_7ca3c7ca10.jpg,,
graha-rekso,Media Library/Office Venue/graha-rekso,344,26,46,20,interior/275_graha-rekso-graha-rekso_20180920091018_19872.jpg,interior,275_graha-rekso-graha-rekso_20180920091018_19872.jpg,uploaded,56229,275_graha-rekso-graha-rekso_20180920091018_19872.jpg,https://cdn-strapi.prod.99iddev.net/assets/275_graha_rekso_graha_rekso_20180920091018_19872_f698f1caef.jpg,,
graha-rekso,Media Library/Office Venue/graha-rekso,344,26,46,20,interior/275_graha-rekso-graha-rekso_20180920091018_38604.jpg,interior,275_graha-rekso-graha-rekso_20180920091018_38604.jpg,uploaded,56230,275_graha-rekso-graha-rekso_20180920091018_38604.jpg,https://cdn-strapi.prod.99iddev.net/assets/275_graha_rekso_graha_rekso_20180920091018_38604_f7884141d9.jpg,,
graha-rekso,Media Library/Office Venue/graha-rekso,344,26,46,20,interior/275_graha-rekso-graha-rekso_20180920091018_43178.jpg,interior,275_graha-rekso-graha-rekso_20180920091018_43178.jpg,uploaded,56231,275_graha-rekso-graha-rekso_20180920091018_43178.jpg,https://cdn-strapi.prod.99iddev.net/assets/275_graha_rekso_graha_rekso_20180920091018_43178_ee053b378f.jpg,,
graha-rekso,Media Library/Office Venue/graha-rekso,344,26,46,20,interior/275_graha-rekso-graha-rekso_20180920091018_68936.jpg,interior,275_graha-rekso-graha-rekso_20180920091018_68936.jpg,uploaded,56232,275_graha-rekso-graha-rekso_20180920091018_68936.jpg,https://cdn-strapi.prod.99iddev.net/assets/275_graha_rekso_graha_rekso_20180920091018_68936_b8206fd0ff.jpg,,
graha-rekso,Media Library/Office Venue/graha-rekso,344,26,46,20,interior/275_graha-rekso-graha-rekso_20180920091018_84508.jpg,interior,275_graha-rekso-graha-rekso_20180920091018_84508.jpg,uploaded,56233,275_graha-rekso-graha-rekso_20180920091018_84508.jpg,https://cdn-strapi.prod.99iddev.net/assets/275_graha_rekso_graha_rekso_20180920091018_84508_dda48e2162.jpg,,
graha-rekso,Media Library/Office Venue/graha-rekso,344,26,46,20,interior/275_graha-rekso-graha-rekso_20180920091018_92137.jpg,interior,275_graha-rekso-graha-rekso_20180920091018_92137.jpg,uploaded,56234,275_graha-rekso-graha-rekso_20180920091018_92137.jpg,https://cdn-strapi.prod.99iddev.net/assets/275_graha_rekso_graha_rekso_20180920091018_92137_6ac29aa8ba.jpg,,
graha-tirtadi-antasari,Media Library/Office Venue/graha-tirtadi-antasari,352,15,29,14,interior/528_graha-tirtadi-graha-tirtadi-antasari_20180718044246_15272.jpg,interior,528_graha-tirtadi-graha-tirtadi-antasari_20180718044246_15272.jpg,uploaded,56235,528_graha-tirtadi-graha-tirtadi-antasari_20180718044246_15272.jpg,https://cdn-strapi.prod.99iddev.net/assets/528_graha_tirtadi_graha_tirtadi_antasari_20180718044246_15272_57d42db92a.jpg,,
graha-tirtadi-antasari,Media Library/Office Venue/graha-tirtadi-antasari,352,15,29,14,interior/528_graha-tirtadi-graha-tirtadi-antasari_20180718044247_34377.jpg,interior,528_graha-tirtadi-graha-tirtadi-antasari_20180718044247_34377.jpg,uploaded,56236,528_graha-tirtadi-graha-tirtadi-antasari_20180718044247_34377.jpg,https://cdn-strapi.prod.99iddev.net/assets/528_graha_tirtadi_graha_tirtadi_antasari_20180718044247_34377_d1d72c6cd6.jpg,,
graha-tirtadi-antasari,Media Library/Office Venue/graha-tirtadi-antasari,352,15,29,14,interior/528_graha-tirtadi-graha-tirtadi-antasari_20180718044247_34468.jpg,interior,528_graha-tirtadi-graha-tirtadi-antasari_20180718044247_34468.jpg,uploaded,56237,528_graha-tirtadi-graha-tirtadi-antasari_20180718044247_34468.jpg,https://cdn-strapi.prod.99iddev.net/assets/528_graha_tirtadi_graha_tirtadi_antasari_20180718044247_34468_bcfdf73524.jpg,,
graha-tirtadi-antasari,Media Library/Office Venue/graha-tirtadi-antasari,352,15,29,14,interior/528_graha-tirtadi-graha-tirtadi-antasari_20180718044247_88315.jpg,interior,528_graha-tirtadi-graha-tirtadi-antasari_20180718044247_88315.jpg,uploaded,56238,528_graha-tirtadi-graha-tirtadi-antasari_20180718044247_88315.jpg,https://cdn-strapi.prod.99iddev.net/assets/528_graha_tirtadi_graha_tirtadi_antasari_20180718044247_88315_66f71de16a.jpg,,
graha-tirtadi-antasari,Media Library/Office Venue/graha-tirtadi-antasari,352,15,29,14,interior/528_graha-tirtadi-graha-tirtadi-antasari_20180718044247_92636.jpg,interior,528_graha-tirtadi-graha-tirtadi-antasari_20180718044247_92636.jpg,uploaded,56239,528_graha-tirtadi-graha-tirtadi-antasari_20180718044247_92636.jpg,https://cdn-strapi.prod.99iddev.net/assets/528_graha_tirtadi_graha_tirtadi_antasari_20180718044247_92636_7627b37221.jpg,,
graha-tirtadi-antasari,Media Library/Office Venue/graha-tirtadi-antasari,352,15,29,14,interior/528_graha-tirtadi-graha-tirtadi-antasari_20180718044248_14673.jpg,interior,528_graha-tirtadi-graha-tirtadi-antasari_20180718044248_14673.jpg,uploaded,56240,528_graha-tirtadi-graha-tirtadi-antasari_20180718044248_14673.jpg,https://cdn-strapi.prod.99iddev.net/assets/528_graha_tirtadi_graha_tirtadi_antasari_20180718044248_14673_5ea7922c58.jpg,,
graha-tirtadi-antasari,Media Library/Office Venue/graha-tirtadi-antasari,352,15,29,14,interior/528_graha-tirtadi-graha-tirtadi-antasari_20180718044248_42939.jpg,interior,528_graha-tirtadi-graha-tirtadi-antasari_20180718044248_42939.jpg,uploaded,56241,528_graha-tirtadi-graha-tirtadi-antasari_20180718044248_42939.jpg,https://cdn-strapi.prod.99iddev.net/assets/528_graha_tirtadi_graha_tirtadi_antasari_20180718044248_42939_ebd6690248.jpg,,
graha-tirtadi-antasari,Media Library/Office Venue/graha-tirtadi-antasari,352,15,29,14,interior/528_graha-tirtadi-graha-tirtadi-antasari_20180718044248_62286.jpg,interior,528_graha-tirtadi-graha-tirtadi-antasari_20180718044248_62286.jpg,uploaded,56242,528_graha-tirtadi-graha-tirtadi-antasari_20180718044248_62286.jpg,https://cdn-strapi.prod.99iddev.net/assets/528_graha_tirtadi_graha_tirtadi_antasari_20180718044248_62286_3e6d4c6071.jpg,,
graha-tirtadi-antasari,Media Library/Office Venue/graha-tirtadi-antasari,352,15,29,14,interior/528_graha-tirtadi-graha-tirtadi-antasari_20180718044248_94536.jpg,interior,528_graha-tirtadi-graha-tirtadi-antasari_20180718044248_94536.jpg,uploaded,56243,528_graha-tirtadi-graha-tirtadi-antasari_20180718044248_94536.jpg,https://cdn-strapi.prod.99iddev.net/assets/528_graha_tirtadi_graha_tirtadi_antasari_20180718044248_94536_f829289108.jpg,,
graha-tirtadi-antasari,Media Library/Office Venue/graha-tirtadi-antasari,352,15,29,14,interior/528_graha-tirtadi-graha-tirtadi-antasari_20180718044249_30107.jpg,interior,528_graha-tirtadi-graha-tirtadi-antasari_20180718044249_30107.jpg,uploaded,56244,528_graha-tirtadi-graha-tirtadi-antasari_20180718044249_30107.jpg,https://cdn-strapi.prod.99iddev.net/assets/528_graha_tirtadi_graha_tirtadi_antasari_20180718044249_30107_67a5be4f9e.jpg,,
graha-tirtadi-antasari,Media Library/Office Venue/graha-tirtadi-antasari,352,15,29,14,interior/528_graha-tirtadi-graha-tirtadi-antasari_20180718044249_44216.jpg,interior,528_graha-tirtadi-graha-tirtadi-antasari_20180718044249_44216.jpg,uploaded,56245,528_graha-tirtadi-graha-tirtadi-antasari_20180718044249_44216.jpg,https://cdn-strapi.prod.99iddev.net/assets/528_graha_tirtadi_graha_tirtadi_antasari_20180718044249_44216_bb11f8f20b.jpg,,
graha-tirtadi-antasari,Media Library/Office Venue/graha-tirtadi-antasari,352,15,29,14,interior/528_graha-tirtadi-graha-tirtadi-antasari_20180718044249_77526.jpg,interior,528_graha-tirtadi-graha-tirtadi-antasari_20180718044249_77526.jpg,uploaded,56246,528_graha-tirtadi-graha-tirtadi-antasari_20180718044249_77526.jpg,https://cdn-strapi.prod.99iddev.net/assets/528_graha_tirtadi_graha_tirtadi_antasari_20180718044249_77526_2dbf3df77e.jpg,,
graha-tirtadi-antasari,Media Library/Office Venue/graha-tirtadi-antasari,352,15,29,14,interior/528_graha-tirtadi-graha-tirtadi-antasari_20180718044250_18843.jpg,interior,528_graha-tirtadi-graha-tirtadi-antasari_20180718044250_18843.jpg,uploaded,56247,528_graha-tirtadi-graha-tirtadi-antasari_20180718044250_18843.jpg,https://cdn-strapi.prod.99iddev.net/assets/528_graha_tirtadi_graha_tirtadi_antasari_20180718044250_18843_0315b573f5.jpg,,
graha-tirtadi-antasari,Media Library/Office Venue/graha-tirtadi-antasari,352,15,29,14,interior/528_graha-tirtadi-graha-tirtadi-antasari_20180718044250_76767.jpg,interior,528_graha-tirtadi-graha-tirtadi-antasari_20180718044250_76767.jpg,uploaded,56248,528_graha-tirtadi-graha-tirtadi-antasari_20180718044250_76767.jpg,https://cdn-strapi.prod.99iddev.net/assets/528_graha_tirtadi_graha_tirtadi_antasari_20180718044250_76767_2421c08afe.jpg,,
graha-tnt,Media Library/Office Venue/graha-tnt,355,12,23,11,exterior/451_graha-tnt-graha-tnt_20161124041206_44774.jpg,exterior,451_graha-tnt-graha-tnt_20161124041206_44774.jpg,uploaded,56249,451_graha-tnt-graha-tnt_20161124041206_44774.jpg,https://cdn-strapi.prod.99iddev.net/assets/451_graha_tnt_graha_tnt_20161124041206_44774_e86b4548cb.jpg,,
graha-tnt,Media Library/Office Venue/graha-tnt,355,12,23,11,exterior/451_graha-tnt-graha-tnt_20161124041209_21965.jpg,exterior,451_graha-tnt-graha-tnt_20161124041209_21965.jpg,uploaded,56250,451_graha-tnt-graha-tnt_20161124041209_21965.jpg,https://cdn-strapi.prod.99iddev.net/assets/451_graha_tnt_graha_tnt_20161124041209_21965_6aa5ad879f.jpg,,
graha-tnt,Media Library/Office Venue/graha-tnt,355,12,23,11,exterior/451_graha-tnt-graha-tnt_20161124041209_36161.jpg,exterior,451_graha-tnt-graha-tnt_20161124041209_36161.jpg,uploaded,56251,451_graha-tnt-graha-tnt_20161124041209_36161.jpg,https://cdn-strapi.prod.99iddev.net/assets/451_graha_tnt_graha_tnt_20161124041209_36161_d25310462a.jpg,,
graha-tnt,Media Library/Office Venue/graha-tnt,355,12,23,11,exterior/451_graha-tnt-graha-tnt_20161124041211_92866.jpg,exterior,451_graha-tnt-graha-tnt_20161124041211_92866.jpg,uploaded,56252,451_graha-tnt-graha-tnt_20161124041211_92866.jpg,https://cdn-strapi.prod.99iddev.net/assets/451_graha_tnt_graha_tnt_20161124041211_92866_eabc20cc43.jpg,,
graha-tnt,Media Library/Office Venue/graha-tnt,355,12,23,11,interior/451_graha-tnt-graha-tnt_20180530084156_17467.jpg,interior,451_graha-tnt-graha-tnt_20180530084156_17467.jpg,uploaded,56253,451_graha-tnt-graha-tnt_20180530084156_17467.jpg,https://cdn-strapi.prod.99iddev.net/assets/451_graha_tnt_graha_tnt_20180530084156_17467_82d4a52d32.jpg,,
graha-tnt,Media Library/Office Venue/graha-tnt,355,12,23,11,interior/451_graha-tnt-graha-tnt_20180530084157_46752.jpg,interior,451_graha-tnt-graha-tnt_20180530084157_46752.jpg,uploaded,56254,451_graha-tnt-graha-tnt_20180530084157_46752.jpg,https://cdn-strapi.prod.99iddev.net/assets/451_graha_tnt_graha_tnt_20180530084157_46752_a461a63ed5.jpg,,
graha-tnt,Media Library/Office Venue/graha-tnt,355,12,23,11,interior/451_graha-tnt-graha-tnt_20180530084158_28474.jpg,interior,451_graha-tnt-graha-tnt_20180530084158_28474.jpg,uploaded,56255,451_graha-tnt-graha-tnt_20180530084158_28474.jpg,https://cdn-strapi.prod.99iddev.net/assets/451_graha_tnt_graha_tnt_20180530084158_28474_4aaf54fd6c.jpg,,
graha-tnt,Media Library/Office Venue/graha-tnt,355,12,23,11,interior/451_graha-tnt-graha-tnt_20180530084158_30692.jpg,interior,451_graha-tnt-graha-tnt_20180530084158_30692.jpg,uploaded,56256,451_graha-tnt-graha-tnt_20180530084158_30692.jpg,https://cdn-strapi.prod.99iddev.net/assets/451_graha_tnt_graha_tnt_20180530084158_30692_0006e239b7.jpg,,
graha-tnt,Media Library/Office Venue/graha-tnt,355,12,23,11,interior/451_graha-tnt-graha-tnt_20180530084158_46574.jpg,interior,451_graha-tnt-graha-tnt_20180530084158_46574.jpg,uploaded,56257,451_graha-tnt-graha-tnt_20180530084158_46574.jpg,https://cdn-strapi.prod.99iddev.net/assets/451_graha_tnt_graha_tnt_20180530084158_46574_7555116161.jpg,,
graha-tnt,Media Library/Office Venue/graha-tnt,355,12,23,11,interior/451_graha-tnt-graha-tnt_20180530084159_20903.jpg,interior,451_graha-tnt-graha-tnt_20180530084159_20903.jpg,uploaded,56258,451_graha-tnt-graha-tnt_20180530084159_20903.jpg,https://cdn-strapi.prod.99iddev.net/assets/451_graha_tnt_graha_tnt_20180530084159_20903_8234a5fbfb.jpg,,
graha-tnt,Media Library/Office Venue/graha-tnt,355,12,23,11,interior/451_graha-tnt-graha-tnt_20180530084159_65496.jpg,interior,451_graha-tnt-graha-tnt_20180530084159_65496.jpg,uploaded,56259,451_graha-tnt-graha-tnt_20180530084159_65496.jpg,https://cdn-strapi.prod.99iddev.net/assets/451_graha_tnt_graha_tnt_20180530084159_65496_80648c8ffe.jpg,,
graha-xl,Media Library/Office Venue/graha-xl,998,11,22,11,exterior/299_cohive-101-ex-graha-xl-cohive-101-ex-graha-xl_20200723041838_46482.jpg,exterior,299_cohive-101-ex-graha-xl-cohive-101-ex-graha-xl_20200723041838_46482.jpg,uploaded,56260,299_cohive-101-ex-graha-xl-cohive-101-ex-graha-xl_20200723041838_46482.jpg,https://cdn-strapi.prod.99iddev.net/assets/299_cohive_101_ex_graha_xl_cohive_101_ex_graha_xl_20200723041838_46482_4aff2ce966.jpg,,
graha-xl,Media Library/Office Venue/graha-xl,998,11,22,11,exterior/299_cohive-101-ex-graha-xl-cohive-101-ex-graha-xl_20200723041840_44063.jpg,exterior,299_cohive-101-ex-graha-xl-cohive-101-ex-graha-xl_20200723041840_44063.jpg,uploaded,56261,299_cohive-101-ex-graha-xl-cohive-101-ex-graha-xl_20200723041840_44063.jpg,https://cdn-strapi.prod.99iddev.net/assets/299_cohive_101_ex_graha_xl_cohive_101_ex_graha_xl_20200723041840_44063_a3f195e414.jpg,,
graha-xl,Media Library/Office Venue/graha-xl,998,11,22,11,exterior/299_graha-xl-graha-xl_20160914044025_27183.jpg,exterior,299_graha-xl-graha-xl_20160914044025_27183.jpg,uploaded,56262,299_graha-xl-graha-xl_20160914044025_27183.jpg,https://cdn-strapi.prod.99iddev.net/assets/299_graha_xl_graha_xl_20160914044025_27183_129dce32f9.jpg,,
graha-xl,Media Library/Office Venue/graha-xl,998,11,22,11,exterior/299_graha-xl-graha-xl_20160914044025_83957.jpg,exterior,299_graha-xl-graha-xl_20160914044025_83957.jpg,uploaded,56263,299_graha-xl-graha-xl_20160914044025_83957.jpg,https://cdn-strapi.prod.99iddev.net/assets/299_graha_xl_graha_xl_20160914044025_83957_5b93893ae6.jpg,,
graha-xl,Media Library/Office Venue/graha-xl,998,11,22,11,exterior/299_graha-xl-graha-xl_20160914044026_11636.jpg,exterior,299_graha-xl-graha-xl_20160914044026_11636.jpg,uploaded,56264,299_graha-xl-graha-xl_20160914044026_11636.jpg,https://cdn-strapi.prod.99iddev.net/assets/299_graha_xl_graha_xl_20160914044026_11636_009e420e46.jpg,,
graha-xl,Media Library/Office Venue/graha-xl,998,11,22,11,exterior/299_graha-xl-graha-xl_20160914044026_13295.jpg,exterior,299_graha-xl-graha-xl_20160914044026_13295.jpg,uploaded,56265,299_graha-xl-graha-xl_20160914044026_13295.jpg,https://cdn-strapi.prod.99iddev.net/assets/299_graha_xl_graha_xl_20160914044026_13295_d71f20b20e.jpg,,
graha-xl,Media Library/Office Venue/graha-xl,998,11,22,11,exterior/299_graha-xl-graha-xl_20160914044026_17306.jpg,exterior,299_graha-xl-graha-xl_20160914044026_17306.jpg,uploaded,56266,299_graha-xl-graha-xl_20160914044026_17306.jpg,https://cdn-strapi.prod.99iddev.net/assets/299_graha_xl_graha_xl_20160914044026_17306_75b83c4a6c.jpg,,
graha-xl,Media Library/Office Venue/graha-xl,998,11,22,11,interior/299_graha-xl-graha-xl_20181105074431_12621.jpeg,interior,299_graha-xl-graha-xl_20181105074431_12621.jpeg,uploaded,56267,299_graha-xl-graha-xl_20181105074431_12621.jpeg,https://cdn-strapi.prod.99iddev.net/assets/299_graha_xl_graha_xl_20181105074431_12621_32b468329a.jpeg,,
graha-xl,Media Library/Office Venue/graha-xl,998,11,22,11,interior/299_graha-xl-graha-xl_20181105074431_97417.jpeg,interior,299_graha-xl-graha-xl_20181105074431_97417.jpeg,uploaded,56268,299_graha-xl-graha-xl_20181105074431_97417.jpeg,https://cdn-strapi.prod.99iddev.net/assets/299_graha_xl_graha_xl_20181105074431_97417_0ab2d1472e.jpeg,,
graha-xl,Media Library/Office Venue/graha-xl,998,11,22,11,interior/299_graha-xl-graha-xl_20181105074432_26132.jpeg,interior,299_graha-xl-graha-xl_20181105074432_26132.jpeg,uploaded,56269,299_graha-xl-graha-xl_20181105074432_26132.jpeg,https://cdn-strapi.prod.99iddev.net/assets/299_graha_xl_graha_xl_20181105074432_26132_f694f00605.jpeg,,
graha-xl,Media Library/Office Venue/graha-xl,998,11,22,11,interior/299_graha-xl-graha-xl_20181105074432_67913.jpeg,interior,299_graha-xl-graha-xl_20181105074432_67913.jpeg,uploaded,56270,299_graha-xl-graha-xl_20181105074432_67913.jpeg,https://cdn-strapi.prod.99iddev.net/assets/299_graha_xl_graha_xl_20181105074432_67913_7fda710f5a.jpeg,,
granadi,Media Library/Office Venue/granadi,362,13,22,9,interior/381_granadi-granadi_20180413063452_37702.jpg,interior,381_granadi-granadi_20180413063452_37702.jpg,uploaded,56271,381_granadi-granadi_20180413063452_37702.jpg,https://cdn-strapi.prod.99iddev.net/assets/381_granadi_granadi_20180413063452_37702_a14e12d2f9.jpg,,
granadi,Media Library/Office Venue/granadi,362,13,22,9,interior/381_granadi-granadi_20180413063452_48025.jpg,interior,381_granadi-granadi_20180413063452_48025.jpg,uploaded,56272,381_granadi-granadi_20180413063452_48025.jpg,https://cdn-strapi.prod.99iddev.net/assets/381_granadi_granadi_20180413063452_48025_fa51ce97b6.jpg,,
granadi,Media Library/Office Venue/granadi,362,13,22,9,interior/381_granadi-granadi_20180413063452_83444.jpg,interior,381_granadi-granadi_20180413063452_83444.jpg,uploaded,56273,381_granadi-granadi_20180413063452_83444.jpg,https://cdn-strapi.prod.99iddev.net/assets/381_granadi_granadi_20180413063452_83444_54997f7bfb.jpg,,
granadi,Media Library/Office Venue/granadi,362,13,22,9,interior/381_granadi-granadi_20180413063452_93920.jpg,interior,381_granadi-granadi_20180413063452_93920.jpg,uploaded,56274,381_granadi-granadi_20180413063452_93920.jpg,https://cdn-strapi.prod.99iddev.net/assets/381_granadi_granadi_20180413063452_93920_2e02cf9795.jpg,,
granadi,Media Library/Office Venue/granadi,362,13,22,9,interior/381_granadi-granadi_20180413063453_22556.jpg,interior,381_granadi-granadi_20180413063453_22556.jpg,uploaded,56275,381_granadi-granadi_20180413063453_22556.jpg,https://cdn-strapi.prod.99iddev.net/assets/381_granadi_granadi_20180413063453_22556_074b7a349e.jpg,,
granadi,Media Library/Office Venue/granadi,362,13,22,9,interior/381_granadi-granadi_20180413063453_30855.jpg,interior,381_granadi-granadi_20180413063453_30855.jpg,uploaded,56276,381_granadi-granadi_20180413063453_30855.jpg,https://cdn-strapi.prod.99iddev.net/assets/381_granadi_granadi_20180413063453_30855_7fb4484084.jpg,,
granadi,Media Library/Office Venue/granadi,362,13,22,9,interior/381_granadi-granadi_20180413063454_33823.jpg,interior,381_granadi-granadi_20180413063454_33823.jpg,uploaded,56277,381_granadi-granadi_20180413063454_33823.jpg,https://cdn-strapi.prod.99iddev.net/assets/381_granadi_granadi_20180413063454_33823_6665d17ca0.jpg,,
granadi,Media Library/Office Venue/granadi,362,13,22,9,interior/381_granadi-granadi_20180413063454_90851.jpg,interior,381_granadi-granadi_20180413063454_90851.jpg,uploaded,56278,381_granadi-granadi_20180413063454_90851.jpg,https://cdn-strapi.prod.99iddev.net/assets/381_granadi_granadi_20180413063454_90851_eb5c34811b.jpg,,
granadi,Media Library/Office Venue/granadi,362,13,22,9,interior/381_granadi-granadi_20180413063455_35217.jpg,interior,381_granadi-granadi_20180413063455_35217.jpg,uploaded,56279,381_granadi-granadi_20180413063455_35217.jpg,https://cdn-strapi.prod.99iddev.net/assets/381_granadi_granadi_20180413063455_35217_e6a25d5a5f.jpg,,
green-office-park-1,Media Library/Office Venue/green-office-park-1,946,1,2,1,floorplan/616_green-office-park-green-office-park-1_20180912101348_28783.jpg,floorplan,616_green-office-park-green-office-park-1_20180912101348_28783.jpg,uploaded,56280,616_green-office-park-green-office-park-1_20180912101348_28783.jpg,https://cdn-strapi.prod.99iddev.net/assets/616_green_office_park_green_office_park_1_20180912101348_28783_d9ee37acaf.jpg,,
hermina-office-building,Media Library/Office Venue/hermina-office-building,1326,2,4,2,floorplan/371_hermina-office-building-hermina-office-building_20170310080648_39446.jpg,floorplan,371_hermina-office-building-hermina-office-building_20170310080648_39446.jpg,uploaded,56281,371_hermina-office-building-hermina-office-building_20170310080648_39446.jpg,https://cdn-strapi.prod.99iddev.net/assets/371_hermina_office_building_hermina_office_building_20170310080648_39446_7e801ee4fc.jpg,,
hermina-office-building,Media Library/Office Venue/hermina-office-building,1326,2,4,2,floorplan/371_hermina-office-building-hermina-office-building_20170310080648_77161.jpg,floorplan,371_hermina-office-building-hermina-office-building_20170310080648_77161.jpg,uploaded,56282,371_hermina-office-building-hermina-office-building_20170310080648_77161.jpg,https://cdn-strapi.prod.99iddev.net/assets/371_hermina_office_building_hermina_office_building_20170310080648_77161_7dc24b5bfc.jpg,,
honeylady-tower,Media Library/Office Venue/honeylady-tower,927,39,71,32,exterior/412_honeylady-tower-honeylady-tower_20160914044039_24828.jpg,exterior,412_honeylady-tower-honeylady-tower_20160914044039_24828.jpg,uploaded,56283,412_honeylady-tower-honeylady-tower_20160914044039_24828.jpg,https://cdn-strapi.prod.99iddev.net/assets/412_honeylady_tower_honeylady_tower_20160914044039_24828_4795667411.jpg,,
honeylady-tower,Media Library/Office Venue/honeylady-tower,927,39,71,32,exterior/412_honeylady-tower-honeylady-tower_20160914044039_35791.jpg,exterior,412_honeylady-tower-honeylady-tower_20160914044039_35791.jpg,uploaded,56284,412_honeylady-tower-honeylady-tower_20160914044039_35791.jpg,https://cdn-strapi.prod.99iddev.net/assets/412_honeylady_tower_honeylady_tower_20160914044039_35791_0f2fabe13d.jpg,,
honeylady-tower,Media Library/Office Venue/honeylady-tower,927,39,71,32,exterior/412_honeylady-tower-honeylady-tower_20160914044040_42012.jpg,exterior,412_honeylady-tower-honeylady-tower_20160914044040_42012.jpg,uploaded,56285,412_honeylady-tower-honeylady-tower_20160914044040_42012.jpg,https://cdn-strapi.prod.99iddev.net/assets/412_honeylady_tower_honeylady_tower_20160914044040_42012_1d65be8345.jpg,,
honeylady-tower,Media Library/Office Venue/honeylady-tower,927,39,71,32,exterior/412_honeylady-tower-honeylady-tower_20160914044040_59909.jpg,exterior,412_honeylady-tower-honeylady-tower_20160914044040_59909.jpg,uploaded,56286,412_honeylady-tower-honeylady-tower_20160914044040_59909.jpg,https://cdn-strapi.prod.99iddev.net/assets/412_honeylady_tower_honeylady_tower_20160914044040_59909_93b2e995fd.jpg,,
honeylady-tower,Media Library/Office Venue/honeylady-tower,927,39,71,32,exterior/412_honeylady-tower-honeylady-tower_20160914044041_19749.jpg,exterior,412_honeylady-tower-honeylady-tower_20160914044041_19749.jpg,uploaded,56287,412_honeylady-tower-honeylady-tower_20160914044041_19749.jpg,https://cdn-strapi.prod.99iddev.net/assets/412_honeylady_tower_honeylady_tower_20160914044041_19749_eb35ff851c.jpg,,
honeylady-tower,Media Library/Office Venue/honeylady-tower,927,39,71,32,exterior/412_honeylady-tower-honeylady-tower_20160914044042_67215.jpg,exterior,412_honeylady-tower-honeylady-tower_20160914044042_67215.jpg,uploaded,56288,412_honeylady-tower-honeylady-tower_20160914044042_67215.jpg,https://cdn-strapi.prod.99iddev.net/assets/412_honeylady_tower_honeylady_tower_20160914044042_67215_b28cf3a915.jpg,,
honeylady-tower,Media Library/Office Venue/honeylady-tower,927,39,71,32,exterior/412_honeylady-tower-honeylady-tower_20160914044043_43648.jpg,exterior,412_honeylady-tower-honeylady-tower_20160914044043_43648.jpg,uploaded,56289,412_honeylady-tower-honeylady-tower_20160914044043_43648.jpg,https://cdn-strapi.prod.99iddev.net/assets/412_honeylady_tower_honeylady_tower_20160914044043_43648_924b1aa6ee.jpg,,
honeylady-tower,Media Library/Office Venue/honeylady-tower,927,39,71,32,floorplan/412_honeylady-tower-honeylady-tower_20170310064821_64543.jpg,floorplan,412_honeylady-tower-honeylady-tower_20170310064821_64543.jpg,uploaded,56290,412_honeylady-tower-honeylady-tower_20170310064821_64543.jpg,https://cdn-strapi.prod.99iddev.net/assets/412_honeylady_tower_honeylady_tower_20170310064821_64543_084f2dcd82.jpg,,
honeylady-tower,Media Library/Office Venue/honeylady-tower,927,39,71,32,floorplan/412_honeylady-tower-honeylady-tower_20170310064822_22405.jpg,floorplan,412_honeylady-tower-honeylady-tower_20170310064822_22405.jpg,uploaded,56291,412_honeylady-tower-honeylady-tower_20170310064822_22405.jpg,https://cdn-strapi.prod.99iddev.net/assets/412_honeylady_tower_honeylady_tower_20170310064822_22405_bf232f8502.jpg,,
honeylady-tower,Media Library/Office Venue/honeylady-tower,927,39,71,32,floorplan/412_honeylady-tower-honeylady-tower_20170310064822_22456.jpg,floorplan,412_honeylady-tower-honeylady-tower_20170310064822_22456.jpg,uploaded,56292,412_honeylady-tower-honeylady-tower_20170310064822_22456.jpg,https://cdn-strapi.prod.99iddev.net/assets/412_honeylady_tower_honeylady_tower_20170310064822_22456_341d9472e5.jpg,,
honeylady-tower,Media Library/Office Venue/honeylady-tower,927,39,71,32,floorplan/412_honeylady-tower-honeylady-tower_20170310064822_25247.jpg,floorplan,412_honeylady-tower-honeylady-tower_20170310064822_25247.jpg,uploaded,56293,412_honeylady-tower-honeylady-tower_20170310064822_25247.jpg,https://cdn-strapi.prod.99iddev.net/assets/412_honeylady_tower_honeylady_tower_20170310064822_25247_b09a724ebf.jpg,,
honeylady-tower,Media Library/Office Venue/honeylady-tower,927,39,71,32,floorplan/412_honeylady-tower-honeylady-tower_20170310064823_35430.jpg,floorplan,412_honeylady-tower-honeylady-tower_20170310064823_35430.jpg,uploaded,56294,412_honeylady-tower-honeylady-tower_20170310064823_35430.jpg,https://cdn-strapi.prod.99iddev.net/assets/412_honeylady_tower_honeylady_tower_20170310064823_35430_ec21087455.jpg,,
honeylady-tower,Media Library/Office Venue/honeylady-tower,927,39,71,32,interior/412_honeylady-tower-honeylady-tower_20180516091025_60585.jpg,interior,412_honeylady-tower-honeylady-tower_20180516091025_60585.jpg,uploaded,56295,412_honeylady-tower-honeylady-tower_20180516091025_60585.jpg,https://cdn-strapi.prod.99iddev.net/assets/412_honeylady_tower_honeylady_tower_20180516091025_60585_888597e982.jpg,,
honeylady-tower,Media Library/Office Venue/honeylady-tower,927,39,71,32,interior/412_honeylady-tower-honeylady-tower_20180516091026_76339.jpg,interior,412_honeylady-tower-honeylady-tower_20180516091026_76339.jpg,uploaded,56296,412_honeylady-tower-honeylady-tower_20180516091026_76339.jpg,https://cdn-strapi.prod.99iddev.net/assets/412_honeylady_tower_honeylady_tower_20180516091026_76339_80dd32e010.jpg,,
honeylady-tower,Media Library/Office Venue/honeylady-tower,927,39,71,32,interior/412_honeylady-tower-honeylady-tower_20180516091026_99628.jpg,interior,412_honeylady-tower-honeylady-tower_20180516091026_99628.jpg,uploaded,56297,412_honeylady-tower-honeylady-tower_20180516091026_99628.jpg,https://cdn-strapi.prod.99iddev.net/assets/412_honeylady_tower_honeylady_tower_20180516091026_99628_8edf6333ab.jpg,,
honeylady-tower,Media Library/Office Venue/honeylady-tower,927,39,71,32,interior/412_honeylady-tower-honeylady-tower_20180516091027_12569.jpg,interior,412_honeylady-tower-honeylady-tower_20180516091027_12569.jpg,uploaded,56298,412_honeylady-tower-honeylady-tower_20180516091027_12569.jpg,https://cdn-strapi.prod.99iddev.net/assets/412_honeylady_tower_honeylady_tower_20180516091027_12569_f72dfc0691.jpg,,
honeylady-tower,Media Library/Office Venue/honeylady-tower,927,39,71,32,interior/412_honeylady-tower-honeylady-tower_20180516091027_55268.jpg,interior,412_honeylady-tower-honeylady-tower_20180516091027_55268.jpg,uploaded,56299,412_honeylady-tower-honeylady-tower_20180516091027_55268.jpg,https://cdn-strapi.prod.99iddev.net/assets/412_honeylady_tower_honeylady_tower_20180516091027_55268_982aaa184b.jpg,,
honeylady-tower,Media Library/Office Venue/honeylady-tower,927,39,71,32,interior/412_honeylady-tower-honeylady-tower_20180516091027_77271.jpg,interior,412_honeylady-tower-honeylady-tower_20180516091027_77271.jpg,uploaded,56300,412_honeylady-tower-honeylady-tower_20180516091027_77271.jpg,https://cdn-strapi.prod.99iddev.net/assets/412_honeylady_tower_honeylady_tower_20180516091027_77271_c561b0345c.jpg,,
honeylady-tower,Media Library/Office Venue/honeylady-tower,927,39,71,32,interior/412_honeylady-tower-honeylady-tower_20180516091028_38806.jpg,interior,412_honeylady-tower-honeylady-tower_20180516091028_38806.jpg,uploaded,56301,412_honeylady-tower-honeylady-tower_20180516091028_38806.jpg,https://cdn-strapi.prod.99iddev.net/assets/412_honeylady_tower_honeylady_tower_20180516091028_38806_8c36fa1355.jpg,,
honeylady-tower,Media Library/Office Venue/honeylady-tower,927,39,71,32,interior/412_honeylady-tower-honeylady-tower_20180516091028_67374.jpg,interior,412_honeylady-tower-honeylady-tower_20180516091028_67374.jpg,uploaded,56302,412_honeylady-tower-honeylady-tower_20180516091028_67374.jpg,https://cdn-strapi.prod.99iddev.net/assets/412_honeylady_tower_honeylady_tower_20180516091028_67374_3ec1f4264f.jpg,,
honeylady-tower,Media Library/Office Venue/honeylady-tower,927,39,71,32,interior/412_honeylady-tower-honeylady-tower_20180516091028_87817.jpg,interior,412_honeylady-tower-honeylady-tower_20180516091028_87817.jpg,uploaded,56303,412_honeylady-tower-honeylady-tower_20180516091028_87817.jpg,https://cdn-strapi.prod.99iddev.net/assets/412_honeylady_tower_honeylady_tower_20180516091028_87817_52060311fb.jpg,,
honeylady-tower,Media Library/Office Venue/honeylady-tower,927,39,71,32,interior/412_honeylady-tower-honeylady-tower_20180516091029_39984.jpg,interior,412_honeylady-tower-honeylady-tower_20180516091029_39984.jpg,uploaded,56304,412_honeylady-tower-honeylady-tower_20180516091029_39984.jpg,https://cdn-strapi.prod.99iddev.net/assets/412_honeylady_tower_honeylady_tower_20180516091029_39984_8bcf665ea3.jpg,,
honeylady-tower,Media Library/Office Venue/honeylady-tower,927,39,71,32,interior/412_honeylady-tower-honeylady-tower_20180516091029_82813.jpg,interior,412_honeylady-tower-honeylady-tower_20180516091029_82813.jpg,uploaded,56305,412_honeylady-tower-honeylady-tower_20180516091029_82813.jpg,https://cdn-strapi.prod.99iddev.net/assets/412_honeylady_tower_honeylady_tower_20180516091029_82813_cb01162954.jpg,,
honeylady-tower,Media Library/Office Venue/honeylady-tower,927,39,71,32,interior/412_honeylady-tower-honeylady-tower_20180516091030_10484.jpg,interior,412_honeylady-tower-honeylady-tower_20180516091030_10484.jpg,uploaded,56306,412_honeylady-tower-honeylady-tower_20180516091030_10484.jpg,https://cdn-strapi.prod.99iddev.net/assets/412_honeylady_tower_honeylady_tower_20180516091030_10484_f9e263b295.jpg,,
honeylady-tower,Media Library/Office Venue/honeylady-tower,927,39,71,32,interior/412_honeylady-tower-honeylady-tower_20180516091031_16001.jpg,interior,412_honeylady-tower-honeylady-tower_20180516091031_16001.jpg,uploaded,56307,412_honeylady-tower-honeylady-tower_20180516091031_16001.jpg,https://cdn-strapi.prod.99iddev.net/assets/412_honeylady_tower_honeylady_tower_20180516091031_16001_9d2604998e.jpg,,
honeylady-tower,Media Library/Office Venue/honeylady-tower,927,39,71,32,interior/412_honeylady-tower-honeylady-tower_20180516091031_16351.jpg,interior,412_honeylady-tower-honeylady-tower_20180516091031_16351.jpg,uploaded,56308,412_honeylady-tower-honeylady-tower_20180516091031_16351.jpg,https://cdn-strapi.prod.99iddev.net/assets/412_honeylady_tower_honeylady_tower_20180516091031_16351_d353c360f5.jpg,,
honeylady-tower,Media Library/Office Venue/honeylady-tower,927,39,71,32,interior/412_honeylady-tower-honeylady-tower_20180516091031_77398.jpg,interior,412_honeylady-tower-honeylady-tower_20180516091031_77398.jpg,uploaded,56309,412_honeylady-tower-honeylady-tower_20180516091031_77398.jpg,https://cdn-strapi.prod.99iddev.net/assets/412_honeylady_tower_honeylady_tower_20180516091031_77398_6a292aab19.jpg,,
honeylady-tower,Media Library/Office Venue/honeylady-tower,927,39,71,32,interior/412_honeylady-tower-honeylady-tower_20180516091032_19078.jpg,interior,412_honeylady-tower-honeylady-tower_20180516091032_19078.jpg,uploaded,56310,412_honeylady-tower-honeylady-tower_20180516091032_19078.jpg,https://cdn-strapi.prod.99iddev.net/assets/412_honeylady_tower_honeylady_tower_20180516091032_19078_00a4e54b2e.jpg,,
honeylady-tower,Media Library/Office Venue/honeylady-tower,927,39,71,32,interior/412_honeylady-tower-honeylady-tower_20180516091032_37251.jpg,interior,412_honeylady-tower-honeylady-tower_20180516091032_37251.jpg,uploaded,56311,412_honeylady-tower-honeylady-tower_20180516091032_37251.jpg,https://cdn-strapi.prod.99iddev.net/assets/412_honeylady_tower_honeylady_tower_20180516091032_37251_d7807aa7ef.jpg,,
honeylady-tower,Media Library/Office Venue/honeylady-tower,927,39,71,32,interior/412_honeylady-tower-honeylady-tower_20180516091032_91219.jpg,interior,412_honeylady-tower-honeylady-tower_20180516091032_91219.jpg,uploaded,56312,412_honeylady-tower-honeylady-tower_20180516091032_91219.jpg,https://cdn-strapi.prod.99iddev.net/assets/412_honeylady_tower_honeylady_tower_20180516091032_91219_69a70be508.jpg,,
honeylady-tower,Media Library/Office Venue/honeylady-tower,927,39,71,32,interior/412_honeylady-tower-honeylady-tower_20180516091033_23516.jpg,interior,412_honeylady-tower-honeylady-tower_20180516091033_23516.jpg,uploaded,56313,412_honeylady-tower-honeylady-tower_20180516091033_23516.jpg,https://cdn-strapi.prod.99iddev.net/assets/412_honeylady_tower_honeylady_tower_20180516091033_23516_a5a6cf5dbe.jpg,,
honeylady-tower,Media Library/Office Venue/honeylady-tower,927,39,71,32,interior/412_honeylady-tower-honeylady-tower_20180516091033_24102.jpg,interior,412_honeylady-tower-honeylady-tower_20180516091033_24102.jpg,uploaded,56314,412_honeylady-tower-honeylady-tower_20180516091033_24102.jpg,https://cdn-strapi.prod.99iddev.net/assets/412_honeylady_tower_honeylady_tower_20180516091033_24102_4714ec9de9.jpg,,
indonesia-satu,Media Library/Office Venue/indonesia-satu,1001,2,4,2,exterior/358_indonesia-satu-indonesia-satu_20160914044044_23045.jpg,exterior,358_indonesia-satu-indonesia-satu_20160914044044_23045.jpg,uploaded,56315,358_indonesia-satu-indonesia-satu_20160914044044_23045.jpg,https://cdn-strapi.prod.99iddev.net/assets/358_indonesia_satu_indonesia_satu_20160914044044_23045_35ba5e3fc2.jpg,,
indonesia-satu,Media Library/Office Venue/indonesia-satu,1001,2,4,2,exterior/358_indonesia-satu-indonesia-satu_20160914044044_29711.jpg,exterior,358_indonesia-satu-indonesia-satu_20160914044044_29711.jpg,uploaded,56316,358_indonesia-satu-indonesia-satu_20160914044044_29711.jpg,https://cdn-strapi.prod.99iddev.net/assets/358_indonesia_satu_indonesia_satu_20160914044044_29711_b8d1f5eec9.jpg,,
international-financial-center-tower-2,Media Library/Office Venue/international-financial-center-tower-2,947,14,28,14,floorplan/103_international-financial-center-ifc-international-financial-center-tower-2_20170222072255_65340.jpg,floorplan,103_international-financial-center-ifc-international-financial-center-tower-2_20170222072255_65340.jpg,uploaded,56317,103_international-financial-center-ifc-international-financial-center-tower-2_20170222072255_65340.jpg,https://cdn-strapi.prod.99iddev.net/assets/103_international_financial_center_ifc_international_financial_center_tower_2_20170222072255_65340_547bb48273.jpg,,
international-financial-center-tower-2,Media Library/Office Venue/international-financial-center-tower-2,947,14,28,14,floorplan/103_international-financial-center-ifc-international-financial-center-tower-2_20170222072256_69079.jpg,floorplan,103_international-financial-center-ifc-international-financial-center-tower-2_20170222072256_69079.jpg,uploaded,56318,103_international-financial-center-ifc-international-financial-center-tower-2_20170222072256_69079.jpg,https://cdn-strapi.prod.99iddev.net/assets/103_international_financial_center_ifc_international_financial_center_tower_2_20170222072256_69079_313b7dd9e4.jpg,,
international-financial-center-tower-2,Media Library/Office Venue/international-financial-center-tower-2,947,14,28,14,floorplan/103_international-financial-center-ifc-international-financial-center-tower-2_20170222072256_99234.jpg,floorplan,103_international-financial-center-ifc-international-financial-center-tower-2_20170222072256_99234.jpg,uploaded,56319,103_international-financial-center-ifc-international-financial-center-tower-2_20170222072256_99234.jpg,https://cdn-strapi.prod.99iddev.net/assets/103_international_financial_center_ifc_international_financial_center_tower_2_20170222072256_99234_41d59fec52.jpg,,
international-financial-center-tower-2,Media Library/Office Venue/international-financial-center-tower-2,947,14,28,14,floorplan/103_international-financial-center-ifc-international-financial-center-tower-2_20170222074158_12417.jpg,floorplan,103_international-financial-center-ifc-international-financial-center-tower-2_20170222074158_12417.jpg,uploaded,56320,103_international-financial-center-ifc-international-financial-center-tower-2_20170222074158_12417.jpg,https://cdn-strapi.prod.99iddev.net/assets/103_international_financial_center_ifc_international_financial_center_tower_2_20170222074158_12417_70d9652011.jpg,,
international-financial-center-tower-2,Media Library/Office Venue/international-financial-center-tower-2,947,14,28,14,interior/103_international-financial-center-ifc-international-financial-center-tower-2_20170927092736_50906.jpg,interior,103_international-financial-center-ifc-international-financial-center-tower-2_20170927092736_50906.jpg,uploaded,56321,103_international-financial-center-ifc-international-financial-center-tower-2_20170927092736_50906.jpg,https://cdn-strapi.prod.99iddev.net/assets/103_international_financial_center_ifc_international_financial_center_tower_2_20170927092736_50906_b12197b524.jpg,,
international-financial-center-tower-2,Media Library/Office Venue/international-financial-center-tower-2,947,14,28,14,interior/103_international-financial-center-ifc-international-financial-center-tower-2_20170927092739_52062.jpg,interior,103_international-financial-center-ifc-international-financial-center-tower-2_20170927092739_52062.jpg,uploaded,56322,103_international-financial-center-ifc-international-financial-center-tower-2_20170927092739_52062.jpg,https://cdn-strapi.prod.99iddev.net/assets/103_international_financial_center_ifc_international_financial_center_tower_2_20170927092739_52062_6ac4a742b3.jpg,,
international-financial-center-tower-2,Media Library/Office Venue/international-financial-center-tower-2,947,14,28,14,interior/103_international-financial-center-ifc-international-financial-center-tower-2_20170927092741_52121.jpg,interior,103_international-financial-center-ifc-international-financial-center-tower-2_20170927092741_52121.jpg,uploaded,56323,103_international-financial-center-ifc-international-financial-center-tower-2_20170927092741_52121.jpg,https://cdn-strapi.prod.99iddev.net/assets/103_international_financial_center_ifc_international_financial_center_tower_2_20170927092741_52121_141e125f06.jpg,,
international-financial-center-tower-2,Media Library/Office Venue/international-financial-center-tower-2,947,14,28,14,interior/103_international-financial-center-ifc-international-financial-center-tower-2_20170927092742_58277.jpg,interior,103_international-financial-center-ifc-international-financial-center-tower-2_20170927092742_58277.jpg,uploaded,56324,103_international-financial-center-ifc-international-financial-center-tower-2_20170927092742_58277.jpg,https://cdn-strapi.prod.99iddev.net/assets/103_international_financial_center_ifc_international_financial_center_tower_2_20170927092742_58277_c58fb14586.jpg,,
international-financial-center-tower-2,Media Library/Office Venue/international-financial-center-tower-2,947,14,28,14,interior/103_international-financial-center-ifc-international-financial-center-tower-2_20170927092745_65220.jpg,interior,103_international-financial-center-ifc-international-financial-center-tower-2_20170927092745_65220.jpg,uploaded,56325,103_international-financial-center-ifc-international-financial-center-tower-2_20170927092745_65220.jpg,https://cdn-strapi.prod.99iddev.net/assets/103_international_financial_center_ifc_international_financial_center_tower_2_20170927092745_65220_335a20a4f8.jpg,,
international-financial-center-tower-2,Media Library/Office Venue/international-financial-center-tower-2,947,14,28,14,interior/103_international-financial-center-ifc-international-financial-center-tower-2_20170927092747_95816.jpg,interior,103_international-financial-center-ifc-international-financial-center-tower-2_20170927092747_95816.jpg,uploaded,56326,103_international-financial-center-ifc-international-financial-center-tower-2_20170927092747_95816.jpg,https://cdn-strapi.prod.99iddev.net/assets/103_international_financial_center_ifc_international_financial_center_tower_2_20170927092747_95816_0d73959dbb.jpg,,
international-financial-center-tower-2,Media Library/Office Venue/international-financial-center-tower-2,947,14,28,14,interior/103_international-financial-center-ifc-international-financial-center-tower-2_20170927092751_33369.jpg,interior,103_international-financial-center-ifc-international-financial-center-tower-2_20170927092751_33369.jpg,uploaded,56327,103_international-financial-center-ifc-international-financial-center-tower-2_20170927092751_33369.jpg,https://cdn-strapi.prod.99iddev.net/assets/103_international_financial_center_ifc_international_financial_center_tower_2_20170927092751_33369_fa2ca026e4.jpg,,
international-financial-center-tower-2,Media Library/Office Venue/international-financial-center-tower-2,947,14,28,14,interior/103_international-financial-center-ifc-international-financial-center-tower-2_20171212075847_43520.jpg,interior,103_international-financial-center-ifc-international-financial-center-tower-2_20171212075847_43520.jpg,uploaded,56328,103_international-financial-center-ifc-international-financial-center-tower-2_20171212075847_43520.jpg,https://cdn-strapi.prod.99iddev.net/assets/103_international_financial_center_ifc_international_financial_center_tower_2_20171212075847_43520_8606acf148.jpg,,
international-financial-center-tower-2,Media Library/Office Venue/international-financial-center-tower-2,947,14,28,14,interior/103_international-financial-center-ifc-international-financial-center-tower-2_20171212075850_71869.jpg,interior,103_international-financial-center-ifc-international-financial-center-tower-2_20171212075850_71869.jpg,uploaded,56329,103_international-financial-center-ifc-international-financial-center-tower-2_20171212075850_71869.jpg,https://cdn-strapi.prod.99iddev.net/assets/103_international_financial_center_ifc_international_financial_center_tower_2_20171212075850_71869_bffa2bbdee.jpg,,
international-financial-center-tower-2,Media Library/Office Venue/international-financial-center-tower-2,947,14,28,14,interior/103_international-financial-center-ifc-international-financial-center-tower-2_20171212075852_89618.jpg,interior,103_international-financial-center-ifc-international-financial-center-tower-2_20171212075852_89618.jpg,uploaded,56330,103_international-financial-center-ifc-international-financial-center-tower-2_20171212075852_89618.jpg,https://cdn-strapi.prod.99iddev.net/assets/103_international_financial_center_ifc_international_financial_center_tower_2_20171212075852_89618_2373547db0.jpg,,
intiland-tower,Media Library/Office Venue/intiland-tower,403,20,32,12,interior/104_intiland-tower-intiland-tower_20180417040854_51898.jpg,interior,104_intiland-tower-intiland-tower_20180417040854_51898.jpg,uploaded,56331,104_intiland-tower-intiland-tower_20180417040854_51898.jpg,https://cdn-strapi.prod.99iddev.net/assets/104_intiland_tower_intiland_tower_20180417040854_51898_5612a67f86.jpg,,
intiland-tower,Media Library/Office Venue/intiland-tower,403,20,32,12,interior/104_intiland-tower-intiland-tower_20180417040854_58732.jpg,interior,104_intiland-tower-intiland-tower_20180417040854_58732.jpg,uploaded,56332,104_intiland-tower-intiland-tower_20180417040854_58732.jpg,https://cdn-strapi.prod.99iddev.net/assets/104_intiland_tower_intiland_tower_20180417040854_58732_3ad0cd5a09.jpg,,
intiland-tower,Media Library/Office Venue/intiland-tower,403,20,32,12,interior/104_intiland-tower-intiland-tower_20180417040854_61182.jpg,interior,104_intiland-tower-intiland-tower_20180417040854_61182.jpg,uploaded,56333,104_intiland-tower-intiland-tower_20180417040854_61182.jpg,https://cdn-strapi.prod.99iddev.net/assets/104_intiland_tower_intiland_tower_20180417040854_61182_8f1e4a745c.jpg,,
intiland-tower,Media Library/Office Venue/intiland-tower,403,20,32,12,interior/104_intiland-tower-intiland-tower_20180417040855_65322.jpg,interior,104_intiland-tower-intiland-tower_20180417040855_65322.jpg,uploaded,56334,104_intiland-tower-intiland-tower_20180417040855_65322.jpg,https://cdn-strapi.prod.99iddev.net/assets/104_intiland_tower_intiland_tower_20180417040855_65322_c70b871530.jpg,,
intiland-tower,Media Library/Office Venue/intiland-tower,403,20,32,12,interior/104_intiland-tower-intiland-tower_20180417040855_96894.jpg,interior,104_intiland-tower-intiland-tower_20180417040855_96894.jpg,uploaded,56335,104_intiland-tower-intiland-tower_20180417040855_96894.jpg,https://cdn-strapi.prod.99iddev.net/assets/104_intiland_tower_intiland_tower_20180417040855_96894_f5d75e0281.jpg,,
intiland-tower,Media Library/Office Venue/intiland-tower,403,20,32,12,interior/104_intiland-tower-intiland-tower_20180417040856_51839.jpg,interior,104_intiland-tower-intiland-tower_20180417040856_51839.jpg,uploaded,56336,104_intiland-tower-intiland-tower_20180417040856_51839.jpg,https://cdn-strapi.prod.99iddev.net/assets/104_intiland_tower_intiland_tower_20180417040856_51839_24cc085c1a.jpg,,
intiland-tower,Media Library/Office Venue/intiland-tower,403,20,32,12,interior/104_intiland-tower-intiland-tower_20180417040856_85623.jpg,interior,104_intiland-tower-intiland-tower_20180417040856_85623.jpg,uploaded,56337,104_intiland-tower-intiland-tower_20180417040856_85623.jpg,https://cdn-strapi.prod.99iddev.net/assets/104_intiland_tower_intiland_tower_20180417040856_85623_e7172dd418.jpg,,
intiland-tower,Media Library/Office Venue/intiland-tower,403,20,32,12,interior/104_intiland-tower-intiland-tower_20180417040856_91146.jpg,interior,104_intiland-tower-intiland-tower_20180417040856_91146.jpg,uploaded,56338,104_intiland-tower-intiland-tower_20180417040856_91146.jpg,https://cdn-strapi.prod.99iddev.net/assets/104_intiland_tower_intiland_tower_20180417040856_91146_5186b6d405.jpg,,
intiland-tower,Media Library/Office Venue/intiland-tower,403,20,32,12,interior/104_intiland-tower-intiland-tower_20180417040857_29314.jpg,interior,104_intiland-tower-intiland-tower_20180417040857_29314.jpg,uploaded,56339,104_intiland-tower-intiland-tower_20180417040857_29314.jpg,https://cdn-strapi.prod.99iddev.net/assets/104_intiland_tower_intiland_tower_20180417040857_29314_83afb1293b.jpg,,
intiland-tower,Media Library/Office Venue/intiland-tower,403,20,32,12,interior/104_intiland-tower-intiland-tower_20180417040857_31115.jpg,interior,104_intiland-tower-intiland-tower_20180417040857_31115.jpg,uploaded,56340,104_intiland-tower-intiland-tower_20180417040857_31115.jpg,https://cdn-strapi.prod.99iddev.net/assets/104_intiland_tower_intiland_tower_20180417040857_31115_78d87560bf.jpg,,
intiland-tower,Media Library/Office Venue/intiland-tower,403,20,32,12,interior/104_intiland-tower-intiland-tower_20180417040858_24768.jpg,interior,104_intiland-tower-intiland-tower_20180417040858_24768.jpg,uploaded,56341,104_intiland-tower-intiland-tower_20180417040858_24768.jpg,https://cdn-strapi.prod.99iddev.net/assets/104_intiland_tower_intiland_tower_20180417040858_24768_7d72567ef3.jpg,,
intiland-tower,Media Library/Office Venue/intiland-tower,403,20,32,12,interior/104_intiland-tower-intiland-tower_20180417040858_88978.jpg,interior,104_intiland-tower-intiland-tower_20180417040858_88978.jpg,uploaded,56342,104_intiland-tower-intiland-tower_20180417040858_88978.jpg,https://cdn-strapi.prod.99iddev.net/assets/104_intiland_tower_intiland_tower_20180417040858_88978_ca898ab9f9.jpg,,
intirub-business-park,Media Library/Office Venue/intirub-business-park,405,16,26,10,interior/524_intirub-business-park-intirub-business-park_20170913060741_83105.jpg,interior,524_intirub-business-park-intirub-business-park_20170913060741_83105.jpg,uploaded,56343,524_intirub-business-park-intirub-business-park_20170913060741_83105.jpg,https://cdn-strapi.prod.99iddev.net/assets/524_intirub_business_park_intirub_business_park_20170913060741_83105_db1da53062.jpg,,
intirub-business-park,Media Library/Office Venue/intirub-business-park,405,16,26,10,interior/524_intirub-business-park-intirub-business-park_20170913060743_42639.jpg,interior,524_intirub-business-park-intirub-business-park_20170913060743_42639.jpg,uploaded,56344,524_intirub-business-park-intirub-business-park_20170913060743_42639.jpg,https://cdn-strapi.prod.99iddev.net/assets/524_intirub_business_park_intirub_business_park_20170913060743_42639_88baa1829b.jpg,,
intirub-business-park,Media Library/Office Venue/intirub-business-park,405,16,26,10,interior/524_intirub-business-park-intirub-business-park_20170913060745_49610.jpg,interior,524_intirub-business-park-intirub-business-park_20170913060745_49610.jpg,uploaded,56345,524_intirub-business-park-intirub-business-park_20170913060745_49610.jpg,https://cdn-strapi.prod.99iddev.net/assets/524_intirub_business_park_intirub_business_park_20170913060745_49610_5297d3056e.jpg,,
intirub-business-park,Media Library/Office Venue/intirub-business-park,405,16,26,10,interior/524_intirub-business-park-intirub-business-park_20170913060747_14050.jpg,interior,524_intirub-business-park-intirub-business-park_20170913060747_14050.jpg,uploaded,56346,524_intirub-business-park-intirub-business-park_20170913060747_14050.jpg,https://cdn-strapi.prod.99iddev.net/assets/524_intirub_business_park_intirub_business_park_20170913060747_14050_abf3872e66.jpg,,
intirub-business-park,Media Library/Office Venue/intirub-business-park,405,16,26,10,interior/524_intirub-business-park-intirub-business-park_20180417083258_67060.jpg,interior,524_intirub-business-park-intirub-business-park_20180417083258_67060.jpg,uploaded,56347,524_intirub-business-park-intirub-business-park_20180417083258_67060.jpg,https://cdn-strapi.prod.99iddev.net/assets/524_intirub_business_park_intirub_business_park_20180417083258_67060_bbf30ac269.jpg,,
intirub-business-park,Media Library/Office Venue/intirub-business-park,405,16,26,10,interior/524_intirub-business-park-intirub-business-park_20180417083259_29901.jpg,interior,524_intirub-business-park-intirub-business-park_20180417083259_29901.jpg,uploaded,56348,524_intirub-business-park-intirub-business-park_20180417083259_29901.jpg,https://cdn-strapi.prod.99iddev.net/assets/524_intirub_business_park_intirub_business_park_20180417083259_29901_4dc115000e.jpg,,
intirub-business-park,Media Library/Office Venue/intirub-business-park,405,16,26,10,interior/524_intirub-business-park-intirub-business-park_20180417083259_62832.jpg,interior,524_intirub-business-park-intirub-business-park_20180417083259_62832.jpg,uploaded,56349,524_intirub-business-park-intirub-business-park_20180417083259_62832.jpg,https://cdn-strapi.prod.99iddev.net/assets/524_intirub_business_park_intirub_business_park_20180417083259_62832_c5cf23cd70.jpg,,
intirub-business-park,Media Library/Office Venue/intirub-business-park,405,16,26,10,interior/524_intirub-business-park-intirub-business-park_20180417083259_92498.jpg,interior,524_intirub-business-park-intirub-business-park_20180417083259_92498.jpg,uploaded,56350,524_intirub-business-park-intirub-business-park_20180417083259_92498.jpg,https://cdn-strapi.prod.99iddev.net/assets/524_intirub_business_park_intirub_business_park_20180417083259_92498_116e19e1a8.jpg,,
intirub-business-park,Media Library/Office Venue/intirub-business-park,405,16,26,10,interior/524_intirub-business-park-intirub-business-park_20180417083300_52065.jpg,interior,524_intirub-business-park-intirub-business-park_20180417083300_52065.jpg,uploaded,56351,524_intirub-business-park-intirub-business-park_20180417083300_52065.jpg,https://cdn-strapi.prod.99iddev.net/assets/524_intirub_business_park_intirub_business_park_20180417083300_52065_33347c54f1.jpg,,
intirub-business-park,Media Library/Office Venue/intirub-business-park,405,16,26,10,interior/524_intirub-business-park-intirub-business-park_20180417083300_87808.jpg,interior,524_intirub-business-park-intirub-business-park_20180417083300_87808.jpg,uploaded,56352,524_intirub-business-park-intirub-business-park_20180417083300_87808.jpg,https://cdn-strapi.prod.99iddev.net/assets/524_intirub_business_park_intirub_business_park_20180417083300_87808_374a35fcf1.jpg,,
jayatama-plaza,Media Library/Office Venue/jayatama-plaza,897,3,6,3,exterior/568_jayatama-plaza-jayatama-plaza_20190729034407_21064.jpg,exterior,568_jayatama-plaza-jayatama-plaza_20190729034407_21064.jpg,uploaded,56353,568_jayatama-plaza-jayatama-plaza_20190729034407_21064.jpg,https://cdn-strapi.prod.99iddev.net/assets/568_jayatama_plaza_jayatama_plaza_20190729034407_21064_cfd3518b98.jpg,,
jayatama-plaza,Media Library/Office Venue/jayatama-plaza,897,3,6,3,exterior/568_jayatama-plaza-jayatama-plaza_20190729034407_47370.jpg,exterior,568_jayatama-plaza-jayatama-plaza_20190729034407_47370.jpg,uploaded,56354,568_jayatama-plaza-jayatama-plaza_20190729034407_47370.jpg,https://cdn-strapi.prod.99iddev.net/assets/568_jayatama_plaza_jayatama_plaza_20190729034407_47370_3c8274a3ec.jpg,,
jayatama-plaza,Media Library/Office Venue/jayatama-plaza,897,3,6,3,exterior/568_jayatama-plaza-jayatama-plaza_20190729034407_69203.jpg,exterior,568_jayatama-plaza-jayatama-plaza_20190729034407_69203.jpg,uploaded,56355,568_jayatama-plaza-jayatama-plaza_20190729034407_69203.jpg,https://cdn-strapi.prod.99iddev.net/assets/568_jayatama_plaza_jayatama_plaza_20190729034407_69203_abe7781dfe.jpg,,
kebayoran-icon,Media Library/Office Venue/kebayoran-icon,949,3,6,3,floorplan/570_kebayoran-icon-kebayoran-icon_20180202025202_50261.jpg,floorplan,570_kebayoran-icon-kebayoran-icon_20180202025202_50261.jpg,uploaded,56356,570_kebayoran-icon-kebayoran-icon_20180202025202_50261.jpg,https://cdn-strapi.prod.99iddev.net/assets/570_kebayoran_icon_kebayoran_icon_20180202025202_50261_1540703fc4.jpg,,
kebayoran-icon,Media Library/Office Venue/kebayoran-icon,949,3,6,3,floorplan/570_kebayoran-icon-kebayoran-icon_20180202025205_57396.jpg,floorplan,570_kebayoran-icon-kebayoran-icon_20180202025205_57396.jpg,uploaded,56357,570_kebayoran-icon-kebayoran-icon_20180202025205_57396.jpg,https://cdn-strapi.prod.99iddev.net/assets/570_kebayoran_icon_kebayoran_icon_20180202025205_57396_6d7463bf20.jpg,,
kebayoran-icon,Media Library/Office Venue/kebayoran-icon,949,3,6,3,floorplan/570_kebayoran-icon-kebayoran-icon_20180202025207_13110.jpg,floorplan,570_kebayoran-icon-kebayoran-icon_20180202025207_13110.jpg,uploaded,56358,570_kebayoran-icon-kebayoran-icon_20180202025207_13110.jpg,https://cdn-strapi.prod.99iddev.net/assets/570_kebayoran_icon_kebayoran_icon_20180202025207_13110_989372ef70.jpg,,
kem-tower,Media Library/Office Venue/kem-tower,418,21,37,16,interior/538_kem-tower-kem-tower_20180405063502_52678.jpg,interior,538_kem-tower-kem-tower_20180405063502_52678.jpg,uploaded,56359,538_kem-tower-kem-tower_20180405063502_52678.jpg,https://cdn-strapi.prod.99iddev.net/assets/538_kem_tower_kem_tower_20180405063502_52678_81fe479a9e.jpg,,
kem-tower,Media Library/Office Venue/kem-tower,418,21,37,16,interior/538_kem-tower-kem-tower_20180405063503_91758.jpg,interior,538_kem-tower-kem-tower_20180405063503_91758.jpg,uploaded,56360,538_kem-tower-kem-tower_20180405063503_91758.jpg,https://cdn-strapi.prod.99iddev.net/assets/538_kem_tower_kem_tower_20180405063503_91758_c1effb4c97.jpg,,
kem-tower,Media Library/Office Venue/kem-tower,418,21,37,16,interior/538_kem-tower-kem-tower_20180405063505_53346.jpg,interior,538_kem-tower-kem-tower_20180405063505_53346.jpg,uploaded,56361,538_kem-tower-kem-tower_20180405063505_53346.jpg,https://cdn-strapi.prod.99iddev.net/assets/538_kem_tower_kem_tower_20180405063505_53346_1ad5b94a0a.jpg,,
kem-tower,Media Library/Office Venue/kem-tower,418,21,37,16,interior/538_kem-tower-kem-tower_20180405063505_75865.jpg,interior,538_kem-tower-kem-tower_20180405063505_75865.jpg,uploaded,56362,538_kem-tower-kem-tower_20180405063505_75865.jpg,https://cdn-strapi.prod.99iddev.net/assets/538_kem_tower_kem_tower_20180405063505_75865_69c07be78c.jpg,,
kem-tower,Media Library/Office Venue/kem-tower,418,21,37,16,interior/538_kem-tower-kem-tower_20180405063505_89557.jpg,interior,538_kem-tower-kem-tower_20180405063505_89557.jpg,uploaded,56363,538_kem-tower-kem-tower_20180405063505_89557.jpg,https://cdn-strapi.prod.99iddev.net/assets/538_kem_tower_kem_tower_20180405063505_89557_f9be103ca8.jpg,,
kem-tower,Media Library/Office Venue/kem-tower,418,21,37,16,interior/538_kem-tower-kem-tower_20180405063506_64959.jpg,interior,538_kem-tower-kem-tower_20180405063506_64959.jpg,uploaded,56364,538_kem-tower-kem-tower_20180405063506_64959.jpg,https://cdn-strapi.prod.99iddev.net/assets/538_kem_tower_kem_tower_20180405063506_64959_3d54b798ed.jpg,,
kem-tower,Media Library/Office Venue/kem-tower,418,21,37,16,interior/538_kem-tower-kem-tower_20180405063507_27863.jpg,interior,538_kem-tower-kem-tower_20180405063507_27863.jpg,uploaded,56365,538_kem-tower-kem-tower_20180405063507_27863.jpg,https://cdn-strapi.prod.99iddev.net/assets/538_kem_tower_kem_tower_20180405063507_27863_b7533ccafa.jpg,,
kem-tower,Media Library/Office Venue/kem-tower,418,21,37,16,interior/538_kem-tower-kem-tower_20180405063507_35128.jpg,interior,538_kem-tower-kem-tower_20180405063507_35128.jpg,uploaded,56366,538_kem-tower-kem-tower_20180405063507_35128.jpg,https://cdn-strapi.prod.99iddev.net/assets/538_kem_tower_kem_tower_20180405063507_35128_66d12048fb.jpg,,
kem-tower,Media Library/Office Venue/kem-tower,418,21,37,16,interior/538_kem-tower-kem-tower_20180405063508_33287.jpg,interior,538_kem-tower-kem-tower_20180405063508_33287.jpg,uploaded,56367,538_kem-tower-kem-tower_20180405063508_33287.jpg,https://cdn-strapi.prod.99iddev.net/assets/538_kem_tower_kem_tower_20180405063508_33287_e722120f2a.jpg,,
kem-tower,Media Library/Office Venue/kem-tower,418,21,37,16,interior/538_kem-tower-kem-tower_20180405063511_17933.jpg,interior,538_kem-tower-kem-tower_20180405063511_17933.jpg,uploaded,56368,538_kem-tower-kem-tower_20180405063511_17933.jpg,https://cdn-strapi.prod.99iddev.net/assets/538_kem_tower_kem_tower_20180405063511_17933_3e4b24dec8.jpg,,
kem-tower,Media Library/Office Venue/kem-tower,418,21,37,16,interior/538_kem-tower-kem-tower_20180405063511_37978.jpg,interior,538_kem-tower-kem-tower_20180405063511_37978.jpg,uploaded,56369,538_kem-tower-kem-tower_20180405063511_37978.jpg,https://cdn-strapi.prod.99iddev.net/assets/538_kem_tower_kem_tower_20180405063511_37978_0054be7953.jpg,,
kem-tower,Media Library/Office Venue/kem-tower,418,21,37,16,interior/538_kem-tower-kem-tower_20180405063511_63153.jpg,interior,538_kem-tower-kem-tower_20180405063511_63153.jpg,uploaded,56370,538_kem-tower-kem-tower_20180405063511_63153.jpg,https://cdn-strapi.prod.99iddev.net/assets/538_kem_tower_kem_tower_20180405063511_63153_9b7a710a36.jpg,,
kem-tower,Media Library/Office Venue/kem-tower,418,21,37,16,interior/538_kem-tower-kem-tower_20180405063511_74877.jpg,interior,538_kem-tower-kem-tower_20180405063511_74877.jpg,uploaded,56371,538_kem-tower-kem-tower_20180405063511_74877.jpg,https://cdn-strapi.prod.99iddev.net/assets/538_kem_tower_kem_tower_20180405063511_74877_f9709f4b6b.jpg,,
kem-tower,Media Library/Office Venue/kem-tower,418,21,37,16,interior/538_kem-tower-kem-tower_20180405063512_39302.jpg,interior,538_kem-tower-kem-tower_20180405063512_39302.jpg,uploaded,56372,538_kem-tower-kem-tower_20180405063512_39302.jpg,https://cdn-strapi.prod.99iddev.net/assets/538_kem_tower_kem_tower_20180405063512_39302_4f5ae53ccc.jpg,,
kem-tower,Media Library/Office Venue/kem-tower,418,21,37,16,interior/538_kem-tower-kem-tower_20180405063512_53764.jpg,interior,538_kem-tower-kem-tower_20180405063512_53764.jpg,uploaded,56373,538_kem-tower-kem-tower_20180405063512_53764.jpg,https://cdn-strapi.prod.99iddev.net/assets/538_kem_tower_kem_tower_20180405063512_53764_6635e0470e.jpg,,
kem-tower,Media Library/Office Venue/kem-tower,418,21,37,16,interior/538_kem-tower-kem-tower_20180405063512_97674.jpg,interior,538_kem-tower-kem-tower_20180405063512_97674.jpg,uploaded,56374,538_kem-tower-kem-tower_20180405063512_97674.jpg,https://cdn-strapi.prod.99iddev.net/assets/538_kem_tower_kem_tower_20180405063512_97674_83ce922415.jpg,,
kirana-two,Media Library/Office Venue/kirana-two,424,28,48,20,interior/277_kirana-two-kirana-two_20170331113416_75758.jpg,interior,277_kirana-two-kirana-two_20170331113416_75758.jpg,uploaded,56375,277_kirana-two-kirana-two_20170331113416_75758.jpg,https://cdn-strapi.prod.99iddev.net/assets/277_kirana_two_kirana_two_20170331113416_75758_5ff45d23ee.jpg,,
kirana-two,Media Library/Office Venue/kirana-two,424,28,48,20,interior/277_kirana-two-kirana-two_20170404074849_67541.jpeg,interior,277_kirana-two-kirana-two_20170404074849_67541.jpeg,uploaded,56376,277_kirana-two-kirana-two_20170404074849_67541.jpeg,https://cdn-strapi.prod.99iddev.net/assets/277_kirana_two_kirana_two_20170404074849_67541_21a4465fc3.jpeg,,
kirana-two,Media Library/Office Venue/kirana-two,424,28,48,20,interior/277_kirana-two-kirana-two_20170404090026_93440.jpeg,interior,277_kirana-two-kirana-two_20170404090026_93440.jpeg,uploaded,56377,277_kirana-two-kirana-two_20170404090026_93440.jpeg,https://cdn-strapi.prod.99iddev.net/assets/277_kirana_two_kirana_two_20170404090026_93440_7dc87ec952.jpeg,,
kirana-two,Media Library/Office Venue/kirana-two,424,28,48,20,interior/277_kirana-two-kirana-two_20170404090027_78127.jpeg,interior,277_kirana-two-kirana-two_20170404090027_78127.jpeg,uploaded,56378,277_kirana-two-kirana-two_20170404090027_78127.jpeg,https://cdn-strapi.prod.99iddev.net/assets/277_kirana_two_kirana_two_20170404090027_78127_b8f2c337e3.jpeg,,
kirana-two,Media Library/Office Venue/kirana-two,424,28,48,20,interior/277_kirana-two-kirana-two_20170404090027_98256.jpeg,interior,277_kirana-two-kirana-two_20170404090027_98256.jpeg,uploaded,56379,277_kirana-two-kirana-two_20170404090027_98256.jpeg,https://cdn-strapi.prod.99iddev.net/assets/277_kirana_two_kirana_two_20170404090027_98256_65203a10d7.jpeg,,
kirana-two,Media Library/Office Venue/kirana-two,424,28,48,20,interior/277_kirana-two-kirana-two_20170404090028_15257.jpeg,interior,277_kirana-two-kirana-two_20170404090028_15257.jpeg,uploaded,56380,277_kirana-two-kirana-two_20170404090028_15257.jpeg,https://cdn-strapi.prod.99iddev.net/assets/277_kirana_two_kirana_two_20170404090028_15257_3fb6685c60.jpeg,,
kirana-two,Media Library/Office Venue/kirana-two,424,28,48,20,interior/277_kirana-two-kirana-two_20170404090028_72921.jpeg,interior,277_kirana-two-kirana-two_20170404090028_72921.jpeg,uploaded,56381,277_kirana-two-kirana-two_20170404090028_72921.jpeg,https://cdn-strapi.prod.99iddev.net/assets/277_kirana_two_kirana_two_20170404090028_72921_6a8a100d26.jpeg,,
kirana-two,Media Library/Office Venue/kirana-two,424,28,48,20,interior/277_kirana-two-kirana-two_20170404090028_93181.jpeg,interior,277_kirana-two-kirana-two_20170404090028_93181.jpeg,uploaded,56382,277_kirana-two-kirana-two_20170404090028_93181.jpeg,https://cdn-strapi.prod.99iddev.net/assets/277_kirana_two_kirana_two_20170404090028_93181_121c8c4233.jpeg,,
kirana-two,Media Library/Office Venue/kirana-two,424,28,48,20,interior/277_kirana-two-kirana-two_20170404090029_35922.jpeg,interior,277_kirana-two-kirana-two_20170404090029_35922.jpeg,uploaded,56383,277_kirana-two-kirana-two_20170404090029_35922.jpeg,https://cdn-strapi.prod.99iddev.net/assets/277_kirana_two_kirana_two_20170404090029_35922_c65673943a.jpeg,,
kirana-two,Media Library/Office Venue/kirana-two,424,28,48,20,interior/277_kirana-two-kirana-two_20170404090029_53440.jpeg,interior,277_kirana-two-kirana-two_20170404090029_53440.jpeg,uploaded,56384,277_kirana-two-kirana-two_20170404090029_53440.jpeg,https://cdn-strapi.prod.99iddev.net/assets/277_kirana_two_kirana_two_20170404090029_53440_b9e51f3130.jpeg,,
kirana-two,Media Library/Office Venue/kirana-two,424,28,48,20,interior/277_kirana-two-kirana-two_20170404090030_33887.jpeg,interior,277_kirana-two-kirana-two_20170404090030_33887.jpeg,uploaded,56385,277_kirana-two-kirana-two_20170404090030_33887.jpeg,https://cdn-strapi.prod.99iddev.net/assets/277_kirana_two_kirana_two_20170404090030_33887_0e4f4842fe.jpeg,,
kirana-two,Media Library/Office Venue/kirana-two,424,28,48,20,interior/277_kirana-two-kirana-two_20171017063047_25912.jpg,interior,277_kirana-two-kirana-two_20171017063047_25912.jpg,uploaded,56386,277_kirana-two-kirana-two_20171017063047_25912.jpg,https://cdn-strapi.prod.99iddev.net/assets/277_kirana_two_kirana_two_20171017063047_25912_bf8c22b4a1.jpg,,
kirana-two,Media Library/Office Venue/kirana-two,424,28,48,20,interior/277_kirana-two-kirana-two_20171017063049_40617.jpg,interior,277_kirana-two-kirana-two_20171017063049_40617.jpg,uploaded,56387,277_kirana-two-kirana-two_20171017063049_40617.jpg,https://cdn-strapi.prod.99iddev.net/assets/277_kirana_two_kirana_two_20171017063049_40617_9cadb1e57f.jpg,,
kirana-two,Media Library/Office Venue/kirana-two,424,28,48,20,interior/277_kirana-two-kirana-two_20171017063051_17016.jpg,interior,277_kirana-two-kirana-two_20171017063051_17016.jpg,uploaded,56388,277_kirana-two-kirana-two_20171017063051_17016.jpg,https://cdn-strapi.prod.99iddev.net/assets/277_kirana_two_kirana_two_20171017063051_17016_bac857445a.jpg,,
kirana-two,Media Library/Office Venue/kirana-two,424,28,48,20,interior/277_kirana-two-kirana-two_20171017063052_40323.jpg,interior,277_kirana-two-kirana-two_20171017063052_40323.jpg,uploaded,56389,277_kirana-two-kirana-two_20171017063052_40323.jpg,https://cdn-strapi.prod.99iddev.net/assets/277_kirana_two_kirana_two_20171017063052_40323_e5a37a14ed.jpg,,
kirana-two,Media Library/Office Venue/kirana-two,424,28,48,20,interior/277_kirana-two-kirana-two_20171017063054_20724.jpg,interior,277_kirana-two-kirana-two_20171017063054_20724.jpg,uploaded,56390,277_kirana-two-kirana-two_20171017063054_20724.jpg,https://cdn-strapi.prod.99iddev.net/assets/277_kirana_two_kirana_two_20171017063054_20724_a864e00500.jpg,,
kirana-two,Media Library/Office Venue/kirana-two,424,28,48,20,interior/277_kirana-two-kirana-two_20171017063055_95322.jpg,interior,277_kirana-two-kirana-two_20171017063055_95322.jpg,uploaded,56391,277_kirana-two-kirana-two_20171017063055_95322.jpg,https://cdn-strapi.prod.99iddev.net/assets/277_kirana_two_kirana_two_20171017063055_95322_e22cd675fe.jpg,,
kirana-two,Media Library/Office Venue/kirana-two,424,28,48,20,interior/277_kirana-two-kirana-two_20171017063100_54027.jpg,interior,277_kirana-two-kirana-two_20171017063100_54027.jpg,uploaded,56392,277_kirana-two-kirana-two_20171017063100_54027.jpg,https://cdn-strapi.prod.99iddev.net/assets/277_kirana_two_kirana_two_20171017063100_54027_5f757d9ce4.jpg,,
kirana-two,Media Library/Office Venue/kirana-two,424,28,48,20,interior/277_kirana-two-kirana-two_20171017063101_24629.jpg,interior,277_kirana-two-kirana-two_20171017063101_24629.jpg,uploaded,56393,277_kirana-two-kirana-two_20171017063101_24629.jpg,https://cdn-strapi.prod.99iddev.net/assets/277_kirana_two_kirana_two_20171017063101_24629_a3f3baab6f.jpg,,
kirana-two,Media Library/Office Venue/kirana-two,424,28,48,20,interior/277_kirana-two-kirana-two_20171027094423_12811.jpg,interior,277_kirana-two-kirana-two_20171027094423_12811.jpg,uploaded,56394,277_kirana-two-kirana-two_20171027094423_12811.jpg,https://cdn-strapi.prod.99iddev.net/assets/277_kirana_two_kirana_two_20171027094423_12811_a961b73016.jpg,,
kota-kasablanka-88-kasablanka-tower-a,Media Library/Office Venue/kota-kasablanka-88-kasablanka-tower-a,928,19,32,13,interior/248_kota-kasablanka-88-kasablanka-tower-a_20170214042618_46442.jpg,interior,248_kota-kasablanka-88-kasablanka-tower-a_20170214042618_46442.jpg,uploaded,56395,248_kota-kasablanka-88-kasablanka-tower-a_20170214042618_46442.jpg,https://cdn-strapi.prod.99iddev.net/assets/248_kota_kasablanka_88_kasablanka_tower_a_20170214042618_46442_a823e9274b.jpg,,
kota-kasablanka-88-kasablanka-tower-a,Media Library/Office Venue/kota-kasablanka-88-kasablanka-tower-a,928,19,32,13,interior/248_kota-kasablanka-88-kasablanka-tower-a_20170214042619_49347.jpg,interior,248_kota-kasablanka-88-kasablanka-tower-a_20170214042619_49347.jpg,uploaded,56396,248_kota-kasablanka-88-kasablanka-tower-a_20170214042619_49347.jpg,https://cdn-strapi.prod.99iddev.net/assets/248_kota_kasablanka_88_kasablanka_tower_a_20170214042619_49347_b06b62e2f3.jpg,,
kota-kasablanka-88-kasablanka-tower-a,Media Library/Office Venue/kota-kasablanka-88-kasablanka-tower-a,928,19,32,13,interior/248_kota-kasablanka-88-kasablanka-tower-a_20170214042620_87185.jpg,interior,248_kota-kasablanka-88-kasablanka-tower-a_20170214042620_87185.jpg,uploaded,56397,248_kota-kasablanka-88-kasablanka-tower-a_20170214042620_87185.jpg,https://cdn-strapi.prod.99iddev.net/assets/248_kota_kasablanka_88_kasablanka_tower_a_20170214042620_87185_bd23db44f7.jpg,,
kota-kasablanka-88-kasablanka-tower-a,Media Library/Office Venue/kota-kasablanka-88-kasablanka-tower-a,928,19,32,13,interior/248_kota-kasablanka-88-kasablanka-tower-a_20170214042621_54857.jpg,interior,248_kota-kasablanka-88-kasablanka-tower-a_20170214042621_54857.jpg,uploaded,56398,248_kota-kasablanka-88-kasablanka-tower-a_20170214042621_54857.jpg,https://cdn-strapi.prod.99iddev.net/assets/248_kota_kasablanka_88_kasablanka_tower_a_20170214042621_54857_76a8d4772c.jpg,,
kota-kasablanka-88-kasablanka-tower-a,Media Library/Office Venue/kota-kasablanka-88-kasablanka-tower-a,928,19,32,13,interior/248_kota-kasablanka-88-kasablanka-tower-a_20170214042622_58204.jpg,interior,248_kota-kasablanka-88-kasablanka-tower-a_20170214042622_58204.jpg,uploaded,56399,248_kota-kasablanka-88-kasablanka-tower-a_20170214042622_58204.jpg,https://cdn-strapi.prod.99iddev.net/assets/248_kota_kasablanka_88_kasablanka_tower_a_20170214042622_58204_7d5a7bac6a.jpg,,
kota-kasablanka-88-kasablanka-tower-a,Media Library/Office Venue/kota-kasablanka-88-kasablanka-tower-a,928,19,32,13,interior/248_kota-kasablanka-88-kasablanka-tower-a_20170214042622_99132.jpg,interior,248_kota-kasablanka-88-kasablanka-tower-a_20170214042622_99132.jpg,uploaded,56400,248_kota-kasablanka-88-kasablanka-tower-a_20170214042622_99132.jpg,https://cdn-strapi.prod.99iddev.net/assets/248_kota_kasablanka_88_kasablanka_tower_a_20170214042622_99132_ff310ce263.jpg,,
kota-kasablanka-88-kasablanka-tower-a,Media Library/Office Venue/kota-kasablanka-88-kasablanka-tower-a,928,19,32,13,interior/248_kota-kasablanka-88-kasablanka-tower-a_20170214042623_23856.jpg,interior,248_kota-kasablanka-88-kasablanka-tower-a_20170214042623_23856.jpg,uploaded,56401,248_kota-kasablanka-88-kasablanka-tower-a_20170214042623_23856.jpg,https://cdn-strapi.prod.99iddev.net/assets/248_kota_kasablanka_88_kasablanka_tower_a_20170214042623_23856_7df400a8c5.jpg,,
kota-kasablanka-88-kasablanka-tower-a,Media Library/Office Venue/kota-kasablanka-88-kasablanka-tower-a,928,19,32,13,interior/248_kota-kasablanka-88-kasablanka-tower-a_20170214042623_44751.jpg,interior,248_kota-kasablanka-88-kasablanka-tower-a_20170214042623_44751.jpg,uploaded,56402,248_kota-kasablanka-88-kasablanka-tower-a_20170214042623_44751.jpg,https://cdn-strapi.prod.99iddev.net/assets/248_kota_kasablanka_88_kasablanka_tower_a_20170214042623_44751_0511776890.jpg,,
kota-kasablanka-88-kasablanka-tower-a,Media Library/Office Venue/kota-kasablanka-88-kasablanka-tower-a,928,19,32,13,interior/248_kota-kasablanka-88-kasablanka-tower-a_20170214042623_59319.jpg,interior,248_kota-kasablanka-88-kasablanka-tower-a_20170214042623_59319.jpg,uploaded,56403,248_kota-kasablanka-88-kasablanka-tower-a_20170214042623_59319.jpg,https://cdn-strapi.prod.99iddev.net/assets/248_kota_kasablanka_88_kasablanka_tower_a_20170214042623_59319_cdf0dcc7b5.jpg,,
kota-kasablanka-88-kasablanka-tower-a,Media Library/Office Venue/kota-kasablanka-88-kasablanka-tower-a,928,19,32,13,interior/248_kota-kasablanka-88-kasablanka-tower-a_20170214042623_61601.jpg,interior,248_kota-kasablanka-88-kasablanka-tower-a_20170214042623_61601.jpg,uploaded,56404,248_kota-kasablanka-88-kasablanka-tower-a_20170214042623_61601.jpg,https://cdn-strapi.prod.99iddev.net/assets/248_kota_kasablanka_88_kasablanka_tower_a_20170214042623_61601_fd5ef60804.jpg,,
kota-kasablanka-88-kasablanka-tower-a,Media Library/Office Venue/kota-kasablanka-88-kasablanka-tower-a,928,19,32,13,interior/248_kota-kasablanka-88-kasablanka-tower-a_20170214042624_47835.jpg,interior,248_kota-kasablanka-88-kasablanka-tower-a_20170214042624_47835.jpg,uploaded,56405,248_kota-kasablanka-88-kasablanka-tower-a_20170214042624_47835.jpg,https://cdn-strapi.prod.99iddev.net/assets/248_kota_kasablanka_88_kasablanka_tower_a_20170214042624_47835_651ac145f4.jpg,,
kota-kasablanka-88-kasablanka-tower-a,Media Library/Office Venue/kota-kasablanka-88-kasablanka-tower-a,928,19,32,13,interior/248_kota-kasablanka-88-kasablanka-tower-a_20170214042625_12353.jpg,interior,248_kota-kasablanka-88-kasablanka-tower-a_20170214042625_12353.jpg,uploaded,56406,248_kota-kasablanka-88-kasablanka-tower-a_20170214042625_12353.jpg,https://cdn-strapi.prod.99iddev.net/assets/248_kota_kasablanka_88_kasablanka_tower_a_20170214042625_12353_df9470a6ee.jpg,,
kota-kasablanka-88-kasablanka-tower-a,Media Library/Office Venue/kota-kasablanka-88-kasablanka-tower-a,928,19,32,13,interior/248_kota-kasablanka-88-kasablanka-tower-a_20170214042625_83286.jpg,interior,248_kota-kasablanka-88-kasablanka-tower-a_20170214042625_83286.jpg,uploaded,56407,248_kota-kasablanka-88-kasablanka-tower-a_20170214042625_83286.jpg,https://cdn-strapi.prod.99iddev.net/assets/248_kota_kasablanka_88_kasablanka_tower_a_20170214042625_83286_56569c0c0e.jpg,,
kota-kasablanka-tower-b-prudential-center,Media Library/Office Venue/kota-kasablanka-tower-b-prudential-center,929,14,28,14,floorplan/249_kota-kasablanka-88-kota-kasablanka-tower-b-prudential-center_20170222073232_53985.jpg,floorplan,249_kota-kasablanka-88-kota-kasablanka-tower-b-prudential-center_20170222073232_53985.jpg,uploaded,56408,249_kota-kasablanka-88-kota-kasablanka-tower-b-prudential-center_20170222073232_53985.jpg,https://cdn-strapi.prod.99iddev.net/assets/249_kota_kasablanka_88_kota_kasablanka_tower_b_prudential_center_20170222073232_53985_7f176133cc.jpg,,
kota-kasablanka-tower-b-prudential-center,Media Library/Office Venue/kota-kasablanka-tower-b-prudential-center,929,14,28,14,floorplan/249_kota-kasablanka-88-kota-kasablanka-tower-b-prudential-center_20180202021158_22255.jpg,floorplan,249_kota-kasablanka-88-kota-kasablanka-tower-b-prudential-center_20180202021158_22255.jpg,uploaded,56409,249_kota-kasablanka-88-kota-kasablanka-tower-b-prudential-center_20180202021158_22255.jpg,https://cdn-strapi.prod.99iddev.net/assets/249_kota_kasablanka_88_kota_kasablanka_tower_b_prudential_center_20180202021158_22255_c3439bef80.jpg,,
kota-kasablanka-tower-b-prudential-center,Media Library/Office Venue/kota-kasablanka-tower-b-prudential-center,929,14,28,14,interior/249_kota-kasablanka-88-kota-kasablanka-tower-b-prudential-center_20170214042814_31852.jpg,interior,249_kota-kasablanka-88-kota-kasablanka-tower-b-prudential-center_20170214042814_31852.jpg,uploaded,56410,249_kota-kasablanka-88-kota-kasablanka-tower-b-prudential-center_20170214042814_31852.jpg,https://cdn-strapi.prod.99iddev.net/assets/249_kota_kasablanka_88_kota_kasablanka_tower_b_prudential_center_20170214042814_31852_cef10dcca8.jpg,,
kota-kasablanka-tower-b-prudential-center,Media Library/Office Venue/kota-kasablanka-tower-b-prudential-center,929,14,28,14,interior/249_kota-kasablanka-88-kota-kasablanka-tower-b-prudential-center_20170214042814_33941.jpg,interior,249_kota-kasablanka-88-kota-kasablanka-tower-b-prudential-center_20170214042814_33941.jpg,uploaded,56411,249_kota-kasablanka-88-kota-kasablanka-tower-b-prudential-center_20170214042814_33941.jpg,https://cdn-strapi.prod.99iddev.net/assets/249_kota_kasablanka_88_kota_kasablanka_tower_b_prudential_center_20170214042814_33941_f2ea81595d.jpg,,
kota-kasablanka-tower-b-prudential-center,Media Library/Office Venue/kota-kasablanka-tower-b-prudential-center,929,14,28,14,interior/249_kota-kasablanka-88-kota-kasablanka-tower-b-prudential-center_20170214042815_24026.jpg,interior,249_kota-kasablanka-88-kota-kasablanka-tower-b-prudential-center_20170214042815_24026.jpg,uploaded,56412,249_kota-kasablanka-88-kota-kasablanka-tower-b-prudential-center_20170214042815_24026.jpg,https://cdn-strapi.prod.99iddev.net/assets/249_kota_kasablanka_88_kota_kasablanka_tower_b_prudential_center_20170214042815_24026_b1c4b696d5.jpg,,
kota-kasablanka-tower-b-prudential-center,Media Library/Office Venue/kota-kasablanka-tower-b-prudential-center,929,14,28,14,interior/249_kota-kasablanka-88-kota-kasablanka-tower-b-prudential-center_20170214042815_68757.jpg,interior,249_kota-kasablanka-88-kota-kasablanka-tower-b-prudential-center_20170214042815_68757.jpg,uploaded,56413,249_kota-kasablanka-88-kota-kasablanka-tower-b-prudential-center_20170214042815_68757.jpg,https://cdn-strapi.prod.99iddev.net/assets/249_kota_kasablanka_88_kota_kasablanka_tower_b_prudential_center_20170214042815_68757_2e010dfec1.jpg,,
kota-kasablanka-tower-b-prudential-center,Media Library/Office Venue/kota-kasablanka-tower-b-prudential-center,929,14,28,14,interior/249_kota-kasablanka-88-kota-kasablanka-tower-b-prudential-center_20180507095401_21415.jpg,interior,249_kota-kasablanka-88-kota-kasablanka-tower-b-prudential-center_20180507095401_21415.jpg,uploaded,56414,249_kota-kasablanka-88-kota-kasablanka-tower-b-prudential-center_20180507095401_21415.jpg,https://cdn-strapi.prod.99iddev.net/assets/249_kota_kasablanka_88_kota_kasablanka_tower_b_prudential_center_20180507095401_21415_c736ac75de.jpg,,
kota-kasablanka-tower-b-prudential-center,Media Library/Office Venue/kota-kasablanka-tower-b-prudential-center,929,14,28,14,interior/249_kota-kasablanka-88-kota-kasablanka-tower-b-prudential-center_20180507095402_46781.jpg,interior,249_kota-kasablanka-88-kota-kasablanka-tower-b-prudential-center_20180507095402_46781.jpg,uploaded,56415,249_kota-kasablanka-88-kota-kasablanka-tower-b-prudential-center_20180507095402_46781.jpg,https://cdn-strapi.prod.99iddev.net/assets/249_kota_kasablanka_88_kota_kasablanka_tower_b_prudential_center_20180507095402_46781_6b63885a51.jpg,,
kota-kasablanka-tower-b-prudential-center,Media Library/Office Venue/kota-kasablanka-tower-b-prudential-center,929,14,28,14,interior/249_kota-kasablanka-88-kota-kasablanka-tower-b-prudential-center_20180507095402_48035.jpg,interior,249_kota-kasablanka-88-kota-kasablanka-tower-b-prudential-center_20180507095402_48035.jpg,uploaded,56416,249_kota-kasablanka-88-kota-kasablanka-tower-b-prudential-center_20180507095402_48035.jpg,https://cdn-strapi.prod.99iddev.net/assets/249_kota_kasablanka_88_kota_kasablanka_tower_b_prudential_center_20180507095402_48035_73a8cdbdee.jpg,,
kota-kasablanka-tower-b-prudential-center,Media Library/Office Venue/kota-kasablanka-tower-b-prudential-center,929,14,28,14,interior/249_kota-kasablanka-88-kota-kasablanka-tower-b-prudential-center_20180507095402_63038.jpg,interior,249_kota-kasablanka-88-kota-kasablanka-tower-b-prudential-center_20180507095402_63038.jpg,uploaded,56417,249_kota-kasablanka-88-kota-kasablanka-tower-b-prudential-center_20180507095402_63038.jpg,https://cdn-strapi.prod.99iddev.net/assets/249_kota_kasablanka_88_kota_kasablanka_tower_b_prudential_center_20180507095402_63038_e87ccca1e0.jpg,,
kota-kasablanka-tower-b-prudential-center,Media Library/Office Venue/kota-kasablanka-tower-b-prudential-center,929,14,28,14,interior/249_kota-kasablanka-88-kota-kasablanka-tower-b-prudential-center_20180507095403_21559.jpg,interior,249_kota-kasablanka-88-kota-kasablanka-tower-b-prudential-center_20180507095403_21559.jpg,uploaded,56418,249_kota-kasablanka-88-kota-kasablanka-tower-b-prudential-center_20180507095403_21559.jpg,https://cdn-strapi.prod.99iddev.net/assets/249_kota_kasablanka_88_kota_kasablanka_tower_b_prudential_center_20180507095403_21559_d829fbeda6.jpg,,
kota-kasablanka-tower-b-prudential-center,Media Library/Office Venue/kota-kasablanka-tower-b-prudential-center,929,14,28,14,interior/249_kota-kasablanka-88-kota-kasablanka-tower-b-prudential-center_20180507095403_68553.jpg,interior,249_kota-kasablanka-88-kota-kasablanka-tower-b-prudential-center_20180507095403_68553.jpg,uploaded,56419,249_kota-kasablanka-88-kota-kasablanka-tower-b-prudential-center_20180507095403_68553.jpg,https://cdn-strapi.prod.99iddev.net/assets/249_kota_kasablanka_88_kota_kasablanka_tower_b_prudential_center_20180507095403_68553_966bed4bfb.jpg,,
kota-kasablanka-tower-b-prudential-center,Media Library/Office Venue/kota-kasablanka-tower-b-prudential-center,929,14,28,14,interior/249_kota-kasablanka-88-kota-kasablanka-tower-b-prudential-center_20180507095404_40804.jpg,interior,249_kota-kasablanka-88-kota-kasablanka-tower-b-prudential-center_20180507095404_40804.jpg,uploaded,56420,249_kota-kasablanka-88-kota-kasablanka-tower-b-prudential-center_20180507095404_40804.jpg,https://cdn-strapi.prod.99iddev.net/assets/249_kota_kasablanka_88_kota_kasablanka_tower_b_prudential_center_20180507095404_40804_3298e266a4.jpg,,
kota-kasablanka-tower-b-prudential-center,Media Library/Office Venue/kota-kasablanka-tower-b-prudential-center,929,14,28,14,interior/249_kota-kasablanka-88-kota-kasablanka-tower-b-prudential-center_20180507095404_84756.jpg,interior,249_kota-kasablanka-88-kota-kasablanka-tower-b-prudential-center_20180507095404_84756.jpg,uploaded,56421,249_kota-kasablanka-88-kota-kasablanka-tower-b-prudential-center_20180507095404_84756.jpg,https://cdn-strapi.prod.99iddev.net/assets/249_kota_kasablanka_88_kota_kasablanka_tower_b_prudential_center_20180507095404_84756_8bc420e5b2.jpg,,
kota-kasablanka-tower-prudential-center,Media Library/Office Venue/kota-kasablanka-tower-prudential-center,898,5,10,5,exterior/249_kota-kasablanka-88-kota-kasablanka-tower-prudential-center_20160914090630_48987.jpg,exterior,249_kota-kasablanka-88-kota-kasablanka-tower-prudential-center_20160914090630_48987.jpg,uploaded,56422,249_kota-kasablanka-88-kota-kasablanka-tower-prudential-center_20160914090630_48987.jpg,https://cdn-strapi.prod.99iddev.net/assets/249_kota_kasablanka_88_kota_kasablanka_tower_prudential_center_20160914090630_48987_5a411110ab.jpg,,
kota-kasablanka-tower-prudential-center,Media Library/Office Venue/kota-kasablanka-tower-prudential-center,898,5,10,5,exterior/249_kota-kasablanka-88-kota-kasablanka-tower-prudential-center_20160914090631_13773.jpg,exterior,249_kota-kasablanka-88-kota-kasablanka-tower-prudential-center_20160914090631_13773.jpg,uploaded,56423,249_kota-kasablanka-88-kota-kasablanka-tower-prudential-center_20160914090631_13773.jpg,https://cdn-strapi.prod.99iddev.net/assets/249_kota_kasablanka_88_kota_kasablanka_tower_prudential_center_20160914090631_13773_7835221c30.jpg,,
kota-kasablanka-tower-prudential-center,Media Library/Office Venue/kota-kasablanka-tower-prudential-center,898,5,10,5,exterior/249_kota-kasablanka-88-kota-kasablanka-tower-prudential-center_20160914090631_63918.jpg,exterior,249_kota-kasablanka-88-kota-kasablanka-tower-prudential-center_20160914090631_63918.jpg,uploaded,56424,249_kota-kasablanka-88-kota-kasablanka-tower-prudential-center_20160914090631_63918.jpg,https://cdn-strapi.prod.99iddev.net/assets/249_kota_kasablanka_88_kota_kasablanka_tower_prudential_center_20160914090631_63918_b212a235e9.jpg,,
kota-kasablanka-tower-prudential-center,Media Library/Office Venue/kota-kasablanka-tower-prudential-center,898,5,10,5,exterior/249_kota-kasablanka-88-kota-kasablanka-tower-prudential-center_20160914090633_53821.jpg,exterior,249_kota-kasablanka-88-kota-kasablanka-tower-prudential-center_20160914090633_53821.jpg,uploaded,56425,249_kota-kasablanka-88-kota-kasablanka-tower-prudential-center_20160914090633_53821.jpg,https://cdn-strapi.prod.99iddev.net/assets/249_kota_kasablanka_88_kota_kasablanka_tower_prudential_center_20160914090633_53821_c76c7400ed.jpg,,
kota-kasablanka-tower-prudential-center,Media Library/Office Venue/kota-kasablanka-tower-prudential-center,898,5,10,5,exterior/249_kota-kasablanka-88-kota-kasablanka-tower-prudential-center_20160914090634_13708.jpg,exterior,249_kota-kasablanka-88-kota-kasablanka-tower-prudential-center_20160914090634_13708.jpg,uploaded,56426,249_kota-kasablanka-88-kota-kasablanka-tower-prudential-center_20160914090634_13708.jpg,https://cdn-strapi.prod.99iddev.net/assets/249_kota_kasablanka_88_kota_kasablanka_tower_prudential_center_20160914090634_13708_ee97b50a7e.jpg,,
l-avenue-office,Media Library/Office Venue/l-avenue-office,930,26,50,24,exterior/426_l-avenue-office-park-l-avenue-office_20170502060109_11014.jpg,exterior,426_l-avenue-office-park-l-avenue-office_20170502060109_11014.jpg,uploaded,56427,426_l-avenue-office-park-l-avenue-office_20170502060109_11014.jpg,https://cdn-strapi.prod.99iddev.net/assets/426_l_avenue_office_park_l_avenue_office_20170502060109_11014_bd586231f6.jpg,,
l-avenue-office,Media Library/Office Venue/l-avenue-office,930,26,50,24,floorplan/426_l-avenue-office-park-l-avenue-office_20170320072646_13170.jpg,floorplan,426_l-avenue-office-park-l-avenue-office_20170320072646_13170.jpg,uploaded,56428,426_l-avenue-office-park-l-avenue-office_20170320072646_13170.jpg,https://cdn-strapi.prod.99iddev.net/assets/426_l_avenue_office_park_l_avenue_office_20170320072646_13170_eeee2abaea.jpg,,
l-avenue-office,Media Library/Office Venue/l-avenue-office,930,26,50,24,floorplan/426_l-avenue-office-park-l-avenue-office_20170320072646_18528.jpg,floorplan,426_l-avenue-office-park-l-avenue-office_20170320072646_18528.jpg,uploaded,56429,426_l-avenue-office-park-l-avenue-office_20170320072646_18528.jpg,https://cdn-strapi.prod.99iddev.net/assets/426_l_avenue_office_park_l_avenue_office_20170320072646_18528_cb8bd57432.jpg,,
l-avenue-office,Media Library/Office Venue/l-avenue-office,930,26,50,24,floorplan/426_l-avenue-office-park-l-avenue-office_20170320072646_96820.jpg,floorplan,426_l-avenue-office-park-l-avenue-office_20170320072646_96820.jpg,uploaded,56430,426_l-avenue-office-park-l-avenue-office_20170320072646_96820.jpg,https://cdn-strapi.prod.99iddev.net/assets/426_l_avenue_office_park_l_avenue_office_20170320072646_96820_00c7d250f7.jpg,,
l-avenue-office,Media Library/Office Venue/l-avenue-office,930,26,50,24,interior/426_l-avenue-office-park-l-avenue-office_20170727093421_98064.jpg,interior,426_l-avenue-office-park-l-avenue-office_20170727093421_98064.jpg,uploaded,56431,426_l-avenue-office-park-l-avenue-office_20170727093421_98064.jpg,https://cdn-strapi.prod.99iddev.net/assets/426_l_avenue_office_park_l_avenue_office_20170727093421_98064_4e41ec409a.jpg,,
l-avenue-office,Media Library/Office Venue/l-avenue-office,930,26,50,24,interior/426_l-avenue-office-park-l-avenue-office_20170727093425_63679.jpg,interior,426_l-avenue-office-park-l-avenue-office_20170727093425_63679.jpg,uploaded,56432,426_l-avenue-office-park-l-avenue-office_20170727093425_63679.jpg,https://cdn-strapi.prod.99iddev.net/assets/426_l_avenue_office_park_l_avenue_office_20170727093425_63679_48cda90c87.jpg,,
l-avenue-office,Media Library/Office Venue/l-avenue-office,930,26,50,24,interior/426_l-avenue-office-park-l-avenue-office_20170727093428_11495.jpg,interior,426_l-avenue-office-park-l-avenue-office_20170727093428_11495.jpg,uploaded,56433,426_l-avenue-office-park-l-avenue-office_20170727093428_11495.jpg,https://cdn-strapi.prod.99iddev.net/assets/426_l_avenue_office_park_l_avenue_office_20170727093428_11495_42c36e0a4e.jpg,,
l-avenue-office,Media Library/Office Venue/l-avenue-office,930,26,50,24,interior/426_l-avenue-office-park-l-avenue-office_20170727093432_39603.jpg,interior,426_l-avenue-office-park-l-avenue-office_20170727093432_39603.jpg,uploaded,56434,426_l-avenue-office-park-l-avenue-office_20170727093432_39603.jpg,https://cdn-strapi.prod.99iddev.net/assets/426_l_avenue_office_park_l_avenue_office_20170727093432_39603_8565376ef7.jpg,,
l-avenue-office,Media Library/Office Venue/l-avenue-office,930,26,50,24,interior/426_l-avenue-office-park-l-avenue-office_20170727093435_60505.jpg,interior,426_l-avenue-office-park-l-avenue-office_20170727093435_60505.jpg,uploaded,56435,426_l-avenue-office-park-l-avenue-office_20170727093435_60505.jpg,https://cdn-strapi.prod.99iddev.net/assets/426_l_avenue_office_park_l_avenue_office_20170727093435_60505_7eaf3df902.jpg,,
l-avenue-office,Media Library/Office Venue/l-avenue-office,930,26,50,24,interior/426_l-avenue-office-park-l-avenue-office_20170727093438_64187.jpg,interior,426_l-avenue-office-park-l-avenue-office_20170727093438_64187.jpg,uploaded,56436,426_l-avenue-office-park-l-avenue-office_20170727093438_64187.jpg,https://cdn-strapi.prod.99iddev.net/assets/426_l_avenue_office_park_l_avenue_office_20170727093438_64187_e7b7c53219.jpg,,
l-avenue-office,Media Library/Office Venue/l-avenue-office,930,26,50,24,interior/426_l-avenue-office-park-l-avenue-office_20170727093441_67086.jpg,interior,426_l-avenue-office-park-l-avenue-office_20170727093441_67086.jpg,uploaded,56437,426_l-avenue-office-park-l-avenue-office_20170727093441_67086.jpg,https://cdn-strapi.prod.99iddev.net/assets/426_l_avenue_office_park_l_avenue_office_20170727093441_67086_71c5bfb954.jpg,,
l-avenue-office,Media Library/Office Venue/l-avenue-office,930,26,50,24,interior/426_l-avenue-office-park-l-avenue-office_20170727093445_71609.jpg,interior,426_l-avenue-office-park-l-avenue-office_20170727093445_71609.jpg,uploaded,56438,426_l-avenue-office-park-l-avenue-office_20170727093445_71609.jpg,https://cdn-strapi.prod.99iddev.net/assets/426_l_avenue_office_park_l_avenue_office_20170727093445_71609_11fd8a190a.jpg,,
l-avenue-office,Media Library/Office Venue/l-avenue-office,930,26,50,24,interior/426_l-avenue-office-park-l-avenue-office_20170727093448_64008.jpg,interior,426_l-avenue-office-park-l-avenue-office_20170727093448_64008.jpg,uploaded,56439,426_l-avenue-office-park-l-avenue-office_20170727093448_64008.jpg,https://cdn-strapi.prod.99iddev.net/assets/426_l_avenue_office_park_l_avenue_office_20170727093448_64008_b1efa2c709.jpg,,
l-avenue-office,Media Library/Office Venue/l-avenue-office,930,26,50,24,interior/426_l-avenue-office-park-l-avenue-office_20170727093507_60201.jpg,interior,426_l-avenue-office-park-l-avenue-office_20170727093507_60201.jpg,uploaded,56440,426_l-avenue-office-park-l-avenue-office_20170727093507_60201.jpg,https://cdn-strapi.prod.99iddev.net/assets/426_l_avenue_office_park_l_avenue_office_20170727093507_60201_d8b002d023.jpg,,
l-avenue-office,Media Library/Office Venue/l-avenue-office,930,26,50,24,interior/426_l-avenue-office-park-l-avenue-office_20170727093509_72892.jpg,interior,426_l-avenue-office-park-l-avenue-office_20170727093509_72892.jpg,uploaded,56441,426_l-avenue-office-park-l-avenue-office_20170727093509_72892.jpg,https://cdn-strapi.prod.99iddev.net/assets/426_l_avenue_office_park_l_avenue_office_20170727093509_72892_a98d996e52.jpg,,
l-avenue-office,Media Library/Office Venue/l-avenue-office,930,26,50,24,interior/426_l-avenue-office-park-l-avenue-office_20170727093513_31127.jpg,interior,426_l-avenue-office-park-l-avenue-office_20170727093513_31127.jpg,uploaded,56442,426_l-avenue-office-park-l-avenue-office_20170727093513_31127.jpg,https://cdn-strapi.prod.99iddev.net/assets/426_l_avenue_office_park_l_avenue_office_20170727093513_31127_306a62470b.jpg,,
l-avenue-office,Media Library/Office Venue/l-avenue-office,930,26,50,24,interior/426_l-avenue-office-park-l-avenue-office_20170727093517_65888.jpg,interior,426_l-avenue-office-park-l-avenue-office_20170727093517_65888.jpg,uploaded,56443,426_l-avenue-office-park-l-avenue-office_20170727093517_65888.jpg,https://cdn-strapi.prod.99iddev.net/assets/426_l_avenue_office_park_l_avenue_office_20170727093517_65888_80c97e27b0.jpg,,
l-avenue-office,Media Library/Office Venue/l-avenue-office,930,26,50,24,interior/426_l-avenue-office-park-l-avenue-office_20170727093519_45504.jpg,interior,426_l-avenue-office-park-l-avenue-office_20170727093519_45504.jpg,uploaded,56444,426_l-avenue-office-park-l-avenue-office_20170727093519_45504.jpg,https://cdn-strapi.prod.99iddev.net/assets/426_l_avenue_office_park_l_avenue_office_20170727093519_45504_3e1c1598ba.jpg,,
l-avenue-office,Media Library/Office Venue/l-avenue-office,930,26,50,24,interior/426_l-avenue-office-park-l-avenue-office_20170727093523_99416.jpg,interior,426_l-avenue-office-park-l-avenue-office_20170727093523_99416.jpg,uploaded,56445,426_l-avenue-office-park-l-avenue-office_20170727093523_99416.jpg,https://cdn-strapi.prod.99iddev.net/assets/426_l_avenue_office_park_l_avenue_office_20170727093523_99416_9e1a850264.jpg,,
l-avenue-office,Media Library/Office Venue/l-avenue-office,930,26,50,24,interior/426_l-avenue-office-park-l-avenue-office_20170727093526_25885.jpg,interior,426_l-avenue-office-park-l-avenue-office_20170727093526_25885.jpg,uploaded,56446,426_l-avenue-office-park-l-avenue-office_20170727093526_25885.jpg,https://cdn-strapi.prod.99iddev.net/assets/426_l_avenue_office_park_l_avenue_office_20170727093526_25885_e9ba02578d.jpg,,
l-avenue-office,Media Library/Office Venue/l-avenue-office,930,26,50,24,interior/426_l-avenue-office-park-l-avenue-office_20170727093530_89712.jpg,interior,426_l-avenue-office-park-l-avenue-office_20170727093530_89712.jpg,uploaded,56447,426_l-avenue-office-park-l-avenue-office_20170727093530_89712.jpg,https://cdn-strapi.prod.99iddev.net/assets/426_l_avenue_office_park_l_avenue_office_20170727093530_89712_f1dcfa9467.jpg,,
l-avenue-office,Media Library/Office Venue/l-avenue-office,930,26,50,24,interior/426_l-avenue-office-park-l-avenue-office_20170727093534_83701.jpg,interior,426_l-avenue-office-park-l-avenue-office_20170727093534_83701.jpg,uploaded,56448,426_l-avenue-office-park-l-avenue-office_20170727093534_83701.jpg,https://cdn-strapi.prod.99iddev.net/assets/426_l_avenue_office_park_l_avenue_office_20170727093534_83701_3f1039fa96.jpg,,
l-avenue-office,Media Library/Office Venue/l-avenue-office,930,26,50,24,interior/426_l-avenue-office-park-l-avenue-office_20170727093538_86607.jpg,interior,426_l-avenue-office-park-l-avenue-office_20170727093538_86607.jpg,uploaded,56449,426_l-avenue-office-park-l-avenue-office_20170727093538_86607.jpg,https://cdn-strapi.prod.99iddev.net/assets/426_l_avenue_office_park_l_avenue_office_20170727093538_86607_8ca46fe34e.jpg,,
l-avenue-office,Media Library/Office Venue/l-avenue-office,930,26,50,24,interior/426_l-avenue-office-park-l-avenue-office_20170727093542_99137.jpg,interior,426_l-avenue-office-park-l-avenue-office_20170727093542_99137.jpg,uploaded,56450,426_l-avenue-office-park-l-avenue-office_20170727093542_99137.jpg,https://cdn-strapi.prod.99iddev.net/assets/426_l_avenue_office_park_l_avenue_office_20170727093542_99137_62726a4f59.jpg,,
land-mark-pluit,Media Library/Office Venue/land-mark-pluit,1005,3,6,3,exterior/440_land-mark-pluit-land-mark-pluit_20161024033751_50670.jpg,exterior,440_land-mark-pluit-land-mark-pluit_20161024033751_50670.jpg,uploaded,56451,440_land-mark-pluit-land-mark-pluit_20161024033751_50670.jpg,https://cdn-strapi.prod.99iddev.net/assets/440_land_mark_pluit_land_mark_pluit_20161024033751_50670_b5508c42b5.jpg,,
land-mark-pluit,Media Library/Office Venue/land-mark-pluit,1005,3,6,3,exterior/440_land-mark-pluit-land-mark-pluit_20161024033754_12339.jpg,exterior,440_land-mark-pluit-land-mark-pluit_20161024033754_12339.jpg,uploaded,56452,440_land-mark-pluit-land-mark-pluit_20161024033754_12339.jpg,https://cdn-strapi.prod.99iddev.net/assets/440_land_mark_pluit_land_mark_pluit_20161024033754_12339_fc0c75031d.jpg,,
land-mark-pluit,Media Library/Office Venue/land-mark-pluit,1005,3,6,3,exterior/440_land-mark-pluit-land-mark-pluit_20161024033754_73243.jpg,exterior,440_land-mark-pluit-land-mark-pluit_20161024033754_73243.jpg,uploaded,56453,440_land-mark-pluit-land-mark-pluit_20161024033754_73243.jpg,https://cdn-strapi.prod.99iddev.net/assets/440_land_mark_pluit_land_mark_pluit_20161024033754_73243_2aa4ff6c71.jpg,,
landmark-pluit-land-mark-pluit,Media Library/Office Venue/landmark-pluit-land-mark-pluit,931,88,132,44,exterior/440_landmark-pluit-land-mark-pluit_20161124034414_64859.jpg,exterior,440_landmark-pluit-land-mark-pluit_20161124034414_64859.jpg,uploaded,56454,440_landmark-pluit-land-mark-pluit_20161124034414_64859.jpg,https://cdn-strapi.prod.99iddev.net/assets/440_landmark_pluit_land_mark_pluit_20161124034414_64859_4a94c723d2.jpg,,
landmark-pluit-land-mark-pluit,Media Library/Office Venue/landmark-pluit-land-mark-pluit,931,88,132,44,exterior/440_landmark-pluit-land-mark-pluit_20161124034437_62445.jpg,exterior,440_landmark-pluit-land-mark-pluit_20161124034437_62445.jpg,uploaded,56455,440_landmark-pluit-land-mark-pluit_20161124034437_62445.jpg,https://cdn-strapi.prod.99iddev.net/assets/440_landmark_pluit_land_mark_pluit_20161124034437_62445_36b4a756ea.jpg,,
landmark-pluit-land-mark-pluit,Media Library/Office Venue/landmark-pluit-land-mark-pluit,931,88,132,44,exterior/440_landmark-pluit-land-mark-pluit_20170125083821_40944.jpg,exterior,440_landmark-pluit-land-mark-pluit_20170125083821_40944.jpg,uploaded,56456,440_landmark-pluit-land-mark-pluit_20170125083821_40944.jpg,https://cdn-strapi.prod.99iddev.net/assets/440_landmark_pluit_land_mark_pluit_20170125083821_40944_a1d93ab40c.jpg,,
landmark-pluit-land-mark-pluit,Media Library/Office Venue/landmark-pluit-land-mark-pluit,931,88,132,44,exterior/440_landmark-pluit-land-mark-pluit_20170125083822_71995.jpg,exterior,440_landmark-pluit-land-mark-pluit_20170125083822_71995.jpg,uploaded,56457,440_landmark-pluit-land-mark-pluit_20170125083822_71995.jpg,https://cdn-strapi.prod.99iddev.net/assets/440_landmark_pluit_land_mark_pluit_20170125083822_71995_5e45d96ff7.jpg,,
landmark-pluit-land-mark-pluit,Media Library/Office Venue/landmark-pluit-land-mark-pluit,931,88,132,44,exterior/440_landmark-pluit-land-mark-pluit_20170125083822_75620.jpg,exterior,440_landmark-pluit-land-mark-pluit_20170125083822_75620.jpg,uploaded,56458,440_landmark-pluit-land-mark-pluit_20170125083822_75620.jpg,https://cdn-strapi.prod.99iddev.net/assets/440_landmark_pluit_land_mark_pluit_20170125083822_75620_3c55f0f6b4.jpg,,
landmark-pluit-land-mark-pluit,Media Library/Office Venue/landmark-pluit-land-mark-pluit,931,88,132,44,exterior/440_landmark-pluit-land-mark-pluit_20170125083823_10204.jpg,exterior,440_landmark-pluit-land-mark-pluit_20170125083823_10204.jpg,uploaded,56459,440_landmark-pluit-land-mark-pluit_20170125083823_10204.jpg,https://cdn-strapi.prod.99iddev.net/assets/440_landmark_pluit_land_mark_pluit_20170125083823_10204_366a2ecd92.jpg,,
landmark-pluit-land-mark-pluit,Media Library/Office Venue/landmark-pluit-land-mark-pluit,931,88,132,44,exterior/440_landmark-pluit-land-mark-pluit_20170125083823_26061.jpg,exterior,440_landmark-pluit-land-mark-pluit_20170125083823_26061.jpg,uploaded,56460,440_landmark-pluit-land-mark-pluit_20170125083823_26061.jpg,https://cdn-strapi.prod.99iddev.net/assets/440_landmark_pluit_land_mark_pluit_20170125083823_26061_0492ca91f7.jpg,,
landmark-pluit-land-mark-pluit,Media Library/Office Venue/landmark-pluit-land-mark-pluit,931,88,132,44,exterior/440_landmark-pluit-land-mark-pluit_20170125083824_36348.jpg,exterior,440_landmark-pluit-land-mark-pluit_20170125083824_36348.jpg,uploaded,56461,440_landmark-pluit-land-mark-pluit_20170125083824_36348.jpg,https://cdn-strapi.prod.99iddev.net/assets/440_landmark_pluit_land_mark_pluit_20170125083824_36348_f18e7c25ce.jpg,,
landmark-pluit-land-mark-pluit,Media Library/Office Venue/landmark-pluit-land-mark-pluit,931,88,132,44,exterior/440_landmark-pluit-land-mark-pluit_20170125083824_58218.jpg,exterior,440_landmark-pluit-land-mark-pluit_20170125083824_58218.jpg,uploaded,56462,440_landmark-pluit-land-mark-pluit_20170125083824_58218.jpg,https://cdn-strapi.prod.99iddev.net/assets/440_landmark_pluit_land_mark_pluit_20170125083824_58218_93de242f39.jpg,,
landmark-pluit-land-mark-pluit,Media Library/Office Venue/landmark-pluit-land-mark-pluit,931,88,132,44,exterior/440_landmark-pluit-land-mark-pluit_20170125083825_10061.jpg,exterior,440_landmark-pluit-land-mark-pluit_20170125083825_10061.jpg,uploaded,56463,440_landmark-pluit-land-mark-pluit_20170125083825_10061.jpg,https://cdn-strapi.prod.99iddev.net/assets/440_landmark_pluit_land_mark_pluit_20170125083825_10061_197f35f87b.jpg,,
landmark-pluit-land-mark-pluit,Media Library/Office Venue/landmark-pluit-land-mark-pluit,931,88,132,44,exterior/440_landmark-pluit-land-mark-pluit_20170125083825_25284.jpg,exterior,440_landmark-pluit-land-mark-pluit_20170125083825_25284.jpg,uploaded,56464,440_landmark-pluit-land-mark-pluit_20170125083825_25284.jpg,https://cdn-strapi.prod.99iddev.net/assets/440_landmark_pluit_land_mark_pluit_20170125083825_25284_0e4511848c.jpg,,
landmark-pluit-land-mark-pluit,Media Library/Office Venue/landmark-pluit-land-mark-pluit,931,88,132,44,exterior/440_landmark-pluit-land-mark-pluit_20170125083825_74520.jpg,exterior,440_landmark-pluit-land-mark-pluit_20170125083825_74520.jpg,uploaded,56465,440_landmark-pluit-land-mark-pluit_20170125083825_74520.jpg,https://cdn-strapi.prod.99iddev.net/assets/440_landmark_pluit_land_mark_pluit_20170125083825_74520_294ca07c84.jpg,,
landmark-pluit-land-mark-pluit,Media Library/Office Venue/landmark-pluit-land-mark-pluit,931,88,132,44,exterior/440_landmark-pluit-land-mark-pluit_20170125083825_84818.jpg,exterior,440_landmark-pluit-land-mark-pluit_20170125083825_84818.jpg,uploaded,56466,440_landmark-pluit-land-mark-pluit_20170125083825_84818.jpg,https://cdn-strapi.prod.99iddev.net/assets/440_landmark_pluit_land_mark_pluit_20170125083825_84818_c17b68443c.jpg,,
landmark-pluit-land-mark-pluit,Media Library/Office Venue/landmark-pluit-land-mark-pluit,931,88,132,44,exterior/440_landmark-pluit-land-mark-pluit_20170125083825_89667.jpg,exterior,440_landmark-pluit-land-mark-pluit_20170125083825_89667.jpg,uploaded,56467,440_landmark-pluit-land-mark-pluit_20170125083825_89667.jpg,https://cdn-strapi.prod.99iddev.net/assets/440_landmark_pluit_land_mark_pluit_20170125083825_89667_64a3a6e198.jpg,,
landmark-pluit-land-mark-pluit,Media Library/Office Venue/landmark-pluit-land-mark-pluit,931,88,132,44,exterior/440_landmark-pluit-land-mark-pluit_20170125083826_54230.jpg,exterior,440_landmark-pluit-land-mark-pluit_20170125083826_54230.jpg,uploaded,56468,440_landmark-pluit-land-mark-pluit_20170125083826_54230.jpg,https://cdn-strapi.prod.99iddev.net/assets/440_landmark_pluit_land_mark_pluit_20170125083826_54230_15eda08a05.jpg,,
landmark-pluit-land-mark-pluit,Media Library/Office Venue/landmark-pluit-land-mark-pluit,931,88,132,44,exterior/440_landmark-pluit-land-mark-pluit_20170125083826_83020.jpg,exterior,440_landmark-pluit-land-mark-pluit_20170125083826_83020.jpg,uploaded,56469,440_landmark-pluit-land-mark-pluit_20170125083826_83020.jpg,https://cdn-strapi.prod.99iddev.net/assets/440_landmark_pluit_land_mark_pluit_20170125083826_83020_5449e2c8d1.jpg,,
landmark-pluit-land-mark-pluit,Media Library/Office Venue/landmark-pluit-land-mark-pluit,931,88,132,44,exterior/440_landmark-pluit-land-mark-pluit_20170125083826_91049.jpg,exterior,440_landmark-pluit-land-mark-pluit_20170125083826_91049.jpg,uploaded,56470,440_landmark-pluit-land-mark-pluit_20170125083826_91049.jpg,https://cdn-strapi.prod.99iddev.net/assets/440_landmark_pluit_land_mark_pluit_20170125083826_91049_cd31c9e3e4.jpg,,
landmark-pluit-land-mark-pluit,Media Library/Office Venue/landmark-pluit-land-mark-pluit,931,88,132,44,floorplan/440_landmark-pluit-land-mark-pluit_20170310081352_44086.jpg,floorplan,440_landmark-pluit-land-mark-pluit_20170310081352_44086.jpg,uploaded,56471,440_landmark-pluit-land-mark-pluit_20170310081352_44086.jpg,https://cdn-strapi.prod.99iddev.net/assets/440_landmark_pluit_land_mark_pluit_20170310081352_44086_e3f24e9f9c.jpg,,
landmark-pluit-land-mark-pluit,Media Library/Office Venue/landmark-pluit-land-mark-pluit,931,88,132,44,floorplan/440_landmark-pluit-land-mark-pluit_20170310081353_50327.jpg,floorplan,440_landmark-pluit-land-mark-pluit_20170310081353_50327.jpg,uploaded,56472,440_landmark-pluit-land-mark-pluit_20170310081353_50327.jpg,https://cdn-strapi.prod.99iddev.net/assets/440_landmark_pluit_land_mark_pluit_20170310081353_50327_cbc7ad8864.jpg,,
landmark-pluit-land-mark-pluit,Media Library/Office Venue/landmark-pluit-land-mark-pluit,931,88,132,44,floorplan/440_landmark-pluit-land-mark-pluit_20170310081353_64451.jpg,floorplan,440_landmark-pluit-land-mark-pluit_20170310081353_64451.jpg,uploaded,56473,440_landmark-pluit-land-mark-pluit_20170310081353_64451.jpg,https://cdn-strapi.prod.99iddev.net/assets/440_landmark_pluit_land_mark_pluit_20170310081353_64451_714ed0ccd8.jpg,,
landmark-pluit-land-mark-pluit,Media Library/Office Venue/landmark-pluit-land-mark-pluit,931,88,132,44,floorplan/440_landmark-pluit-land-mark-pluit_20170310081354_63519.jpg,floorplan,440_landmark-pluit-land-mark-pluit_20170310081354_63519.jpg,uploaded,56474,440_landmark-pluit-land-mark-pluit_20170310081354_63519.jpg,https://cdn-strapi.prod.99iddev.net/assets/440_landmark_pluit_land_mark_pluit_20170310081354_63519_a52b055a41.jpg,,
landmark-pluit-land-mark-pluit,Media Library/Office Venue/landmark-pluit-land-mark-pluit,931,88,132,44,floorplan/440_landmark-pluit-land-mark-pluit_20170505100032_76299.jpg,floorplan,440_landmark-pluit-land-mark-pluit_20170505100032_76299.jpg,uploaded,56475,440_landmark-pluit-land-mark-pluit_20170505100032_76299.jpg,https://cdn-strapi.prod.99iddev.net/assets/440_landmark_pluit_land_mark_pluit_20170505100032_76299_ac34696cf1.jpg,,
landmark-pluit-land-mark-pluit,Media Library/Office Venue/landmark-pluit-land-mark-pluit,931,88,132,44,floorplan/440_landmark-pluit-land-mark-pluit_20170505100038_68461.jpg,floorplan,440_landmark-pluit-land-mark-pluit_20170505100038_68461.jpg,uploaded,56476,440_landmark-pluit-land-mark-pluit_20170505100038_68461.jpg,https://cdn-strapi.prod.99iddev.net/assets/440_landmark_pluit_land_mark_pluit_20170505100038_68461_bfcc36dbf4.jpg,,
landmark-pluit-land-mark-pluit,Media Library/Office Venue/landmark-pluit-land-mark-pluit,931,88,132,44,floorplan/440_landmark-pluit-land-mark-pluit_20170505100043_74697.jpg,floorplan,440_landmark-pluit-land-mark-pluit_20170505100043_74697.jpg,uploaded,56477,440_landmark-pluit-land-mark-pluit_20170505100043_74697.jpg,https://cdn-strapi.prod.99iddev.net/assets/440_landmark_pluit_land_mark_pluit_20170505100043_74697_b6d91d15d7.jpg,,
landmark-pluit-land-mark-pluit,Media Library/Office Venue/landmark-pluit-land-mark-pluit,931,88,132,44,interior/440_landmark-pluit-land-mark-pluit_20180522040050_69704.jpg,interior,440_landmark-pluit-land-mark-pluit_20180522040050_69704.jpg,uploaded,56478,440_landmark-pluit-land-mark-pluit_20180522040050_69704.jpg,https://cdn-strapi.prod.99iddev.net/assets/440_landmark_pluit_land_mark_pluit_20180522040050_69704_8188e3aed0.jpg,,
landmark-pluit-land-mark-pluit,Media Library/Office Venue/landmark-pluit-land-mark-pluit,931,88,132,44,interior/440_landmark-pluit-land-mark-pluit_20180522040051_28360.jpg,interior,440_landmark-pluit-land-mark-pluit_20180522040051_28360.jpg,uploaded,56479,440_landmark-pluit-land-mark-pluit_20180522040051_28360.jpg,https://cdn-strapi.prod.99iddev.net/assets/440_landmark_pluit_land_mark_pluit_20180522040051_28360_6c9ed8a607.jpg,,
landmark-pluit-land-mark-pluit,Media Library/Office Venue/landmark-pluit-land-mark-pluit,931,88,132,44,interior/440_landmark-pluit-land-mark-pluit_20180522040051_42546.jpg,interior,440_landmark-pluit-land-mark-pluit_20180522040051_42546.jpg,uploaded,56480,440_landmark-pluit-land-mark-pluit_20180522040051_42546.jpg,https://cdn-strapi.prod.99iddev.net/assets/440_landmark_pluit_land_mark_pluit_20180522040051_42546_8988a9fe3b.jpg,,
landmark-pluit-land-mark-pluit,Media Library/Office Venue/landmark-pluit-land-mark-pluit,931,88,132,44,interior/440_landmark-pluit-land-mark-pluit_20180522040051_50952.jpg,interior,440_landmark-pluit-land-mark-pluit_20180522040051_50952.jpg,uploaded,56481,440_landmark-pluit-land-mark-pluit_20180522040051_50952.jpg,https://cdn-strapi.prod.99iddev.net/assets/440_landmark_pluit_land_mark_pluit_20180522040051_50952_d932909a1d.jpg,,
landmark-pluit-land-mark-pluit,Media Library/Office Venue/landmark-pluit-land-mark-pluit,931,88,132,44,interior/440_landmark-pluit-land-mark-pluit_20180522040052_48126.jpg,interior,440_landmark-pluit-land-mark-pluit_20180522040052_48126.jpg,uploaded,56482,440_landmark-pluit-land-mark-pluit_20180522040052_48126.jpg,https://cdn-strapi.prod.99iddev.net/assets/440_landmark_pluit_land_mark_pluit_20180522040052_48126_3ee3c8caf7.jpg,,
landmark-pluit-land-mark-pluit,Media Library/Office Venue/landmark-pluit-land-mark-pluit,931,88,132,44,interior/440_landmark-pluit-land-mark-pluit_20180522040056_51782.jpg,interior,440_landmark-pluit-land-mark-pluit_20180522040056_51782.jpg,uploaded,56483,440_landmark-pluit-land-mark-pluit_20180522040056_51782.jpg,https://cdn-strapi.prod.99iddev.net/assets/440_landmark_pluit_land_mark_pluit_20180522040056_51782_7f2ddcc601.jpg,,
landmark-pluit-land-mark-pluit,Media Library/Office Venue/landmark-pluit-land-mark-pluit,931,88,132,44,interior/440_landmark-pluit-land-mark-pluit_20180522040056_55451.jpg,interior,440_landmark-pluit-land-mark-pluit_20180522040056_55451.jpg,uploaded,56484,440_landmark-pluit-land-mark-pluit_20180522040056_55451.jpg,https://cdn-strapi.prod.99iddev.net/assets/440_landmark_pluit_land_mark_pluit_20180522040056_55451_1e3e19b453.jpg,,
landmark-pluit-land-mark-pluit,Media Library/Office Venue/landmark-pluit-land-mark-pluit,931,88,132,44,interior/440_landmark-pluit-land-mark-pluit_20180522040056_70137.jpg,interior,440_landmark-pluit-land-mark-pluit_20180522040056_70137.jpg,uploaded,56485,440_landmark-pluit-land-mark-pluit_20180522040056_70137.jpg,https://cdn-strapi.prod.99iddev.net/assets/440_landmark_pluit_land_mark_pluit_20180522040056_70137_943c08aed9.jpg,,
landmark-pluit-land-mark-pluit,Media Library/Office Venue/landmark-pluit-land-mark-pluit,931,88,132,44,interior/440_landmark-pluit-land-mark-pluit_20180522040056_73111.jpg,interior,440_landmark-pluit-land-mark-pluit_20180522040056_73111.jpg,uploaded,56486,440_landmark-pluit-land-mark-pluit_20180522040056_73111.jpg,https://cdn-strapi.prod.99iddev.net/assets/440_landmark_pluit_land_mark_pluit_20180522040056_73111_cd3e4d0fa1.jpg,,
landmark-pluit-land-mark-pluit,Media Library/Office Venue/landmark-pluit-land-mark-pluit,931,88,132,44,interior/440_landmark-pluit-land-mark-pluit_20180522040058_90838.jpg,interior,440_landmark-pluit-land-mark-pluit_20180522040058_90838.jpg,uploaded,56487,440_landmark-pluit-land-mark-pluit_20180522040058_90838.jpg,https://cdn-strapi.prod.99iddev.net/assets/440_landmark_pluit_land_mark_pluit_20180522040058_90838_df876be605.jpg,,
landmark-pluit-land-mark-pluit,Media Library/Office Venue/landmark-pluit-land-mark-pluit,931,88,132,44,interior/440_landmark-pluit-land-mark-pluit_20180522040058_92791.jpg,interior,440_landmark-pluit-land-mark-pluit_20180522040058_92791.jpg,uploaded,56488,440_landmark-pluit-land-mark-pluit_20180522040058_92791.jpg,https://cdn-strapi.prod.99iddev.net/assets/440_landmark_pluit_land_mark_pluit_20180522040058_92791_69977d3fea.jpg,,
landmark-pluit-land-mark-pluit,Media Library/Office Venue/landmark-pluit-land-mark-pluit,931,88,132,44,interior/440_landmark-pluit-land-mark-pluit_20180522040059_41699.jpg,interior,440_landmark-pluit-land-mark-pluit_20180522040059_41699.jpg,uploaded,56489,440_landmark-pluit-land-mark-pluit_20180522040059_41699.jpg,https://cdn-strapi.prod.99iddev.net/assets/440_landmark_pluit_land_mark_pluit_20180522040059_41699_b2be81680e.jpg,,
landmark-pluit-land-mark-pluit,Media Library/Office Venue/landmark-pluit-land-mark-pluit,931,88,132,44,interior/440_landmark-pluit-land-mark-pluit_20180522040100_10523.jpg,interior,440_landmark-pluit-land-mark-pluit_20180522040100_10523.jpg,uploaded,56490,440_landmark-pluit-land-mark-pluit_20180522040100_10523.jpg,https://cdn-strapi.prod.99iddev.net/assets/440_landmark_pluit_land_mark_pluit_20180522040100_10523_ec4a33101e.jpg,,
landmark-pluit-land-mark-pluit,Media Library/Office Venue/landmark-pluit-land-mark-pluit,931,88,132,44,interior/440_landmark-pluit-land-mark-pluit_20180522040102_20259.jpg,interior,440_landmark-pluit-land-mark-pluit_20180522040102_20259.jpg,uploaded,56491,440_landmark-pluit-land-mark-pluit_20180522040102_20259.jpg,https://cdn-strapi.prod.99iddev.net/assets/440_landmark_pluit_land_mark_pluit_20180522040102_20259_6bac4696de.jpg,,
landmark-pluit-land-mark-pluit,Media Library/Office Venue/landmark-pluit-land-mark-pluit,931,88,132,44,interior/440_landmark-pluit-land-mark-pluit_20180522040102_41814.jpg,interior,440_landmark-pluit-land-mark-pluit_20180522040102_41814.jpg,uploaded,56492,440_landmark-pluit-land-mark-pluit_20180522040102_41814.jpg,https://cdn-strapi.prod.99iddev.net/assets/440_landmark_pluit_land_mark_pluit_20180522040102_41814_12ad49dae4.jpg,,
landmark-pluit-land-mark-pluit,Media Library/Office Venue/landmark-pluit-land-mark-pluit,931,88,132,44,interior/440_landmark-pluit-land-mark-pluit_20180522040102_62597.jpg,interior,440_landmark-pluit-land-mark-pluit_20180522040102_62597.jpg,uploaded,56493,440_landmark-pluit-land-mark-pluit_20180522040102_62597.jpg,https://cdn-strapi.prod.99iddev.net/assets/440_landmark_pluit_land_mark_pluit_20180522040102_62597_bad07621c0.jpg,,
landmark-pluit-land-mark-pluit,Media Library/Office Venue/landmark-pluit-land-mark-pluit,931,88,132,44,interior/440_landmark-pluit-land-mark-pluit_20180522040102_84739.jpg,interior,440_landmark-pluit-land-mark-pluit_20180522040102_84739.jpg,uploaded,56494,440_landmark-pluit-land-mark-pluit_20180522040102_84739.jpg,https://cdn-strapi.prod.99iddev.net/assets/440_landmark_pluit_land_mark_pluit_20180522040102_84739_f8d26fd7c6.jpg,,
landmark-pluit-land-mark-pluit,Media Library/Office Venue/landmark-pluit-land-mark-pluit,931,88,132,44,interior/440_landmark-pluit-land-mark-pluit_20180522040103_38766.jpg,interior,440_landmark-pluit-land-mark-pluit_20180522040103_38766.jpg,uploaded,56495,440_landmark-pluit-land-mark-pluit_20180522040103_38766.jpg,https://cdn-strapi.prod.99iddev.net/assets/440_landmark_pluit_land_mark_pluit_20180522040103_38766_20aba2d328.jpg,,
landmark-pluit-land-mark-pluit,Media Library/Office Venue/landmark-pluit-land-mark-pluit,931,88,132,44,interior/440_landmark-pluit-land-mark-pluit_20180522040104_14332.jpg,interior,440_landmark-pluit-land-mark-pluit_20180522040104_14332.jpg,uploaded,56496,440_landmark-pluit-land-mark-pluit_20180522040104_14332.jpg,https://cdn-strapi.prod.99iddev.net/assets/440_landmark_pluit_land_mark_pluit_20180522040104_14332_53edd2501f.jpg,,
landmark-pluit-land-mark-pluit,Media Library/Office Venue/landmark-pluit-land-mark-pluit,931,88,132,44,interior/440_landmark-pluit-land-mark-pluit_20180522040104_55920.jpg,interior,440_landmark-pluit-land-mark-pluit_20180522040104_55920.jpg,uploaded,56497,440_landmark-pluit-land-mark-pluit_20180522040104_55920.jpg,https://cdn-strapi.prod.99iddev.net/assets/440_landmark_pluit_land_mark_pluit_20180522040104_55920_fe908819da.jpg,,
lembaga-alkitab-indonesia-bible-center,Media Library/Office Venue/lembaga-alkitab-indonesia-bible-center,435,24,43,19,exterior/194_lembaga-alkitab-indonesia-bible-center-lembaga-alkitab-indonesia-bible-center_20170125084027_14587.jpg,exterior,194_lembaga-alkitab-indonesia-bible-center-lembaga-alkitab-indonesia-bible-center_20170125084027_14587.jpg,uploaded,56498,194_lembaga-alkitab-indonesia-bible-center-lembaga-alkitab-indonesia-bible-center_20170125084027_14587.jpg,https://cdn-strapi.prod.99iddev.net/assets/194_lembaga_alkitab_indonesia_bible_center_lembaga_alkitab_indonesia_bible_center_20170125084027_14587_6a5ba9acd2.jpg,,
lembaga-alkitab-indonesia-bible-center,Media Library/Office Venue/lembaga-alkitab-indonesia-bible-center,435,24,43,19,exterior/194_lembaga-alkitab-indonesia-bible-center-lembaga-alkitab-indonesia-bible-center_20170125084029_84655.jpg,exterior,194_lembaga-alkitab-indonesia-bible-center-lembaga-alkitab-indonesia-bible-center_20170125084029_84655.jpg,uploaded,56499,194_lembaga-alkitab-indonesia-bible-center-lembaga-alkitab-indonesia-bible-center_20170125084029_84655.jpg,https://cdn-strapi.prod.99iddev.net/assets/194_lembaga_alkitab_indonesia_bible_center_lembaga_alkitab_indonesia_bible_center_20170125084029_84655_3340307e2d.jpg,,
lembaga-alkitab-indonesia-bible-center,Media Library/Office Venue/lembaga-alkitab-indonesia-bible-center,435,24,43,19,exterior/194_lembaga-alkitab-indonesia-bible-center-lembaga-alkitab-indonesia-bible-center_20170125084032_55677.jpg,exterior,194_lembaga-alkitab-indonesia-bible-center-lembaga-alkitab-indonesia-bible-center_20170125084032_55677.jpg,uploaded,56500,194_lembaga-alkitab-indonesia-bible-center-lembaga-alkitab-indonesia-bible-center_20170125084032_55677.jpg,https://cdn-strapi.prod.99iddev.net/assets/194_lembaga_alkitab_indonesia_bible_center_lembaga_alkitab_indonesia_bible_center_20170125084032_55677_00f026c031.jpg,,
lembaga-alkitab-indonesia-bible-center,Media Library/Office Venue/lembaga-alkitab-indonesia-bible-center,435,24,43,19,exterior/194_lembaga-alkitab-indonesia-bible-center-lembaga-alkitab-indonesia-bible-center_20170125084032_93838.jpg,exterior,194_lembaga-alkitab-indonesia-bible-center-lembaga-alkitab-indonesia-bible-center_20170125084032_93838.jpg,uploaded,56501,194_lembaga-alkitab-indonesia-bible-center-lembaga-alkitab-indonesia-bible-center_20170125084032_93838.jpg,https://cdn-strapi.prod.99iddev.net/assets/194_lembaga_alkitab_indonesia_bible_center_lembaga_alkitab_indonesia_bible_center_20170125084032_93838_b5cd9a25ff.jpg,,
lembaga-alkitab-indonesia-bible-center,Media Library/Office Venue/lembaga-alkitab-indonesia-bible-center,435,24,43,19,interior/194_lembaga-alkitab-indonesia-bible-center-lembaga-alkitab-indonesia-bible-center_20170523094403_14246.jpg,interior,194_lembaga-alkitab-indonesia-bible-center-lembaga-alkitab-indonesia-bible-center_20170523094403_14246.jpg,uploaded,56502,194_lembaga-alkitab-indonesia-bible-center-lembaga-alkitab-indonesia-bible-center_20170523094403_14246.jpg,https://cdn-strapi.prod.99iddev.net/assets/194_lembaga_alkitab_indonesia_bible_center_lembaga_alkitab_indonesia_bible_center_20170523094403_14246_c16f0b017e.jpg,,
lembaga-alkitab-indonesia-bible-center,Media Library/Office Venue/lembaga-alkitab-indonesia-bible-center,435,24,43,19,interior/194_lembaga-alkitab-indonesia-bible-center-lembaga-alkitab-indonesia-bible-center_20170523094416_69775.jpg,interior,194_lembaga-alkitab-indonesia-bible-center-lembaga-alkitab-indonesia-bible-center_20170523094416_69775.jpg,uploaded,56503,194_lembaga-alkitab-indonesia-bible-center-lembaga-alkitab-indonesia-bible-center_20170523094416_69775.jpg,https://cdn-strapi.prod.99iddev.net/assets/194_lembaga_alkitab_indonesia_bible_center_lembaga_alkitab_indonesia_bible_center_20170523094416_69775_cedcb7f506.jpg,,
lembaga-alkitab-indonesia-bible-center,Media Library/Office Venue/lembaga-alkitab-indonesia-bible-center,435,24,43,19,interior/194_lembaga-alkitab-indonesia-bible-center-lembaga-alkitab-indonesia-bible-center_20170523094427_44371.jpg,interior,194_lembaga-alkitab-indonesia-bible-center-lembaga-alkitab-indonesia-bible-center_20170523094427_44371.jpg,uploaded,56504,194_lembaga-alkitab-indonesia-bible-center-lembaga-alkitab-indonesia-bible-center_20170523094427_44371.jpg,https://cdn-strapi.prod.99iddev.net/assets/194_lembaga_alkitab_indonesia_bible_center_lembaga_alkitab_indonesia_bible_center_20170523094427_44371_8abe8f7957.jpg,,
lembaga-alkitab-indonesia-bible-center,Media Library/Office Venue/lembaga-alkitab-indonesia-bible-center,435,24,43,19,interior/194_lembaga-alkitab-indonesia-bible-center-lembaga-alkitab-indonesia-bible-center_20170523094436_29113.jpg,interior,194_lembaga-alkitab-indonesia-bible-center-lembaga-alkitab-indonesia-bible-center_20170523094436_29113.jpg,uploaded,56505,194_lembaga-alkitab-indonesia-bible-center-lembaga-alkitab-indonesia-bible-center_20170523094436_29113.jpg,https://cdn-strapi.prod.99iddev.net/assets/194_lembaga_alkitab_indonesia_bible_center_lembaga_alkitab_indonesia_bible_center_20170523094436_29113_0d91cfacc3.jpg,,
lembaga-alkitab-indonesia-bible-center,Media Library/Office Venue/lembaga-alkitab-indonesia-bible-center,435,24,43,19,interior/194_lembaga-alkitab-indonesia-bible-center-lembaga-alkitab-indonesia-bible-center_20170523094448_66781.jpg,interior,194_lembaga-alkitab-indonesia-bible-center-lembaga-alkitab-indonesia-bible-center_20170523094448_66781.jpg,uploaded,56506,194_lembaga-alkitab-indonesia-bible-center-lembaga-alkitab-indonesia-bible-center_20170523094448_66781.jpg,https://cdn-strapi.prod.99iddev.net/assets/194_lembaga_alkitab_indonesia_bible_center_lembaga_alkitab_indonesia_bible_center_20170523094448_66781_ef8f256ef4.jpg,,
lembaga-alkitab-indonesia-bible-center,Media Library/Office Venue/lembaga-alkitab-indonesia-bible-center,435,24,43,19,interior/194_lembaga-alkitab-indonesia-bible-center-lembaga-alkitab-indonesia-bible-center_20170523094459_74218.jpg,interior,194_lembaga-alkitab-indonesia-bible-center-lembaga-alkitab-indonesia-bible-center_20170523094459_74218.jpg,uploaded,56507,194_lembaga-alkitab-indonesia-bible-center-lembaga-alkitab-indonesia-bible-center_20170523094459_74218.jpg,https://cdn-strapi.prod.99iddev.net/assets/194_lembaga_alkitab_indonesia_bible_center_lembaga_alkitab_indonesia_bible_center_20170523094459_74218_6cb63aa06b.jpg,,
lembaga-alkitab-indonesia-bible-center,Media Library/Office Venue/lembaga-alkitab-indonesia-bible-center,435,24,43,19,interior/194_lembaga-alkitab-indonesia-bible-center-lembaga-alkitab-indonesia-bible-center_20170523094519_18306.jpg,interior,194_lembaga-alkitab-indonesia-bible-center-lembaga-alkitab-indonesia-bible-center_20170523094519_18306.jpg,uploaded,56508,194_lembaga-alkitab-indonesia-bible-center-lembaga-alkitab-indonesia-bible-center_20170523094519_18306.jpg,https://cdn-strapi.prod.99iddev.net/assets/194_lembaga_alkitab_indonesia_bible_center_lembaga_alkitab_indonesia_bible_center_20170523094519_18306_b263e280ac.jpg,,
lembaga-alkitab-indonesia-bible-center,Media Library/Office Venue/lembaga-alkitab-indonesia-bible-center,435,24,43,19,interior/194_lembaga-alkitab-indonesia-bible-center-lembaga-alkitab-indonesia-bible-center_20170523094528_23821.jpg,interior,194_lembaga-alkitab-indonesia-bible-center-lembaga-alkitab-indonesia-bible-center_20170523094528_23821.jpg,uploaded,56509,194_lembaga-alkitab-indonesia-bible-center-lembaga-alkitab-indonesia-bible-center_20170523094528_23821.jpg,https://cdn-strapi.prod.99iddev.net/assets/194_lembaga_alkitab_indonesia_bible_center_lembaga_alkitab_indonesia_bible_center_20170523094528_23821_e71114d34b.jpg,,
lembaga-alkitab-indonesia-bible-center,Media Library/Office Venue/lembaga-alkitab-indonesia-bible-center,435,24,43,19,interior/194_lembaga-alkitab-indonesia-bible-center-lembaga-alkitab-indonesia-bible-center_20170523094548_56706.jpg,interior,194_lembaga-alkitab-indonesia-bible-center-lembaga-alkitab-indonesia-bible-center_20170523094548_56706.jpg,uploaded,56510,194_lembaga-alkitab-indonesia-bible-center-lembaga-alkitab-indonesia-bible-center_20170523094548_56706.jpg,https://cdn-strapi.prod.99iddev.net/assets/194_lembaga_alkitab_indonesia_bible_center_lembaga_alkitab_indonesia_bible_center_20170523094548_56706_c42d490cdf.jpg,,
lembaga-alkitab-indonesia-bible-center,Media Library/Office Venue/lembaga-alkitab-indonesia-bible-center,435,24,43,19,interior/194_lembaga-alkitab-indonesia-bible-center-lembaga-alkitab-indonesia-bible-center_20170523094607_62847.jpg,interior,194_lembaga-alkitab-indonesia-bible-center-lembaga-alkitab-indonesia-bible-center_20170523094607_62847.jpg,uploaded,56511,194_lembaga-alkitab-indonesia-bible-center-lembaga-alkitab-indonesia-bible-center_20170523094607_62847.jpg,https://cdn-strapi.prod.99iddev.net/assets/194_lembaga_alkitab_indonesia_bible_center_lembaga_alkitab_indonesia_bible_center_20170523094607_62847_f93026a06c.jpg,,
lembaga-alkitab-indonesia-bible-center,Media Library/Office Venue/lembaga-alkitab-indonesia-bible-center,435,24,43,19,interior/194_lembaga-alkitab-indonesia-bible-center-lembaga-alkitab-indonesia-bible-center_20170523094615_95936.jpg,interior,194_lembaga-alkitab-indonesia-bible-center-lembaga-alkitab-indonesia-bible-center_20170523094615_95936.jpg,uploaded,56512,194_lembaga-alkitab-indonesia-bible-center-lembaga-alkitab-indonesia-bible-center_20170523094615_95936.jpg,https://cdn-strapi.prod.99iddev.net/assets/194_lembaga_alkitab_indonesia_bible_center_lembaga_alkitab_indonesia_bible_center_20170523094615_95936_d9124286ea.jpg,,
lembaga-alkitab-indonesia-bible-center,Media Library/Office Venue/lembaga-alkitab-indonesia-bible-center,435,24,43,19,interior/194_lembaga-alkitab-indonesia-bible-center-lembaga-alkitab-indonesia-bible-center_20170523094621_81278.jpg,interior,194_lembaga-alkitab-indonesia-bible-center-lembaga-alkitab-indonesia-bible-center_20170523094621_81278.jpg,uploaded,56513,194_lembaga-alkitab-indonesia-bible-center-lembaga-alkitab-indonesia-bible-center_20170523094621_81278.jpg,https://cdn-strapi.prod.99iddev.net/assets/194_lembaga_alkitab_indonesia_bible_center_lembaga_alkitab_indonesia_bible_center_20170523094621_81278_159ff851e4.jpg,,
lembaga-alkitab-indonesia-bible-center,Media Library/Office Venue/lembaga-alkitab-indonesia-bible-center,435,24,43,19,interior/194_lembaga-alkitab-indonesia-bible-center-lembaga-alkitab-indonesia-bible-center_20170523094628_48603.jpg,interior,194_lembaga-alkitab-indonesia-bible-center-lembaga-alkitab-indonesia-bible-center_20170523094628_48603.jpg,uploaded,56514,194_lembaga-alkitab-indonesia-bible-center-lembaga-alkitab-indonesia-bible-center_20170523094628_48603.jpg,https://cdn-strapi.prod.99iddev.net/assets/194_lembaga_alkitab_indonesia_bible_center_lembaga_alkitab_indonesia_bible_center_20170523094628_48603_c346baa2d9.jpg,,
lembaga-alkitab-indonesia-bible-center,Media Library/Office Venue/lembaga-alkitab-indonesia-bible-center,435,24,43,19,interior/194_lembaga-alkitab-indonesia-bible-center-lembaga-alkitab-indonesia-bible-center_20170523094633_32976.jpg,interior,194_lembaga-alkitab-indonesia-bible-center-lembaga-alkitab-indonesia-bible-center_20170523094633_32976.jpg,uploaded,56515,194_lembaga-alkitab-indonesia-bible-center-lembaga-alkitab-indonesia-bible-center_20170523094633_32976.jpg,https://cdn-strapi.prod.99iddev.net/assets/194_lembaga_alkitab_indonesia_bible_center_lembaga_alkitab_indonesia_bible_center_20170523094633_32976_78acf15e9d.jpg,,
lembaga-alkitab-indonesia-bible-center,Media Library/Office Venue/lembaga-alkitab-indonesia-bible-center,435,24,43,19,interior/194_lembaga-alkitab-indonesia-bible-center-lembaga-alkitab-indonesia-bible-center_20170523094641_25685.jpg,interior,194_lembaga-alkitab-indonesia-bible-center-lembaga-alkitab-indonesia-bible-center_20170523094641_25685.jpg,uploaded,56516,194_lembaga-alkitab-indonesia-bible-center-lembaga-alkitab-indonesia-bible-center_20170523094641_25685.jpg,https://cdn-strapi.prod.99iddev.net/assets/194_lembaga_alkitab_indonesia_bible_center_lembaga_alkitab_indonesia_bible_center_20170523094641_25685_a01dd7a6b4.jpg,,
mangkuluhur-tower,Media Library/Office Venue/mangkuluhur-tower,1006,16,32,16,exterior/337_mangkuluhur-tower-mangkuluhur-tower_20160914044138_96169.jpg,exterior,337_mangkuluhur-tower-mangkuluhur-tower_20160914044138_96169.jpg,uploaded,56517,337_mangkuluhur-tower-mangkuluhur-tower_20160914044138_96169.jpg,https://cdn-strapi.prod.99iddev.net/assets/337_mangkuluhur_tower_mangkuluhur_tower_20160914044138_96169_70bae66ac2.jpg,,
mangkuluhur-tower,Media Library/Office Venue/mangkuluhur-tower,1006,16,32,16,exterior/337_mangkuluhur-tower-mangkuluhur-tower_20160914044139_15308.jpg,exterior,337_mangkuluhur-tower-mangkuluhur-tower_20160914044139_15308.jpg,uploaded,56518,337_mangkuluhur-tower-mangkuluhur-tower_20160914044139_15308.jpg,https://cdn-strapi.prod.99iddev.net/assets/337_mangkuluhur_tower_mangkuluhur_tower_20160914044139_15308_5af3f48839.jpg,,
mangkuluhur-tower,Media Library/Office Venue/mangkuluhur-tower,1006,16,32,16,exterior/337_mangkuluhur-tower-mangkuluhur-tower_20180416031756_67015.jpg,exterior,337_mangkuluhur-tower-mangkuluhur-tower_20180416031756_67015.jpg,uploaded,56519,337_mangkuluhur-tower-mangkuluhur-tower_20180416031756_67015.jpg,https://cdn-strapi.prod.99iddev.net/assets/337_mangkuluhur_tower_mangkuluhur_tower_20180416031756_67015_fa3cc7329f.jpg,,
mangkuluhur-tower,Media Library/Office Venue/mangkuluhur-tower,1006,16,32,16,exterior/337_mangkuluhur-tower-mangkuluhur-tower_20180416031756_87261.jpg,exterior,337_mangkuluhur-tower-mangkuluhur-tower_20180416031756_87261.jpg,uploaded,56520,337_mangkuluhur-tower-mangkuluhur-tower_20180416031756_87261.jpg,https://cdn-strapi.prod.99iddev.net/assets/337_mangkuluhur_tower_mangkuluhur_tower_20180416031756_87261_d330cc4d99.jpg,,
mangkuluhur-tower,Media Library/Office Venue/mangkuluhur-tower,1006,16,32,16,exterior/337_mangkuluhur-tower-mangkuluhur-tower_20180416031757_42697.jpg,exterior,337_mangkuluhur-tower-mangkuluhur-tower_20180416031757_42697.jpg,uploaded,56521,337_mangkuluhur-tower-mangkuluhur-tower_20180416031757_42697.jpg,https://cdn-strapi.prod.99iddev.net/assets/337_mangkuluhur_tower_mangkuluhur_tower_20180416031757_42697_200f21a66c.jpg,,
mangkuluhur-tower,Media Library/Office Venue/mangkuluhur-tower,1006,16,32,16,exterior/337_mangkuluhur-tower-mangkuluhur-tower_20180416031757_70057.jpg,exterior,337_mangkuluhur-tower-mangkuluhur-tower_20180416031757_70057.jpg,uploaded,56522,337_mangkuluhur-tower-mangkuluhur-tower_20180416031757_70057.jpg,https://cdn-strapi.prod.99iddev.net/assets/337_mangkuluhur_tower_mangkuluhur_tower_20180416031757_70057_b9d54afd4b.jpg,,
mangkuluhur-tower,Media Library/Office Venue/mangkuluhur-tower,1006,16,32,16,exterior/337_mangkuluhur-tower-mangkuluhur-tower_20180416031758_18885.jpg,exterior,337_mangkuluhur-tower-mangkuluhur-tower_20180416031758_18885.jpg,uploaded,56523,337_mangkuluhur-tower-mangkuluhur-tower_20180416031758_18885.jpg,https://cdn-strapi.prod.99iddev.net/assets/337_mangkuluhur_tower_mangkuluhur_tower_20180416031758_18885_2feb611634.jpg,,
mangkuluhur-tower,Media Library/Office Venue/mangkuluhur-tower,1006,16,32,16,exterior/337_mangkuluhur-tower-mangkuluhur-tower_20180416031758_42371.jpg,exterior,337_mangkuluhur-tower-mangkuluhur-tower_20180416031758_42371.jpg,uploaded,56524,337_mangkuluhur-tower-mangkuluhur-tower_20180416031758_42371.jpg,https://cdn-strapi.prod.99iddev.net/assets/337_mangkuluhur_tower_mangkuluhur_tower_20180416031758_42371_e8ffcf3d74.jpg,,
mangkuluhur-tower,Media Library/Office Venue/mangkuluhur-tower,1006,16,32,16,exterior/337_mangkuluhur-tower-mangkuluhur-tower_20180416031759_24542.jpg,exterior,337_mangkuluhur-tower-mangkuluhur-tower_20180416031759_24542.jpg,uploaded,56525,337_mangkuluhur-tower-mangkuluhur-tower_20180416031759_24542.jpg,https://cdn-strapi.prod.99iddev.net/assets/337_mangkuluhur_tower_mangkuluhur_tower_20180416031759_24542_e6a5319afb.jpg,,
mangkuluhur-tower,Media Library/Office Venue/mangkuluhur-tower,1006,16,32,16,exterior/337_mangkuluhur-tower-mangkuluhur-tower_20180416031759_71627.jpg,exterior,337_mangkuluhur-tower-mangkuluhur-tower_20180416031759_71627.jpg,uploaded,56526,337_mangkuluhur-tower-mangkuluhur-tower_20180416031759_71627.jpg,https://cdn-strapi.prod.99iddev.net/assets/337_mangkuluhur_tower_mangkuluhur_tower_20180416031759_71627_b0419448e0.jpg,,
mangkuluhur-tower,Media Library/Office Venue/mangkuluhur-tower,1006,16,32,16,exterior/337_mangkuluhur-tower-mangkuluhur-tower_20180416031800_47330.jpg,exterior,337_mangkuluhur-tower-mangkuluhur-tower_20180416031800_47330.jpg,uploaded,56527,337_mangkuluhur-tower-mangkuluhur-tower_20180416031800_47330.jpg,https://cdn-strapi.prod.99iddev.net/assets/337_mangkuluhur_tower_mangkuluhur_tower_20180416031800_47330_49c380c8e4.jpg,,
mangkuluhur-tower,Media Library/Office Venue/mangkuluhur-tower,1006,16,32,16,exterior/337_mangkuluhur-tower-mangkuluhur-tower_20180416031800_63406.jpg,exterior,337_mangkuluhur-tower-mangkuluhur-tower_20180416031800_63406.jpg,uploaded,56528,337_mangkuluhur-tower-mangkuluhur-tower_20180416031800_63406.jpg,https://cdn-strapi.prod.99iddev.net/assets/337_mangkuluhur_tower_mangkuluhur_tower_20180416031800_63406_63f2597e4f.jpg,,
mangkuluhur-tower,Media Library/Office Venue/mangkuluhur-tower,1006,16,32,16,exterior/337_mangkuluhur-tower-mangkuluhur-tower_20180416031801_17654.jpg,exterior,337_mangkuluhur-tower-mangkuluhur-tower_20180416031801_17654.jpg,uploaded,56529,337_mangkuluhur-tower-mangkuluhur-tower_20180416031801_17654.jpg,https://cdn-strapi.prod.99iddev.net/assets/337_mangkuluhur_tower_mangkuluhur_tower_20180416031801_17654_f432ff35d7.jpg,,
mangkuluhur-tower,Media Library/Office Venue/mangkuluhur-tower,1006,16,32,16,floorplan/337_mangkuluhur-tower-mangkuluhur-tower_20170222074057_29483.jpg,floorplan,337_mangkuluhur-tower-mangkuluhur-tower_20170222074057_29483.jpg,uploaded,56530,337_mangkuluhur-tower-mangkuluhur-tower_20170222074057_29483.jpg,https://cdn-strapi.prod.99iddev.net/assets/337_mangkuluhur_tower_mangkuluhur_tower_20170222074057_29483_9f58b1a98e.jpg,,
mangkuluhur-tower,Media Library/Office Venue/mangkuluhur-tower,1006,16,32,16,floorplan/337_mangkuluhur-tower-mangkuluhur-tower_20170222074058_56900.jpg,floorplan,337_mangkuluhur-tower-mangkuluhur-tower_20170222074058_56900.jpg,uploaded,56531,337_mangkuluhur-tower-mangkuluhur-tower_20170222074058_56900.jpg,https://cdn-strapi.prod.99iddev.net/assets/337_mangkuluhur_tower_mangkuluhur_tower_20170222074058_56900_586d46c775.jpg,,
mangkuluhur-tower,Media Library/Office Venue/mangkuluhur-tower,1006,16,32,16,floorplan/337_mangkuluhur-tower-mangkuluhur-tower_20170222074058_75670.jpg,floorplan,337_mangkuluhur-tower-mangkuluhur-tower_20170222074058_75670.jpg,uploaded,56532,337_mangkuluhur-tower-mangkuluhur-tower_20170222074058_75670.jpg,https://cdn-strapi.prod.99iddev.net/assets/337_mangkuluhur_tower_mangkuluhur_tower_20170222074058_75670_54916d4168.jpg,,
manhattan-square-tower-1,Media Library/Office Venue/manhattan-square-tower-1,950,9,16,7,exterior/215_manhattan-square-manhattan-square-tower-1_20160914044139_70087.jpg,exterior,215_manhattan-square-manhattan-square-tower-1_20160914044139_70087.jpg,uploaded,56533,215_manhattan-square-manhattan-square-tower-1_20160914044139_70087.jpg,https://cdn-strapi.prod.99iddev.net/assets/215_manhattan_square_manhattan_square_tower_1_20160914044139_70087_b748cacb8a.jpg,,
manhattan-square-tower-1,Media Library/Office Venue/manhattan-square-tower-1,950,9,16,7,exterior/215_manhattan-square-manhattan-square-tower-1_20160914044139_86578.jpg,exterior,215_manhattan-square-manhattan-square-tower-1_20160914044139_86578.jpg,uploaded,56534,215_manhattan-square-manhattan-square-tower-1_20160914044139_86578.jpg,https://cdn-strapi.prod.99iddev.net/assets/215_manhattan_square_manhattan_square_tower_1_20160914044139_86578_a1ac06d427.jpg,,
manhattan-square-tower-1,Media Library/Office Venue/manhattan-square-tower-1,950,9,16,7,exterior/215_manhattan-square-manhattan-square-tower-1_20160914044140_41658.jpg,exterior,215_manhattan-square-manhattan-square-tower-1_20160914044140_41658.jpg,uploaded,56535,215_manhattan-square-manhattan-square-tower-1_20160914044140_41658.jpg,https://cdn-strapi.prod.99iddev.net/assets/215_manhattan_square_manhattan_square_tower_1_20160914044140_41658_afc0162538.jpg,,
manhattan-square-tower-1,Media Library/Office Venue/manhattan-square-tower-1,950,9,16,7,exterior/215_manhattan-square-manhattan-square-tower-1_20160914044140_54220.jpg,exterior,215_manhattan-square-manhattan-square-tower-1_20160914044140_54220.jpg,uploaded,56536,215_manhattan-square-manhattan-square-tower-1_20160914044140_54220.jpg,https://cdn-strapi.prod.99iddev.net/assets/215_manhattan_square_manhattan_square_tower_1_20160914044140_54220_885c8e5309.jpg,,
manhattan-square-tower-1,Media Library/Office Venue/manhattan-square-tower-1,950,9,16,7,exterior/215_manhattan-square-manhattan-square-tower-1_20160914044140_74554.jpg,exterior,215_manhattan-square-manhattan-square-tower-1_20160914044140_74554.jpg,uploaded,56537,215_manhattan-square-manhattan-square-tower-1_20160914044140_74554.jpg,https://cdn-strapi.prod.99iddev.net/assets/215_manhattan_square_manhattan_square_tower_1_20160914044140_74554_bcfeb78447.jpg,,
manhattan-square-tower-1,Media Library/Office Venue/manhattan-square-tower-1,950,9,16,7,exterior/215_manhattan-square-manhattan-square-tower-1_20160914044141_75869.jpg,exterior,215_manhattan-square-manhattan-square-tower-1_20160914044141_75869.jpg,uploaded,56538,215_manhattan-square-manhattan-square-tower-1_20160914044141_75869.jpg,https://cdn-strapi.prod.99iddev.net/assets/215_manhattan_square_manhattan_square_tower_1_20160914044141_75869_93b84fccfb.jpg,,
manhattan-square-tower-1,Media Library/Office Venue/manhattan-square-tower-1,950,9,16,7,exterior/215_manhattan-square-manhattan-square-tower-1_20160914044141_81290.jpg,exterior,215_manhattan-square-manhattan-square-tower-1_20160914044141_81290.jpg,uploaded,56539,215_manhattan-square-manhattan-square-tower-1_20160914044141_81290.jpg,https://cdn-strapi.prod.99iddev.net/assets/215_manhattan_square_manhattan_square_tower_1_20160914044141_81290_7836feee1d.jpg,,
menara-binakarsa-ex-graha-binakarsa,Media Library/Office Venue/menara-binakarsa-ex-graha-binakarsa,480,4,5,1,exterior/307_menara-binakarsa-ex-graha-binakarsa-menara-binakarsa-ex-graha-binakarsa_20200722170405_82890.jpg,exterior,307_menara-binakarsa-ex-graha-binakarsa-menara-binakarsa-ex-graha-binakarsa_20200722170405_82890.jpg,uploaded,56540,307_menara-binakarsa-ex-graha-binakarsa-menara-binakarsa-ex-graha-binakarsa_20200722170405_82890.jpg,https://cdn-strapi.prod.99iddev.net/assets/307_menara_binakarsa_ex_graha_binakarsa_menara_binakarsa_ex_graha_binakarsa_20200722170405_82890_724301886b.jpg,,
menara-btpn,Media Library/Office Venue/menara-btpn,932,23,46,23,exterior/69_menara-btpn-menara-btpn_20160914044201_71711.jpg,exterior,69_menara-btpn-menara-btpn_20160914044201_71711.jpg,uploaded,56541,69_menara-btpn-menara-btpn_20160914044201_71711.jpg,https://cdn-strapi.prod.99iddev.net/assets/69_menara_btpn_menara_btpn_20160914044201_71711_e3a73cc500.jpg,,
menara-btpn,Media Library/Office Venue/menara-btpn,932,23,46,23,exterior/69_menara-btpn-menara-btpn_20160914044202_21613.jpg,exterior,69_menara-btpn-menara-btpn_20160914044202_21613.jpg,uploaded,56542,69_menara-btpn-menara-btpn_20160914044202_21613.jpg,https://cdn-strapi.prod.99iddev.net/assets/69_menara_btpn_menara_btpn_20160914044202_21613_9368a12f4e.jpg,,
menara-btpn,Media Library/Office Venue/menara-btpn,932,23,46,23,exterior/69_menara-btpn-menara-btpn_20160914044203_40172.jpg,exterior,69_menara-btpn-menara-btpn_20160914044203_40172.jpg,uploaded,56543,69_menara-btpn-menara-btpn_20160914044203_40172.jpg,https://cdn-strapi.prod.99iddev.net/assets/69_menara_btpn_menara_btpn_20160914044203_40172_3aa8a01de8.jpg,,
menara-btpn,Media Library/Office Venue/menara-btpn,932,23,46,23,exterior/69_menara-btpn-menara-btpn_20160914044204_91132.jpg,exterior,69_menara-btpn-menara-btpn_20160914044204_91132.jpg,uploaded,56544,69_menara-btpn-menara-btpn_20160914044204_91132.jpg,https://cdn-strapi.prod.99iddev.net/assets/69_menara_btpn_menara_btpn_20160914044204_91132_a708242f75.jpg,,
menara-btpn,Media Library/Office Venue/menara-btpn,932,23,46,23,floorplan/69_menara-btpn-menara-btpn_20170316041416_34241.jpg,floorplan,69_menara-btpn-menara-btpn_20170316041416_34241.jpg,uploaded,56545,69_menara-btpn-menara-btpn_20170316041416_34241.jpg,https://cdn-strapi.prod.99iddev.net/assets/69_menara_btpn_menara_btpn_20170316041416_34241_3f60e0530d.jpg,,
menara-btpn,Media Library/Office Venue/menara-btpn,932,23,46,23,floorplan/69_menara-btpn-menara-btpn_20170316041417_32838.jpg,floorplan,69_menara-btpn-menara-btpn_20170316041417_32838.jpg,uploaded,56546,69_menara-btpn-menara-btpn_20170316041417_32838.jpg,https://cdn-strapi.prod.99iddev.net/assets/69_menara_btpn_menara_btpn_20170316041417_32838_bade572946.jpg,,
menara-btpn,Media Library/Office Venue/menara-btpn,932,23,46,23,floorplan/69_menara-btpn-menara-btpn_20170316041418_44214.jpg,floorplan,69_menara-btpn-menara-btpn_20170316041418_44214.jpg,uploaded,56547,69_menara-btpn-menara-btpn_20170316041418_44214.jpg,https://cdn-strapi.prod.99iddev.net/assets/69_menara_btpn_menara_btpn_20170316041418_44214_07bc340139.jpg,,
menara-btpn,Media Library/Office Venue/menara-btpn,932,23,46,23,interior/69_menara-btpn-menara-btpn_20170331101532_21455.jpg,interior,69_menara-btpn-menara-btpn_20170331101532_21455.jpg,uploaded,56548,69_menara-btpn-menara-btpn_20170331101532_21455.jpg,https://cdn-strapi.prod.99iddev.net/assets/69_menara_btpn_menara_btpn_20170331101532_21455_e976abb248.jpg,,
menara-btpn,Media Library/Office Venue/menara-btpn,932,23,46,23,interior/69_menara-btpn-menara-btpn_20170331101533_13731.jpg,interior,69_menara-btpn-menara-btpn_20170331101533_13731.jpg,uploaded,56549,69_menara-btpn-menara-btpn_20170331101533_13731.jpg,https://cdn-strapi.prod.99iddev.net/assets/69_menara_btpn_menara_btpn_20170331101533_13731_7a42f2019d.jpg,,
menara-btpn,Media Library/Office Venue/menara-btpn,932,23,46,23,interior/69_menara-btpn-menara-btpn_20170331101533_64073.jpg,interior,69_menara-btpn-menara-btpn_20170331101533_64073.jpg,uploaded,56550,69_menara-btpn-menara-btpn_20170331101533_64073.jpg,https://cdn-strapi.prod.99iddev.net/assets/69_menara_btpn_menara_btpn_20170331101533_64073_7096dd7966.jpg,,
menara-btpn,Media Library/Office Venue/menara-btpn,932,23,46,23,interior/69_menara-btpn-menara-btpn_20170331101534_44031.jpg,interior,69_menara-btpn-menara-btpn_20170331101534_44031.jpg,uploaded,56551,69_menara-btpn-menara-btpn_20170331101534_44031.jpg,https://cdn-strapi.prod.99iddev.net/assets/69_menara_btpn_menara_btpn_20170331101534_44031_86ae45fa8f.jpg,,
menara-btpn,Media Library/Office Venue/menara-btpn,932,23,46,23,interior/69_menara-btpn-menara-btpn_20170331101534_86438.jpg,interior,69_menara-btpn-menara-btpn_20170331101534_86438.jpg,uploaded,56552,69_menara-btpn-menara-btpn_20170331101534_86438.jpg,https://cdn-strapi.prod.99iddev.net/assets/69_menara_btpn_menara_btpn_20170331101534_86438_066ff27e26.jpg,,
menara-btpn,Media Library/Office Venue/menara-btpn,932,23,46,23,interior/69_menara-btpn-menara-btpn_20170331101535_56005.jpg,interior,69_menara-btpn-menara-btpn_20170331101535_56005.jpg,uploaded,56553,69_menara-btpn-menara-btpn_20170331101535_56005.jpg,https://cdn-strapi.prod.99iddev.net/assets/69_menara_btpn_menara_btpn_20170331101535_56005_dc8ef42a9f.jpg,,
menara-btpn,Media Library/Office Venue/menara-btpn,932,23,46,23,interior/69_menara-btpn-menara-btpn_20170331101535_56881.jpg,interior,69_menara-btpn-menara-btpn_20170331101535_56881.jpg,uploaded,56554,69_menara-btpn-menara-btpn_20170331101535_56881.jpg,https://cdn-strapi.prod.99iddev.net/assets/69_menara_btpn_menara_btpn_20170331101535_56881_1b2f142cb9.jpg,,
menara-btpn,Media Library/Office Venue/menara-btpn,932,23,46,23,interior/69_menara-btpn-menara-btpn_20170331101535_72029.jpg,interior,69_menara-btpn-menara-btpn_20170331101535_72029.jpg,uploaded,56555,69_menara-btpn-menara-btpn_20170331101535_72029.jpg,https://cdn-strapi.prod.99iddev.net/assets/69_menara_btpn_menara_btpn_20170331101535_72029_677e4aff59.jpg,,
menara-btpn,Media Library/Office Venue/menara-btpn,932,23,46,23,interior/69_menara-btpn-menara-btpn_20170331101535_99341.jpg,interior,69_menara-btpn-menara-btpn_20170331101535_99341.jpg,uploaded,56556,69_menara-btpn-menara-btpn_20170331101535_99341.jpg,https://cdn-strapi.prod.99iddev.net/assets/69_menara_btpn_menara_btpn_20170331101535_99341_05f25c8cd2.jpg,,
menara-btpn,Media Library/Office Venue/menara-btpn,932,23,46,23,interior/69_menara-btpn-menara-btpn_20170331101536_18268.jpg,interior,69_menara-btpn-menara-btpn_20170331101536_18268.jpg,uploaded,56557,69_menara-btpn-menara-btpn_20170331101536_18268.jpg,https://cdn-strapi.prod.99iddev.net/assets/69_menara_btpn_menara_btpn_20170331101536_18268_8435be3405.jpg,,
menara-btpn,Media Library/Office Venue/menara-btpn,932,23,46,23,interior/69_menara-btpn-menara-btpn_20170331101536_91204.jpg,interior,69_menara-btpn-menara-btpn_20170331101536_91204.jpg,uploaded,56558,69_menara-btpn-menara-btpn_20170331101536_91204.jpg,https://cdn-strapi.prod.99iddev.net/assets/69_menara_btpn_menara_btpn_20170331101536_91204_74fc9914a9.jpg,,
menara-btpn,Media Library/Office Venue/menara-btpn,932,23,46,23,interior/69_menara-btpn-menara-btpn_20170411092946_35061.jpg,interior,69_menara-btpn-menara-btpn_20170411092946_35061.jpg,uploaded,56559,69_menara-btpn-menara-btpn_20170411092946_35061.jpg,https://cdn-strapi.prod.99iddev.net/assets/69_menara_btpn_menara_btpn_20170411092946_35061_1f2a77a47c.jpg,,
menara-btpn,Media Library/Office Venue/menara-btpn,932,23,46,23,interior/69_menara-btpn-menara-btpn_20170411092953_72176.jpg,interior,69_menara-btpn-menara-btpn_20170411092953_72176.jpg,uploaded,56560,69_menara-btpn-menara-btpn_20170411092953_72176.jpg,https://cdn-strapi.prod.99iddev.net/assets/69_menara_btpn_menara_btpn_20170411092953_72176_7019690d3e.jpg,,
menara-btpn,Media Library/Office Venue/menara-btpn,932,23,46,23,interior/69_menara-btpn-menara-btpn_20170411093000_96527.jpg,interior,69_menara-btpn-menara-btpn_20170411093000_96527.jpg,uploaded,56561,69_menara-btpn-menara-btpn_20170411093000_96527.jpg,https://cdn-strapi.prod.99iddev.net/assets/69_menara_btpn_menara_btpn_20170411093000_96527_8d01fc8351.jpg,,
menara-btpn,Media Library/Office Venue/menara-btpn,932,23,46,23,interior/69_menara-btpn-menara-btpn_20170411093014_41193.jpg,interior,69_menara-btpn-menara-btpn_20170411093014_41193.jpg,uploaded,56562,69_menara-btpn-menara-btpn_20170411093014_41193.jpg,https://cdn-strapi.prod.99iddev.net/assets/69_menara_btpn_menara_btpn_20170411093014_41193_ab6bc36d07.jpg,,
menara-btpn,Media Library/Office Venue/menara-btpn,932,23,46,23,interior/69_menara-btpn-menara-btpn_20170411093025_92281.jpg,interior,69_menara-btpn-menara-btpn_20170411093025_92281.jpg,uploaded,56563,69_menara-btpn-menara-btpn_20170411093025_92281.jpg,https://cdn-strapi.prod.99iddev.net/assets/69_menara_btpn_menara_btpn_20170411093025_92281_9c32ff4172.jpg,,
menara-citibank-pondok-indah,Media Library/Office Venue/menara-citibank-pondok-indah,899,22,44,22,exterior/217_menara-citibank-pondok-indah-menara-citibank-pondok-indah_20170125085017_49275.jpg,exterior,217_menara-citibank-pondok-indah-menara-citibank-pondok-indah_20170125085017_49275.jpg,uploaded,56564,217_menara-citibank-pondok-indah-menara-citibank-pondok-indah_20170125085017_49275.jpg,https://cdn-strapi.prod.99iddev.net/assets/217_menara_citibank_pondok_indah_menara_citibank_pondok_indah_20170125085017_49275_1424dee948.jpg,,
menara-citibank-pondok-indah,Media Library/Office Venue/menara-citibank-pondok-indah,899,22,44,22,exterior/217_menara-citibank-pondok-indah-menara-citibank-pondok-indah_20170125085018_76846.jpg,exterior,217_menara-citibank-pondok-indah-menara-citibank-pondok-indah_20170125085018_76846.jpg,uploaded,56565,217_menara-citibank-pondok-indah-menara-citibank-pondok-indah_20170125085018_76846.jpg,https://cdn-strapi.prod.99iddev.net/assets/217_menara_citibank_pondok_indah_menara_citibank_pondok_indah_20170125085018_76846_7fb040cecc.jpg,,
menara-citibank-pondok-indah,Media Library/Office Venue/menara-citibank-pondok-indah,899,22,44,22,exterior/217_menara-citibank-pondok-indah-menara-citibank-pondok-indah_20170125085019_22426.jpg,exterior,217_menara-citibank-pondok-indah-menara-citibank-pondok-indah_20170125085019_22426.jpg,uploaded,56566,217_menara-citibank-pondok-indah-menara-citibank-pondok-indah_20170125085019_22426.jpg,https://cdn-strapi.prod.99iddev.net/assets/217_menara_citibank_pondok_indah_menara_citibank_pondok_indah_20170125085019_22426_68732817e1.jpg,,
menara-citibank-pondok-indah,Media Library/Office Venue/menara-citibank-pondok-indah,899,22,44,22,exterior/217_menara-citibank-pondok-indah-menara-citibank-pondok-indah_20170125085019_92993.jpg,exterior,217_menara-citibank-pondok-indah-menara-citibank-pondok-indah_20170125085019_92993.jpg,uploaded,56567,217_menara-citibank-pondok-indah-menara-citibank-pondok-indah_20170125085019_92993.jpg,https://cdn-strapi.prod.99iddev.net/assets/217_menara_citibank_pondok_indah_menara_citibank_pondok_indah_20170125085019_92993_29bb8db52b.jpg,,
menara-citibank-pondok-indah,Media Library/Office Venue/menara-citibank-pondok-indah,899,22,44,22,exterior/217_menara-citibank-pondok-indah-menara-citibank-pondok-indah_20170512044741_67490.jpg,exterior,217_menara-citibank-pondok-indah-menara-citibank-pondok-indah_20170512044741_67490.jpg,uploaded,56568,217_menara-citibank-pondok-indah-menara-citibank-pondok-indah_20170512044741_67490.jpg,https://cdn-strapi.prod.99iddev.net/assets/217_menara_citibank_pondok_indah_menara_citibank_pondok_indah_20170512044741_67490_261325bb40.jpg,,
menara-citibank-pondok-indah,Media Library/Office Venue/menara-citibank-pondok-indah,899,22,44,22,interior/217_menara-citibank-pondok-indah-menara-citibank-pondok-indah_20180105102118_79071.jpg,interior,217_menara-citibank-pondok-indah-menara-citibank-pondok-indah_20180105102118_79071.jpg,uploaded,56569,217_menara-citibank-pondok-indah-menara-citibank-pondok-indah_20180105102118_79071.jpg,https://cdn-strapi.prod.99iddev.net/assets/217_menara_citibank_pondok_indah_menara_citibank_pondok_indah_20180105102118_79071_2015366324.jpg,,
menara-citibank-pondok-indah,Media Library/Office Venue/menara-citibank-pondok-indah,899,22,44,22,interior/217_menara-citibank-pondok-indah-menara-citibank-pondok-indah_20180105102120_13959.jpg,interior,217_menara-citibank-pondok-indah-menara-citibank-pondok-indah_20180105102120_13959.jpg,uploaded,56570,217_menara-citibank-pondok-indah-menara-citibank-pondok-indah_20180105102120_13959.jpg,https://cdn-strapi.prod.99iddev.net/assets/217_menara_citibank_pondok_indah_menara_citibank_pondok_indah_20180105102120_13959_67fefecc24.jpg,,
menara-citibank-pondok-indah,Media Library/Office Venue/menara-citibank-pondok-indah,899,22,44,22,interior/217_menara-citibank-pondok-indah-menara-citibank-pondok-indah_20180105102123_55531.jpg,interior,217_menara-citibank-pondok-indah-menara-citibank-pondok-indah_20180105102123_55531.jpg,uploaded,56571,217_menara-citibank-pondok-indah-menara-citibank-pondok-indah_20180105102123_55531.jpg,https://cdn-strapi.prod.99iddev.net/assets/217_menara_citibank_pondok_indah_menara_citibank_pondok_indah_20180105102123_55531_357ade7a0b.jpg,,
menara-citibank-pondok-indah,Media Library/Office Venue/menara-citibank-pondok-indah,899,22,44,22,interior/217_menara-citibank-pondok-indah-menara-citibank-pondok-indah_20180105102126_41667.jpg,interior,217_menara-citibank-pondok-indah-menara-citibank-pondok-indah_20180105102126_41667.jpg,uploaded,56572,217_menara-citibank-pondok-indah-menara-citibank-pondok-indah_20180105102126_41667.jpg,https://cdn-strapi.prod.99iddev.net/assets/217_menara_citibank_pondok_indah_menara_citibank_pondok_indah_20180105102126_41667_20fe01907d.jpg,,
menara-citibank-pondok-indah,Media Library/Office Venue/menara-citibank-pondok-indah,899,22,44,22,interior/217_menara-citibank-pondok-indah-menara-citibank-pondok-indah_20180105102128_57129.jpg,interior,217_menara-citibank-pondok-indah-menara-citibank-pondok-indah_20180105102128_57129.jpg,uploaded,56573,217_menara-citibank-pondok-indah-menara-citibank-pondok-indah_20180105102128_57129.jpg,https://cdn-strapi.prod.99iddev.net/assets/217_menara_citibank_pondok_indah_menara_citibank_pondok_indah_20180105102128_57129_95d80eb8ae.jpg,,
menara-citibank-pondok-indah,Media Library/Office Venue/menara-citibank-pondok-indah,899,22,44,22,interior/217_menara-citibank-pondok-indah-menara-citibank-pondok-indah_20180105102130_51602.jpg,interior,217_menara-citibank-pondok-indah-menara-citibank-pondok-indah_20180105102130_51602.jpg,uploaded,56574,217_menara-citibank-pondok-indah-menara-citibank-pondok-indah_20180105102130_51602.jpg,https://cdn-strapi.prod.99iddev.net/assets/217_menara_citibank_pondok_indah_menara_citibank_pondok_indah_20180105102130_51602_04c98640aa.jpg,,
menara-citibank-pondok-indah,Media Library/Office Venue/menara-citibank-pondok-indah,899,22,44,22,interior/217_menara-citibank-pondok-indah-menara-citibank-pondok-indah_20180105102132_53348.jpg,interior,217_menara-citibank-pondok-indah-menara-citibank-pondok-indah_20180105102132_53348.jpg,uploaded,56575,217_menara-citibank-pondok-indah-menara-citibank-pondok-indah_20180105102132_53348.jpg,https://cdn-strapi.prod.99iddev.net/assets/217_menara_citibank_pondok_indah_menara_citibank_pondok_indah_20180105102132_53348_7537ea703b.jpg,,
menara-citibank-pondok-indah,Media Library/Office Venue/menara-citibank-pondok-indah,899,22,44,22,interior/217_menara-citibank-pondok-indah-menara-citibank-pondok-indah_20180105102134_44134.jpg,interior,217_menara-citibank-pondok-indah-menara-citibank-pondok-indah_20180105102134_44134.jpg,uploaded,56576,217_menara-citibank-pondok-indah-menara-citibank-pondok-indah_20180105102134_44134.jpg,https://cdn-strapi.prod.99iddev.net/assets/217_menara_citibank_pondok_indah_menara_citibank_pondok_indah_20180105102134_44134_e99442d128.jpg,,
menara-citibank-pondok-indah,Media Library/Office Venue/menara-citibank-pondok-indah,899,22,44,22,interior/217_menara-citibank-pondok-indah-menara-citibank-pondok-indah_20180105102136_99777.jpg,interior,217_menara-citibank-pondok-indah-menara-citibank-pondok-indah_20180105102136_99777.jpg,uploaded,56577,217_menara-citibank-pondok-indah-menara-citibank-pondok-indah_20180105102136_99777.jpg,https://cdn-strapi.prod.99iddev.net/assets/217_menara_citibank_pondok_indah_menara_citibank_pondok_indah_20180105102136_99777_88b69d8eb6.jpg,,
menara-citibank-pondok-indah,Media Library/Office Venue/menara-citibank-pondok-indah,899,22,44,22,interior/217_menara-citibank-pondok-indah-menara-citibank-pondok-indah_20180105102138_22776.jpg,interior,217_menara-citibank-pondok-indah-menara-citibank-pondok-indah_20180105102138_22776.jpg,uploaded,56578,217_menara-citibank-pondok-indah-menara-citibank-pondok-indah_20180105102138_22776.jpg,https://cdn-strapi.prod.99iddev.net/assets/217_menara_citibank_pondok_indah_menara_citibank_pondok_indah_20180105102138_22776_53a680c204.jpg,,
menara-citibank-pondok-indah,Media Library/Office Venue/menara-citibank-pondok-indah,899,22,44,22,interior/217_menara-citibank-pondok-indah-menara-citibank-pondok-indah_20180105102140_34116.jpg,interior,217_menara-citibank-pondok-indah-menara-citibank-pondok-indah_20180105102140_34116.jpg,uploaded,56579,217_menara-citibank-pondok-indah-menara-citibank-pondok-indah_20180105102140_34116.jpg,https://cdn-strapi.prod.99iddev.net/assets/217_menara_citibank_pondok_indah_menara_citibank_pondok_indah_20180105102140_34116_87bb6c86f2.jpg,,
menara-citibank-pondok-indah,Media Library/Office Venue/menara-citibank-pondok-indah,899,22,44,22,interior/217_menara-citibank-pondok-indah-menara-citibank-pondok-indah_20180105102143_94246.jpg,interior,217_menara-citibank-pondok-indah-menara-citibank-pondok-indah_20180105102143_94246.jpg,uploaded,56580,217_menara-citibank-pondok-indah-menara-citibank-pondok-indah_20180105102143_94246.jpg,https://cdn-strapi.prod.99iddev.net/assets/217_menara_citibank_pondok_indah_menara_citibank_pondok_indah_20180105102143_94246_574796d472.jpg,,
menara-citibank-pondok-indah,Media Library/Office Venue/menara-citibank-pondok-indah,899,22,44,22,interior/217_menara-citibank-pondok-indah-menara-citibank-pondok-indah_20180105102154_31996.jpg,interior,217_menara-citibank-pondok-indah-menara-citibank-pondok-indah_20180105102154_31996.jpg,uploaded,56581,217_menara-citibank-pondok-indah-menara-citibank-pondok-indah_20180105102154_31996.jpg,https://cdn-strapi.prod.99iddev.net/assets/217_menara_citibank_pondok_indah_menara_citibank_pondok_indah_20180105102154_31996_ea4f50d002.jpg,,
menara-citibank-pondok-indah,Media Library/Office Venue/menara-citibank-pondok-indah,899,22,44,22,interior/217_menara-citibank-pondok-indah-menara-citibank-pondok-indah_20180105102156_79603.jpg,interior,217_menara-citibank-pondok-indah-menara-citibank-pondok-indah_20180105102156_79603.jpg,uploaded,56582,217_menara-citibank-pondok-indah-menara-citibank-pondok-indah_20180105102156_79603.jpg,https://cdn-strapi.prod.99iddev.net/assets/217_menara_citibank_pondok_indah_menara_citibank_pondok_indah_20180105102156_79603_31392699bf.jpg,,
menara-citibank-pondok-indah,Media Library/Office Venue/menara-citibank-pondok-indah,899,22,44,22,interior/217_menara-citibank-pondok-indah-menara-citibank-pondok-indah_20180105102158_80770.jpg,interior,217_menara-citibank-pondok-indah-menara-citibank-pondok-indah_20180105102158_80770.jpg,uploaded,56583,217_menara-citibank-pondok-indah-menara-citibank-pondok-indah_20180105102158_80770.jpg,https://cdn-strapi.prod.99iddev.net/assets/217_menara_citibank_pondok_indah_menara_citibank_pondok_indah_20180105102158_80770_247ad98fde.jpg,,
menara-citibank-pondok-indah,Media Library/Office Venue/menara-citibank-pondok-indah,899,22,44,22,interior/217_menara-citibank-pondok-indah-menara-citibank-pondok-indah_20180201101543_17589.jpg,interior,217_menara-citibank-pondok-indah-menara-citibank-pondok-indah_20180201101543_17589.jpg,uploaded,56584,217_menara-citibank-pondok-indah-menara-citibank-pondok-indah_20180201101543_17589.jpg,https://cdn-strapi.prod.99iddev.net/assets/217_menara_citibank_pondok_indah_menara_citibank_pondok_indah_20180201101543_17589_41a06dd68e.jpg,,
menara-citibank-pondok-indah,Media Library/Office Venue/menara-citibank-pondok-indah,899,22,44,22,interior/217_menara-citibank-pondok-indah-menara-citibank-pondok-indah_20180201101547_77964.jpg,interior,217_menara-citibank-pondok-indah-menara-citibank-pondok-indah_20180201101547_77964.jpg,uploaded,56585,217_menara-citibank-pondok-indah-menara-citibank-pondok-indah_20180201101547_77964.jpg,https://cdn-strapi.prod.99iddev.net/assets/217_menara_citibank_pondok_indah_menara_citibank_pondok_indah_20180201101547_77964_ba66dc873d.jpg,,
menara-citicon,Media Library/Office Venue/menara-citicon,490,28,45,17,exterior/173_menara-citicon-menara-citicon_20170214043444_85291.jpg,exterior,173_menara-citicon-menara-citicon_20170214043444_85291.jpg,uploaded,56586,173_menara-citicon-menara-citicon_20170214043444_85291.jpg,https://cdn-strapi.prod.99iddev.net/assets/173_menara_citicon_menara_citicon_20170214043444_85291_391ec98369.jpg,,
menara-citicon,Media Library/Office Venue/menara-citicon,490,28,45,17,interior/173_menara-citicon-menara-citicon_20170214043001_42721.jpg,interior,173_menara-citicon-menara-citicon_20170214043001_42721.jpg,uploaded,56587,173_menara-citicon-menara-citicon_20170214043001_42721.jpg,https://cdn-strapi.prod.99iddev.net/assets/173_menara_citicon_menara_citicon_20170214043001_42721_333ecfebe2.jpg,,
menara-citicon,Media Library/Office Venue/menara-citicon,490,28,45,17,interior/173_menara-citicon-menara-citicon_20170214043002_31366.jpg,interior,173_menara-citicon-menara-citicon_20170214043002_31366.jpg,uploaded,56588,173_menara-citicon-menara-citicon_20170214043002_31366.jpg,https://cdn-strapi.prod.99iddev.net/assets/173_menara_citicon_menara_citicon_20170214043002_31366_570b28d97c.jpg,,
menara-citicon,Media Library/Office Venue/menara-citicon,490,28,45,17,interior/173_menara-citicon-menara-citicon_20170214043003_32501.jpg,interior,173_menara-citicon-menara-citicon_20170214043003_32501.jpg,uploaded,56589,173_menara-citicon-menara-citicon_20170214043003_32501.jpg,https://cdn-strapi.prod.99iddev.net/assets/173_menara_citicon_menara_citicon_20170214043003_32501_00cfe49036.jpg,,
menara-citicon,Media Library/Office Venue/menara-citicon,490,28,45,17,interior/173_menara-citicon-menara-citicon_20170214043003_99301.jpg,interior,173_menara-citicon-menara-citicon_20170214043003_99301.jpg,uploaded,56590,173_menara-citicon-menara-citicon_20170214043003_99301.jpg,https://cdn-strapi.prod.99iddev.net/assets/173_menara_citicon_menara_citicon_20170214043003_99301_61505717be.jpg,,
menara-citicon,Media Library/Office Venue/menara-citicon,490,28,45,17,interior/173_menara-citicon-menara-citicon_20170214043004_39095.jpg,interior,173_menara-citicon-menara-citicon_20170214043004_39095.jpg,uploaded,56591,173_menara-citicon-menara-citicon_20170214043004_39095.jpg,https://cdn-strapi.prod.99iddev.net/assets/173_menara_citicon_menara_citicon_20170214043004_39095_4057d37183.jpg,,
menara-citicon,Media Library/Office Venue/menara-citicon,490,28,45,17,interior/173_menara-citicon-menara-citicon_20170214043004_94967.jpg,interior,173_menara-citicon-menara-citicon_20170214043004_94967.jpg,uploaded,56592,173_menara-citicon-menara-citicon_20170214043004_94967.jpg,https://cdn-strapi.prod.99iddev.net/assets/173_menara_citicon_menara_citicon_20170214043004_94967_11782122cb.jpg,,
menara-citicon,Media Library/Office Venue/menara-citicon,490,28,45,17,interior/173_menara-citicon-menara-citicon_20170214043005_45832.jpg,interior,173_menara-citicon-menara-citicon_20170214043005_45832.jpg,uploaded,56593,173_menara-citicon-menara-citicon_20170214043005_45832.jpg,https://cdn-strapi.prod.99iddev.net/assets/173_menara_citicon_menara_citicon_20170214043005_45832_b09db65fc6.jpg,,
menara-citicon,Media Library/Office Venue/menara-citicon,490,28,45,17,interior/173_menara-citicon-menara-citicon_20170214043005_57608.jpg,interior,173_menara-citicon-menara-citicon_20170214043005_57608.jpg,uploaded,56594,173_menara-citicon-menara-citicon_20170214043005_57608.jpg,https://cdn-strapi.prod.99iddev.net/assets/173_menara_citicon_menara_citicon_20170214043005_57608_d3af2215de.jpg,,
menara-citicon,Media Library/Office Venue/menara-citicon,490,28,45,17,interior/173_menara-citicon-menara-citicon_20170214043005_74787.jpg,interior,173_menara-citicon-menara-citicon_20170214043005_74787.jpg,uploaded,56595,173_menara-citicon-menara-citicon_20170214043005_74787.jpg,https://cdn-strapi.prod.99iddev.net/assets/173_menara_citicon_menara_citicon_20170214043005_74787_0d11518f14.jpg,,
menara-citicon,Media Library/Office Venue/menara-citicon,490,28,45,17,interior/173_menara-citicon-menara-citicon_20170214043006_15814.jpg,interior,173_menara-citicon-menara-citicon_20170214043006_15814.jpg,uploaded,56596,173_menara-citicon-menara-citicon_20170214043006_15814.jpg,https://cdn-strapi.prod.99iddev.net/assets/173_menara_citicon_menara_citicon_20170214043006_15814_e29f8469e9.jpg,,
menara-citicon,Media Library/Office Venue/menara-citicon,490,28,45,17,interior/173_menara-citicon-menara-citicon_20170214043006_47103.jpg,interior,173_menara-citicon-menara-citicon_20170214043006_47103.jpg,uploaded,56597,173_menara-citicon-menara-citicon_20170214043006_47103.jpg,https://cdn-strapi.prod.99iddev.net/assets/173_menara_citicon_menara_citicon_20170214043006_47103_e872f360e9.jpg,,
menara-citicon,Media Library/Office Venue/menara-citicon,490,28,45,17,interior/173_menara-citicon-menara-citicon_20170214043006_68211.jpg,interior,173_menara-citicon-menara-citicon_20170214043006_68211.jpg,uploaded,56598,173_menara-citicon-menara-citicon_20170214043006_68211.jpg,https://cdn-strapi.prod.99iddev.net/assets/173_menara_citicon_menara_citicon_20170214043006_68211_16e119ade6.jpg,,
menara-citicon,Media Library/Office Venue/menara-citicon,490,28,45,17,interior/173_menara-citicon-menara-citicon_20170214043006_80962.jpg,interior,173_menara-citicon-menara-citicon_20170214043006_80962.jpg,uploaded,56599,173_menara-citicon-menara-citicon_20170214043006_80962.jpg,https://cdn-strapi.prod.99iddev.net/assets/173_menara_citicon_menara_citicon_20170214043006_80962_a4b72e5fcd.jpg,,
menara-citicon,Media Library/Office Venue/menara-citicon,490,28,45,17,interior/173_menara-citicon-menara-citicon_20170214043006_96565.jpg,interior,173_menara-citicon-menara-citicon_20170214043006_96565.jpg,uploaded,56600,173_menara-citicon-menara-citicon_20170214043006_96565.jpg,https://cdn-strapi.prod.99iddev.net/assets/173_menara_citicon_menara_citicon_20170214043006_96565_2e9f387421.jpg,,
menara-citicon,Media Library/Office Venue/menara-citicon,490,28,45,17,interior/173_menara-citicon-menara-citicon_20170214043444_47064.jpg,interior,173_menara-citicon-menara-citicon_20170214043444_47064.jpg,uploaded,56601,173_menara-citicon-menara-citicon_20170214043444_47064.jpg,https://cdn-strapi.prod.99iddev.net/assets/173_menara_citicon_menara_citicon_20170214043444_47064_f67fc7bdf9.jpg,,
menara-citicon,Media Library/Office Venue/menara-citicon,490,28,45,17,interior/173_menara-citicon-menara-citicon_20170214043445_46094.jpg,interior,173_menara-citicon-menara-citicon_20170214043445_46094.jpg,uploaded,56602,173_menara-citicon-menara-citicon_20170214043445_46094.jpg,https://cdn-strapi.prod.99iddev.net/assets/173_menara_citicon_menara_citicon_20170214043445_46094_c751cebcd4.jpg,,
menara-dea-i,Media Library/Office Venue/menara-dea-i,1008,6,12,6,exterior/70_menara-dea-menara-dea-i_20160914065147_90128.jpg,exterior,70_menara-dea-menara-dea-i_20160914065147_90128.jpg,uploaded,56603,70_menara-dea-menara-dea-i_20160914065147_90128.jpg,https://cdn-strapi.prod.99iddev.net/assets/70_menara_dea_menara_dea_i_20160914065147_90128_2d6f3e44eb.jpg,,
menara-dea-i,Media Library/Office Venue/menara-dea-i,1008,6,12,6,exterior/70_menara-dea-menara-dea-i_20160914065148_24673.jpg,exterior,70_menara-dea-menara-dea-i_20160914065148_24673.jpg,uploaded,56604,70_menara-dea-menara-dea-i_20160914065148_24673.jpg,https://cdn-strapi.prod.99iddev.net/assets/70_menara_dea_menara_dea_i_20160914065148_24673_ee6ca86489.jpg,,
menara-dea-i,Media Library/Office Venue/menara-dea-i,1008,6,12,6,exterior/70_menara-dea-menara-dea-i_20160914065148_30477.jpg,exterior,70_menara-dea-menara-dea-i_20160914065148_30477.jpg,uploaded,56605,70_menara-dea-menara-dea-i_20160914065148_30477.jpg,https://cdn-strapi.prod.99iddev.net/assets/70_menara_dea_menara_dea_i_20160914065148_30477_4667cec7e0.jpg,,
menara-dea-i,Media Library/Office Venue/menara-dea-i,1008,6,12,6,exterior/70_menara-dea-menara-dea-i_20160914065149_94668.jpg,exterior,70_menara-dea-menara-dea-i_20160914065149_94668.jpg,uploaded,56606,70_menara-dea-menara-dea-i_20160914065149_94668.jpg,https://cdn-strapi.prod.99iddev.net/assets/70_menara_dea_menara_dea_i_20160914065149_94668_ef3929e9d3.jpg,,
menara-dea-i,Media Library/Office Venue/menara-dea-i,1008,6,12,6,exterior/70_menara-dea-menara-dea-i_20160914065150_46951.jpg,exterior,70_menara-dea-menara-dea-i_20160914065150_46951.jpg,uploaded,56607,70_menara-dea-menara-dea-i_20160914065150_46951.jpg,https://cdn-strapi.prod.99iddev.net/assets/70_menara_dea_menara_dea_i_20160914065150_46951_8dcd1d9a2e.jpg,,
menara-dea-i,Media Library/Office Venue/menara-dea-i,1008,6,12,6,exterior/70_menara-dea-menara-dea-i_20160914065150_70880.jpg,exterior,70_menara-dea-menara-dea-i_20160914065150_70880.jpg,uploaded,56608,70_menara-dea-menara-dea-i_20160914065150_70880.jpg,https://cdn-strapi.prod.99iddev.net/assets/70_menara_dea_menara_dea_i_20160914065150_70880_e669240261.jpg,,
menara-jamsostek-north-tower,Media Library/Office Venue/menara-jamsostek-north-tower,502,32,58,26,exterior/12_menara-jamsostek-menara-jamsostek-north-tower_20160914044236_42890.jpg,exterior,12_menara-jamsostek-menara-jamsostek-north-tower_20160914044236_42890.jpg,uploaded,56609,12_menara-jamsostek-menara-jamsostek-north-tower_20160914044236_42890.jpg,https://cdn-strapi.prod.99iddev.net/assets/12_menara_jamsostek_menara_jamsostek_north_tower_20160914044236_42890_72d32dea2d.jpg,,
menara-jamsostek-north-tower,Media Library/Office Venue/menara-jamsostek-north-tower,502,32,58,26,exterior/12_menara-jamsostek-menara-jamsostek-north-tower_20160914044236_65961.jpg,exterior,12_menara-jamsostek-menara-jamsostek-north-tower_20160914044236_65961.jpg,uploaded,56610,12_menara-jamsostek-menara-jamsostek-north-tower_20160914044236_65961.jpg,https://cdn-strapi.prod.99iddev.net/assets/12_menara_jamsostek_menara_jamsostek_north_tower_20160914044236_65961_a2c5e29fd2.jpg,,
menara-jamsostek-north-tower,Media Library/Office Venue/menara-jamsostek-north-tower,502,32,58,26,exterior/12_menara-jamsostek-menara-jamsostek-north-tower_20160914044238_49523.jpg,exterior,12_menara-jamsostek-menara-jamsostek-north-tower_20160914044238_49523.jpg,uploaded,56611,12_menara-jamsostek-menara-jamsostek-north-tower_20160914044238_49523.jpg,https://cdn-strapi.prod.99iddev.net/assets/12_menara_jamsostek_menara_jamsostek_north_tower_20160914044238_49523_4b9b0a8b9f.jpg,,
menara-jamsostek-north-tower,Media Library/Office Venue/menara-jamsostek-north-tower,502,32,58,26,exterior/12_menara-jamsostek-menara-jamsostek-north-tower_20170125085202_40892.jpg,exterior,12_menara-jamsostek-menara-jamsostek-north-tower_20170125085202_40892.jpg,uploaded,56612,12_menara-jamsostek-menara-jamsostek-north-tower_20170125085202_40892.jpg,https://cdn-strapi.prod.99iddev.net/assets/12_menara_jamsostek_menara_jamsostek_north_tower_20170125085202_40892_167af7663e.jpg,,
menara-jamsostek-north-tower,Media Library/Office Venue/menara-jamsostek-north-tower,502,32,58,26,exterior/12_menara-jamsostek-menara-jamsostek-north-tower_20170125085202_94796.jpg,exterior,12_menara-jamsostek-menara-jamsostek-north-tower_20170125085202_94796.jpg,uploaded,56613,12_menara-jamsostek-menara-jamsostek-north-tower_20170125085202_94796.jpg,https://cdn-strapi.prod.99iddev.net/assets/12_menara_jamsostek_menara_jamsostek_north_tower_20170125085202_94796_d64cb31746.jpg,,
menara-jamsostek-north-tower,Media Library/Office Venue/menara-jamsostek-north-tower,502,32,58,26,exterior/12_menara-jamsostek-menara-jamsostek-north-tower_20170125085203_47860.jpg,exterior,12_menara-jamsostek-menara-jamsostek-north-tower_20170125085203_47860.jpg,uploaded,56614,12_menara-jamsostek-menara-jamsostek-north-tower_20170125085203_47860.jpg,https://cdn-strapi.prod.99iddev.net/assets/12_menara_jamsostek_menara_jamsostek_north_tower_20170125085203_47860_7013907626.jpg,,
menara-jamsostek-north-tower,Media Library/Office Venue/menara-jamsostek-north-tower,502,32,58,26,exterior/12_menara-jamsostek-menara-jamsostek-north-tower_20170125085203_91950.jpg,exterior,12_menara-jamsostek-menara-jamsostek-north-tower_20170125085203_91950.jpg,uploaded,56615,12_menara-jamsostek-menara-jamsostek-north-tower_20170125085203_91950.jpg,https://cdn-strapi.prod.99iddev.net/assets/12_menara_jamsostek_menara_jamsostek_north_tower_20170125085203_91950_97f2dd6177.jpg,,
menara-jamsostek-north-tower,Media Library/Office Venue/menara-jamsostek-north-tower,502,32,58,26,exterior/12_menara-jamsostek-menara-jamsostek-north-tower_20170125085205_11000.jpg,exterior,12_menara-jamsostek-menara-jamsostek-north-tower_20170125085205_11000.jpg,uploaded,56616,12_menara-jamsostek-menara-jamsostek-north-tower_20170125085205_11000.jpg,https://cdn-strapi.prod.99iddev.net/assets/12_menara_jamsostek_menara_jamsostek_north_tower_20170125085205_11000_2c721d2ac9.jpg,,
menara-jamsostek-north-tower,Media Library/Office Venue/menara-jamsostek-north-tower,502,32,58,26,exterior/12_menara-jamsostek-menara-jamsostek-north-tower_20170125085205_83968.jpg,exterior,12_menara-jamsostek-menara-jamsostek-north-tower_20170125085205_83968.jpg,uploaded,56617,12_menara-jamsostek-menara-jamsostek-north-tower_20170125085205_83968.jpg,https://cdn-strapi.prod.99iddev.net/assets/12_menara_jamsostek_menara_jamsostek_north_tower_20170125085205_83968_d4383cd0fb.jpg,,
menara-jamsostek-north-tower,Media Library/Office Venue/menara-jamsostek-north-tower,502,32,58,26,exterior/12_menara-jamsostek-menara-jamsostek-north-tower_20170125085206_22715.jpg,exterior,12_menara-jamsostek-menara-jamsostek-north-tower_20170125085206_22715.jpg,uploaded,56618,12_menara-jamsostek-menara-jamsostek-north-tower_20170125085206_22715.jpg,https://cdn-strapi.prod.99iddev.net/assets/12_menara_jamsostek_menara_jamsostek_north_tower_20170125085206_22715_ebd3fd7d9c.jpg,,
menara-jamsostek-north-tower,Media Library/Office Venue/menara-jamsostek-north-tower,502,32,58,26,exterior/12_menara-jamsostek-menara-jamsostek-north-tower_20170125085206_52075.jpg,exterior,12_menara-jamsostek-menara-jamsostek-north-tower_20170125085206_52075.jpg,uploaded,56619,12_menara-jamsostek-menara-jamsostek-north-tower_20170125085206_52075.jpg,https://cdn-strapi.prod.99iddev.net/assets/12_menara_jamsostek_menara_jamsostek_north_tower_20170125085206_52075_c380532545.jpg,,
menara-jamsostek-north-tower,Media Library/Office Venue/menara-jamsostek-north-tower,502,32,58,26,exterior/12_menara-jamsostek-menara-jamsostek-north-tower_20170125085207_50707.jpg,exterior,12_menara-jamsostek-menara-jamsostek-north-tower_20170125085207_50707.jpg,uploaded,56620,12_menara-jamsostek-menara-jamsostek-north-tower_20170125085207_50707.jpg,https://cdn-strapi.prod.99iddev.net/assets/12_menara_jamsostek_menara_jamsostek_north_tower_20170125085207_50707_3f8980917b.jpg,,
menara-jamsostek-north-tower,Media Library/Office Venue/menara-jamsostek-north-tower,502,32,58,26,exterior/12_menara-jamsostek-menara-jamsostek-north-tower_20170125085207_87402.jpg,exterior,12_menara-jamsostek-menara-jamsostek-north-tower_20170125085207_87402.jpg,uploaded,56621,12_menara-jamsostek-menara-jamsostek-north-tower_20170125085207_87402.jpg,https://cdn-strapi.prod.99iddev.net/assets/12_menara_jamsostek_menara_jamsostek_north_tower_20170125085207_87402_1356329f87.jpg,,
menara-jamsostek-north-tower,Media Library/Office Venue/menara-jamsostek-north-tower,502,32,58,26,exterior/12_menara-jamsostek-menara-jamsostek-north-tower_20170125085208_61771.jpg,exterior,12_menara-jamsostek-menara-jamsostek-north-tower_20170125085208_61771.jpg,uploaded,56622,12_menara-jamsostek-menara-jamsostek-north-tower_20170125085208_61771.jpg,https://cdn-strapi.prod.99iddev.net/assets/12_menara_jamsostek_menara_jamsostek_north_tower_20170125085208_61771_97d8077e3d.jpg,,
menara-jamsostek-north-tower,Media Library/Office Venue/menara-jamsostek-north-tower,502,32,58,26,exterior/12_menara-jamsostek-menara-jamsostek-north-tower_20170125085416_46422.jpg,exterior,12_menara-jamsostek-menara-jamsostek-north-tower_20170125085416_46422.jpg,uploaded,56623,12_menara-jamsostek-menara-jamsostek-north-tower_20170125085416_46422.jpg,https://cdn-strapi.prod.99iddev.net/assets/12_menara_jamsostek_menara_jamsostek_north_tower_20170125085416_46422_ba503fe194.jpg,,
menara-jamsostek-north-tower,Media Library/Office Venue/menara-jamsostek-north-tower,502,32,58,26,interior/12_menara-jamsostek-menara-jamsostek-north-tower_20170214042006_14417.jpg,interior,12_menara-jamsostek-menara-jamsostek-north-tower_20170214042006_14417.jpg,uploaded,56624,12_menara-jamsostek-menara-jamsostek-north-tower_20170214042006_14417.jpg,https://cdn-strapi.prod.99iddev.net/assets/12_menara_jamsostek_menara_jamsostek_north_tower_20170214042006_14417_3af15f675a.jpg,,
menara-jamsostek-north-tower,Media Library/Office Venue/menara-jamsostek-north-tower,502,32,58,26,interior/12_menara-jamsostek-menara-jamsostek-north-tower_20170214042007_11656.jpg,interior,12_menara-jamsostek-menara-jamsostek-north-tower_20170214042007_11656.jpg,uploaded,56625,12_menara-jamsostek-menara-jamsostek-north-tower_20170214042007_11656.jpg,https://cdn-strapi.prod.99iddev.net/assets/12_menara_jamsostek_menara_jamsostek_north_tower_20170214042007_11656_90520b909a.jpg,,
menara-jamsostek-north-tower,Media Library/Office Venue/menara-jamsostek-north-tower,502,32,58,26,interior/12_menara-jamsostek-menara-jamsostek-north-tower_20170214042008_14342.jpg,interior,12_menara-jamsostek-menara-jamsostek-north-tower_20170214042008_14342.jpg,uploaded,56626,12_menara-jamsostek-menara-jamsostek-north-tower_20170214042008_14342.jpg,https://cdn-strapi.prod.99iddev.net/assets/12_menara_jamsostek_menara_jamsostek_north_tower_20170214042008_14342_a01f487ee1.jpg,,
menara-jamsostek-north-tower,Media Library/Office Venue/menara-jamsostek-north-tower,502,32,58,26,interior/12_menara-jamsostek-menara-jamsostek-north-tower_20170214042008_28808.jpg,interior,12_menara-jamsostek-menara-jamsostek-north-tower_20170214042008_28808.jpg,uploaded,56627,12_menara-jamsostek-menara-jamsostek-north-tower_20170214042008_28808.jpg,https://cdn-strapi.prod.99iddev.net/assets/12_menara_jamsostek_menara_jamsostek_north_tower_20170214042008_28808_9c79bacaa2.jpg,,
menara-jamsostek-north-tower,Media Library/Office Venue/menara-jamsostek-north-tower,502,32,58,26,interior/12_menara-jamsostek-menara-jamsostek-north-tower_20170214042009_45486.jpg,interior,12_menara-jamsostek-menara-jamsostek-north-tower_20170214042009_45486.jpg,uploaded,56628,12_menara-jamsostek-menara-jamsostek-north-tower_20170214042009_45486.jpg,https://cdn-strapi.prod.99iddev.net/assets/12_menara_jamsostek_menara_jamsostek_north_tower_20170214042009_45486_603982d7dc.jpg,,
menara-jamsostek-north-tower,Media Library/Office Venue/menara-jamsostek-north-tower,502,32,58,26,interior/12_menara-jamsostek-menara-jamsostek-north-tower_20170214042009_97240.jpg,interior,12_menara-jamsostek-menara-jamsostek-north-tower_20170214042009_97240.jpg,uploaded,56629,12_menara-jamsostek-menara-jamsostek-north-tower_20170214042009_97240.jpg,https://cdn-strapi.prod.99iddev.net/assets/12_menara_jamsostek_menara_jamsostek_north_tower_20170214042009_97240_f779fa9e39.jpg,,
menara-jamsostek-north-tower,Media Library/Office Venue/menara-jamsostek-north-tower,502,32,58,26,interior/12_menara-jamsostek-menara-jamsostek-north-tower_20170214042010_23145.jpg,interior,12_menara-jamsostek-menara-jamsostek-north-tower_20170214042010_23145.jpg,uploaded,56630,12_menara-jamsostek-menara-jamsostek-north-tower_20170214042010_23145.jpg,https://cdn-strapi.prod.99iddev.net/assets/12_menara_jamsostek_menara_jamsostek_north_tower_20170214042010_23145_07aa7b8757.jpg,,
menara-jamsostek-north-tower,Media Library/Office Venue/menara-jamsostek-north-tower,502,32,58,26,interior/12_menara-jamsostek-menara-jamsostek-north-tower_20170214042010_65590.jpg,interior,12_menara-jamsostek-menara-jamsostek-north-tower_20170214042010_65590.jpg,uploaded,56631,12_menara-jamsostek-menara-jamsostek-north-tower_20170214042010_65590.jpg,https://cdn-strapi.prod.99iddev.net/assets/12_menara_jamsostek_menara_jamsostek_north_tower_20170214042010_65590_69cf647846.jpg,,
menara-jamsostek-north-tower,Media Library/Office Venue/menara-jamsostek-north-tower,502,32,58,26,interior/12_menara-jamsostek-menara-jamsostek-north-tower_20170214042010_69662.jpg,interior,12_menara-jamsostek-menara-jamsostek-north-tower_20170214042010_69662.jpg,uploaded,56632,12_menara-jamsostek-menara-jamsostek-north-tower_20170214042010_69662.jpg,https://cdn-strapi.prod.99iddev.net/assets/12_menara_jamsostek_menara_jamsostek_north_tower_20170214042010_69662_6f783c107b.jpg,,
menara-jamsostek-north-tower,Media Library/Office Venue/menara-jamsostek-north-tower,502,32,58,26,interior/12_menara-jamsostek-menara-jamsostek-north-tower_20170214042010_92743.jpg,interior,12_menara-jamsostek-menara-jamsostek-north-tower_20170214042010_92743.jpg,uploaded,56633,12_menara-jamsostek-menara-jamsostek-north-tower_20170214042010_92743.jpg,https://cdn-strapi.prod.99iddev.net/assets/12_menara_jamsostek_menara_jamsostek_north_tower_20170214042010_92743_ef69b419a0.jpg,,
menara-jamsostek-north-tower,Media Library/Office Venue/menara-jamsostek-north-tower,502,32,58,26,interior/12_menara-jamsostek-menara-jamsostek-north-tower_20170214042011_26173.jpg,interior,12_menara-jamsostek-menara-jamsostek-north-tower_20170214042011_26173.jpg,uploaded,56634,12_menara-jamsostek-menara-jamsostek-north-tower_20170214042011_26173.jpg,https://cdn-strapi.prod.99iddev.net/assets/12_menara_jamsostek_menara_jamsostek_north_tower_20170214042011_26173_3c2103179c.jpg,,
menara-jamsostek-south-tower,Media Library/Office Venue/menara-jamsostek-south-tower,503,13,22,9,exterior/13_menara-jamsostek-menara-jamsostek-south-tower_20160914044238_31337.jpg,exterior,13_menara-jamsostek-menara-jamsostek-south-tower_20160914044238_31337.jpg,uploaded,56635,13_menara-jamsostek-menara-jamsostek-south-tower_20160914044238_31337.jpg,https://cdn-strapi.prod.99iddev.net/assets/13_menara_jamsostek_menara_jamsostek_south_tower_20160914044238_31337_a863fb18a0.jpg,,
menara-jamsostek-south-tower,Media Library/Office Venue/menara-jamsostek-south-tower,503,13,22,9,exterior/13_menara-jamsostek-menara-jamsostek-south-tower_20160914044239_54671.jpg,exterior,13_menara-jamsostek-menara-jamsostek-south-tower_20160914044239_54671.jpg,uploaded,56636,13_menara-jamsostek-menara-jamsostek-south-tower_20160914044239_54671.jpg,https://cdn-strapi.prod.99iddev.net/assets/13_menara_jamsostek_menara_jamsostek_south_tower_20160914044239_54671_4ff99f9a07.jpg,,
menara-jamsostek-south-tower,Media Library/Office Venue/menara-jamsostek-south-tower,503,13,22,9,exterior/13_menara-jamsostek-menara-jamsostek-south-tower_20160914044239_55000.jpg,exterior,13_menara-jamsostek-menara-jamsostek-south-tower_20160914044239_55000.jpg,uploaded,56637,13_menara-jamsostek-menara-jamsostek-south-tower_20160914044239_55000.jpg,https://cdn-strapi.prod.99iddev.net/assets/13_menara_jamsostek_menara_jamsostek_south_tower_20160914044239_55000_e4ab0c01cc.jpg,,
menara-jamsostek-south-tower,Media Library/Office Venue/menara-jamsostek-south-tower,503,13,22,9,exterior/13_menara-jamsostek-menara-jamsostek-south-tower_20170125085318_29858.jpg,exterior,13_menara-jamsostek-menara-jamsostek-south-tower_20170125085318_29858.jpg,uploaded,56638,13_menara-jamsostek-menara-jamsostek-south-tower_20170125085318_29858.jpg,https://cdn-strapi.prod.99iddev.net/assets/13_menara_jamsostek_menara_jamsostek_south_tower_20170125085318_29858_5af42419b1.jpg,,
menara-jamsostek-south-tower,Media Library/Office Venue/menara-jamsostek-south-tower,503,13,22,9,exterior/13_menara-jamsostek-menara-jamsostek-south-tower_20170125085319_95641.jpg,exterior,13_menara-jamsostek-menara-jamsostek-south-tower_20170125085319_95641.jpg,uploaded,56639,13_menara-jamsostek-menara-jamsostek-south-tower_20170125085319_95641.jpg,https://cdn-strapi.prod.99iddev.net/assets/13_menara_jamsostek_menara_jamsostek_south_tower_20170125085319_95641_08eb1c4e30.jpg,,
menara-jamsostek-south-tower,Media Library/Office Venue/menara-jamsostek-south-tower,503,13,22,9,exterior/13_menara-jamsostek-menara-jamsostek-south-tower_20170125085320_16816.jpg,exterior,13_menara-jamsostek-menara-jamsostek-south-tower_20170125085320_16816.jpg,uploaded,56640,13_menara-jamsostek-menara-jamsostek-south-tower_20170125085320_16816.jpg,https://cdn-strapi.prod.99iddev.net/assets/13_menara_jamsostek_menara_jamsostek_south_tower_20170125085320_16816_5a31289b5b.jpg,,
menara-jamsostek-south-tower,Media Library/Office Venue/menara-jamsostek-south-tower,503,13,22,9,exterior/13_menara-jamsostek-menara-jamsostek-south-tower_20170125085320_67907.jpg,exterior,13_menara-jamsostek-menara-jamsostek-south-tower_20170125085320_67907.jpg,uploaded,56641,13_menara-jamsostek-menara-jamsostek-south-tower_20170125085320_67907.jpg,https://cdn-strapi.prod.99iddev.net/assets/13_menara_jamsostek_menara_jamsostek_south_tower_20170125085320_67907_97227dfae3.jpg,,
menara-jamsostek-south-tower,Media Library/Office Venue/menara-jamsostek-south-tower,503,13,22,9,exterior/13_menara-jamsostek-menara-jamsostek-south-tower_20170125085321_83392.jpg,exterior,13_menara-jamsostek-menara-jamsostek-south-tower_20170125085321_83392.jpg,uploaded,56642,13_menara-jamsostek-menara-jamsostek-south-tower_20170125085321_83392.jpg,https://cdn-strapi.prod.99iddev.net/assets/13_menara_jamsostek_menara_jamsostek_south_tower_20170125085321_83392_fbb0a07754.jpg,,
menara-jamsostek-south-tower,Media Library/Office Venue/menara-jamsostek-south-tower,503,13,22,9,exterior/13_menara-jamsostek-menara-jamsostek-south-tower_20170208041506_74513.jpg,exterior,13_menara-jamsostek-menara-jamsostek-south-tower_20170208041506_74513.jpg,uploaded,56643,13_menara-jamsostek-menara-jamsostek-south-tower_20170208041506_74513.jpg,https://cdn-strapi.prod.99iddev.net/assets/13_menara_jamsostek_menara_jamsostek_south_tower_20170208041506_74513_bfdb28d84c.jpg,,
menara-kompas,Media Library/Office Venue/menara-kompas,508,36,56,20,interior/478_menara-kompas-menara-kompas_20180105102332_21259.jpg,interior,478_menara-kompas-menara-kompas_20180105102332_21259.jpg,uploaded,56644,478_menara-kompas-menara-kompas_20180105102332_21259.jpg,https://cdn-strapi.prod.99iddev.net/assets/478_menara_kompas_menara_kompas_20180105102332_21259_a891ee160d.jpg,,
menara-kompas,Media Library/Office Venue/menara-kompas,508,36,56,20,interior/478_menara-kompas-menara-kompas_20180105102353_97669.jpg,interior,478_menara-kompas-menara-kompas_20180105102353_97669.jpg,uploaded,56645,478_menara-kompas-menara-kompas_20180105102353_97669.jpg,https://cdn-strapi.prod.99iddev.net/assets/478_menara_kompas_menara_kompas_20180105102353_97669_e169922d7e.jpg,,
menara-kompas,Media Library/Office Venue/menara-kompas,508,36,56,20,interior/478_menara-kompas-menara-kompas_20180105102355_84509.jpg,interior,478_menara-kompas-menara-kompas_20180105102355_84509.jpg,uploaded,56646,478_menara-kompas-menara-kompas_20180105102355_84509.jpg,https://cdn-strapi.prod.99iddev.net/assets/478_menara_kompas_menara_kompas_20180105102355_84509_dbf174ca8c.jpg,,
menara-kompas,Media Library/Office Venue/menara-kompas,508,36,56,20,interior/478_menara-kompas-menara-kompas_20180105102357_63689.jpg,interior,478_menara-kompas-menara-kompas_20180105102357_63689.jpg,uploaded,56647,478_menara-kompas-menara-kompas_20180105102357_63689.jpg,https://cdn-strapi.prod.99iddev.net/assets/478_menara_kompas_menara_kompas_20180105102357_63689_1258bd8ed8.jpg,,
menara-kompas,Media Library/Office Venue/menara-kompas,508,36,56,20,interior/478_menara-kompas-menara-kompas_20180105102359_41480.jpg,interior,478_menara-kompas-menara-kompas_20180105102359_41480.jpg,uploaded,56648,478_menara-kompas-menara-kompas_20180105102359_41480.jpg,https://cdn-strapi.prod.99iddev.net/assets/478_menara_kompas_menara_kompas_20180105102359_41480_320caee5f9.jpg,,
menara-kompas,Media Library/Office Venue/menara-kompas,508,36,56,20,interior/478_menara-kompas-menara-kompas_20180105102401_51144.jpg,interior,478_menara-kompas-menara-kompas_20180105102401_51144.jpg,uploaded,56649,478_menara-kompas-menara-kompas_20180105102401_51144.jpg,https://cdn-strapi.prod.99iddev.net/assets/478_menara_kompas_menara_kompas_20180105102401_51144_d9e200e9ca.jpg,,
menara-kompas,Media Library/Office Venue/menara-kompas,508,36,56,20,interior/478_menara-kompas-menara-kompas_20180105102403_15609.jpg,interior,478_menara-kompas-menara-kompas_20180105102403_15609.jpg,uploaded,56650,478_menara-kompas-menara-kompas_20180105102403_15609.jpg,https://cdn-strapi.prod.99iddev.net/assets/478_menara_kompas_menara_kompas_20180105102403_15609_208480a128.jpg,,
menara-kompas,Media Library/Office Venue/menara-kompas,508,36,56,20,interior/478_menara-kompas-menara-kompas_20180105102405_53943.jpg,interior,478_menara-kompas-menara-kompas_20180105102405_53943.jpg,uploaded,56651,478_menara-kompas-menara-kompas_20180105102405_53943.jpg,https://cdn-strapi.prod.99iddev.net/assets/478_menara_kompas_menara_kompas_20180105102405_53943_bd78b06ba9.jpg,,
menara-kompas,Media Library/Office Venue/menara-kompas,508,36,56,20,interior/478_menara-kompas-menara-kompas_20180105102407_98380.jpg,interior,478_menara-kompas-menara-kompas_20180105102407_98380.jpg,uploaded,56652,478_menara-kompas-menara-kompas_20180105102407_98380.jpg,https://cdn-strapi.prod.99iddev.net/assets/478_menara_kompas_menara_kompas_20180105102407_98380_5ab32c4ab5.jpg,,
menara-kompas,Media Library/Office Venue/menara-kompas,508,36,56,20,interior/478_menara-kompas-menara-kompas_20180105102409_20729.jpg,interior,478_menara-kompas-menara-kompas_20180105102409_20729.jpg,uploaded,56653,478_menara-kompas-menara-kompas_20180105102409_20729.jpg,https://cdn-strapi.prod.99iddev.net/assets/478_menara_kompas_menara_kompas_20180105102409_20729_57a13682a9.jpg,,
menara-kompas,Media Library/Office Venue/menara-kompas,508,36,56,20,interior/478_menara-kompas-menara-kompas_20180105102412_78744.jpg,interior,478_menara-kompas-menara-kompas_20180105102412_78744.jpg,uploaded,56654,478_menara-kompas-menara-kompas_20180105102412_78744.jpg,https://cdn-strapi.prod.99iddev.net/assets/478_menara_kompas_menara_kompas_20180105102412_78744_1005f6b0e9.jpg,,
menara-kompas,Media Library/Office Venue/menara-kompas,508,36,56,20,interior/478_menara-kompas-menara-kompas_20180105102414_67153.jpg,interior,478_menara-kompas-menara-kompas_20180105102414_67153.jpg,uploaded,56655,478_menara-kompas-menara-kompas_20180105102414_67153.jpg,https://cdn-strapi.prod.99iddev.net/assets/478_menara_kompas_menara_kompas_20180105102414_67153_3191204d48.jpg,,
menara-kompas,Media Library/Office Venue/menara-kompas,508,36,56,20,interior/478_menara-kompas-menara-kompas_20180105102416_26695.jpg,interior,478_menara-kompas-menara-kompas_20180105102416_26695.jpg,uploaded,56656,478_menara-kompas-menara-kompas_20180105102416_26695.jpg,https://cdn-strapi.prod.99iddev.net/assets/478_menara_kompas_menara_kompas_20180105102416_26695_bf5aa0ce7b.jpg,,
menara-kompas,Media Library/Office Venue/menara-kompas,508,36,56,20,interior/478_menara-kompas-menara-kompas_20180105102419_41362.jpg,interior,478_menara-kompas-menara-kompas_20180105102419_41362.jpg,uploaded,56657,478_menara-kompas-menara-kompas_20180105102419_41362.jpg,https://cdn-strapi.prod.99iddev.net/assets/478_menara_kompas_menara_kompas_20180105102419_41362_0df0c25253.jpg,,
menara-kompas,Media Library/Office Venue/menara-kompas,508,36,56,20,interior/478_menara-kompas-menara-kompas_20180105102421_59342.jpg,interior,478_menara-kompas-menara-kompas_20180105102421_59342.jpg,uploaded,56658,478_menara-kompas-menara-kompas_20180105102421_59342.jpg,https://cdn-strapi.prod.99iddev.net/assets/478_menara_kompas_menara_kompas_20180105102421_59342_3571189acd.jpg,,
menara-kompas,Media Library/Office Venue/menara-kompas,508,36,56,20,interior/478_menara-kompas-menara-kompas_20180105102423_31212.jpg,interior,478_menara-kompas-menara-kompas_20180105102423_31212.jpg,uploaded,56659,478_menara-kompas-menara-kompas_20180105102423_31212.jpg,https://cdn-strapi.prod.99iddev.net/assets/478_menara_kompas_menara_kompas_20180105102423_31212_f5c1884f42.jpg,,
menara-kompas,Media Library/Office Venue/menara-kompas,508,36,56,20,interior/478_menara-kompas-menara-kompas_20180105102425_26019.jpg,interior,478_menara-kompas-menara-kompas_20180105102425_26019.jpg,uploaded,56660,478_menara-kompas-menara-kompas_20180105102425_26019.jpg,https://cdn-strapi.prod.99iddev.net/assets/478_menara_kompas_menara_kompas_20180105102425_26019_95cda61d17.jpg,,
menara-kompas,Media Library/Office Venue/menara-kompas,508,36,56,20,interior/478_menara-kompas-menara-kompas_20180105102427_99567.jpg,interior,478_menara-kompas-menara-kompas_20180105102427_99567.jpg,uploaded,56661,478_menara-kompas-menara-kompas_20180105102427_99567.jpg,https://cdn-strapi.prod.99iddev.net/assets/478_menara_kompas_menara_kompas_20180105102427_99567_3f54e813a1.jpg,,
menara-kompas,Media Library/Office Venue/menara-kompas,508,36,56,20,interior/478_menara-kompas-menara-kompas_20180105102429_95796.jpg,interior,478_menara-kompas-menara-kompas_20180105102429_95796.jpg,uploaded,56662,478_menara-kompas-menara-kompas_20180105102429_95796.jpg,https://cdn-strapi.prod.99iddev.net/assets/478_menara_kompas_menara_kompas_20180105102429_95796_880a116808.jpg,,
menara-kompas,Media Library/Office Venue/menara-kompas,508,36,56,20,interior/478_menara-kompas-menara-kompas_20180105102431_72195.jpg,interior,478_menara-kompas-menara-kompas_20180105102431_72195.jpg,uploaded,56663,478_menara-kompas-menara-kompas_20180105102431_72195.jpg,https://cdn-strapi.prod.99iddev.net/assets/478_menara_kompas_menara_kompas_20180105102431_72195_adeb5d061d.jpg,,
menara-mulia,Media Library/Office Venue/menara-mulia,934,12,24,12,exterior/14_menara-mulia-menara-mulia_20160914044253_66337.jpg,exterior,14_menara-mulia-menara-mulia_20160914044253_66337.jpg,uploaded,56664,14_menara-mulia-menara-mulia_20160914044253_66337.jpg,https://cdn-strapi.prod.99iddev.net/assets/14_menara_mulia_menara_mulia_20160914044253_66337_2ac6b36d47.jpg,,
menara-mulia,Media Library/Office Venue/menara-mulia,934,12,24,12,exterior/14_menara-mulia-menara-mulia_20160914044254_84081.jpg,exterior,14_menara-mulia-menara-mulia_20160914044254_84081.jpg,uploaded,56665,14_menara-mulia-menara-mulia_20160914044254_84081.jpg,https://cdn-strapi.prod.99iddev.net/assets/14_menara_mulia_menara_mulia_20160914044254_84081_825e280080.jpg,,
menara-mulia,Media Library/Office Venue/menara-mulia,934,12,24,12,exterior/14_menara-mulia-menara-mulia_20160914044255_28029.jpg,exterior,14_menara-mulia-menara-mulia_20160914044255_28029.jpg,uploaded,56666,14_menara-mulia-menara-mulia_20160914044255_28029.jpg,https://cdn-strapi.prod.99iddev.net/assets/14_menara_mulia_menara_mulia_20160914044255_28029_8efca55980.jpg,,
menara-mulia,Media Library/Office Venue/menara-mulia,934,12,24,12,exterior/14_menara-mulia-menara-mulia_20160914044255_47358.jpg,exterior,14_menara-mulia-menara-mulia_20160914044255_47358.jpg,uploaded,56667,14_menara-mulia-menara-mulia_20160914044255_47358.jpg,https://cdn-strapi.prod.99iddev.net/assets/14_menara_mulia_menara_mulia_20160914044255_47358_12b114ebda.jpg,,
menara-mulia,Media Library/Office Venue/menara-mulia,934,12,24,12,exterior/14_menara-mulia-menara-mulia_20160914044256_87622.jpg,exterior,14_menara-mulia-menara-mulia_20160914044256_87622.jpg,uploaded,56668,14_menara-mulia-menara-mulia_20160914044256_87622.jpg,https://cdn-strapi.prod.99iddev.net/assets/14_menara_mulia_menara_mulia_20160914044256_87622_1c4fde8a15.jpg,,
menara-mulia,Media Library/Office Venue/menara-mulia,934,12,24,12,floorplan/14_menara-mulia-menara-mulia_20170309101305_37260.jpg,floorplan,14_menara-mulia-menara-mulia_20170309101305_37260.jpg,uploaded,56669,14_menara-mulia-menara-mulia_20170309101305_37260.jpg,https://cdn-strapi.prod.99iddev.net/assets/14_menara_mulia_menara_mulia_20170309101305_37260_a4804e8608.jpg,,
menara-mulia,Media Library/Office Venue/menara-mulia,934,12,24,12,floorplan/14_menara-mulia-menara-mulia_20170317114328_39418.jpg,floorplan,14_menara-mulia-menara-mulia_20170317114328_39418.jpg,uploaded,56670,14_menara-mulia-menara-mulia_20170317114328_39418.jpg,https://cdn-strapi.prod.99iddev.net/assets/14_menara_mulia_menara_mulia_20170317114328_39418_dfcee720f9.jpg,,
menara-mulia,Media Library/Office Venue/menara-mulia,934,12,24,12,interior/14_menara-mulia-menara-mulia_20170320062749_46205.jpg,interior,14_menara-mulia-menara-mulia_20170320062749_46205.jpg,uploaded,56671,14_menara-mulia-menara-mulia_20170320062749_46205.jpg,https://cdn-strapi.prod.99iddev.net/assets/14_menara_mulia_menara_mulia_20170320062749_46205_c5370c418c.jpg,,
menara-mulia,Media Library/Office Venue/menara-mulia,934,12,24,12,interior/14_menara-mulia-menara-mulia_20170320062750_10158.jpg,interior,14_menara-mulia-menara-mulia_20170320062750_10158.jpg,uploaded,56672,14_menara-mulia-menara-mulia_20170320062750_10158.jpg,https://cdn-strapi.prod.99iddev.net/assets/14_menara_mulia_menara_mulia_20170320062750_10158_13d455f455.jpg,,
menara-mulia,Media Library/Office Venue/menara-mulia,934,12,24,12,interior/14_menara-mulia-menara-mulia_20170320062750_29638.jpg,interior,14_menara-mulia-menara-mulia_20170320062750_29638.jpg,uploaded,56673,14_menara-mulia-menara-mulia_20170320062750_29638.jpg,https://cdn-strapi.prod.99iddev.net/assets/14_menara_mulia_menara_mulia_20170320062750_29638_3a604031ab.jpg,,
menara-mulia,Media Library/Office Venue/menara-mulia,934,12,24,12,interior/14_menara-mulia-menara-mulia_20170320062751_34112.jpg,interior,14_menara-mulia-menara-mulia_20170320062751_34112.jpg,uploaded,56674,14_menara-mulia-menara-mulia_20170320062751_34112.jpg,https://cdn-strapi.prod.99iddev.net/assets/14_menara_mulia_menara_mulia_20170320062751_34112_04e8ce16b8.jpg,,
menara-mulia,Media Library/Office Venue/menara-mulia,934,12,24,12,interior/14_menara-mulia-menara-mulia_20170320062751_53494.jpg,interior,14_menara-mulia-menara-mulia_20170320062751_53494.jpg,uploaded,56675,14_menara-mulia-menara-mulia_20170320062751_53494.jpg,https://cdn-strapi.prod.99iddev.net/assets/14_menara_mulia_menara_mulia_20170320062751_53494_5bed991918.jpg,,
menara-palma-2,Media Library/Office Venue/menara-palma-2,1009,5,10,5,exterior/305_menara-palma-2-menara-palma-2_20160914044259_98573.jpg,exterior,305_menara-palma-2-menara-palma-2_20160914044259_98573.jpg,uploaded,56676,305_menara-palma-2-menara-palma-2_20160914044259_98573.jpg,https://cdn-strapi.prod.99iddev.net/assets/305_menara_palma_2_menara_palma_2_20160914044259_98573_66aa36e5da.jpg,,
menara-palma-2,Media Library/Office Venue/menara-palma-2,1009,5,10,5,exterior/305_menara-palma-2-menara-palma-2_20160914044300_64570.jpg,exterior,305_menara-palma-2-menara-palma-2_20160914044300_64570.jpg,uploaded,56677,305_menara-palma-2-menara-palma-2_20160914044300_64570.jpg,https://cdn-strapi.prod.99iddev.net/assets/305_menara_palma_2_menara_palma_2_20160914044300_64570_d37bffbc90.jpg,,
menara-palma-2,Media Library/Office Venue/menara-palma-2,1009,5,10,5,exterior/305_menara-palma-2-menara-palma-2_20160914044300_95266.jpg,exterior,305_menara-palma-2-menara-palma-2_20160914044300_95266.jpg,uploaded,56678,305_menara-palma-2-menara-palma-2_20160914044300_95266.jpg,https://cdn-strapi.prod.99iddev.net/assets/305_menara_palma_2_menara_palma_2_20160914044300_95266_28b9d12ae3.jpg,,
menara-palma-2,Media Library/Office Venue/menara-palma-2,1009,5,10,5,exterior/305_menara-palma-2-menara-palma-2_20160914044301_32608.jpg,exterior,305_menara-palma-2-menara-palma-2_20160914044301_32608.jpg,uploaded,56679,305_menara-palma-2-menara-palma-2_20160914044301_32608.jpg,https://cdn-strapi.prod.99iddev.net/assets/305_menara_palma_2_menara_palma_2_20160914044301_32608_ecc0ddc642.jpg,,
menara-palma-2,Media Library/Office Venue/menara-palma-2,1009,5,10,5,exterior/305_menara-palma-2-menara-palma-2_20160914044301_67309.jpg,exterior,305_menara-palma-2-menara-palma-2_20160914044301_67309.jpg,uploaded,56680,305_menara-palma-2-menara-palma-2_20160914044301_67309.jpg,https://cdn-strapi.prod.99iddev.net/assets/305_menara_palma_2_menara_palma_2_20160914044301_67309_1adb41ee71.jpg,,
menara-prima-ii,Media Library/Office Venue/menara-prima-ii,900,12,17,5,exterior/73_menara-prima-menara-prima-ii_20160914072030_47432.jpg,exterior,73_menara-prima-menara-prima-ii_20160914072030_47432.jpg,uploaded,56681,73_menara-prima-menara-prima-ii_20160914072030_47432.jpg,https://cdn-strapi.prod.99iddev.net/assets/73_menara_prima_menara_prima_ii_20160914072030_47432_d91dd70846.jpg,,
menara-prima-ii,Media Library/Office Venue/menara-prima-ii,900,12,17,5,exterior/73_menara-prima-menara-prima-ii_20160914072031_97445.jpg,exterior,73_menara-prima-menara-prima-ii_20160914072031_97445.jpg,uploaded,56682,73_menara-prima-menara-prima-ii_20160914072031_97445.jpg,https://cdn-strapi.prod.99iddev.net/assets/73_menara_prima_menara_prima_ii_20160914072031_97445_12167051e8.jpg,,
menara-prima-ii,Media Library/Office Venue/menara-prima-ii,900,12,17,5,exterior/73_menara-prima-menara-prima-ii_20160914072033_43269.jpg,exterior,73_menara-prima-menara-prima-ii_20160914072033_43269.jpg,uploaded,56683,73_menara-prima-menara-prima-ii_20160914072033_43269.jpg,https://cdn-strapi.prod.99iddev.net/assets/73_menara_prima_menara_prima_ii_20160914072033_43269_754e144d14.jpg,,
menara-prima-ii,Media Library/Office Venue/menara-prima-ii,900,12,17,5,exterior/73_menara-prima-menara-prima-ii_20160914072033_92416.jpg,exterior,73_menara-prima-menara-prima-ii_20160914072033_92416.jpg,uploaded,56684,73_menara-prima-menara-prima-ii_20160914072033_92416.jpg,https://cdn-strapi.prod.99iddev.net/assets/73_menara_prima_menara_prima_ii_20160914072033_92416_d7bbfef679.jpg,,
menara-prima-ii,Media Library/Office Venue/menara-prima-ii,900,12,17,5,exterior/73_menara-prima-menara-prima-ii_20180130071736_67709.jpg,exterior,73_menara-prima-menara-prima-ii_20180130071736_67709.jpg,uploaded,56685,73_menara-prima-menara-prima-ii_20180130071736_67709.jpg,https://cdn-strapi.prod.99iddev.net/assets/73_menara_prima_menara_prima_ii_20180130071736_67709_df1c454af6.jpg,,
menara-standard-chartered,Media Library/Office Venue/menara-standard-chartered,901,21,41,20,exterior/82_menara-standard-chartered-menara-standard-chartered_20160914044307_70975.jpg,exterior,82_menara-standard-chartered-menara-standard-chartered_20160914044307_70975.jpg,uploaded,56686,82_menara-standard-chartered-menara-standard-chartered_20160914044307_70975.jpg,https://cdn-strapi.prod.99iddev.net/assets/82_menara_standard_chartered_menara_standard_chartered_20160914044307_70975_c62c4bfe76.jpg,,
menara-standard-chartered,Media Library/Office Venue/menara-standard-chartered,901,21,41,20,exterior/82_menara-standard-chartered-menara-standard-chartered_20160914044309_54210.jpg,exterior,82_menara-standard-chartered-menara-standard-chartered_20160914044309_54210.jpg,uploaded,56687,82_menara-standard-chartered-menara-standard-chartered_20160914044309_54210.jpg,https://cdn-strapi.prod.99iddev.net/assets/82_menara_standard_chartered_menara_standard_chartered_20160914044309_54210_b3794c7d1b.jpg,,
menara-standard-chartered,Media Library/Office Venue/menara-standard-chartered,901,21,41,20,exterior/82_menara-standard-chartered-menara-standard-chartered_20160914044309_62823.jpg,exterior,82_menara-standard-chartered-menara-standard-chartered_20160914044309_62823.jpg,uploaded,56688,82_menara-standard-chartered-menara-standard-chartered_20160914044309_62823.jpg,https://cdn-strapi.prod.99iddev.net/assets/82_menara_standard_chartered_menara_standard_chartered_20160914044309_62823_ff153473bc.jpg,,
menara-standard-chartered,Media Library/Office Venue/menara-standard-chartered,901,21,41,20,exterior/82_menara-standard-chartered-menara-standard-chartered_20160914044310_10384.jpg,exterior,82_menara-standard-chartered-menara-standard-chartered_20160914044310_10384.jpg,uploaded,56689,82_menara-standard-chartered-menara-standard-chartered_20160914044310_10384.jpg,https://cdn-strapi.prod.99iddev.net/assets/82_menara_standard_chartered_menara_standard_chartered_20160914044310_10384_a31c4e3a2c.jpg,,
menara-standard-chartered,Media Library/Office Venue/menara-standard-chartered,901,21,41,20,interior/82_menara-standard-chartered-menara-standard-chartered_20170314085915_59538.jpg,interior,82_menara-standard-chartered-menara-standard-chartered_20170314085915_59538.jpg,uploaded,56690,82_menara-standard-chartered-menara-standard-chartered_20170314085915_59538.jpg,https://cdn-strapi.prod.99iddev.net/assets/82_menara_standard_chartered_menara_standard_chartered_20170314085915_59538_bb4c06465b.jpg,,
menara-standard-chartered,Media Library/Office Venue/menara-standard-chartered,901,21,41,20,interior/82_menara-standard-chartered-menara-standard-chartered_20170314085916_83254.jpg,interior,82_menara-standard-chartered-menara-standard-chartered_20170314085916_83254.jpg,uploaded,56691,82_menara-standard-chartered-menara-standard-chartered_20170314085916_83254.jpg,https://cdn-strapi.prod.99iddev.net/assets/82_menara_standard_chartered_menara_standard_chartered_20170314085916_83254_c65056c40a.jpg,,
menara-standard-chartered,Media Library/Office Venue/menara-standard-chartered,901,21,41,20,interior/82_menara-standard-chartered-menara-standard-chartered_20170314085917_12716.jpg,interior,82_menara-standard-chartered-menara-standard-chartered_20170314085917_12716.jpg,uploaded,56692,82_menara-standard-chartered-menara-standard-chartered_20170314085917_12716.jpg,https://cdn-strapi.prod.99iddev.net/assets/82_menara_standard_chartered_menara_standard_chartered_20170314085917_12716_7038814c7c.jpg,,
menara-standard-chartered,Media Library/Office Venue/menara-standard-chartered,901,21,41,20,interior/82_menara-standard-chartered-menara-standard-chartered_20170314085917_38752.jpg,interior,82_menara-standard-chartered-menara-standard-chartered_20170314085917_38752.jpg,uploaded,56693,82_menara-standard-chartered-menara-standard-chartered_20170314085917_38752.jpg,https://cdn-strapi.prod.99iddev.net/assets/82_menara_standard_chartered_menara_standard_chartered_20170314085917_38752_b6bb003bb2.jpg,,
menara-standard-chartered,Media Library/Office Venue/menara-standard-chartered,901,21,41,20,interior/82_menara-standard-chartered-menara-standard-chartered_20170314085918_58555.jpg,interior,82_menara-standard-chartered-menara-standard-chartered_20170314085918_58555.jpg,uploaded,56694,82_menara-standard-chartered-menara-standard-chartered_20170314085918_58555.jpg,https://cdn-strapi.prod.99iddev.net/assets/82_menara_standard_chartered_menara_standard_chartered_20170314085918_58555_32b4428e0a.jpg,,
menara-standard-chartered,Media Library/Office Venue/menara-standard-chartered,901,21,41,20,interior/82_menara-standard-chartered-menara-standard-chartered_20170314085919_29964.jpg,interior,82_menara-standard-chartered-menara-standard-chartered_20170314085919_29964.jpg,uploaded,56695,82_menara-standard-chartered-menara-standard-chartered_20170314085919_29964.jpg,https://cdn-strapi.prod.99iddev.net/assets/82_menara_standard_chartered_menara_standard_chartered_20170314085919_29964_0380c7a8b0.jpg,,
menara-standard-chartered,Media Library/Office Venue/menara-standard-chartered,901,21,41,20,interior/82_menara-standard-chartered-menara-standard-chartered_20170314085919_76061.jpg,interior,82_menara-standard-chartered-menara-standard-chartered_20170314085919_76061.jpg,uploaded,56696,82_menara-standard-chartered-menara-standard-chartered_20170314085919_76061.jpg,https://cdn-strapi.prod.99iddev.net/assets/82_menara_standard_chartered_menara_standard_chartered_20170314085919_76061_bbb73bfae3.jpg,,
menara-standard-chartered,Media Library/Office Venue/menara-standard-chartered,901,21,41,20,interior/82_menara-standard-chartered-menara-standard-chartered_20170314085920_69319.jpg,interior,82_menara-standard-chartered-menara-standard-chartered_20170314085920_69319.jpg,uploaded,56697,82_menara-standard-chartered-menara-standard-chartered_20170314085920_69319.jpg,https://cdn-strapi.prod.99iddev.net/assets/82_menara_standard_chartered_menara_standard_chartered_20170314085920_69319_e3c180e747.jpg,,
menara-standard-chartered,Media Library/Office Venue/menara-standard-chartered,901,21,41,20,interior/82_menara-standard-chartered-menara-standard-chartered_20170314085920_72071.jpg,interior,82_menara-standard-chartered-menara-standard-chartered_20170314085920_72071.jpg,uploaded,56698,82_menara-standard-chartered-menara-standard-chartered_20170314085920_72071.jpg,https://cdn-strapi.prod.99iddev.net/assets/82_menara_standard_chartered_menara_standard_chartered_20170314085920_72071_96763e28e3.jpg,,
menara-standard-chartered,Media Library/Office Venue/menara-standard-chartered,901,21,41,20,interior/82_menara-standard-chartered-menara-standard-chartered_20170314085920_85930.jpg,interior,82_menara-standard-chartered-menara-standard-chartered_20170314085920_85930.jpg,uploaded,56699,82_menara-standard-chartered-menara-standard-chartered_20170314085920_85930.jpg,https://cdn-strapi.prod.99iddev.net/assets/82_menara_standard_chartered_menara_standard_chartered_20170314085920_85930_cbaf757c00.jpg,,
menara-standard-chartered,Media Library/Office Venue/menara-standard-chartered,901,21,41,20,interior/82_menara-standard-chartered-menara-standard-chartered_20170314085920_94084.jpg,interior,82_menara-standard-chartered-menara-standard-chartered_20170314085920_94084.jpg,uploaded,56700,82_menara-standard-chartered-menara-standard-chartered_20170314085920_94084.jpg,https://cdn-strapi.prod.99iddev.net/assets/82_menara_standard_chartered_menara_standard_chartered_20170314085920_94084_c6c1471c06.jpg,,
menara-standard-chartered,Media Library/Office Venue/menara-standard-chartered,901,21,41,20,interior/82_menara-standard-chartered-menara-standard-chartered_20170314085921_28472.jpg,interior,82_menara-standard-chartered-menara-standard-chartered_20170314085921_28472.jpg,uploaded,56701,82_menara-standard-chartered-menara-standard-chartered_20170314085921_28472.jpg,https://cdn-strapi.prod.99iddev.net/assets/82_menara_standard_chartered_menara_standard_chartered_20170314085921_28472_e0c42d70a6.jpg,,
menara-standard-chartered,Media Library/Office Venue/menara-standard-chartered,901,21,41,20,interior/82_menara-standard-chartered-menara-standard-chartered_20170314085921_46219.jpg,interior,82_menara-standard-chartered-menara-standard-chartered_20170314085921_46219.jpg,uploaded,56702,82_menara-standard-chartered-menara-standard-chartered_20170314085921_46219.jpg,https://cdn-strapi.prod.99iddev.net/assets/82_menara_standard_chartered_menara_standard_chartered_20170314085921_46219_1164c72892.jpg,,
menara-standard-chartered,Media Library/Office Venue/menara-standard-chartered,901,21,41,20,interior/82_menara-standard-chartered-menara-standard-chartered_20170314085921_60341.jpg,interior,82_menara-standard-chartered-menara-standard-chartered_20170314085921_60341.jpg,uploaded,56703,82_menara-standard-chartered-menara-standard-chartered_20170314085921_60341.jpg,https://cdn-strapi.prod.99iddev.net/assets/82_menara_standard_chartered_menara_standard_chartered_20170314085921_60341_d832b68f0a.jpg,,
menara-standard-chartered,Media Library/Office Venue/menara-standard-chartered,901,21,41,20,interior/82_menara-standard-chartered-menara-standard-chartered_20170314085921_81838.jpg,interior,82_menara-standard-chartered-menara-standard-chartered_20170314085921_81838.jpg,uploaded,56704,82_menara-standard-chartered-menara-standard-chartered_20170314085921_81838.jpg,https://cdn-strapi.prod.99iddev.net/assets/82_menara_standard_chartered_menara_standard_chartered_20170314085921_81838_3b75c91583.jpg,,
menara-standard-chartered,Media Library/Office Venue/menara-standard-chartered,901,21,41,20,interior/82_menara-standard-chartered-menara-standard-chartered_20170314085921_86277.jpg,interior,82_menara-standard-chartered-menara-standard-chartered_20170314085921_86277.jpg,uploaded,56705,82_menara-standard-chartered-menara-standard-chartered_20170314085921_86277.jpg,https://cdn-strapi.prod.99iddev.net/assets/82_menara_standard_chartered_menara_standard_chartered_20170314085921_86277_144ce39217.jpg,,
mgk-kemayoran-mall-mgk,Media Library/Office Venue/mgk-kemayoran-mall-mgk,935,10,20,10,interior/542_mgk-kemayoran-mall-mgk_20180405065341_96368.jpg,interior,542_mgk-kemayoran-mall-mgk_20180405065341_96368.jpg,uploaded,56706,542_mgk-kemayoran-mall-mgk_20180405065341_96368.jpg,https://cdn-strapi.prod.99iddev.net/assets/542_mgk_kemayoran_mall_mgk_20180405065341_96368_e8958f9f4f.jpg,,
mgk-kemayoran-mall-mgk,Media Library/Office Venue/mgk-kemayoran-mall-mgk,935,10,20,10,interior/542_mgk-kemayoran-mall-mgk_20180405065344_75800.jpg,interior,542_mgk-kemayoran-mall-mgk_20180405065344_75800.jpg,uploaded,56707,542_mgk-kemayoran-mall-mgk_20180405065344_75800.jpg,https://cdn-strapi.prod.99iddev.net/assets/542_mgk_kemayoran_mall_mgk_20180405065344_75800_b47e87fb04.jpg,,
mgk-kemayoran-mall-mgk,Media Library/Office Venue/mgk-kemayoran-mall-mgk,935,10,20,10,interior/542_mgk-kemayoran-mall-mgk_20180405065345_26888.jpg,interior,542_mgk-kemayoran-mall-mgk_20180405065345_26888.jpg,uploaded,56708,542_mgk-kemayoran-mall-mgk_20180405065345_26888.jpg,https://cdn-strapi.prod.99iddev.net/assets/542_mgk_kemayoran_mall_mgk_20180405065345_26888_a7f8d08197.jpg,,
mgk-kemayoran-mall-mgk,Media Library/Office Venue/mgk-kemayoran-mall-mgk,935,10,20,10,interior/542_mgk-kemayoran-mall-mgk_20180405065346_16196.jpg,interior,542_mgk-kemayoran-mall-mgk_20180405065346_16196.jpg,uploaded,56709,542_mgk-kemayoran-mall-mgk_20180405065346_16196.jpg,https://cdn-strapi.prod.99iddev.net/assets/542_mgk_kemayoran_mall_mgk_20180405065346_16196_397b1fb4f3.jpg,,
mgk-kemayoran-mall-mgk,Media Library/Office Venue/mgk-kemayoran-mall-mgk,935,10,20,10,interior/542_mgk-kemayoran-mall-mgk_20180405065347_21198.jpg,interior,542_mgk-kemayoran-mall-mgk_20180405065347_21198.jpg,uploaded,56710,542_mgk-kemayoran-mall-mgk_20180405065347_21198.jpg,https://cdn-strapi.prod.99iddev.net/assets/542_mgk_kemayoran_mall_mgk_20180405065347_21198_b257b4055f.jpg,,
mgk-kemayoran-mall-mgk,Media Library/Office Venue/mgk-kemayoran-mall-mgk,935,10,20,10,interior/542_mgk-kemayoran-mall-mgk_20180405065348_25869.jpg,interior,542_mgk-kemayoran-mall-mgk_20180405065348_25869.jpg,uploaded,56711,542_mgk-kemayoran-mall-mgk_20180405065348_25869.jpg,https://cdn-strapi.prod.99iddev.net/assets/542_mgk_kemayoran_mall_mgk_20180405065348_25869_7c9923c567.jpg,,
mgk-kemayoran-mall-mgk,Media Library/Office Venue/mgk-kemayoran-mall-mgk,935,10,20,10,interior/542_mgk-kemayoran-mall-mgk_20180405065348_50533.jpg,interior,542_mgk-kemayoran-mall-mgk_20180405065348_50533.jpg,uploaded,56712,542_mgk-kemayoran-mall-mgk_20180405065348_50533.jpg,https://cdn-strapi.prod.99iddev.net/assets/542_mgk_kemayoran_mall_mgk_20180405065348_50533_5c8d2ce5d7.jpg,,
mgk-kemayoran-mall-mgk,Media Library/Office Venue/mgk-kemayoran-mall-mgk,935,10,20,10,interior/542_mgk-kemayoran-mall-mgk_20180405065348_71226.jpg,interior,542_mgk-kemayoran-mall-mgk_20180405065348_71226.jpg,uploaded,56713,542_mgk-kemayoran-mall-mgk_20180405065348_71226.jpg,https://cdn-strapi.prod.99iddev.net/assets/542_mgk_kemayoran_mall_mgk_20180405065348_71226_10d2de2f8e.jpg,,
mgk-kemayoran-mall-mgk,Media Library/Office Venue/mgk-kemayoran-mall-mgk,935,10,20,10,interior/542_mgk-kemayoran-mall-mgk_20180405065348_79471.jpg,interior,542_mgk-kemayoran-mall-mgk_20180405065348_79471.jpg,uploaded,56714,542_mgk-kemayoran-mall-mgk_20180405065348_79471.jpg,https://cdn-strapi.prod.99iddev.net/assets/542_mgk_kemayoran_mall_mgk_20180405065348_79471_7f0b8e24bf.jpg,,
mgk-kemayoran-mall-mgk,Media Library/Office Venue/mgk-kemayoran-mall-mgk,935,10,20,10,interior/542_mgk-kemayoran-mall-mgk_20180405065349_44084.jpg,interior,542_mgk-kemayoran-mall-mgk_20180405065349_44084.jpg,uploaded,56715,542_mgk-kemayoran-mall-mgk_20180405065349_44084.jpg,https://cdn-strapi.prod.99iddev.net/assets/542_mgk_kemayoran_mall_mgk_20180405065349_44084_dd95b9da6c.jpg,,
mgk-kemayoran-mgk-mall-retail,Media Library/Office Venue/mgk-kemayoran-mgk-mall-retail,903,1,2,1,exterior/542_mgk-kemayoran-mgk-mall-retail_20201111201008_88702.jpg,exterior,542_mgk-kemayoran-mgk-mall-retail_20201111201008_88702.jpg,uploaded,56716,542_mgk-kemayoran-mgk-mall-retail_20201111201008_88702.jpg,https://cdn-strapi.prod.99iddev.net/assets/542_mgk_kemayoran_mgk_mall_retail_20201111201008_88702_1470839272.jpg,,
mgk-office-tower-b,Media Library/Office Venue/mgk-office-tower-b,549,15,28,13,exterior/600_mgk-kemayoran-mgk-office-tower-b_20201111201003_11889.jpg,exterior,600_mgk-kemayoran-mgk-office-tower-b_20201111201003_11889.jpg,uploaded,56717,600_mgk-kemayoran-mgk-office-tower-b_20201111201003_11889.jpg,https://cdn-strapi.prod.99iddev.net/assets/600_mgk_kemayoran_mgk_office_tower_b_20201111201003_11889_eb2dd0848c.jpg,,
mgk-office-tower-b,Media Library/Office Venue/mgk-office-tower-b,549,15,28,13,floorplan/600_mgk-kemayoran-mgk-office-tower-b_20180718035004_67017.jpg,floorplan,600_mgk-kemayoran-mgk-office-tower-b_20180718035004_67017.jpg,uploaded,56718,600_mgk-kemayoran-mgk-office-tower-b_20180718035004_67017.jpg,https://cdn-strapi.prod.99iddev.net/assets/600_mgk_kemayoran_mgk_office_tower_b_20180718035004_67017_c879c9f60a.jpg,,
mgk-office-tower-b,Media Library/Office Venue/mgk-office-tower-b,549,15,28,13,floorplan/600_mgk-kemayoran-mgk-office-tower-b_20180718035007_60440.jpg,floorplan,600_mgk-kemayoran-mgk-office-tower-b_20180718035007_60440.jpg,uploaded,56719,600_mgk-kemayoran-mgk-office-tower-b_20180718035007_60440.jpg,https://cdn-strapi.prod.99iddev.net/assets/600_mgk_kemayoran_mgk_office_tower_b_20180718035007_60440_3a8168b49a.jpg,,
mgk-office-tower-b,Media Library/Office Venue/mgk-office-tower-b,549,15,28,13,interior/600_mgk-kemayoran-mgk-office-tower-b_20180718093908_68441.jpg,interior,600_mgk-kemayoran-mgk-office-tower-b_20180718093908_68441.jpg,uploaded,56720,600_mgk-kemayoran-mgk-office-tower-b_20180718093908_68441.jpg,https://cdn-strapi.prod.99iddev.net/assets/600_mgk_kemayoran_mgk_office_tower_b_20180718093908_68441_ff270b7981.jpg,,
mgk-office-tower-b,Media Library/Office Venue/mgk-office-tower-b,549,15,28,13,interior/600_mgk-kemayoran-mgk-office-tower-b_20180718093908_81743.jpg,interior,600_mgk-kemayoran-mgk-office-tower-b_20180718093908_81743.jpg,uploaded,56721,600_mgk-kemayoran-mgk-office-tower-b_20180718093908_81743.jpg,https://cdn-strapi.prod.99iddev.net/assets/600_mgk_kemayoran_mgk_office_tower_b_20180718093908_81743_2a6f298822.jpg,,
mgk-office-tower-b,Media Library/Office Venue/mgk-office-tower-b,549,15,28,13,interior/600_mgk-kemayoran-mgk-office-tower-b_20180718093909_17114.jpg,interior,600_mgk-kemayoran-mgk-office-tower-b_20180718093909_17114.jpg,uploaded,56722,600_mgk-kemayoran-mgk-office-tower-b_20180718093909_17114.jpg,https://cdn-strapi.prod.99iddev.net/assets/600_mgk_kemayoran_mgk_office_tower_b_20180718093909_17114_947819ba37.jpg,,
mgk-office-tower-b,Media Library/Office Venue/mgk-office-tower-b,549,15,28,13,interior/600_mgk-kemayoran-mgk-office-tower-b_20180718093909_69478.jpg,interior,600_mgk-kemayoran-mgk-office-tower-b_20180718093909_69478.jpg,uploaded,56723,600_mgk-kemayoran-mgk-office-tower-b_20180718093909_69478.jpg,https://cdn-strapi.prod.99iddev.net/assets/600_mgk_kemayoran_mgk_office_tower_b_20180718093909_69478_d52dc78309.jpg,,
mgk-office-tower-b,Media Library/Office Venue/mgk-office-tower-b,549,15,28,13,interior/600_mgk-kemayoran-mgk-office-tower-b_20180718093910_19942.jpg,interior,600_mgk-kemayoran-mgk-office-tower-b_20180718093910_19942.jpg,uploaded,56724,600_mgk-kemayoran-mgk-office-tower-b_20180718093910_19942.jpg,https://cdn-strapi.prod.99iddev.net/assets/600_mgk_kemayoran_mgk_office_tower_b_20180718093910_19942_b62f582092.jpg,,
mgk-office-tower-b,Media Library/Office Venue/mgk-office-tower-b,549,15,28,13,interior/600_mgk-kemayoran-mgk-office-tower-b_20180718093911_20592.jpg,interior,600_mgk-kemayoran-mgk-office-tower-b_20180718093911_20592.jpg,uploaded,56725,600_mgk-kemayoran-mgk-office-tower-b_20180718093911_20592.jpg,https://cdn-strapi.prod.99iddev.net/assets/600_mgk_kemayoran_mgk_office_tower_b_20180718093911_20592_632d996f49.jpg,,
mgk-office-tower-b,Media Library/Office Venue/mgk-office-tower-b,549,15,28,13,interior/600_mgk-kemayoran-mgk-office-tower-b_20180718093911_77314.jpg,interior,600_mgk-kemayoran-mgk-office-tower-b_20180718093911_77314.jpg,uploaded,56726,600_mgk-kemayoran-mgk-office-tower-b_20180718093911_77314.jpg,https://cdn-strapi.prod.99iddev.net/assets/600_mgk_kemayoran_mgk_office_tower_b_20180718093911_77314_e1e9e1d0f9.jpg,,
mgk-office-tower-b,Media Library/Office Venue/mgk-office-tower-b,549,15,28,13,interior/600_mgk-kemayoran-mgk-office-tower-b_20180718093912_11003.jpg,interior,600_mgk-kemayoran-mgk-office-tower-b_20180718093912_11003.jpg,uploaded,56727,600_mgk-kemayoran-mgk-office-tower-b_20180718093912_11003.jpg,https://cdn-strapi.prod.99iddev.net/assets/600_mgk_kemayoran_mgk_office_tower_b_20180718093912_11003_baa111ff00.jpg,,
mgk-office-tower-b,Media Library/Office Venue/mgk-office-tower-b,549,15,28,13,interior/600_mgk-kemayoran-mgk-office-tower-b_20180718093912_28833.jpg,interior,600_mgk-kemayoran-mgk-office-tower-b_20180718093912_28833.jpg,uploaded,56728,600_mgk-kemayoran-mgk-office-tower-b_20180718093912_28833.jpg,https://cdn-strapi.prod.99iddev.net/assets/600_mgk_kemayoran_mgk_office_tower_b_20180718093912_28833_2d58c8158e.jpg,,
mgk-office-tower-b,Media Library/Office Venue/mgk-office-tower-b,549,15,28,13,interior/600_mgk-kemayoran-mgk-office-tower-b_20180718093912_60286.jpg,interior,600_mgk-kemayoran-mgk-office-tower-b_20180718093912_60286.jpg,uploaded,56729,600_mgk-kemayoran-mgk-office-tower-b_20180718093912_60286.jpg,https://cdn-strapi.prod.99iddev.net/assets/600_mgk_kemayoran_mgk_office_tower_b_20180718093912_60286_06b7467992.jpg,,
midpoint-place,Media Library/Office Venue/midpoint-place,554,14,22,8,exterior/572_midpoint-place-midpoint-place_20180413095142_66284.jpg,exterior,572_midpoint-place-midpoint-place_20180413095142_66284.jpg,uploaded,56730,572_midpoint-place-midpoint-place_20180413095142_66284.jpg,https://cdn-strapi.prod.99iddev.net/assets/572_midpoint_place_midpoint_place_20180413095142_66284_9d85950d1f.jpg,,
midpoint-place,Media Library/Office Venue/midpoint-place,554,14,22,8,exterior/572_midpoint-place-midpoint-place_20180413095143_58208.jpg,exterior,572_midpoint-place-midpoint-place_20180413095143_58208.jpg,uploaded,56731,572_midpoint-place-midpoint-place_20180413095143_58208.jpg,https://cdn-strapi.prod.99iddev.net/assets/572_midpoint_place_midpoint_place_20180413095143_58208_216d567f96.jpg,,
midpoint-place,Media Library/Office Venue/midpoint-place,554,14,22,8,exterior/572_midpoint-place-midpoint-place_20180413095143_73078.jpg,exterior,572_midpoint-place-midpoint-place_20180413095143_73078.jpg,uploaded,56732,572_midpoint-place-midpoint-place_20180413095143_73078.jpg,https://cdn-strapi.prod.99iddev.net/assets/572_midpoint_place_midpoint_place_20180413095143_73078_5f71fd59f2.jpg,,
midpoint-place,Media Library/Office Venue/midpoint-place,554,14,22,8,exterior/572_midpoint-place-midpoint-place_20180413095144_79574.jpg,exterior,572_midpoint-place-midpoint-place_20180413095144_79574.jpg,uploaded,56733,572_midpoint-place-midpoint-place_20180413095144_79574.jpg,https://cdn-strapi.prod.99iddev.net/assets/572_midpoint_place_midpoint_place_20180413095144_79574_9a8e324ee7.jpg,,
midpoint-place,Media Library/Office Venue/midpoint-place,554,14,22,8,exterior/572_midpoint-place-midpoint-place_20180413095146_15529.jpg,exterior,572_midpoint-place-midpoint-place_20180413095146_15529.jpg,uploaded,56734,572_midpoint-place-midpoint-place_20180413095146_15529.jpg,https://cdn-strapi.prod.99iddev.net/assets/572_midpoint_place_midpoint_place_20180413095146_15529_c5feb745e9.jpg,,
midpoint-place,Media Library/Office Venue/midpoint-place,554,14,22,8,exterior/572_midpoint-place-midpoint-place_20180413095146_26732.jpg,exterior,572_midpoint-place-midpoint-place_20180413095146_26732.jpg,uploaded,56735,572_midpoint-place-midpoint-place_20180413095146_26732.jpg,https://cdn-strapi.prod.99iddev.net/assets/572_midpoint_place_midpoint_place_20180413095146_26732_c13acf6040.jpg,,
midpoint-place,Media Library/Office Venue/midpoint-place,554,14,22,8,exterior/572_midpoint-place-midpoint-place_20180413095147_35812.jpg,exterior,572_midpoint-place-midpoint-place_20180413095147_35812.jpg,uploaded,56736,572_midpoint-place-midpoint-place_20180413095147_35812.jpg,https://cdn-strapi.prod.99iddev.net/assets/572_midpoint_place_midpoint_place_20180413095147_35812_58c790d72b.jpg,,
midpoint-place,Media Library/Office Venue/midpoint-place,554,14,22,8,exterior/572_midpoint-place-midpoint-place_20180926064127_50936.jpg,exterior,572_midpoint-place-midpoint-place_20180926064127_50936.jpg,uploaded,56737,572_midpoint-place-midpoint-place_20180926064127_50936.jpg,https://cdn-strapi.prod.99iddev.net/assets/572_midpoint_place_midpoint_place_20180926064127_50936_5ac8a73a74.jpg,,
millenium-centennial-center,Media Library/Office Venue/millenium-centennial-center,556,8,10,2,exterior/348_millennium-centennial-center-millenium-centennial-center_20191113093825_31622.jpg,exterior,348_millennium-centennial-center-millenium-centennial-center_20191113093825_31622.jpg,uploaded,56738,348_millennium-centennial-center-millenium-centennial-center_20191113093825_31622.jpg,https://cdn-strapi.prod.99iddev.net/assets/348_millennium_centennial_center_millenium_centennial_center_20191113093825_31622_ab23f14322.jpg,,
millenium-centennial-center,Media Library/Office Venue/millenium-centennial-center,556,8,10,2,exterior/348_millennium-centennial-center-millenium-centennial-center_20191113093826_58690.jpg,exterior,348_millennium-centennial-center-millenium-centennial-center_20191113093826_58690.jpg,uploaded,56739,348_millennium-centennial-center-millenium-centennial-center_20191113093826_58690.jpg,https://cdn-strapi.prod.99iddev.net/assets/348_millennium_centennial_center_millenium_centennial_center_20191113093826_58690_af5130dc37.jpg,,
mnc-tower,Media Library/Office Venue/mnc-tower,557,21,25,4,interior/186_mnc-tower-mnc-tower_20170214042302_45059.jpg,interior,186_mnc-tower-mnc-tower_20170214042302_45059.jpg,uploaded,56740,186_mnc-tower-mnc-tower_20170214042302_45059.jpg,https://cdn-strapi.prod.99iddev.net/assets/186_mnc_tower_mnc_tower_20170214042302_45059_f3cae75cd9.jpg,,
mnc-tower,Media Library/Office Venue/mnc-tower,557,21,25,4,interior/186_mnc-tower-mnc-tower_20170214042304_10917.jpg,interior,186_mnc-tower-mnc-tower_20170214042304_10917.jpg,uploaded,56741,186_mnc-tower-mnc-tower_20170214042304_10917.jpg,https://cdn-strapi.prod.99iddev.net/assets/186_mnc_tower_mnc_tower_20170214042304_10917_606598abd8.jpg,,
mnc-tower,Media Library/Office Venue/mnc-tower,557,21,25,4,interior/186_mnc-tower-mnc-tower_20170214042304_29540.jpg,interior,186_mnc-tower-mnc-tower_20170214042304_29540.jpg,uploaded,56742,186_mnc-tower-mnc-tower_20170214042304_29540.jpg,https://cdn-strapi.prod.99iddev.net/assets/186_mnc_tower_mnc_tower_20170214042304_29540_b092301cf1.jpg,,
mnc-tower,Media Library/Office Venue/mnc-tower,557,21,25,4,interior/186_mnc-tower-mnc-tower_20170214042305_53404.jpg,interior,186_mnc-tower-mnc-tower_20170214042305_53404.jpg,uploaded,56743,186_mnc-tower-mnc-tower_20170214042305_53404.jpg,https://cdn-strapi.prod.99iddev.net/assets/186_mnc_tower_mnc_tower_20170214042305_53404_687e49bd88.jpg,,
myrepublic-plaza-gop-6,Media Library/Office Venue/myrepublic-plaza-gop-6,566,9,12,3,floorplan/650_green-office-park-myrepublic-plaza-gop-6_20190729043141_61380.jpg,floorplan,650_green-office-park-myrepublic-plaza-gop-6_20190729043141_61380.jpg,uploaded,56744,650_green-office-park-myrepublic-plaza-gop-6_20190729043141_61380.jpg,https://cdn-strapi.prod.99iddev.net/assets/650_green_office_park_myrepublic_plaza_gop_6_20190729043141_61380_a2f35169c4.jpg,,
myrepublic-plaza-gop-6,Media Library/Office Venue/myrepublic-plaza-gop-6,566,9,12,3,floorplan/650_green-office-park-myrepublic-plaza-gop-6_20190729043142_50740.jpg,floorplan,650_green-office-park-myrepublic-plaza-gop-6_20190729043142_50740.jpg,uploaded,56745,650_green-office-park-myrepublic-plaza-gop-6_20190729043142_50740.jpg,https://cdn-strapi.prod.99iddev.net/assets/650_green_office_park_myrepublic_plaza_gop_6_20190729043142_50740_cd7ddbe3d1.jpg,,
myrepublic-plaza-gop-6,Media Library/Office Venue/myrepublic-plaza-gop-6,566,9,12,3,floorplan/650_green-office-park-myrepublic-plaza-gop-6_20190729043142_56924.jpg,floorplan,650_green-office-park-myrepublic-plaza-gop-6_20190729043142_56924.jpg,uploaded,56746,650_green-office-park-myrepublic-plaza-gop-6_20190729043142_56924.jpg,https://cdn-strapi.prod.99iddev.net/assets/650_green_office_park_myrepublic_plaza_gop_6_20190729043142_56924_9f77644190.jpg,,
office-one,Media Library/Office Venue/office-one,904,6,12,6,exterior/493_office-one-office-one_20170330025930_11098.jpg,exterior,493_office-one-office-one_20170330025930_11098.jpg,uploaded,56747,493_office-one-office-one_20170330025930_11098.jpg,https://cdn-strapi.prod.99iddev.net/assets/493_office_one_office_one_20170330025930_11098_089a12db24.jpg,,
office-one,Media Library/Office Venue/office-one,904,6,12,6,exterior/493_office-one-office-one_20170330025931_52422.jpg,exterior,493_office-one-office-one_20170330025931_52422.jpg,uploaded,56748,493_office-one-office-one_20170330025931_52422.jpg,https://cdn-strapi.prod.99iddev.net/assets/493_office_one_office_one_20170330025931_52422_5796fa4f04.jpg,,
office-one,Media Library/Office Venue/office-one,904,6,12,6,exterior/493_office-one-office-one_20170330025932_78699.jpg,exterior,493_office-one-office-one_20170330025932_78699.jpg,uploaded,56749,493_office-one-office-one_20170330025932_78699.jpg,https://cdn-strapi.prod.99iddev.net/assets/493_office_one_office_one_20170330025932_78699_c4916d8ef4.jpg,,
office-one,Media Library/Office Venue/office-one,904,6,12,6,exterior/493_office-one-office-one_20180926064559_75187.jpg,exterior,493_office-one-office-one_20180926064559_75187.jpg,uploaded,56750,493_office-one-office-one_20180926064559_75187.jpg,https://cdn-strapi.prod.99iddev.net/assets/493_office_one_office_one_20180926064559_75187_d099535136.jpg,,
office-one,Media Library/Office Venue/office-one,904,6,12,6,exterior/493_office-one-office-one_20180926064600_51129.jpg,exterior,493_office-one-office-one_20180926064600_51129.jpg,uploaded,56751,493_office-one-office-one_20180926064600_51129.jpg,https://cdn-strapi.prod.99iddev.net/assets/493_office_one_office_one_20180926064600_51129_e0188b3d9d.jpg,,
office-one,Media Library/Office Venue/office-one,904,6,12,6,floorplan/493_office-one-office-one_20170313031642_23767.jpg,floorplan,493_office-one-office-one_20170313031642_23767.jpg,uploaded,56752,493_office-one-office-one_20170313031642_23767.jpg,https://cdn-strapi.prod.99iddev.net/assets/493_office_one_office_one_20170313031642_23767_b44b2d27b1.jpg,,
oleos-2,Media Library/Office Venue/oleos-2,952,8,16,8,exterior/219_oleos-2-oleos-2_20160914044340_56707.jpg,exterior,219_oleos-2-oleos-2_20160914044340_56707.jpg,uploaded,56753,219_oleos-2-oleos-2_20160914044340_56707.jpg,https://cdn-strapi.prod.99iddev.net/assets/219_oleos_2_oleos_2_20160914044340_56707_5048b3cfbb.jpg,,
oleos-2,Media Library/Office Venue/oleos-2,952,8,16,8,exterior/219_oleos-2-oleos-2_20160914044340_77745.jpg,exterior,219_oleos-2-oleos-2_20160914044340_77745.jpg,uploaded,56754,219_oleos-2-oleos-2_20160914044340_77745.jpg,https://cdn-strapi.prod.99iddev.net/assets/219_oleos_2_oleos_2_20160914044340_77745_815f6c76b6.jpg,,
oleos-2,Media Library/Office Venue/oleos-2,952,8,16,8,exterior/219_oleos-2-oleos-2_20160914044341_76017.jpg,exterior,219_oleos-2-oleos-2_20160914044341_76017.jpg,uploaded,56755,219_oleos-2-oleos-2_20160914044341_76017.jpg,https://cdn-strapi.prod.99iddev.net/assets/219_oleos_2_oleos_2_20160914044341_76017_d355845b67.jpg,,
oleos-2,Media Library/Office Venue/oleos-2,952,8,16,8,exterior/219_oleos-2-oleos-2_20160914044341_76406.jpg,exterior,219_oleos-2-oleos-2_20160914044341_76406.jpg,uploaded,56756,219_oleos-2-oleos-2_20160914044341_76406.jpg,https://cdn-strapi.prod.99iddev.net/assets/219_oleos_2_oleos_2_20160914044341_76406_467536ed6b.jpg,,
oleos-2,Media Library/Office Venue/oleos-2,952,8,16,8,floorplan/219_oleos-2-oleos-2_20170222074943_17380.jpg,floorplan,219_oleos-2-oleos-2_20170222074943_17380.jpg,uploaded,56757,219_oleos-2-oleos-2_20170222074943_17380.jpg,https://cdn-strapi.prod.99iddev.net/assets/219_oleos_2_oleos_2_20170222074943_17380_9149d54a3c.jpg,,
oleos-2,Media Library/Office Venue/oleos-2,952,8,16,8,floorplan/219_oleos-2-oleos-2_20170222074943_63799.jpg,floorplan,219_oleos-2-oleos-2_20170222074943_63799.jpg,uploaded,56758,219_oleos-2-oleos-2_20170222074943_63799.jpg,https://cdn-strapi.prod.99iddev.net/assets/219_oleos_2_oleos_2_20170222074943_63799_8f04ec96e0.jpg,,
oleos-2,Media Library/Office Venue/oleos-2,952,8,16,8,floorplan/219_oleos-2-oleos-2_20180124100238_78155.jpg,floorplan,219_oleos-2-oleos-2_20180124100238_78155.jpg,uploaded,56759,219_oleos-2-oleos-2_20180124100238_78155.jpg,https://cdn-strapi.prod.99iddev.net/assets/219_oleos_2_oleos_2_20180124100238_78155_3863b50e1a.jpg,,
oleos-2,Media Library/Office Venue/oleos-2,952,8,16,8,floorplan/219_oleos-2-oleos-2_20180124100241_62682.jpg,floorplan,219_oleos-2-oleos-2_20180124100241_62682.jpg,uploaded,56760,219_oleos-2-oleos-2_20180124100241_62682.jpg,https://cdn-strapi.prod.99iddev.net/assets/219_oleos_2_oleos_2_20180124100241_62682_5cb80dcb9e.jpg,,
one-wolter-place,Media Library/Office Venue/one-wolter-place,938,27,51,24,exterior/256_one-wolter-place-one-wolter-place_20160914044346_10312.jpg,exterior,256_one-wolter-place-one-wolter-place_20160914044346_10312.jpg,uploaded,56761,256_one-wolter-place-one-wolter-place_20160914044346_10312.jpg,https://cdn-strapi.prod.99iddev.net/assets/256_one_wolter_place_one_wolter_place_20160914044346_10312_3c89b06303.jpg,,
one-wolter-place,Media Library/Office Venue/one-wolter-place,938,27,51,24,exterior/256_one-wolter-place-one-wolter-place_20160914044346_52374.jpg,exterior,256_one-wolter-place-one-wolter-place_20160914044346_52374.jpg,uploaded,56762,256_one-wolter-place-one-wolter-place_20160914044346_52374.jpg,https://cdn-strapi.prod.99iddev.net/assets/256_one_wolter_place_one_wolter_place_20160914044346_52374_20df522d32.jpg,,
one-wolter-place,Media Library/Office Venue/one-wolter-place,938,27,51,24,exterior/256_one-wolter-place-one-wolter-place_20160914044347_82101.jpg,exterior,256_one-wolter-place-one-wolter-place_20160914044347_82101.jpg,uploaded,56763,256_one-wolter-place-one-wolter-place_20160914044347_82101.jpg,https://cdn-strapi.prod.99iddev.net/assets/256_one_wolter_place_one_wolter_place_20160914044347_82101_abcfa052ea.jpg,,
one-wolter-place,Media Library/Office Venue/one-wolter-place,938,27,51,24,floorplan/256_one-wolter-place-one-wolter-place_20170316041850_48051.jpg,floorplan,256_one-wolter-place-one-wolter-place_20170316041850_48051.jpg,uploaded,56764,256_one-wolter-place-one-wolter-place_20170316041850_48051.jpg,https://cdn-strapi.prod.99iddev.net/assets/256_one_wolter_place_one_wolter_place_20170316041850_48051_79e046d412.jpg,,
one-wolter-place,Media Library/Office Venue/one-wolter-place,938,27,51,24,interior/256_one-wolter-place-one-wolter-place_20170214042725_76656.jpg,interior,256_one-wolter-place-one-wolter-place_20170214042725_76656.jpg,uploaded,56765,256_one-wolter-place-one-wolter-place_20170214042725_76656.jpg,https://cdn-strapi.prod.99iddev.net/assets/256_one_wolter_place_one_wolter_place_20170214042725_76656_6ac104edb8.jpg,,
one-wolter-place,Media Library/Office Venue/one-wolter-place,938,27,51,24,interior/256_one-wolter-place-one-wolter-place_20170214042726_14007.jpg,interior,256_one-wolter-place-one-wolter-place_20170214042726_14007.jpg,uploaded,56766,256_one-wolter-place-one-wolter-place_20170214042726_14007.jpg,https://cdn-strapi.prod.99iddev.net/assets/256_one_wolter_place_one_wolter_place_20170214042726_14007_19da1eb02c.jpg,,
one-wolter-place,Media Library/Office Venue/one-wolter-place,938,27,51,24,interior/256_one-wolter-place-one-wolter-place_20170214042726_79894.jpg,interior,256_one-wolter-place-one-wolter-place_20170214042726_79894.jpg,uploaded,56767,256_one-wolter-place-one-wolter-place_20170214042726_79894.jpg,https://cdn-strapi.prod.99iddev.net/assets/256_one_wolter_place_one_wolter_place_20170214042726_79894_3c86ab4370.jpg,,
one-wolter-place,Media Library/Office Venue/one-wolter-place,938,27,51,24,interior/256_one-wolter-place-one-wolter-place_20170214042727_34358.jpg,interior,256_one-wolter-place-one-wolter-place_20170214042727_34358.jpg,uploaded,56768,256_one-wolter-place-one-wolter-place_20170214042727_34358.jpg,https://cdn-strapi.prod.99iddev.net/assets/256_one_wolter_place_one_wolter_place_20170214042727_34358_26c8ea92b2.jpg,,
one-wolter-place,Media Library/Office Venue/one-wolter-place,938,27,51,24,interior/256_one-wolter-place-one-wolter-place_20170214042727_84385.jpg,interior,256_one-wolter-place-one-wolter-place_20170214042727_84385.jpg,uploaded,56769,256_one-wolter-place-one-wolter-place_20170214042727_84385.jpg,https://cdn-strapi.prod.99iddev.net/assets/256_one_wolter_place_one_wolter_place_20170214042727_84385_dd63cf34ed.jpg,,
one-wolter-place,Media Library/Office Venue/one-wolter-place,938,27,51,24,interior/256_one-wolter-place-one-wolter-place_20170214042728_67628.jpg,interior,256_one-wolter-place-one-wolter-place_20170214042728_67628.jpg,uploaded,56770,256_one-wolter-place-one-wolter-place_20170214042728_67628.jpg,https://cdn-strapi.prod.99iddev.net/assets/256_one_wolter_place_one_wolter_place_20170214042728_67628_dbd9516af6.jpg,,
one-wolter-place,Media Library/Office Venue/one-wolter-place,938,27,51,24,interior/256_one-wolter-place-one-wolter-place_20170214042728_88031.jpg,interior,256_one-wolter-place-one-wolter-place_20170214042728_88031.jpg,uploaded,56771,256_one-wolter-place-one-wolter-place_20170214042728_88031.jpg,https://cdn-strapi.prod.99iddev.net/assets/256_one_wolter_place_one_wolter_place_20170214042728_88031_f8a56183b6.jpg,,
one-wolter-place,Media Library/Office Venue/one-wolter-place,938,27,51,24,interior/256_one-wolter-place-one-wolter-place_20170214042728_89292.jpg,interior,256_one-wolter-place-one-wolter-place_20170214042728_89292.jpg,uploaded,56772,256_one-wolter-place-one-wolter-place_20170214042728_89292.jpg,https://cdn-strapi.prod.99iddev.net/assets/256_one_wolter_place_one_wolter_place_20170214042728_89292_d20a7d8645.jpg,,
one-wolter-place,Media Library/Office Venue/one-wolter-place,938,27,51,24,interior/256_one-wolter-place-one-wolter-place_20170214042729_21536.jpg,interior,256_one-wolter-place-one-wolter-place_20170214042729_21536.jpg,uploaded,56773,256_one-wolter-place-one-wolter-place_20170214042729_21536.jpg,https://cdn-strapi.prod.99iddev.net/assets/256_one_wolter_place_one_wolter_place_20170214042729_21536_4d2ff19f5b.jpg,,
one-wolter-place,Media Library/Office Venue/one-wolter-place,938,27,51,24,interior/256_one-wolter-place-one-wolter-place_20170411041522_92329.jpg,interior,256_one-wolter-place-one-wolter-place_20170411041522_92329.jpg,uploaded,56774,256_one-wolter-place-one-wolter-place_20170411041522_92329.jpg,https://cdn-strapi.prod.99iddev.net/assets/256_one_wolter_place_one_wolter_place_20170411041522_92329_42e1e5055d.jpg,,
one-wolter-place,Media Library/Office Venue/one-wolter-place,938,27,51,24,interior/256_one-wolter-place-one-wolter-place_20170411041529_34460.jpg,interior,256_one-wolter-place-one-wolter-place_20170411041529_34460.jpg,uploaded,56775,256_one-wolter-place-one-wolter-place_20170411041529_34460.jpg,https://cdn-strapi.prod.99iddev.net/assets/256_one_wolter_place_one_wolter_place_20170411041529_34460_5a88466b08.jpg,,
one-wolter-place,Media Library/Office Venue/one-wolter-place,938,27,51,24,interior/256_one-wolter-place-one-wolter-place_20170411041537_20501.jpg,interior,256_one-wolter-place-one-wolter-place_20170411041537_20501.jpg,uploaded,56776,256_one-wolter-place-one-wolter-place_20170411041537_20501.jpg,https://cdn-strapi.prod.99iddev.net/assets/256_one_wolter_place_one_wolter_place_20170411041537_20501_f3718f16ff.jpg,,
one-wolter-place,Media Library/Office Venue/one-wolter-place,938,27,51,24,interior/256_one-wolter-place-one-wolter-place_20180718045833_38089.jpg,interior,256_one-wolter-place-one-wolter-place_20180718045833_38089.jpg,uploaded,56777,256_one-wolter-place-one-wolter-place_20180718045833_38089.jpg,https://cdn-strapi.prod.99iddev.net/assets/256_one_wolter_place_one_wolter_place_20180718045833_38089_8f571d3144.jpg,,
one-wolter-place,Media Library/Office Venue/one-wolter-place,938,27,51,24,interior/256_one-wolter-place-one-wolter-place_20180718045834_13802.jpg,interior,256_one-wolter-place-one-wolter-place_20180718045834_13802.jpg,uploaded,56778,256_one-wolter-place-one-wolter-place_20180718045834_13802.jpg,https://cdn-strapi.prod.99iddev.net/assets/256_one_wolter_place_one_wolter_place_20180718045834_13802_39a0c35985.jpg,,
one-wolter-place,Media Library/Office Venue/one-wolter-place,938,27,51,24,interior/256_one-wolter-place-one-wolter-place_20180718045834_57942.jpg,interior,256_one-wolter-place-one-wolter-place_20180718045834_57942.jpg,uploaded,56779,256_one-wolter-place-one-wolter-place_20180718045834_57942.jpg,https://cdn-strapi.prod.99iddev.net/assets/256_one_wolter_place_one_wolter_place_20180718045834_57942_a3c5d4243d.jpg,,
one-wolter-place,Media Library/Office Venue/one-wolter-place,938,27,51,24,interior/256_one-wolter-place-one-wolter-place_20180718045835_21544.jpg,interior,256_one-wolter-place-one-wolter-place_20180718045835_21544.jpg,uploaded,56780,256_one-wolter-place-one-wolter-place_20180718045835_21544.jpg,https://cdn-strapi.prod.99iddev.net/assets/256_one_wolter_place_one_wolter_place_20180718045835_21544_978a698bd9.jpg,,
one-wolter-place,Media Library/Office Venue/one-wolter-place,938,27,51,24,interior/256_one-wolter-place-one-wolter-place_20180718045835_28421.jpg,interior,256_one-wolter-place-one-wolter-place_20180718045835_28421.jpg,uploaded,56781,256_one-wolter-place-one-wolter-place_20180718045835_28421.jpg,https://cdn-strapi.prod.99iddev.net/assets/256_one_wolter_place_one_wolter_place_20180718045835_28421_dc9c8e58ef.jpg,,
one-wolter-place,Media Library/Office Venue/one-wolter-place,938,27,51,24,interior/256_one-wolter-place-one-wolter-place_20180718045835_30475.jpg,interior,256_one-wolter-place-one-wolter-place_20180718045835_30475.jpg,uploaded,56782,256_one-wolter-place-one-wolter-place_20180718045835_30475.jpg,https://cdn-strapi.prod.99iddev.net/assets/256_one_wolter_place_one_wolter_place_20180718045835_30475_32ca320d4b.jpg,,
one-wolter-place,Media Library/Office Venue/one-wolter-place,938,27,51,24,interior/256_one-wolter-place-one-wolter-place_20180718045835_76085.jpg,interior,256_one-wolter-place-one-wolter-place_20180718045835_76085.jpg,uploaded,56783,256_one-wolter-place-one-wolter-place_20180718045835_76085.jpg,https://cdn-strapi.prod.99iddev.net/assets/256_one_wolter_place_one_wolter_place_20180718045835_76085_33daa6c57e.jpg,,
one-wolter-place,Media Library/Office Venue/one-wolter-place,938,27,51,24,interior/256_one-wolter-place-one-wolter-place_20180718045836_90923.jpg,interior,256_one-wolter-place-one-wolter-place_20180718045836_90923.jpg,uploaded,56784,256_one-wolter-place-one-wolter-place_20180718045836_90923.jpg,https://cdn-strapi.prod.99iddev.net/assets/256_one_wolter_place_one_wolter_place_20180718045836_90923_9cfad0a275.jpg,,
pacific-century-place-tower-pcp,Media Library/Office Venue/pacific-century-place-tower-pcp,939,30,50,20,interior/350_pacific-century-premium-developments-pcpd-pacific-century-place-tower-pcp_20171024021907_63218.jpg,interior,350_pacific-century-premium-developments-pcpd-pacific-century-place-tower-pcp_20171024021907_63218.jpg,uploaded,56785,350_pacific-century-premium-developments-pcpd-pacific-century-place-tower-pcp_20171024021907_63218.jpg,https://cdn-strapi.prod.99iddev.net/assets/350_pacific_century_premium_developments_pcpd_pacific_century_place_tower_pcp_20171024021907_63218_b9b51e60c7.jpg,,
pacific-century-place-tower-pcp,Media Library/Office Venue/pacific-century-place-tower-pcp,939,30,50,20,interior/350_pacific-century-premium-developments-pcpd-pacific-century-place-tower-pcp_20171024021909_95674.jpg,interior,350_pacific-century-premium-developments-pcpd-pacific-century-place-tower-pcp_20171024021909_95674.jpg,uploaded,56786,350_pacific-century-premium-developments-pcpd-pacific-century-place-tower-pcp_20171024021909_95674.jpg,https://cdn-strapi.prod.99iddev.net/assets/350_pacific_century_premium_developments_pcpd_pacific_century_place_tower_pcp_20171024021909_95674_25afa278b2.jpg,,
pacific-century-place-tower-pcp,Media Library/Office Venue/pacific-century-place-tower-pcp,939,30,50,20,interior/350_pacific-century-premium-developments-pcpd-pacific-century-place-tower-pcp_20171024021911_87165.jpg,interior,350_pacific-century-premium-developments-pcpd-pacific-century-place-tower-pcp_20171024021911_87165.jpg,uploaded,56787,350_pacific-century-premium-developments-pcpd-pacific-century-place-tower-pcp_20171024021911_87165.jpg,https://cdn-strapi.prod.99iddev.net/assets/350_pacific_century_premium_developments_pcpd_pacific_century_place_tower_pcp_20171024021911_87165_0e86331dab.jpg,,
pacific-century-place-tower-pcp,Media Library/Office Venue/pacific-century-place-tower-pcp,939,30,50,20,interior/350_pacific-century-premium-developments-pcpd-pacific-century-place-tower-pcp_20171024021913_35263.jpg,interior,350_pacific-century-premium-developments-pcpd-pacific-century-place-tower-pcp_20171024021913_35263.jpg,uploaded,56788,350_pacific-century-premium-developments-pcpd-pacific-century-place-tower-pcp_20171024021913_35263.jpg,https://cdn-strapi.prod.99iddev.net/assets/350_pacific_century_premium_developments_pcpd_pacific_century_place_tower_pcp_20171024021913_35263_b10b8dc387.jpg,,
pacific-century-place-tower-pcp,Media Library/Office Venue/pacific-century-place-tower-pcp,939,30,50,20,interior/350_pacific-century-premium-developments-pcpd-pacific-century-place-tower-pcp_20171024021915_52181.jpg,interior,350_pacific-century-premium-developments-pcpd-pacific-century-place-tower-pcp_20171024021915_52181.jpg,uploaded,56789,350_pacific-century-premium-developments-pcpd-pacific-century-place-tower-pcp_20171024021915_52181.jpg,https://cdn-strapi.prod.99iddev.net/assets/350_pacific_century_premium_developments_pcpd_pacific_century_place_tower_pcp_20171024021915_52181_5be5883e2d.jpg,,
pacific-century-place-tower-pcp,Media Library/Office Venue/pacific-century-place-tower-pcp,939,30,50,20,interior/350_pacific-century-premium-developments-pcpd-pacific-century-place-tower-pcp_20171024021917_88391.jpg,interior,350_pacific-century-premium-developments-pcpd-pacific-century-place-tower-pcp_20171024021917_88391.jpg,uploaded,56790,350_pacific-century-premium-developments-pcpd-pacific-century-place-tower-pcp_20171024021917_88391.jpg,https://cdn-strapi.prod.99iddev.net/assets/350_pacific_century_premium_developments_pcpd_pacific_century_place_tower_pcp_20171024021917_88391_7d0881b77f.jpg,,
pacific-century-place-tower-pcp,Media Library/Office Venue/pacific-century-place-tower-pcp,939,30,50,20,interior/350_pacific-century-premium-developments-pcpd-pacific-century-place-tower-pcp_20171024021919_50891.jpg,interior,350_pacific-century-premium-developments-pcpd-pacific-century-place-tower-pcp_20171024021919_50891.jpg,uploaded,56791,350_pacific-century-premium-developments-pcpd-pacific-century-place-tower-pcp_20171024021919_50891.jpg,https://cdn-strapi.prod.99iddev.net/assets/350_pacific_century_premium_developments_pcpd_pacific_century_place_tower_pcp_20171024021919_50891_aa8b9ef43c.jpg,,
pacific-century-place-tower-pcp,Media Library/Office Venue/pacific-century-place-tower-pcp,939,30,50,20,interior/350_pacific-century-premium-developments-pcpd-pacific-century-place-tower-pcp_20171024021921_39191.jpg,interior,350_pacific-century-premium-developments-pcpd-pacific-century-place-tower-pcp_20171024021921_39191.jpg,uploaded,56792,350_pacific-century-premium-developments-pcpd-pacific-century-place-tower-pcp_20171024021921_39191.jpg,https://cdn-strapi.prod.99iddev.net/assets/350_pacific_century_premium_developments_pcpd_pacific_century_place_tower_pcp_20171024021921_39191_7ba8e5eedb.jpg,,
pacific-century-place-tower-pcp,Media Library/Office Venue/pacific-century-place-tower-pcp,939,30,50,20,interior/350_pacific-century-premium-developments-pcpd-pacific-century-place-tower-pcp_20171024021924_49993.jpg,interior,350_pacific-century-premium-developments-pcpd-pacific-century-place-tower-pcp_20171024021924_49993.jpg,uploaded,56793,350_pacific-century-premium-developments-pcpd-pacific-century-place-tower-pcp_20171024021924_49993.jpg,https://cdn-strapi.prod.99iddev.net/assets/350_pacific_century_premium_developments_pcpd_pacific_century_place_tower_pcp_20171024021924_49993_986c8ffbb4.jpg,,
pacific-century-place-tower-pcp,Media Library/Office Venue/pacific-century-place-tower-pcp,939,30,50,20,interior/350_pacific-century-premium-developments-pcpd-pacific-century-place-tower-pcp_20171024021959_47518.jpg,interior,350_pacific-century-premium-developments-pcpd-pacific-century-place-tower-pcp_20171024021959_47518.jpg,uploaded,56794,350_pacific-century-premium-developments-pcpd-pacific-century-place-tower-pcp_20171024021959_47518.jpg,https://cdn-strapi.prod.99iddev.net/assets/350_pacific_century_premium_developments_pcpd_pacific_century_place_tower_pcp_20171024021959_47518_3831684f59.jpg,,
pacific-century-place-tower-pcp,Media Library/Office Venue/pacific-century-place-tower-pcp,939,30,50,20,interior/350_pacific-century-premium-developments-pcpd-pacific-century-place-tower-pcp_20171024022001_56235.jpg,interior,350_pacific-century-premium-developments-pcpd-pacific-century-place-tower-pcp_20171024022001_56235.jpg,uploaded,56795,350_pacific-century-premium-developments-pcpd-pacific-century-place-tower-pcp_20171024022001_56235.jpg,https://cdn-strapi.prod.99iddev.net/assets/350_pacific_century_premium_developments_pcpd_pacific_century_place_tower_pcp_20171024022001_56235_642ab5ff4b.jpg,,
pacific-century-place-tower-pcp,Media Library/Office Venue/pacific-century-place-tower-pcp,939,30,50,20,interior/350_pacific-century-premium-developments-pcpd-pacific-century-place-tower-pcp_20171024022003_65540.jpg,interior,350_pacific-century-premium-developments-pcpd-pacific-century-place-tower-pcp_20171024022003_65540.jpg,uploaded,56796,350_pacific-century-premium-developments-pcpd-pacific-century-place-tower-pcp_20171024022003_65540.jpg,https://cdn-strapi.prod.99iddev.net/assets/350_pacific_century_premium_developments_pcpd_pacific_century_place_tower_pcp_20171024022003_65540_50d9444e0c.jpg,,
pacific-century-place-tower-pcp,Media Library/Office Venue/pacific-century-place-tower-pcp,939,30,50,20,interior/350_pacific-century-premium-developments-pcpd-pacific-century-place-tower-pcp_20171024022005_56940.jpg,interior,350_pacific-century-premium-developments-pcpd-pacific-century-place-tower-pcp_20171024022005_56940.jpg,uploaded,56797,350_pacific-century-premium-developments-pcpd-pacific-century-place-tower-pcp_20171024022005_56940.jpg,https://cdn-strapi.prod.99iddev.net/assets/350_pacific_century_premium_developments_pcpd_pacific_century_place_tower_pcp_20171024022005_56940_c1058b92a2.jpg,,
pacific-century-place-tower-pcp,Media Library/Office Venue/pacific-century-place-tower-pcp,939,30,50,20,interior/350_pacific-century-premium-developments-pcpd-pacific-century-place-tower-pcp_20171024022007_71496.jpg,interior,350_pacific-century-premium-developments-pcpd-pacific-century-place-tower-pcp_20171024022007_71496.jpg,uploaded,56798,350_pacific-century-premium-developments-pcpd-pacific-century-place-tower-pcp_20171024022007_71496.jpg,https://cdn-strapi.prod.99iddev.net/assets/350_pacific_century_premium_developments_pcpd_pacific_century_place_tower_pcp_20171024022007_71496_c79e03f6f7.jpg,,
pacific-century-place-tower-pcp,Media Library/Office Venue/pacific-century-place-tower-pcp,939,30,50,20,interior/350_pacific-century-premium-developments-pcpd-pacific-century-place-tower-pcp_20171024022008_45196.jpg,interior,350_pacific-century-premium-developments-pcpd-pacific-century-place-tower-pcp_20171024022008_45196.jpg,uploaded,56799,350_pacific-century-premium-developments-pcpd-pacific-century-place-tower-pcp_20171024022008_45196.jpg,https://cdn-strapi.prod.99iddev.net/assets/350_pacific_century_premium_developments_pcpd_pacific_century_place_tower_pcp_20171024022008_45196_f98e369be8.jpg,,
pacific-century-place-tower-pcp,Media Library/Office Venue/pacific-century-place-tower-pcp,939,30,50,20,interior/350_pacific-century-premium-developments-pcpd-pacific-century-place-tower-pcp_20171024022010_16252.jpg,interior,350_pacific-century-premium-developments-pcpd-pacific-century-place-tower-pcp_20171024022010_16252.jpg,uploaded,56800,350_pacific-century-premium-developments-pcpd-pacific-century-place-tower-pcp_20171024022010_16252.jpg,https://cdn-strapi.prod.99iddev.net/assets/350_pacific_century_premium_developments_pcpd_pacific_century_place_tower_pcp_20171024022010_16252_baa5961236.jpg,,
pacific-century-place-tower-pcp,Media Library/Office Venue/pacific-century-place-tower-pcp,939,30,50,20,interior/350_pacific-century-premium-developments-pcpd-pacific-century-place-tower-pcp_20171024022012_97825.jpg,interior,350_pacific-century-premium-developments-pcpd-pacific-century-place-tower-pcp_20171024022012_97825.jpg,uploaded,56801,350_pacific-century-premium-developments-pcpd-pacific-century-place-tower-pcp_20171024022012_97825.jpg,https://cdn-strapi.prod.99iddev.net/assets/350_pacific_century_premium_developments_pcpd_pacific_century_place_tower_pcp_20171024022012_97825_5c366d57b4.jpg,,
pacific-century-place-tower-pcp,Media Library/Office Venue/pacific-century-place-tower-pcp,939,30,50,20,interior/350_pacific-century-premium-developments-pcpd-pacific-century-place-tower-pcp_20171024022015_45240.jpg,interior,350_pacific-century-premium-developments-pcpd-pacific-century-place-tower-pcp_20171024022015_45240.jpg,uploaded,56802,350_pacific-century-premium-developments-pcpd-pacific-century-place-tower-pcp_20171024022015_45240.jpg,https://cdn-strapi.prod.99iddev.net/assets/350_pacific_century_premium_developments_pcpd_pacific_century_place_tower_pcp_20171024022015_45240_39297775f7.jpg,,
pacific-century-place-tower-pcp,Media Library/Office Venue/pacific-century-place-tower-pcp,939,30,50,20,interior/350_pacific-century-premium-developments-pcpd-pacific-century-place-tower-pcp_20171024022017_57777.jpg,interior,350_pacific-century-premium-developments-pcpd-pacific-century-place-tower-pcp_20171024022017_57777.jpg,uploaded,56803,350_pacific-century-premium-developments-pcpd-pacific-century-place-tower-pcp_20171024022017_57777.jpg,https://cdn-strapi.prod.99iddev.net/assets/350_pacific_century_premium_developments_pcpd_pacific_century_place_tower_pcp_20171024022017_57777_3d2f8eceb8.jpg,,
pacific-century-place-tower-pcp,Media Library/Office Venue/pacific-century-place-tower-pcp,939,30,50,20,interior/350_pacific-century-premium-developments-pcpd-pacific-century-place-tower-pcp_20171024022019_40509.jpg,interior,350_pacific-century-premium-developments-pcpd-pacific-century-place-tower-pcp_20171024022019_40509.jpg,uploaded,56804,350_pacific-century-premium-developments-pcpd-pacific-century-place-tower-pcp_20171024022019_40509.jpg,https://cdn-strapi.prod.99iddev.net/assets/350_pacific_century_premium_developments_pcpd_pacific_century_place_tower_pcp_20171024022019_40509_cc0c86b79a.jpg,,
pacific-century-place-tower-pcp-tower,Media Library/Office Venue/pacific-century-place-tower-pcp-tower,581,5,9,4,exterior/350_pacific-century-premium-developments-pcpd-pacific-century-place-tower-pcp-tower_20180416030140_27376.jpg,exterior,350_pacific-century-premium-developments-pcpd-pacific-century-place-tower-pcp-tower_20180416030140_27376.jpg,uploaded,56805,350_pacific-century-premium-developments-pcpd-pacific-century-place-tower-pcp-tower_20180416030140_27376.jpg,https://cdn-strapi.prod.99iddev.net/assets/350_pacific_century_premium_developments_pcpd_pacific_century_place_tower_pcp_tower_20180416030140_27376_dfbd364222.jpg,,
pacific-century-place-tower-pcp-tower,Media Library/Office Venue/pacific-century-place-tower-pcp-tower,581,5,9,4,exterior/350_pacific-century-premium-developments-pcpd-pacific-century-place-tower-pcp-tower_20180416030140_36639.jpg,exterior,350_pacific-century-premium-developments-pcpd-pacific-century-place-tower-pcp-tower_20180416030140_36639.jpg,uploaded,56806,350_pacific-century-premium-developments-pcpd-pacific-century-place-tower-pcp-tower_20180416030140_36639.jpg,https://cdn-strapi.prod.99iddev.net/assets/350_pacific_century_premium_developments_pcpd_pacific_century_place_tower_pcp_tower_20180416030140_36639_d783a9265b.jpg,,
pacific-century-place-tower-pcp-tower,Media Library/Office Venue/pacific-century-place-tower-pcp-tower,581,5,9,4,exterior/350_pacific-century-premium-developments-pcpd-pacific-century-place-tower-pcp-tower_20180416030141_83108.jpg,exterior,350_pacific-century-premium-developments-pcpd-pacific-century-place-tower-pcp-tower_20180416030141_83108.jpg,uploaded,56807,350_pacific-century-premium-developments-pcpd-pacific-century-place-tower-pcp-tower_20180416030141_83108.jpg,https://cdn-strapi.prod.99iddev.net/assets/350_pacific_century_premium_developments_pcpd_pacific_century_place_tower_pcp_tower_20180416030141_83108_22e89cf7f1.jpg,,
pacific-century-place-tower-pcp-tower,Media Library/Office Venue/pacific-century-place-tower-pcp-tower,581,5,9,4,floorplan/350_pacific-century-premium-developments-pcpd-pacific-century-place-tower-pcp-tower_20180524074516_76939.jpg,floorplan,350_pacific-century-premium-developments-pcpd-pacific-century-place-tower-pcp-tower_20180524074516_76939.jpg,uploaded,56808,350_pacific-century-premium-developments-pcpd-pacific-century-place-tower-pcp-tower_20180524074516_76939.jpg,https://cdn-strapi.prod.99iddev.net/assets/350_pacific_century_premium_developments_pcpd_pacific_century_place_tower_pcp_tower_20180524074516_76939_2d8e72d221.jpg,,
plaza-abda,Media Library/Office Venue/plaza-abda,905,22,44,22,exterior/114_plaza-abda-ex-plaza-asia-plaza-abda_20160914044443_86388.jpg,exterior,114_plaza-abda-ex-plaza-asia-plaza-abda_20160914044443_86388.jpg,uploaded,56809,114_plaza-abda-ex-plaza-asia-plaza-abda_20160914044443_86388.jpg,https://cdn-strapi.prod.99iddev.net/assets/114_plaza_abda_ex_plaza_asia_plaza_abda_20160914044443_86388_f87dfe09f3.jpg,,
plaza-abda,Media Library/Office Venue/plaza-abda,905,22,44,22,exterior/114_plaza-abda-ex-plaza-asia-plaza-abda_20160914044444_75074.jpg,exterior,114_plaza-abda-ex-plaza-asia-plaza-abda_20160914044444_75074.jpg,uploaded,56810,114_plaza-abda-ex-plaza-asia-plaza-abda_20160914044444_75074.jpg,https://cdn-strapi.prod.99iddev.net/assets/114_plaza_abda_ex_plaza_asia_plaza_abda_20160914044444_75074_f0930e9158.jpg,,
plaza-abda,Media Library/Office Venue/plaza-abda,905,22,44,22,exterior/114_plaza-abda-ex-plaza-asia-plaza-abda_20160914044444_88774.jpg,exterior,114_plaza-abda-ex-plaza-asia-plaza-abda_20160914044444_88774.jpg,uploaded,56811,114_plaza-abda-ex-plaza-asia-plaza-abda_20160914044444_88774.jpg,https://cdn-strapi.prod.99iddev.net/assets/114_plaza_abda_ex_plaza_asia_plaza_abda_20160914044444_88774_7d942f4b83.jpg,,
plaza-abda,Media Library/Office Venue/plaza-abda,905,22,44,22,exterior/114_plaza-abda-ex-plaza-asia-plaza-abda_20160914044447_42550.jpg,exterior,114_plaza-abda-ex-plaza-asia-plaza-abda_20160914044447_42550.jpg,uploaded,56812,114_plaza-abda-ex-plaza-asia-plaza-abda_20160914044447_42550.jpg,https://cdn-strapi.prod.99iddev.net/assets/114_plaza_abda_ex_plaza_asia_plaza_abda_20160914044447_42550_955c817eaa.jpg,,
plaza-abda,Media Library/Office Venue/plaza-abda,905,22,44,22,exterior/114_plaza-abda-ex-plaza-asia-plaza-abda_20171212074631_94106.jpg,exterior,114_plaza-abda-ex-plaza-asia-plaza-abda_20171212074631_94106.jpg,uploaded,56813,114_plaza-abda-ex-plaza-asia-plaza-abda_20171212074631_94106.jpg,https://cdn-strapi.prod.99iddev.net/assets/114_plaza_abda_ex_plaza_asia_plaza_abda_20171212074631_94106_c56f3c0643.jpg,,
plaza-abda,Media Library/Office Venue/plaza-abda,905,22,44,22,exterior/114_plaza-abda-ex-plaza-asia-plaza-abda_20171212074647_52661.jpg,exterior,114_plaza-abda-ex-plaza-asia-plaza-abda_20171212074647_52661.jpg,uploaded,56814,114_plaza-abda-ex-plaza-asia-plaza-abda_20171212074647_52661.jpg,https://cdn-strapi.prod.99iddev.net/assets/114_plaza_abda_ex_plaza_asia_plaza_abda_20171212074647_52661_b7da7b135a.jpg,,
plaza-abda,Media Library/Office Venue/plaza-abda,905,22,44,22,exterior/114_plaza-abda-ex-plaza-asia-plaza-abda_20171212074716_86803.jpg,exterior,114_plaza-abda-ex-plaza-asia-plaza-abda_20171212074716_86803.jpg,uploaded,56815,114_plaza-abda-ex-plaza-asia-plaza-abda_20171212074716_86803.jpg,https://cdn-strapi.prod.99iddev.net/assets/114_plaza_abda_ex_plaza_asia_plaza_abda_20171212074716_86803_04aeeb3df0.jpg,,
plaza-abda,Media Library/Office Venue/plaza-abda,905,22,44,22,exterior/114_plaza-abda-ex-plaza-asia-plaza-abda_20171212074721_89865.jpg,exterior,114_plaza-abda-ex-plaza-asia-plaza-abda_20171212074721_89865.jpg,uploaded,56816,114_plaza-abda-ex-plaza-asia-plaza-abda_20171212074721_89865.jpg,https://cdn-strapi.prod.99iddev.net/assets/114_plaza_abda_ex_plaza_asia_plaza_abda_20171212074721_89865_fd72a9d1f9.jpg,,
plaza-abda,Media Library/Office Venue/plaza-abda,905,22,44,22,floorplan/114_plaza-abda-ex-plaza-asia-plaza-abda_20180104023008_36901.jpg,floorplan,114_plaza-abda-ex-plaza-asia-plaza-abda_20180104023008_36901.jpg,uploaded,56817,114_plaza-abda-ex-plaza-asia-plaza-abda_20180104023008_36901.jpg,https://cdn-strapi.prod.99iddev.net/assets/114_plaza_abda_ex_plaza_asia_plaza_abda_20180104023008_36901_ebfe2d44dd.jpg,,
plaza-abda,Media Library/Office Venue/plaza-abda,905,22,44,22,floorplan/114_plaza-abda-ex-plaza-asia-plaza-abda_20180104023010_28798.jpg,floorplan,114_plaza-abda-ex-plaza-asia-plaza-abda_20180104023010_28798.jpg,uploaded,56818,114_plaza-abda-ex-plaza-asia-plaza-abda_20180104023010_28798.jpg,https://cdn-strapi.prod.99iddev.net/assets/114_plaza_abda_ex_plaza_asia_plaza_abda_20180104023010_28798_7b30de9612.jpg,,
plaza-abda,Media Library/Office Venue/plaza-abda,905,22,44,22,interior/114_plaza-abda-ex-plaza-asia-plaza-abda_20170214035300_57516.jpg,interior,114_plaza-abda-ex-plaza-asia-plaza-abda_20170214035300_57516.jpg,uploaded,56819,114_plaza-abda-ex-plaza-asia-plaza-abda_20170214035300_57516.jpg,https://cdn-strapi.prod.99iddev.net/assets/114_plaza_abda_ex_plaza_asia_plaza_abda_20170214035300_57516_c2c00fecad.jpg,,
plaza-abda,Media Library/Office Venue/plaza-abda,905,22,44,22,interior/114_plaza-abda-ex-plaza-asia-plaza-abda_20170214035300_66479.jpg,interior,114_plaza-abda-ex-plaza-asia-plaza-abda_20170214035300_66479.jpg,uploaded,56820,114_plaza-abda-ex-plaza-asia-plaza-abda_20170214035300_66479.jpg,https://cdn-strapi.prod.99iddev.net/assets/114_plaza_abda_ex_plaza_asia_plaza_abda_20170214035300_66479_b1a39fe88c.jpg,,
plaza-abda,Media Library/Office Venue/plaza-abda,905,22,44,22,interior/114_plaza-abda-ex-plaza-asia-plaza-abda_20170214035301_31758.jpg,interior,114_plaza-abda-ex-plaza-asia-plaza-abda_20170214035301_31758.jpg,uploaded,56821,114_plaza-abda-ex-plaza-asia-plaza-abda_20170214035301_31758.jpg,https://cdn-strapi.prod.99iddev.net/assets/114_plaza_abda_ex_plaza_asia_plaza_abda_20170214035301_31758_725ca656ba.jpg,,
plaza-abda,Media Library/Office Venue/plaza-abda,905,22,44,22,interior/114_plaza-abda-ex-plaza-asia-plaza-abda_20170214035301_39756.jpg,interior,114_plaza-abda-ex-plaza-asia-plaza-abda_20170214035301_39756.jpg,uploaded,56822,114_plaza-abda-ex-plaza-asia-plaza-abda_20170214035301_39756.jpg,https://cdn-strapi.prod.99iddev.net/assets/114_plaza_abda_ex_plaza_asia_plaza_abda_20170214035301_39756_fd68dbaef7.jpg,,
plaza-abda,Media Library/Office Venue/plaza-abda,905,22,44,22,interior/114_plaza-abda-ex-plaza-asia-plaza-abda_20170927093011_86034.jpg,interior,114_plaza-abda-ex-plaza-asia-plaza-abda_20170927093011_86034.jpg,uploaded,56823,114_plaza-abda-ex-plaza-asia-plaza-abda_20170927093011_86034.jpg,https://cdn-strapi.prod.99iddev.net/assets/114_plaza_abda_ex_plaza_asia_plaza_abda_20170927093011_86034_20c93c2207.jpg,,
plaza-abda,Media Library/Office Venue/plaza-abda,905,22,44,22,interior/114_plaza-abda-ex-plaza-asia-plaza-abda_20170927093012_35145.jpg,interior,114_plaza-abda-ex-plaza-asia-plaza-abda_20170927093012_35145.jpg,uploaded,56824,114_plaza-abda-ex-plaza-asia-plaza-abda_20170927093012_35145.jpg,https://cdn-strapi.prod.99iddev.net/assets/114_plaza_abda_ex_plaza_asia_plaza_abda_20170927093012_35145_46bf2416b7.jpg,,
plaza-abda,Media Library/Office Venue/plaza-abda,905,22,44,22,interior/114_plaza-abda-ex-plaza-asia-plaza-abda_20170927093017_19825.jpg,interior,114_plaza-abda-ex-plaza-asia-plaza-abda_20170927093017_19825.jpg,uploaded,56825,114_plaza-abda-ex-plaza-asia-plaza-abda_20170927093017_19825.jpg,https://cdn-strapi.prod.99iddev.net/assets/114_plaza_abda_ex_plaza_asia_plaza_abda_20170927093017_19825_2c07068324.jpg,,
plaza-abda,Media Library/Office Venue/plaza-abda,905,22,44,22,interior/114_plaza-abda-ex-plaza-asia-plaza-abda_20170927093018_39770.jpg,interior,114_plaza-abda-ex-plaza-asia-plaza-abda_20170927093018_39770.jpg,uploaded,56826,114_plaza-abda-ex-plaza-asia-plaza-abda_20170927093018_39770.jpg,https://cdn-strapi.prod.99iddev.net/assets/114_plaza_abda_ex_plaza_asia_plaza_abda_20170927093018_39770_f6d71075fb.jpg,,
plaza-abda,Media Library/Office Venue/plaza-abda,905,22,44,22,interior/114_plaza-abda-ex-plaza-asia-plaza-abda_20170927093019_54722.jpg,interior,114_plaza-abda-ex-plaza-asia-plaza-abda_20170927093019_54722.jpg,uploaded,56827,114_plaza-abda-ex-plaza-asia-plaza-abda_20170927093019_54722.jpg,https://cdn-strapi.prod.99iddev.net/assets/114_plaza_abda_ex_plaza_asia_plaza_abda_20170927093019_54722_aba78c0db7.jpg,,
plaza-abda,Media Library/Office Venue/plaza-abda,905,22,44,22,interior/114_plaza-abda-ex-plaza-asia-plaza-abda_20170927093021_49529.jpg,interior,114_plaza-abda-ex-plaza-asia-plaza-abda_20170927093021_49529.jpg,uploaded,56828,114_plaza-abda-ex-plaza-asia-plaza-abda_20170927093021_49529.jpg,https://cdn-strapi.prod.99iddev.net/assets/114_plaza_abda_ex_plaza_asia_plaza_abda_20170927093021_49529_87adefb4b6.jpg,,
plaza-abda,Media Library/Office Venue/plaza-abda,905,22,44,22,interior/114_plaza-abda-ex-plaza-asia-plaza-abda_20171024022931_52376.jpg,interior,114_plaza-abda-ex-plaza-asia-plaza-abda_20171024022931_52376.jpg,uploaded,56829,114_plaza-abda-ex-plaza-asia-plaza-abda_20171024022931_52376.jpg,https://cdn-strapi.prod.99iddev.net/assets/114_plaza_abda_ex_plaza_asia_plaza_abda_20171024022931_52376_0bd2c0dea1.jpg,,
plaza-abda,Media Library/Office Venue/plaza-abda,905,22,44,22,interior/114_plaza-abda-ex-plaza-asia-plaza-abda_20171024022934_48804.jpg,interior,114_plaza-abda-ex-plaza-asia-plaza-abda_20171024022934_48804.jpg,uploaded,56830,114_plaza-abda-ex-plaza-asia-plaza-abda_20171024022934_48804.jpg,https://cdn-strapi.prod.99iddev.net/assets/114_plaza_abda_ex_plaza_asia_plaza_abda_20171024022934_48804_9dd3947cb1.jpg,,
plaza-alstom,Media Library/Office Venue/plaza-alstom,906,2,4,2,exterior/228_plaza-alstom-plaza-alstom_20160914044449_15229.jpg,exterior,228_plaza-alstom-plaza-alstom_20160914044449_15229.jpg,uploaded,56831,228_plaza-alstom-plaza-alstom_20160914044449_15229.jpg,https://cdn-strapi.prod.99iddev.net/assets/228_plaza_alstom_plaza_alstom_20160914044449_15229_4728b99e3b.jpg,,
plaza-alstom,Media Library/Office Venue/plaza-alstom,906,2,4,2,exterior/228_plaza-alstom-plaza-alstom_20160914044449_35388.jpg,exterior,228_plaza-alstom-plaza-alstom_20160914044449_35388.jpg,uploaded,56832,228_plaza-alstom-plaza-alstom_20160914044449_35388.jpg,https://cdn-strapi.prod.99iddev.net/assets/228_plaza_alstom_plaza_alstom_20160914044449_35388_0d031fe8cc.jpg,,
plaza-bank-index-ex-plaza-permata,Media Library/Office Venue/plaza-bank-index-ex-plaza-permata,610,2,3,1,exterior/153_plaza-bank-index-ex-plaza-permata-plaza-bank-index-ex-plaza-permata_20201122162405_94130.jpg,exterior,153_plaza-bank-index-ex-plaza-permata-plaza-bank-index-ex-plaza-permata_20201122162405_94130.jpg,uploaded,56833,153_plaza-bank-index-ex-plaza-permata-plaza-bank-index-ex-plaza-permata_20201122162405_94130.jpg,https://cdn-strapi.prod.99iddev.net/assets/153_plaza_bank_index_ex_plaza_permata_plaza_bank_index_ex_plaza_permata_20201122162405_94130_d2888d5e0a.jpg,,
plaza-bapindo-citibank-tower,Media Library/Office Venue/plaza-bapindo-citibank-tower,907,2,4,2,exterior/115_plaza-bapindo-citibank-tower_20160914044453_57168.jpg,exterior,115_plaza-bapindo-citibank-tower_20160914044453_57168.jpg,uploaded,56834,115_plaza-bapindo-citibank-tower_20160914044453_57168.jpg,https://cdn-strapi.prod.99iddev.net/assets/115_plaza_bapindo_citibank_tower_20160914044453_57168_cbfa6e00e6.jpg,,
plaza-bapindo-citibank-tower,Media Library/Office Venue/plaza-bapindo-citibank-tower,907,2,4,2,exterior/115_plaza-bapindo-citibank-tower_20160914044453_83519.jpg,exterior,115_plaza-bapindo-citibank-tower_20160914044453_83519.jpg,uploaded,56835,115_plaza-bapindo-citibank-tower_20160914044453_83519.jpg,https://cdn-strapi.prod.99iddev.net/assets/115_plaza_bapindo_citibank_tower_20160914044453_83519_778a5702ae.jpg,,
plaza-bapindo-mandiri-tower,Media Library/Office Venue/plaza-bapindo-mandiri-tower,908,9,18,9,exterior/116_plaza-bapindo-mandiri-tower_20160914044453_48034.jpg,exterior,116_plaza-bapindo-mandiri-tower_20160914044453_48034.jpg,uploaded,56836,116_plaza-bapindo-mandiri-tower_20160914044453_48034.jpg,https://cdn-strapi.prod.99iddev.net/assets/116_plaza_bapindo_mandiri_tower_20160914044453_48034_2cd3cd2f83.jpg,,
plaza-bapindo-mandiri-tower,Media Library/Office Venue/plaza-bapindo-mandiri-tower,908,9,18,9,exterior/116_plaza-bapindo-mandiri-tower_20160914044454_53370.jpg,exterior,116_plaza-bapindo-mandiri-tower_20160914044454_53370.jpg,uploaded,56837,116_plaza-bapindo-mandiri-tower_20160914044454_53370.jpg,https://cdn-strapi.prod.99iddev.net/assets/116_plaza_bapindo_mandiri_tower_20160914044454_53370_a21bbab33c.jpg,,
plaza-bapindo-mandiri-tower,Media Library/Office Venue/plaza-bapindo-mandiri-tower,908,9,18,9,exterior/116_plaza-bapindo-mandiri-tower_20160914044454_60950.jpg,exterior,116_plaza-bapindo-mandiri-tower_20160914044454_60950.jpg,uploaded,56838,116_plaza-bapindo-mandiri-tower_20160914044454_60950.jpg,https://cdn-strapi.prod.99iddev.net/assets/116_plaza_bapindo_mandiri_tower_20160914044454_60950_7607dd82de.jpg,,
plaza-bapindo-mandiri-tower,Media Library/Office Venue/plaza-bapindo-mandiri-tower,908,9,18,9,interior/116_plaza-bapindo-mandiri-tower_20170705100745_60910.jpg,interior,116_plaza-bapindo-mandiri-tower_20170705100745_60910.jpg,uploaded,56839,116_plaza-bapindo-mandiri-tower_20170705100745_60910.jpg,https://cdn-strapi.prod.99iddev.net/assets/116_plaza_bapindo_mandiri_tower_20170705100745_60910_07d0bb506f.jpg,,
plaza-bapindo-mandiri-tower,Media Library/Office Venue/plaza-bapindo-mandiri-tower,908,9,18,9,interior/116_plaza-bapindo-mandiri-tower_20170705100751_58199.jpg,interior,116_plaza-bapindo-mandiri-tower_20170705100751_58199.jpg,uploaded,56840,116_plaza-bapindo-mandiri-tower_20170705100751_58199.jpg,https://cdn-strapi.prod.99iddev.net/assets/116_plaza_bapindo_mandiri_tower_20170705100751_58199_08f73021ae.jpg,,
plaza-bapindo-mandiri-tower,Media Library/Office Venue/plaza-bapindo-mandiri-tower,908,9,18,9,interior/116_plaza-bapindo-mandiri-tower_20170705100758_75657.jpg,interior,116_plaza-bapindo-mandiri-tower_20170705100758_75657.jpg,uploaded,56841,116_plaza-bapindo-mandiri-tower_20170705100758_75657.jpg,https://cdn-strapi.prod.99iddev.net/assets/116_plaza_bapindo_mandiri_tower_20170705100758_75657_974e3eac2a.jpg,,
plaza-bapindo-mandiri-tower,Media Library/Office Venue/plaza-bapindo-mandiri-tower,908,9,18,9,interior/116_plaza-bapindo-mandiri-tower_20170705100803_33461.jpg,interior,116_plaza-bapindo-mandiri-tower_20170705100803_33461.jpg,uploaded,56842,116_plaza-bapindo-mandiri-tower_20170705100803_33461.jpg,https://cdn-strapi.prod.99iddev.net/assets/116_plaza_bapindo_mandiri_tower_20170705100803_33461_9f8b9a31c8.jpg,,
plaza-bapindo-mandiri-tower,Media Library/Office Venue/plaza-bapindo-mandiri-tower,908,9,18,9,interior/116_plaza-bapindo-mandiri-tower_20170705100808_78569.jpg,interior,116_plaza-bapindo-mandiri-tower_20170705100808_78569.jpg,uploaded,56843,116_plaza-bapindo-mandiri-tower_20170705100808_78569.jpg,https://cdn-strapi.prod.99iddev.net/assets/116_plaza_bapindo_mandiri_tower_20170705100808_78569_32a193ebbc.jpg,,
plaza-bapindo-mandiri-tower,Media Library/Office Venue/plaza-bapindo-mandiri-tower,908,9,18,9,interior/116_plaza-bapindo-mandiri-tower_20170705100817_96299.jpg,interior,116_plaza-bapindo-mandiri-tower_20170705100817_96299.jpg,uploaded,56844,116_plaza-bapindo-mandiri-tower_20170705100817_96299.jpg,https://cdn-strapi.prod.99iddev.net/assets/116_plaza_bapindo_mandiri_tower_20170705100817_96299_59fefc07c8.jpg,,
plaza-centris,Media Library/Office Venue/plaza-centris,1012,4,8,4,exterior/57_plaza-centris-plaza-centris_20160914044454_93937.jpg,exterior,57_plaza-centris-plaza-centris_20160914044454_93937.jpg,uploaded,56845,57_plaza-centris-plaza-centris_20160914044454_93937.jpg,https://cdn-strapi.prod.99iddev.net/assets/57_plaza_centris_plaza_centris_20160914044454_93937_907ce9eee7.jpg,,
plaza-centris,Media Library/Office Venue/plaza-centris,1012,4,8,4,exterior/57_plaza-centris-plaza-centris_20160914044455_30065.jpg,exterior,57_plaza-centris-plaza-centris_20160914044455_30065.jpg,uploaded,56846,57_plaza-centris-plaza-centris_20160914044455_30065.jpg,https://cdn-strapi.prod.99iddev.net/assets/57_plaza_centris_plaza_centris_20160914044455_30065_2095c73946.jpg,,
plaza-centris,Media Library/Office Venue/plaza-centris,1012,4,8,4,exterior/57_plaza-centris-plaza-centris_20160914044455_61542.jpg,exterior,57_plaza-centris-plaza-centris_20160914044455_61542.jpg,uploaded,56847,57_plaza-centris-plaza-centris_20160914044455_61542.jpg,https://cdn-strapi.prod.99iddev.net/assets/57_plaza_centris_plaza_centris_20160914044455_61542_89f138b718.jpg,,
plaza-centris,Media Library/Office Venue/plaza-centris,1012,4,8,4,exterior/57_plaza-centris-plaza-centris_20160914044455_90762.jpg,exterior,57_plaza-centris-plaza-centris_20160914044455_90762.jpg,uploaded,56848,57_plaza-centris-plaza-centris_20160914044455_90762.jpg,https://cdn-strapi.prod.99iddev.net/assets/57_plaza_centris_plaza_centris_20160914044455_90762_89b09eac64.jpg,,
plaza-kuningan-south-tower,Media Library/Office Venue/plaza-kuningan-south-tower,621,18,33,15,exterior/59_plaza-kuningan-plaza-kuningan-south-tower_20160914044457_22071.jpg,exterior,59_plaza-kuningan-plaza-kuningan-south-tower_20160914044457_22071.jpg,uploaded,56849,59_plaza-kuningan-plaza-kuningan-south-tower_20160914044457_22071.jpg,https://cdn-strapi.prod.99iddev.net/assets/59_plaza_kuningan_plaza_kuningan_south_tower_20160914044457_22071_f5765193a6.jpg,,
plaza-kuningan-south-tower,Media Library/Office Venue/plaza-kuningan-south-tower,621,18,33,15,exterior/59_plaza-kuningan-plaza-kuningan-south-tower_20160914044457_44703.jpg,exterior,59_plaza-kuningan-plaza-kuningan-south-tower_20160914044457_44703.jpg,uploaded,56850,59_plaza-kuningan-plaza-kuningan-south-tower_20160914044457_44703.jpg,https://cdn-strapi.prod.99iddev.net/assets/59_plaza_kuningan_plaza_kuningan_south_tower_20160914044457_44703_010931eaba.jpg,,
plaza-kuningan-south-tower,Media Library/Office Venue/plaza-kuningan-south-tower,621,18,33,15,interior/59_plaza-kuningan-plaza-kuningan-south-tower_20170314090654_50117.jpg,interior,59_plaza-kuningan-plaza-kuningan-south-tower_20170314090654_50117.jpg,uploaded,56851,59_plaza-kuningan-plaza-kuningan-south-tower_20170314090654_50117.jpg,https://cdn-strapi.prod.99iddev.net/assets/59_plaza_kuningan_plaza_kuningan_south_tower_20170314090654_50117_c6badfa123.jpg,,
plaza-kuningan-south-tower,Media Library/Office Venue/plaza-kuningan-south-tower,621,18,33,15,interior/59_plaza-kuningan-plaza-kuningan-south-tower_20170314090655_17242.jpg,interior,59_plaza-kuningan-plaza-kuningan-south-tower_20170314090655_17242.jpg,uploaded,56852,59_plaza-kuningan-plaza-kuningan-south-tower_20170314090655_17242.jpg,https://cdn-strapi.prod.99iddev.net/assets/59_plaza_kuningan_plaza_kuningan_south_tower_20170314090655_17242_d6a9986f7e.jpg,,
plaza-kuningan-south-tower,Media Library/Office Venue/plaza-kuningan-south-tower,621,18,33,15,interior/59_plaza-kuningan-plaza-kuningan-south-tower_20170314090656_69812.jpg,interior,59_plaza-kuningan-plaza-kuningan-south-tower_20170314090656_69812.jpg,uploaded,56853,59_plaza-kuningan-plaza-kuningan-south-tower_20170314090656_69812.jpg,https://cdn-strapi.prod.99iddev.net/assets/59_plaza_kuningan_plaza_kuningan_south_tower_20170314090656_69812_799dc3c726.jpg,,
plaza-kuningan-south-tower,Media Library/Office Venue/plaza-kuningan-south-tower,621,18,33,15,interior/59_plaza-kuningan-plaza-kuningan-south-tower_20170314090656_81414.jpg,interior,59_plaza-kuningan-plaza-kuningan-south-tower_20170314090656_81414.jpg,uploaded,56854,59_plaza-kuningan-plaza-kuningan-south-tower_20170314090656_81414.jpg,https://cdn-strapi.prod.99iddev.net/assets/59_plaza_kuningan_plaza_kuningan_south_tower_20170314090656_81414_86da0ea4de.jpg,,
plaza-kuningan-south-tower,Media Library/Office Venue/plaza-kuningan-south-tower,621,18,33,15,interior/59_plaza-kuningan-plaza-kuningan-south-tower_20170314090657_75629.jpg,interior,59_plaza-kuningan-plaza-kuningan-south-tower_20170314090657_75629.jpg,uploaded,56855,59_plaza-kuningan-plaza-kuningan-south-tower_20170314090657_75629.jpg,https://cdn-strapi.prod.99iddev.net/assets/59_plaza_kuningan_plaza_kuningan_south_tower_20170314090657_75629_255dd4212f.jpg,,
plaza-kuningan-south-tower,Media Library/Office Venue/plaza-kuningan-south-tower,621,18,33,15,interior/59_plaza-kuningan-plaza-kuningan-south-tower_20170314090657_76146.jpg,interior,59_plaza-kuningan-plaza-kuningan-south-tower_20170314090657_76146.jpg,uploaded,56856,59_plaza-kuningan-plaza-kuningan-south-tower_20170314090657_76146.jpg,https://cdn-strapi.prod.99iddev.net/assets/59_plaza_kuningan_plaza_kuningan_south_tower_20170314090657_76146_ba8dcc3846.jpg,,
plaza-kuningan-south-tower,Media Library/Office Venue/plaza-kuningan-south-tower,621,18,33,15,interior/59_plaza-kuningan-plaza-kuningan-south-tower_20170314090657_94963.jpg,interior,59_plaza-kuningan-plaza-kuningan-south-tower_20170314090657_94963.jpg,uploaded,56857,59_plaza-kuningan-plaza-kuningan-south-tower_20170314090657_94963.jpg,https://cdn-strapi.prod.99iddev.net/assets/59_plaza_kuningan_plaza_kuningan_south_tower_20170314090657_94963_6142f3901c.jpg,,
plaza-kuningan-south-tower,Media Library/Office Venue/plaza-kuningan-south-tower,621,18,33,15,interior/59_plaza-kuningan-plaza-kuningan-south-tower_20170314090658_17185.jpg,interior,59_plaza-kuningan-plaza-kuningan-south-tower_20170314090658_17185.jpg,uploaded,56858,59_plaza-kuningan-plaza-kuningan-south-tower_20170314090658_17185.jpg,https://cdn-strapi.prod.99iddev.net/assets/59_plaza_kuningan_plaza_kuningan_south_tower_20170314090658_17185_53acfe4a68.jpg,,
plaza-kuningan-south-tower,Media Library/Office Venue/plaza-kuningan-south-tower,621,18,33,15,interior/59_plaza-kuningan-plaza-kuningan-south-tower_20170314090658_92556.jpg,interior,59_plaza-kuningan-plaza-kuningan-south-tower_20170314090658_92556.jpg,uploaded,56859,59_plaza-kuningan-plaza-kuningan-south-tower_20170314090658_92556.jpg,https://cdn-strapi.prod.99iddev.net/assets/59_plaza_kuningan_plaza_kuningan_south_tower_20170314090658_92556_c10993ec74.jpg,,
plaza-kuningan-south-tower,Media Library/Office Venue/plaza-kuningan-south-tower,621,18,33,15,interior/59_plaza-kuningan-plaza-kuningan-south-tower_20170314090659_37201.jpg,interior,59_plaza-kuningan-plaza-kuningan-south-tower_20170314090659_37201.jpg,uploaded,56860,59_plaza-kuningan-plaza-kuningan-south-tower_20170314090659_37201.jpg,https://cdn-strapi.prod.99iddev.net/assets/59_plaza_kuningan_plaza_kuningan_south_tower_20170314090659_37201_52a4cfc18c.jpg,,
plaza-kuningan-south-tower,Media Library/Office Venue/plaza-kuningan-south-tower,621,18,33,15,interior/59_plaza-kuningan-plaza-kuningan-south-tower_20170314090659_68827.jpg,interior,59_plaza-kuningan-plaza-kuningan-south-tower_20170314090659_68827.jpg,uploaded,56861,59_plaza-kuningan-plaza-kuningan-south-tower_20170314090659_68827.jpg,https://cdn-strapi.prod.99iddev.net/assets/59_plaza_kuningan_plaza_kuningan_south_tower_20170314090659_68827_d2ed747f5e.jpg,,
plaza-kuningan-south-tower,Media Library/Office Venue/plaza-kuningan-south-tower,621,18,33,15,interior/59_plaza-kuningan-plaza-kuningan-south-tower_20170314090659_79730.jpg,interior,59_plaza-kuningan-plaza-kuningan-south-tower_20170314090659_79730.jpg,uploaded,56862,59_plaza-kuningan-plaza-kuningan-south-tower_20170314090659_79730.jpg,https://cdn-strapi.prod.99iddev.net/assets/59_plaza_kuningan_plaza_kuningan_south_tower_20170314090659_79730_8cae177fc0.jpg,,
plaza-kuningan-south-tower,Media Library/Office Venue/plaza-kuningan-south-tower,621,18,33,15,interior/59_plaza-kuningan-plaza-kuningan-south-tower_20170314090700_33365.jpg,interior,59_plaza-kuningan-plaza-kuningan-south-tower_20170314090700_33365.jpg,uploaded,56863,59_plaza-kuningan-plaza-kuningan-south-tower_20170314090700_33365.jpg,https://cdn-strapi.prod.99iddev.net/assets/59_plaza_kuningan_plaza_kuningan_south_tower_20170314090700_33365_ad63441abd.jpg,,
plaza-permata,Media Library/Office Venue/plaza-permata,909,61,89,28,exterior/153_plaza-permata-plaza-permata_20160914044502_64527.jpg,exterior,153_plaza-permata-plaza-permata_20160914044502_64527.jpg,uploaded,56864,153_plaza-permata-plaza-permata_20160914044502_64527.jpg,https://cdn-strapi.prod.99iddev.net/assets/153_plaza_permata_plaza_permata_20160914044502_64527_bd213c68ce.jpg,,
plaza-permata,Media Library/Office Venue/plaza-permata,909,61,89,28,exterior/153_plaza-permata-plaza-permata_20160914044503_57315.jpg,exterior,153_plaza-permata-plaza-permata_20160914044503_57315.jpg,uploaded,56865,153_plaza-permata-plaza-permata_20160914044503_57315.jpg,https://cdn-strapi.prod.99iddev.net/assets/153_plaza_permata_plaza_permata_20160914044503_57315_317f2b6e6a.jpg,,
plaza-permata,Media Library/Office Venue/plaza-permata,909,61,89,28,exterior/153_plaza-permata-plaza-permata_20160914044503_65591.jpg,exterior,153_plaza-permata-plaza-permata_20160914044503_65591.jpg,uploaded,56866,153_plaza-permata-plaza-permata_20160914044503_65591.jpg,https://cdn-strapi.prod.99iddev.net/assets/153_plaza_permata_plaza_permata_20160914044503_65591_8487bc0277.jpg,,
plaza-permata,Media Library/Office Venue/plaza-permata,909,61,89,28,exterior/153_plaza-permata-plaza-permata_20160914044503_94154.jpg,exterior,153_plaza-permata-plaza-permata_20160914044503_94154.jpg,uploaded,56867,153_plaza-permata-plaza-permata_20160914044503_94154.jpg,https://cdn-strapi.prod.99iddev.net/assets/153_plaza_permata_plaza_permata_20160914044503_94154_9ad865b094.jpg,,
plaza-permata,Media Library/Office Venue/plaza-permata,909,61,89,28,exterior/153_plaza-permata-plaza-permata_20180413100204_31581.jpg,exterior,153_plaza-permata-plaza-permata_20180413100204_31581.jpg,uploaded,56868,153_plaza-permata-plaza-permata_20180413100204_31581.jpg,https://cdn-strapi.prod.99iddev.net/assets/153_plaza_permata_plaza_permata_20180413100204_31581_2afab4abd7.jpg,,
plaza-permata,Media Library/Office Venue/plaza-permata,909,61,89,28,exterior/153_plaza-permata-plaza-permata_20180413100207_24986.jpg,exterior,153_plaza-permata-plaza-permata_20180413100207_24986.jpg,uploaded,56869,153_plaza-permata-plaza-permata_20180413100207_24986.jpg,https://cdn-strapi.prod.99iddev.net/assets/153_plaza_permata_plaza_permata_20180413100207_24986_0f2028c861.jpg,,
plaza-permata,Media Library/Office Venue/plaza-permata,909,61,89,28,exterior/153_plaza-permata-plaza-permata_20180413100208_19482.jpg,exterior,153_plaza-permata-plaza-permata_20180413100208_19482.jpg,uploaded,56870,153_plaza-permata-plaza-permata_20180413100208_19482.jpg,https://cdn-strapi.prod.99iddev.net/assets/153_plaza_permata_plaza_permata_20180413100208_19482_ff0bbf299a.jpg,,
plaza-permata,Media Library/Office Venue/plaza-permata,909,61,89,28,exterior/153_plaza-permata-plaza-permata_20180413100208_57772.jpg,exterior,153_plaza-permata-plaza-permata_20180413100208_57772.jpg,uploaded,56871,153_plaza-permata-plaza-permata_20180413100208_57772.jpg,https://cdn-strapi.prod.99iddev.net/assets/153_plaza_permata_plaza_permata_20180413100208_57772_df00fa819a.jpg,,
plaza-permata,Media Library/Office Venue/plaza-permata,909,61,89,28,interior/153_plaza-permata-plaza-permata_20170727092651_33041.jpg,interior,153_plaza-permata-plaza-permata_20170727092651_33041.jpg,uploaded,56872,153_plaza-permata-plaza-permata_20170727092651_33041.jpg,https://cdn-strapi.prod.99iddev.net/assets/153_plaza_permata_plaza_permata_20170727092651_33041_d801dfb2a8.jpg,,
plaza-permata,Media Library/Office Venue/plaza-permata,909,61,89,28,interior/153_plaza-permata-plaza-permata_20170727092654_73816.jpg,interior,153_plaza-permata-plaza-permata_20170727092654_73816.jpg,uploaded,56873,153_plaza-permata-plaza-permata_20170727092654_73816.jpg,https://cdn-strapi.prod.99iddev.net/assets/153_plaza_permata_plaza_permata_20170727092654_73816_d67a10bc1d.jpg,,
plaza-permata,Media Library/Office Venue/plaza-permata,909,61,89,28,interior/153_plaza-permata-plaza-permata_20170727092658_29230.jpg,interior,153_plaza-permata-plaza-permata_20170727092658_29230.jpg,uploaded,56874,153_plaza-permata-plaza-permata_20170727092658_29230.jpg,https://cdn-strapi.prod.99iddev.net/assets/153_plaza_permata_plaza_permata_20170727092658_29230_944cd36d8b.jpg,,
plaza-permata,Media Library/Office Venue/plaza-permata,909,61,89,28,interior/153_plaza-permata-plaza-permata_20170727092701_43594.jpg,interior,153_plaza-permata-plaza-permata_20170727092701_43594.jpg,uploaded,56875,153_plaza-permata-plaza-permata_20170727092701_43594.jpg,https://cdn-strapi.prod.99iddev.net/assets/153_plaza_permata_plaza_permata_20170727092701_43594_4544a5af22.jpg,,
plaza-permata,Media Library/Office Venue/plaza-permata,909,61,89,28,interior/153_plaza-permata-plaza-permata_20170727092703_53676.jpg,interior,153_plaza-permata-plaza-permata_20170727092703_53676.jpg,uploaded,56876,153_plaza-permata-plaza-permata_20170727092703_53676.jpg,https://cdn-strapi.prod.99iddev.net/assets/153_plaza_permata_plaza_permata_20170727092703_53676_3be5496837.jpg,,
plaza-permata,Media Library/Office Venue/plaza-permata,909,61,89,28,interior/153_plaza-permata-plaza-permata_20170727092713_51067.jpg,interior,153_plaza-permata-plaza-permata_20170727092713_51067.jpg,uploaded,56877,153_plaza-permata-plaza-permata_20170727092713_51067.jpg,https://cdn-strapi.prod.99iddev.net/assets/153_plaza_permata_plaza_permata_20170727092713_51067_f02f7192be.jpg,,
plaza-permata,Media Library/Office Venue/plaza-permata,909,61,89,28,interior/153_plaza-permata-plaza-permata_20170727092717_26953.jpg,interior,153_plaza-permata-plaza-permata_20170727092717_26953.jpg,uploaded,56878,153_plaza-permata-plaza-permata_20170727092717_26953.jpg,https://cdn-strapi.prod.99iddev.net/assets/153_plaza_permata_plaza_permata_20170727092717_26953_d9653f5203.jpg,,
plaza-permata,Media Library/Office Venue/plaza-permata,909,61,89,28,interior/153_plaza-permata-plaza-permata_20170727092719_10513.jpg,interior,153_plaza-permata-plaza-permata_20170727092719_10513.jpg,uploaded,56879,153_plaza-permata-plaza-permata_20170727092719_10513.jpg,https://cdn-strapi.prod.99iddev.net/assets/153_plaza_permata_plaza_permata_20170727092719_10513_7dfedd891d.jpg,,
plaza-permata,Media Library/Office Venue/plaza-permata,909,61,89,28,interior/153_plaza-permata-plaza-permata_20170727092721_46939.jpg,interior,153_plaza-permata-plaza-permata_20170727092721_46939.jpg,uploaded,56880,153_plaza-permata-plaza-permata_20170727092721_46939.jpg,https://cdn-strapi.prod.99iddev.net/assets/153_plaza_permata_plaza_permata_20170727092721_46939_f4e2d7cd78.jpg,,
plaza-permata,Media Library/Office Venue/plaza-permata,909,61,89,28,interior/153_plaza-permata-plaza-permata_20170727092724_81145.jpg,interior,153_plaza-permata-plaza-permata_20170727092724_81145.jpg,uploaded,56881,153_plaza-permata-plaza-permata_20170727092724_81145.jpg,https://cdn-strapi.prod.99iddev.net/assets/153_plaza_permata_plaza_permata_20170727092724_81145_abf41326fa.jpg,,
plaza-permata,Media Library/Office Venue/plaza-permata,909,61,89,28,interior/153_plaza-permata-plaza-permata_20170727092738_41252.jpg,interior,153_plaza-permata-plaza-permata_20170727092738_41252.jpg,uploaded,56882,153_plaza-permata-plaza-permata_20170727092738_41252.jpg,https://cdn-strapi.prod.99iddev.net/assets/153_plaza_permata_plaza_permata_20170727092738_41252_b4fd03c8f2.jpg,,
plaza-permata,Media Library/Office Venue/plaza-permata,909,61,89,28,interior/153_plaza-permata-plaza-permata_20170727092741_27623.jpg,interior,153_plaza-permata-plaza-permata_20170727092741_27623.jpg,uploaded,56883,153_plaza-permata-plaza-permata_20170727092741_27623.jpg,https://cdn-strapi.prod.99iddev.net/assets/153_plaza_permata_plaza_permata_20170727092741_27623_d2ef805396.jpg,,
plaza-permata,Media Library/Office Venue/plaza-permata,909,61,89,28,interior/153_plaza-permata-plaza-permata_20170727092744_33287.jpg,interior,153_plaza-permata-plaza-permata_20170727092744_33287.jpg,uploaded,56884,153_plaza-permata-plaza-permata_20170727092744_33287.jpg,https://cdn-strapi.prod.99iddev.net/assets/153_plaza_permata_plaza_permata_20170727092744_33287_82f4eed79a.jpg,,
plaza-permata,Media Library/Office Venue/plaza-permata,909,61,89,28,interior/153_plaza-permata-plaza-permata_20170727092748_61449.jpg,interior,153_plaza-permata-plaza-permata_20170727092748_61449.jpg,uploaded,56885,153_plaza-permata-plaza-permata_20170727092748_61449.jpg,https://cdn-strapi.prod.99iddev.net/assets/153_plaza_permata_plaza_permata_20170727092748_61449_a4bfd46e6b.jpg,,
plaza-permata,Media Library/Office Venue/plaza-permata,909,61,89,28,interior/153_plaza-permata-plaza-permata_20170727092752_68427.jpg,interior,153_plaza-permata-plaza-permata_20170727092752_68427.jpg,uploaded,56886,153_plaza-permata-plaza-permata_20170727092752_68427.jpg,https://cdn-strapi.prod.99iddev.net/assets/153_plaza_permata_plaza_permata_20170727092752_68427_7b27b6cd72.jpg,,
plaza-permata,Media Library/Office Venue/plaza-permata,909,61,89,28,interior/153_plaza-permata-plaza-permata_20170727092806_94228.jpg,interior,153_plaza-permata-plaza-permata_20170727092806_94228.jpg,uploaded,56887,153_plaza-permata-plaza-permata_20170727092806_94228.jpg,https://cdn-strapi.prod.99iddev.net/assets/153_plaza_permata_plaza_permata_20170727092806_94228_0e2b292787.jpg,,
plaza-permata,Media Library/Office Venue/plaza-permata,909,61,89,28,interior/153_plaza-permata-plaza-permata_20170727092810_89539.jpg,interior,153_plaza-permata-plaza-permata_20170727092810_89539.jpg,uploaded,56888,153_plaza-permata-plaza-permata_20170727092810_89539.jpg,https://cdn-strapi.prod.99iddev.net/assets/153_plaza_permata_plaza_permata_20170727092810_89539_36e439c58c.jpg,,
plaza-permata,Media Library/Office Venue/plaza-permata,909,61,89,28,interior/153_plaza-permata-plaza-permata_20170727092813_63294.jpg,interior,153_plaza-permata-plaza-permata_20170727092813_63294.jpg,uploaded,56889,153_plaza-permata-plaza-permata_20170727092813_63294.jpg,https://cdn-strapi.prod.99iddev.net/assets/153_plaza_permata_plaza_permata_20170727092813_63294_16dac004f0.jpg,,
plaza-permata,Media Library/Office Venue/plaza-permata,909,61,89,28,interior/153_plaza-permata-plaza-permata_20170727092817_50864.jpg,interior,153_plaza-permata-plaza-permata_20170727092817_50864.jpg,uploaded,56890,153_plaza-permata-plaza-permata_20170727092817_50864.jpg,https://cdn-strapi.prod.99iddev.net/assets/153_plaza_permata_plaza_permata_20170727092817_50864_d67a427727.jpg,,
plaza-permata,Media Library/Office Venue/plaza-permata,909,61,89,28,interior/153_plaza-permata-plaza-permata_20170727092821_36546.jpg,interior,153_plaza-permata-plaza-permata_20170727092821_36546.jpg,uploaded,56891,153_plaza-permata-plaza-permata_20170727092821_36546.jpg,https://cdn-strapi.prod.99iddev.net/assets/153_plaza_permata_plaza_permata_20170727092821_36546_c8491dd6ae.jpg,,
plaza-sentral,Media Library/Office Venue/plaza-sentral,630,18,32,14,interior/118_plaza-sentral-plaza-sentral_20180516065459_60230.jpg,interior,118_plaza-sentral-plaza-sentral_20180516065459_60230.jpg,uploaded,56892,118_plaza-sentral-plaza-sentral_20180516065459_60230.jpg,https://cdn-strapi.prod.99iddev.net/assets/118_plaza_sentral_plaza_sentral_20180516065459_60230_ee611af9f6.jpg,,
plaza-sentral,Media Library/Office Venue/plaza-sentral,630,18,32,14,interior/118_plaza-sentral-plaza-sentral_20180516065459_92112.jpg,interior,118_plaza-sentral-plaza-sentral_20180516065459_92112.jpg,uploaded,56893,118_plaza-sentral-plaza-sentral_20180516065459_92112.jpg,https://cdn-strapi.prod.99iddev.net/assets/118_plaza_sentral_plaza_sentral_20180516065459_92112_214a178669.jpg,,
plaza-sentral,Media Library/Office Venue/plaza-sentral,630,18,32,14,interior/118_plaza-sentral-plaza-sentral_20180516065500_73697.jpg,interior,118_plaza-sentral-plaza-sentral_20180516065500_73697.jpg,uploaded,56894,118_plaza-sentral-plaza-sentral_20180516065500_73697.jpg,https://cdn-strapi.prod.99iddev.net/assets/118_plaza_sentral_plaza_sentral_20180516065500_73697_e67e72c253.jpg,,
plaza-sentral,Media Library/Office Venue/plaza-sentral,630,18,32,14,interior/118_plaza-sentral-plaza-sentral_20180516065501_21339.jpg,interior,118_plaza-sentral-plaza-sentral_20180516065501_21339.jpg,uploaded,56895,118_plaza-sentral-plaza-sentral_20180516065501_21339.jpg,https://cdn-strapi.prod.99iddev.net/assets/118_plaza_sentral_plaza_sentral_20180516065501_21339_08002a9c30.jpg,,
plaza-sentral,Media Library/Office Venue/plaza-sentral,630,18,32,14,interior/118_plaza-sentral-plaza-sentral_20180516065502_31110.jpg,interior,118_plaza-sentral-plaza-sentral_20180516065502_31110.jpg,uploaded,56896,118_plaza-sentral-plaza-sentral_20180516065502_31110.jpg,https://cdn-strapi.prod.99iddev.net/assets/118_plaza_sentral_plaza_sentral_20180516065502_31110_a3ac8345c8.jpg,,
plaza-sentral,Media Library/Office Venue/plaza-sentral,630,18,32,14,interior/118_plaza-sentral-plaza-sentral_20180516065502_51301.jpg,interior,118_plaza-sentral-plaza-sentral_20180516065502_51301.jpg,uploaded,56897,118_plaza-sentral-plaza-sentral_20180516065502_51301.jpg,https://cdn-strapi.prod.99iddev.net/assets/118_plaza_sentral_plaza_sentral_20180516065502_51301_230ea4f049.jpg,,
plaza-sentral,Media Library/Office Venue/plaza-sentral,630,18,32,14,interior/118_plaza-sentral-plaza-sentral_20180516065504_36479.jpg,interior,118_plaza-sentral-plaza-sentral_20180516065504_36479.jpg,uploaded,56898,118_plaza-sentral-plaza-sentral_20180516065504_36479.jpg,https://cdn-strapi.prod.99iddev.net/assets/118_plaza_sentral_plaza_sentral_20180516065504_36479_009d45baea.jpg,,
plaza-sentral,Media Library/Office Venue/plaza-sentral,630,18,32,14,interior/118_plaza-sentral-plaza-sentral_20180516065504_44222.jpg,interior,118_plaza-sentral-plaza-sentral_20180516065504_44222.jpg,uploaded,56899,118_plaza-sentral-plaza-sentral_20180516065504_44222.jpg,https://cdn-strapi.prod.99iddev.net/assets/118_plaza_sentral_plaza_sentral_20180516065504_44222_a90cd2ee0f.jpg,,
plaza-sentral,Media Library/Office Venue/plaza-sentral,630,18,32,14,interior/118_plaza-sentral-plaza-sentral_20180516065504_53621.jpg,interior,118_plaza-sentral-plaza-sentral_20180516065504_53621.jpg,uploaded,56900,118_plaza-sentral-plaza-sentral_20180516065504_53621.jpg,https://cdn-strapi.prod.99iddev.net/assets/118_plaza_sentral_plaza_sentral_20180516065504_53621_18007b90b2.jpg,,
plaza-sentral,Media Library/Office Venue/plaza-sentral,630,18,32,14,interior/118_plaza-sentral-plaza-sentral_20180516065504_53836.jpg,interior,118_plaza-sentral-plaza-sentral_20180516065504_53836.jpg,uploaded,56901,118_plaza-sentral-plaza-sentral_20180516065504_53836.jpg,https://cdn-strapi.prod.99iddev.net/assets/118_plaza_sentral_plaza_sentral_20180516065504_53836_a9a6c9f159.jpg,,
plaza-sentral,Media Library/Office Venue/plaza-sentral,630,18,32,14,interior/118_plaza-sentral-plaza-sentral_20180516065504_55298.jpg,interior,118_plaza-sentral-plaza-sentral_20180516065504_55298.jpg,uploaded,56902,118_plaza-sentral-plaza-sentral_20180516065504_55298.jpg,https://cdn-strapi.prod.99iddev.net/assets/118_plaza_sentral_plaza_sentral_20180516065504_55298_0d56b41a76.jpg,,
plaza-sentral,Media Library/Office Venue/plaza-sentral,630,18,32,14,interior/118_plaza-sentral-plaza-sentral_20180516065505_28300.jpg,interior,118_plaza-sentral-plaza-sentral_20180516065505_28300.jpg,uploaded,56903,118_plaza-sentral-plaza-sentral_20180516065505_28300.jpg,https://cdn-strapi.prod.99iddev.net/assets/118_plaza_sentral_plaza_sentral_20180516065505_28300_88ccc41e59.jpg,,
plaza-sentral,Media Library/Office Venue/plaza-sentral,630,18,32,14,interior/118_plaza-sentral-plaza-sentral_20180516065506_27363.jpg,interior,118_plaza-sentral-plaza-sentral_20180516065506_27363.jpg,uploaded,56904,118_plaza-sentral-plaza-sentral_20180516065506_27363.jpg,https://cdn-strapi.prod.99iddev.net/assets/118_plaza_sentral_plaza_sentral_20180516065506_27363_636669cd4e.jpg,,
plaza-sentral,Media Library/Office Venue/plaza-sentral,630,18,32,14,interior/118_plaza-sentral-plaza-sentral_20180516065506_51984.jpg,interior,118_plaza-sentral-plaza-sentral_20180516065506_51984.jpg,uploaded,56905,118_plaza-sentral-plaza-sentral_20180516065506_51984.jpg,https://cdn-strapi.prod.99iddev.net/assets/118_plaza_sentral_plaza_sentral_20180516065506_51984_2144c81ef2.jpg,,
plaza-simatupang-ex-plaza-alstom,Media Library/Office Venue/plaza-simatupang-ex-plaza-alstom,632,27,48,21,floorplan/228_plaza-simatupang-ex-plaza-alstom-plaza-simatupang-ex-plaza-alstom_20180718035334_90331.jpg,floorplan,228_plaza-simatupang-ex-plaza-alstom-plaza-simatupang-ex-plaza-alstom_20180718035334_90331.jpg,uploaded,56906,228_plaza-simatupang-ex-plaza-alstom-plaza-simatupang-ex-plaza-alstom_20180718035334_90331.jpg,https://cdn-strapi.prod.99iddev.net/assets/228_plaza_simatupang_ex_plaza_alstom_plaza_simatupang_ex_plaza_alstom_20180718035334_90331_5e363210be.jpg,,
plaza-simatupang-ex-plaza-alstom,Media Library/Office Venue/plaza-simatupang-ex-plaza-alstom,632,27,48,21,interior/228_plaza-simatupang-ex-plaza-alstom-plaza-simatupang-ex-plaza-alstom_20180502074706_30567.jpg,interior,228_plaza-simatupang-ex-plaza-alstom-plaza-simatupang-ex-plaza-alstom_20180502074706_30567.jpg,uploaded,56907,228_plaza-simatupang-ex-plaza-alstom-plaza-simatupang-ex-plaza-alstom_20180502074706_30567.jpg,https://cdn-strapi.prod.99iddev.net/assets/228_plaza_simatupang_ex_plaza_alstom_plaza_simatupang_ex_plaza_alstom_20180502074706_30567_004f2ccf46.jpg,,
plaza-simatupang-ex-plaza-alstom,Media Library/Office Venue/plaza-simatupang-ex-plaza-alstom,632,27,48,21,interior/228_plaza-simatupang-ex-plaza-alstom-plaza-simatupang-ex-plaza-alstom_20180502074707_26096.jpg,interior,228_plaza-simatupang-ex-plaza-alstom-plaza-simatupang-ex-plaza-alstom_20180502074707_26096.jpg,uploaded,56908,228_plaza-simatupang-ex-plaza-alstom-plaza-simatupang-ex-plaza-alstom_20180502074707_26096.jpg,https://cdn-strapi.prod.99iddev.net/assets/228_plaza_simatupang_ex_plaza_alstom_plaza_simatupang_ex_plaza_alstom_20180502074707_26096_e39d4fe9a2.jpg,,
plaza-simatupang-ex-plaza-alstom,Media Library/Office Venue/plaza-simatupang-ex-plaza-alstom,632,27,48,21,interior/228_plaza-simatupang-ex-plaza-alstom-plaza-simatupang-ex-plaza-alstom_20180502074708_22280.jpg,interior,228_plaza-simatupang-ex-plaza-alstom-plaza-simatupang-ex-plaza-alstom_20180502074708_22280.jpg,uploaded,56909,228_plaza-simatupang-ex-plaza-alstom-plaza-simatupang-ex-plaza-alstom_20180502074708_22280.jpg,https://cdn-strapi.prod.99iddev.net/assets/228_plaza_simatupang_ex_plaza_alstom_plaza_simatupang_ex_plaza_alstom_20180502074708_22280_ec5b304ea2.jpg,,
plaza-simatupang-ex-plaza-alstom,Media Library/Office Venue/plaza-simatupang-ex-plaza-alstom,632,27,48,21,interior/228_plaza-simatupang-ex-plaza-alstom-plaza-simatupang-ex-plaza-alstom_20180502074708_24939.jpg,interior,228_plaza-simatupang-ex-plaza-alstom-plaza-simatupang-ex-plaza-alstom_20180502074708_24939.jpg,uploaded,56910,228_plaza-simatupang-ex-plaza-alstom-plaza-simatupang-ex-plaza-alstom_20180502074708_24939.jpg,https://cdn-strapi.prod.99iddev.net/assets/228_plaza_simatupang_ex_plaza_alstom_plaza_simatupang_ex_plaza_alstom_20180502074708_24939_1278cc1dc9.jpg,,
plaza-simatupang-ex-plaza-alstom,Media Library/Office Venue/plaza-simatupang-ex-plaza-alstom,632,27,48,21,interior/228_plaza-simatupang-ex-plaza-alstom-plaza-simatupang-ex-plaza-alstom_20180502074708_31308.jpg,interior,228_plaza-simatupang-ex-plaza-alstom-plaza-simatupang-ex-plaza-alstom_20180502074708_31308.jpg,uploaded,56911,228_plaza-simatupang-ex-plaza-alstom-plaza-simatupang-ex-plaza-alstom_20180502074708_31308.jpg,https://cdn-strapi.prod.99iddev.net/assets/228_plaza_simatupang_ex_plaza_alstom_plaza_simatupang_ex_plaza_alstom_20180502074708_31308_1c263a888b.jpg,,
plaza-simatupang-ex-plaza-alstom,Media Library/Office Venue/plaza-simatupang-ex-plaza-alstom,632,27,48,21,interior/228_plaza-simatupang-ex-plaza-alstom-plaza-simatupang-ex-plaza-alstom_20180502074709_18247.jpg,interior,228_plaza-simatupang-ex-plaza-alstom-plaza-simatupang-ex-plaza-alstom_20180502074709_18247.jpg,uploaded,56912,228_plaza-simatupang-ex-plaza-alstom-plaza-simatupang-ex-plaza-alstom_20180502074709_18247.jpg,https://cdn-strapi.prod.99iddev.net/assets/228_plaza_simatupang_ex_plaza_alstom_plaza_simatupang_ex_plaza_alstom_20180502074709_18247_9a9f4aae44.jpg,,
plaza-simatupang-ex-plaza-alstom,Media Library/Office Venue/plaza-simatupang-ex-plaza-alstom,632,27,48,21,interior/228_plaza-simatupang-ex-plaza-alstom-plaza-simatupang-ex-plaza-alstom_20180502074709_24384.jpg,interior,228_plaza-simatupang-ex-plaza-alstom-plaza-simatupang-ex-plaza-alstom_20180502074709_24384.jpg,uploaded,56913,228_plaza-simatupang-ex-plaza-alstom-plaza-simatupang-ex-plaza-alstom_20180502074709_24384.jpg,https://cdn-strapi.prod.99iddev.net/assets/228_plaza_simatupang_ex_plaza_alstom_plaza_simatupang_ex_plaza_alstom_20180502074709_24384_7b400c3572.jpg,,
plaza-simatupang-ex-plaza-alstom,Media Library/Office Venue/plaza-simatupang-ex-plaza-alstom,632,27,48,21,interior/228_plaza-simatupang-ex-plaza-alstom-plaza-simatupang-ex-plaza-alstom_20180502074709_52256.jpg,interior,228_plaza-simatupang-ex-plaza-alstom-plaza-simatupang-ex-plaza-alstom_20180502074709_52256.jpg,uploaded,56914,228_plaza-simatupang-ex-plaza-alstom-plaza-simatupang-ex-plaza-alstom_20180502074709_52256.jpg,https://cdn-strapi.prod.99iddev.net/assets/228_plaza_simatupang_ex_plaza_alstom_plaza_simatupang_ex_plaza_alstom_20180502074709_52256_0465c860e9.jpg,,
plaza-simatupang-ex-plaza-alstom,Media Library/Office Venue/plaza-simatupang-ex-plaza-alstom,632,27,48,21,interior/228_plaza-simatupang-ex-plaza-alstom-plaza-simatupang-ex-plaza-alstom_20180502074710_91091.jpg,interior,228_plaza-simatupang-ex-plaza-alstom-plaza-simatupang-ex-plaza-alstom_20180502074710_91091.jpg,uploaded,56915,228_plaza-simatupang-ex-plaza-alstom-plaza-simatupang-ex-plaza-alstom_20180502074710_91091.jpg,https://cdn-strapi.prod.99iddev.net/assets/228_plaza_simatupang_ex_plaza_alstom_plaza_simatupang_ex_plaza_alstom_20180502074710_91091_f4d1eec98b.jpg,,
plaza-simatupang-ex-plaza-alstom,Media Library/Office Venue/plaza-simatupang-ex-plaza-alstom,632,27,48,21,interior/228_plaza-simatupang-ex-plaza-alstom-plaza-simatupang-ex-plaza-alstom_20180502074710_95667.jpg,interior,228_plaza-simatupang-ex-plaza-alstom-plaza-simatupang-ex-plaza-alstom_20180502074710_95667.jpg,uploaded,56916,228_plaza-simatupang-ex-plaza-alstom-plaza-simatupang-ex-plaza-alstom_20180502074710_95667.jpg,https://cdn-strapi.prod.99iddev.net/assets/228_plaza_simatupang_ex_plaza_alstom_plaza_simatupang_ex_plaza_alstom_20180502074710_95667_c27570b41c.jpg,,
plaza-simatupang-ex-plaza-alstom,Media Library/Office Venue/plaza-simatupang-ex-plaza-alstom,632,27,48,21,interior/228_plaza-simatupang-ex-plaza-alstom-plaza-simatupang-ex-plaza-alstom_20180502074711_77081.jpg,interior,228_plaza-simatupang-ex-plaza-alstom-plaza-simatupang-ex-plaza-alstom_20180502074711_77081.jpg,uploaded,56917,228_plaza-simatupang-ex-plaza-alstom-plaza-simatupang-ex-plaza-alstom_20180502074711_77081.jpg,https://cdn-strapi.prod.99iddev.net/assets/228_plaza_simatupang_ex_plaza_alstom_plaza_simatupang_ex_plaza_alstom_20180502074711_77081_ee9badb25f.jpg,,
plaza-simatupang-ex-plaza-alstom,Media Library/Office Venue/plaza-simatupang-ex-plaza-alstom,632,27,48,21,interior/228_plaza-simatupang-ex-plaza-alstom-plaza-simatupang-ex-plaza-alstom_20180502074712_21025.jpg,interior,228_plaza-simatupang-ex-plaza-alstom-plaza-simatupang-ex-plaza-alstom_20180502074712_21025.jpg,uploaded,56918,228_plaza-simatupang-ex-plaza-alstom-plaza-simatupang-ex-plaza-alstom_20180502074712_21025.jpg,https://cdn-strapi.prod.99iddev.net/assets/228_plaza_simatupang_ex_plaza_alstom_plaza_simatupang_ex_plaza_alstom_20180502074712_21025_7b25e12779.jpg,,
plaza-simatupang-ex-plaza-alstom,Media Library/Office Venue/plaza-simatupang-ex-plaza-alstom,632,27,48,21,interior/228_plaza-simatupang-ex-plaza-alstom-plaza-simatupang-ex-plaza-alstom_20180502074712_40635.jpg,interior,228_plaza-simatupang-ex-plaza-alstom-plaza-simatupang-ex-plaza-alstom_20180502074712_40635.jpg,uploaded,56919,228_plaza-simatupang-ex-plaza-alstom-plaza-simatupang-ex-plaza-alstom_20180502074712_40635.jpg,https://cdn-strapi.prod.99iddev.net/assets/228_plaza_simatupang_ex_plaza_alstom_plaza_simatupang_ex_plaza_alstom_20180502074712_40635_38011d439e.jpg,,
plaza-simatupang-ex-plaza-alstom,Media Library/Office Venue/plaza-simatupang-ex-plaza-alstom,632,27,48,21,interior/228_plaza-simatupang-ex-plaza-alstom-plaza-simatupang-ex-plaza-alstom_20180502074712_50202.jpg,interior,228_plaza-simatupang-ex-plaza-alstom-plaza-simatupang-ex-plaza-alstom_20180502074712_50202.jpg,uploaded,56920,228_plaza-simatupang-ex-plaza-alstom-plaza-simatupang-ex-plaza-alstom_20180502074712_50202.jpg,https://cdn-strapi.prod.99iddev.net/assets/228_plaza_simatupang_ex_plaza_alstom_plaza_simatupang_ex_plaza_alstom_20180502074712_50202_bfd7670a0c.jpg,,
plaza-simatupang-ex-plaza-alstom,Media Library/Office Venue/plaza-simatupang-ex-plaza-alstom,632,27,48,21,interior/228_plaza-simatupang-ex-plaza-alstom-plaza-simatupang-ex-plaza-alstom_20180502074712_89144.jpg,interior,228_plaza-simatupang-ex-plaza-alstom-plaza-simatupang-ex-plaza-alstom_20180502074712_89144.jpg,uploaded,56921,228_plaza-simatupang-ex-plaza-alstom-plaza-simatupang-ex-plaza-alstom_20180502074712_89144.jpg,https://cdn-strapi.prod.99iddev.net/assets/228_plaza_simatupang_ex_plaza_alstom_plaza_simatupang_ex_plaza_alstom_20180502074712_89144_93f81588e5.jpg,,
plaza-simatupang-ex-plaza-alstom,Media Library/Office Venue/plaza-simatupang-ex-plaza-alstom,632,27,48,21,interior/228_plaza-simatupang-ex-plaza-alstom-plaza-simatupang-ex-plaza-alstom_20180502074714_17381.jpg,interior,228_plaza-simatupang-ex-plaza-alstom-plaza-simatupang-ex-plaza-alstom_20180502074714_17381.jpg,uploaded,56922,228_plaza-simatupang-ex-plaza-alstom-plaza-simatupang-ex-plaza-alstom_20180502074714_17381.jpg,https://cdn-strapi.prod.99iddev.net/assets/228_plaza_simatupang_ex_plaza_alstom_plaza_simatupang_ex_plaza_alstom_20180502074714_17381_7eff61ee3f.jpg,,
plaza-simatupang-ex-plaza-alstom,Media Library/Office Venue/plaza-simatupang-ex-plaza-alstom,632,27,48,21,interior/228_plaza-simatupang-ex-plaza-alstom-plaza-simatupang-ex-plaza-alstom_20180502074714_22169.jpg,interior,228_plaza-simatupang-ex-plaza-alstom-plaza-simatupang-ex-plaza-alstom_20180502074714_22169.jpg,uploaded,56923,228_plaza-simatupang-ex-plaza-alstom-plaza-simatupang-ex-plaza-alstom_20180502074714_22169.jpg,https://cdn-strapi.prod.99iddev.net/assets/228_plaza_simatupang_ex_plaza_alstom_plaza_simatupang_ex_plaza_alstom_20180502074714_22169_7c0954578f.jpg,,
plaza-simatupang-ex-plaza-alstom,Media Library/Office Venue/plaza-simatupang-ex-plaza-alstom,632,27,48,21,interior/228_plaza-simatupang-ex-plaza-alstom-plaza-simatupang-ex-plaza-alstom_20180502074714_35978.jpg,interior,228_plaza-simatupang-ex-plaza-alstom-plaza-simatupang-ex-plaza-alstom_20180502074714_35978.jpg,uploaded,56924,228_plaza-simatupang-ex-plaza-alstom-plaza-simatupang-ex-plaza-alstom_20180502074714_35978.jpg,https://cdn-strapi.prod.99iddev.net/assets/228_plaza_simatupang_ex_plaza_alstom_plaza_simatupang_ex_plaza_alstom_20180502074714_35978_9c5d451a93.jpg,,
plaza-simatupang-ex-plaza-alstom,Media Library/Office Venue/plaza-simatupang-ex-plaza-alstom,632,27,48,21,interior/228_plaza-simatupang-ex-plaza-alstom-plaza-simatupang-ex-plaza-alstom_20180502074714_92782.jpg,interior,228_plaza-simatupang-ex-plaza-alstom-plaza-simatupang-ex-plaza-alstom_20180502074714_92782.jpg,uploaded,56925,228_plaza-simatupang-ex-plaza-alstom-plaza-simatupang-ex-plaza-alstom_20180502074714_92782.jpg,https://cdn-strapi.prod.99iddev.net/assets/228_plaza_simatupang_ex_plaza_alstom_plaza_simatupang_ex_plaza_alstom_20180502074714_92782_060646295c.jpg,,
plaza-simatupang-ex-plaza-alstom,Media Library/Office Venue/plaza-simatupang-ex-plaza-alstom,632,27,48,21,interior/228_plaza-simatupang-ex-plaza-alstom-plaza-simatupang-ex-plaza-alstom_20180502074714_97408.jpg,interior,228_plaza-simatupang-ex-plaza-alstom-plaza-simatupang-ex-plaza-alstom_20180502074714_97408.jpg,uploaded,56926,228_plaza-simatupang-ex-plaza-alstom-plaza-simatupang-ex-plaza-alstom_20180502074714_97408.jpg,https://cdn-strapi.prod.99iddev.net/assets/228_plaza_simatupang_ex_plaza_alstom_plaza_simatupang_ex_plaza_alstom_20180502074714_97408_9a67f5eac7.jpg,,
plaza-timor,Media Library/Office Venue/plaza-timor,636,18,31,13,interior/597_plaza-timor-plaza-timor_20180706091130_19389.jpg,interior,597_plaza-timor-plaza-timor_20180706091130_19389.jpg,uploaded,56927,597_plaza-timor-plaza-timor_20180706091130_19389.jpg,https://cdn-strapi.prod.99iddev.net/assets/597_plaza_timor_plaza_timor_20180706091130_19389_7e3da2a4f8.jpg,,
plaza-timor,Media Library/Office Venue/plaza-timor,636,18,31,13,interior/597_plaza-timor-plaza-timor_20180706091132_13157.jpg,interior,597_plaza-timor-plaza-timor_20180706091132_13157.jpg,uploaded,56928,597_plaza-timor-plaza-timor_20180706091132_13157.jpg,https://cdn-strapi.prod.99iddev.net/assets/597_plaza_timor_plaza_timor_20180706091132_13157_c712db34d5.jpg,,
plaza-timor,Media Library/Office Venue/plaza-timor,636,18,31,13,interior/597_plaza-timor-plaza-timor_20180706091132_17147.jpg,interior,597_plaza-timor-plaza-timor_20180706091132_17147.jpg,uploaded,56929,597_plaza-timor-plaza-timor_20180706091132_17147.jpg,https://cdn-strapi.prod.99iddev.net/assets/597_plaza_timor_plaza_timor_20180706091132_17147_62ebfcbbb0.jpg,,
plaza-timor,Media Library/Office Venue/plaza-timor,636,18,31,13,interior/597_plaza-timor-plaza-timor_20180706091132_43865.jpg,interior,597_plaza-timor-plaza-timor_20180706091132_43865.jpg,uploaded,56930,597_plaza-timor-plaza-timor_20180706091132_43865.jpg,https://cdn-strapi.prod.99iddev.net/assets/597_plaza_timor_plaza_timor_20180706091132_43865_a3b5ec2b2e.jpg,,
plaza-timor,Media Library/Office Venue/plaza-timor,636,18,31,13,interior/597_plaza-timor-plaza-timor_20180706091133_33604.jpg,interior,597_plaza-timor-plaza-timor_20180706091133_33604.jpg,uploaded,56931,597_plaza-timor-plaza-timor_20180706091133_33604.jpg,https://cdn-strapi.prod.99iddev.net/assets/597_plaza_timor_plaza_timor_20180706091133_33604_ddd193c5bc.jpg,,
plaza-timor,Media Library/Office Venue/plaza-timor,636,18,31,13,interior/597_plaza-timor-plaza-timor_20180706091133_54753.jpg,interior,597_plaza-timor-plaza-timor_20180706091133_54753.jpg,uploaded,56932,597_plaza-timor-plaza-timor_20180706091133_54753.jpg,https://cdn-strapi.prod.99iddev.net/assets/597_plaza_timor_plaza_timor_20180706091133_54753_482876410e.jpg,,
plaza-timor,Media Library/Office Venue/plaza-timor,636,18,31,13,interior/597_plaza-timor-plaza-timor_20180706091133_56280.jpg,interior,597_plaza-timor-plaza-timor_20180706091133_56280.jpg,uploaded,56933,597_plaza-timor-plaza-timor_20180706091133_56280.jpg,https://cdn-strapi.prod.99iddev.net/assets/597_plaza_timor_plaza_timor_20180706091133_56280_0bc6bd9fe1.jpg,,
plaza-timor,Media Library/Office Venue/plaza-timor,636,18,31,13,interior/597_plaza-timor-plaza-timor_20180706091134_14810.jpg,interior,597_plaza-timor-plaza-timor_20180706091134_14810.jpg,uploaded,56934,597_plaza-timor-plaza-timor_20180706091134_14810.jpg,https://cdn-strapi.prod.99iddev.net/assets/597_plaza_timor_plaza_timor_20180706091134_14810_64c1ba24f2.jpg,,
plaza-timor,Media Library/Office Venue/plaza-timor,636,18,31,13,interior/597_plaza-timor-plaza-timor_20180706091134_44020.jpg,interior,597_plaza-timor-plaza-timor_20180706091134_44020.jpg,uploaded,56935,597_plaza-timor-plaza-timor_20180706091134_44020.jpg,https://cdn-strapi.prod.99iddev.net/assets/597_plaza_timor_plaza_timor_20180706091134_44020_2a73cdf3ff.jpg,,
plaza-timor,Media Library/Office Venue/plaza-timor,636,18,31,13,interior/597_plaza-timor-plaza-timor_20180706091134_70126.jpg,interior,597_plaza-timor-plaza-timor_20180706091134_70126.jpg,uploaded,56936,597_plaza-timor-plaza-timor_20180706091134_70126.jpg,https://cdn-strapi.prod.99iddev.net/assets/597_plaza_timor_plaza_timor_20180706091134_70126_78f680dd7c.jpg,,
plaza-timor,Media Library/Office Venue/plaza-timor,636,18,31,13,interior/597_plaza-timor-plaza-timor_20180706091134_71021.jpg,interior,597_plaza-timor-plaza-timor_20180706091134_71021.jpg,uploaded,56937,597_plaza-timor-plaza-timor_20180706091134_71021.jpg,https://cdn-strapi.prod.99iddev.net/assets/597_plaza_timor_plaza_timor_20180706091134_71021_242afdc192.jpg,,
plaza-timor,Media Library/Office Venue/plaza-timor,636,18,31,13,interior/597_plaza-timor-plaza-timor_20180706091135_26328.jpg,interior,597_plaza-timor-plaza-timor_20180706091135_26328.jpg,uploaded,56938,597_plaza-timor-plaza-timor_20180706091135_26328.jpg,https://cdn-strapi.prod.99iddev.net/assets/597_plaza_timor_plaza_timor_20180706091135_26328_a59ca6d0b6.jpg,,
plaza-timor,Media Library/Office Venue/plaza-timor,636,18,31,13,interior/597_plaza-timor-plaza-timor_20180706091135_51896.jpg,interior,597_plaza-timor-plaza-timor_20180706091135_51896.jpg,uploaded,56939,597_plaza-timor-plaza-timor_20180706091135_51896.jpg,https://cdn-strapi.prod.99iddev.net/assets/597_plaza_timor_plaza_timor_20180706091135_51896_8003b5cc2e.jpg,,
podomoro-city,Media Library/Office Venue/podomoro-city,940,20,40,20,exterior/495_podomoro-city-soho-podomoro-city_20170418050336_42535.jpg,exterior,495_podomoro-city-soho-podomoro-city_20170418050336_42535.jpg,uploaded,56940,495_podomoro-city-soho-podomoro-city_20170418050336_42535.jpg,https://cdn-strapi.prod.99iddev.net/assets/495_podomoro_city_soho_podomoro_city_20170418050336_42535_d5de675098.jpg,,
podomoro-city,Media Library/Office Venue/podomoro-city,940,20,40,20,exterior/495_podomoro-city-soho-podomoro-city_20170418050359_68887.jpg,exterior,495_podomoro-city-soho-podomoro-city_20170418050359_68887.jpg,uploaded,56941,495_podomoro-city-soho-podomoro-city_20170418050359_68887.jpg,https://cdn-strapi.prod.99iddev.net/assets/495_podomoro_city_soho_podomoro_city_20170418050359_68887_1763e104ed.jpg,,
podomoro-city,Media Library/Office Venue/podomoro-city,940,20,40,20,floorplan/495_podomoro-city-soho-podomoro-city_20170331111328_79848.jpg,floorplan,495_podomoro-city-soho-podomoro-city_20170331111328_79848.jpg,uploaded,56942,495_podomoro-city-soho-podomoro-city_20170331111328_79848.jpg,https://cdn-strapi.prod.99iddev.net/assets/495_podomoro_city_soho_podomoro_city_20170331111328_79848_0b8cf991f9.jpg,,
podomoro-city,Media Library/Office Venue/podomoro-city,940,20,40,20,floorplan/495_podomoro-city-soho-podomoro-city_20170331111329_26815.jpg,floorplan,495_podomoro-city-soho-podomoro-city_20170331111329_26815.jpg,uploaded,56943,495_podomoro-city-soho-podomoro-city_20170331111329_26815.jpg,https://cdn-strapi.prod.99iddev.net/assets/495_podomoro_city_soho_podomoro_city_20170331111329_26815_af58d77382.jpg,,
podomoro-city,Media Library/Office Venue/podomoro-city,940,20,40,20,interior/495_podomoro-city-soho-podomoro-city_20171027085923_52759.jpg,interior,495_podomoro-city-soho-podomoro-city_20171027085923_52759.jpg,uploaded,56944,495_podomoro-city-soho-podomoro-city_20171027085923_52759.jpg,https://cdn-strapi.prod.99iddev.net/assets/495_podomoro_city_soho_podomoro_city_20171027085923_52759_2ccd7c1998.jpg,,
podomoro-city,Media Library/Office Venue/podomoro-city,940,20,40,20,interior/495_podomoro-city-soho-podomoro-city_20171027085925_97839.jpg,interior,495_podomoro-city-soho-podomoro-city_20171027085925_97839.jpg,uploaded,56945,495_podomoro-city-soho-podomoro-city_20171027085925_97839.jpg,https://cdn-strapi.prod.99iddev.net/assets/495_podomoro_city_soho_podomoro_city_20171027085925_97839_4ac7ff1b54.jpg,,
podomoro-city,Media Library/Office Venue/podomoro-city,940,20,40,20,interior/495_podomoro-city-soho-podomoro-city_20171027085927_11638.jpg,interior,495_podomoro-city-soho-podomoro-city_20171027085927_11638.jpg,uploaded,56946,495_podomoro-city-soho-podomoro-city_20171027085927_11638.jpg,https://cdn-strapi.prod.99iddev.net/assets/495_podomoro_city_soho_podomoro_city_20171027085927_11638_8a0635c8fc.jpg,,
podomoro-city,Media Library/Office Venue/podomoro-city,940,20,40,20,interior/495_podomoro-city-soho-podomoro-city_20171027085929_67955.jpg,interior,495_podomoro-city-soho-podomoro-city_20171027085929_67955.jpg,uploaded,56947,495_podomoro-city-soho-podomoro-city_20171027085929_67955.jpg,https://cdn-strapi.prod.99iddev.net/assets/495_podomoro_city_soho_podomoro_city_20171027085929_67955_af3b9fce75.jpg,,
podomoro-city,Media Library/Office Venue/podomoro-city,940,20,40,20,interior/495_podomoro-city-soho-podomoro-city_20171027085931_96077.jpg,interior,495_podomoro-city-soho-podomoro-city_20171027085931_96077.jpg,uploaded,56948,495_podomoro-city-soho-podomoro-city_20171027085931_96077.jpg,https://cdn-strapi.prod.99iddev.net/assets/495_podomoro_city_soho_podomoro_city_20171027085931_96077_3c9f23fa2b.jpg,,
podomoro-city,Media Library/Office Venue/podomoro-city,940,20,40,20,interior/495_podomoro-city-soho-podomoro-city_20171027085933_22658.jpg,interior,495_podomoro-city-soho-podomoro-city_20171027085933_22658.jpg,uploaded,56949,495_podomoro-city-soho-podomoro-city_20171027085933_22658.jpg,https://cdn-strapi.prod.99iddev.net/assets/495_podomoro_city_soho_podomoro_city_20171027085933_22658_f6b01d0dd0.jpg,,
podomoro-city,Media Library/Office Venue/podomoro-city,940,20,40,20,interior/495_podomoro-city-soho-podomoro-city_20171027085935_13762.jpg,interior,495_podomoro-city-soho-podomoro-city_20171027085935_13762.jpg,uploaded,56950,495_podomoro-city-soho-podomoro-city_20171027085935_13762.jpg,https://cdn-strapi.prod.99iddev.net/assets/495_podomoro_city_soho_podomoro_city_20171027085935_13762_2735bb14fd.jpg,,
podomoro-city,Media Library/Office Venue/podomoro-city,940,20,40,20,interior/495_podomoro-city-soho-podomoro-city_20171027085936_81342.jpg,interior,495_podomoro-city-soho-podomoro-city_20171027085936_81342.jpg,uploaded,56951,495_podomoro-city-soho-podomoro-city_20171027085936_81342.jpg,https://cdn-strapi.prod.99iddev.net/assets/495_podomoro_city_soho_podomoro_city_20171027085936_81342_356666a1fd.jpg,,
podomoro-city,Media Library/Office Venue/podomoro-city,940,20,40,20,interior/495_podomoro-city-soho-podomoro-city_20171027085938_85438.jpg,interior,495_podomoro-city-soho-podomoro-city_20171027085938_85438.jpg,uploaded,56952,495_podomoro-city-soho-podomoro-city_20171027085938_85438.jpg,https://cdn-strapi.prod.99iddev.net/assets/495_podomoro_city_soho_podomoro_city_20171027085938_85438_ef1d265973.jpg,,
podomoro-city,Media Library/Office Venue/podomoro-city,940,20,40,20,interior/495_podomoro-city-soho-podomoro-city_20171027085941_56310.jpg,interior,495_podomoro-city-soho-podomoro-city_20171027085941_56310.jpg,uploaded,56953,495_podomoro-city-soho-podomoro-city_20171027085941_56310.jpg,https://cdn-strapi.prod.99iddev.net/assets/495_podomoro_city_soho_podomoro_city_20171027085941_56310_81b95d0f28.jpg,,
podomoro-city,Media Library/Office Venue/podomoro-city,940,20,40,20,interior/495_podomoro-city-soho-podomoro-city_20171027085942_61322.jpg,interior,495_podomoro-city-soho-podomoro-city_20171027085942_61322.jpg,uploaded,56954,495_podomoro-city-soho-podomoro-city_20171027085942_61322.jpg,https://cdn-strapi.prod.99iddev.net/assets/495_podomoro_city_soho_podomoro_city_20171027085942_61322_bb67e74306.jpg,,
podomoro-city,Media Library/Office Venue/podomoro-city,940,20,40,20,interior/495_podomoro-city-soho-podomoro-city_20171027085944_68962.jpg,interior,495_podomoro-city-soho-podomoro-city_20171027085944_68962.jpg,uploaded,56955,495_podomoro-city-soho-podomoro-city_20171027085944_68962.jpg,https://cdn-strapi.prod.99iddev.net/assets/495_podomoro_city_soho_podomoro_city_20171027085944_68962_b9113286ed.jpg,,
podomoro-city,Media Library/Office Venue/podomoro-city,940,20,40,20,interior/495_podomoro-city-soho-podomoro-city_20171027085948_50938.jpg,interior,495_podomoro-city-soho-podomoro-city_20171027085948_50938.jpg,uploaded,56956,495_podomoro-city-soho-podomoro-city_20171027085948_50938.jpg,https://cdn-strapi.prod.99iddev.net/assets/495_podomoro_city_soho_podomoro_city_20171027085948_50938_bec7edc7ed.jpg,,
podomoro-city,Media Library/Office Venue/podomoro-city,940,20,40,20,interior/495_podomoro-city-soho-podomoro-city_20171027085950_53624.jpg,interior,495_podomoro-city-soho-podomoro-city_20171027085950_53624.jpg,uploaded,56957,495_podomoro-city-soho-podomoro-city_20171027085950_53624.jpg,https://cdn-strapi.prod.99iddev.net/assets/495_podomoro_city_soho_podomoro_city_20171027085950_53624_3c36c59e17.jpg,,
podomoro-city,Media Library/Office Venue/podomoro-city,940,20,40,20,interior/495_podomoro-city-soho-podomoro-city_20171027085952_83732.jpg,interior,495_podomoro-city-soho-podomoro-city_20171027085952_83732.jpg,uploaded,56958,495_podomoro-city-soho-podomoro-city_20171027085952_83732.jpg,https://cdn-strapi.prod.99iddev.net/assets/495_podomoro_city_soho_podomoro_city_20171027085952_83732_ca6d957095.jpg,,
podomoro-city,Media Library/Office Venue/podomoro-city,940,20,40,20,interior/495_podomoro-city-soho-podomoro-city_20171027085954_87617.jpg,interior,495_podomoro-city-soho-podomoro-city_20171027085954_87617.jpg,uploaded,56959,495_podomoro-city-soho-podomoro-city_20171027085954_87617.jpg,https://cdn-strapi.prod.99iddev.net/assets/495_podomoro_city_soho_podomoro_city_20171027085954_87617_b6e8696855.jpg,,
prince-center,Media Library/Office Venue/prince-center,910,14,28,14,exterior/119_prince-center-prince-center_20160914044510_58507.jpg,exterior,119_prince-center-prince-center_20160914044510_58507.jpg,uploaded,56960,119_prince-center-prince-center_20160914044510_58507.jpg,https://cdn-strapi.prod.99iddev.net/assets/119_prince_center_prince_center_20160914044510_58507_f248a79d82.jpg,,
prince-center,Media Library/Office Venue/prince-center,910,14,28,14,exterior/119_prince-center-prince-center_20160914044510_82997.jpg,exterior,119_prince-center-prince-center_20160914044510_82997.jpg,uploaded,56961,119_prince-center-prince-center_20160914044510_82997.jpg,https://cdn-strapi.prod.99iddev.net/assets/119_prince_center_prince_center_20160914044510_82997_d5c2e21e3c.jpg,,
prince-center,Media Library/Office Venue/prince-center,910,14,28,14,exterior/119_prince-center-prince-center_20160914044511_70488.jpg,exterior,119_prince-center-prince-center_20160914044511_70488.jpg,uploaded,56962,119_prince-center-prince-center_20160914044511_70488.jpg,https://cdn-strapi.prod.99iddev.net/assets/119_prince_center_prince_center_20160914044511_70488_0190ac7ce6.jpg,,
prince-center,Media Library/Office Venue/prince-center,910,14,28,14,floorplan/119_prince-center-prince-center_20170316041953_26937.jpg,floorplan,119_prince-center-prince-center_20170316041953_26937.jpg,uploaded,56963,119_prince-center-prince-center_20170316041953_26937.jpg,https://cdn-strapi.prod.99iddev.net/assets/119_prince_center_prince_center_20170316041953_26937_01ea4fe449.jpg,,
prince-center,Media Library/Office Venue/prince-center,910,14,28,14,floorplan/119_prince-center-prince-center_20170316042043_52454.jpg,floorplan,119_prince-center-prince-center_20170316042043_52454.jpg,uploaded,56964,119_prince-center-prince-center_20170316042043_52454.jpg,https://cdn-strapi.prod.99iddev.net/assets/119_prince_center_prince_center_20170316042043_52454_cf863f2bf0.jpg,,
prince-center,Media Library/Office Venue/prince-center,910,14,28,14,floorplan/119_prince-center-prince-center_20170316042044_49134.jpg,floorplan,119_prince-center-prince-center_20170316042044_49134.jpg,uploaded,56965,119_prince-center-prince-center_20170316042044_49134.jpg,https://cdn-strapi.prod.99iddev.net/assets/119_prince_center_prince_center_20170316042044_49134_8af8c57044.jpg,,
prince-center,Media Library/Office Venue/prince-center,910,14,28,14,interior/119_prince-center-prince-center_20170214033435_53015.jpg,interior,119_prince-center-prince-center_20170214033435_53015.jpg,uploaded,56966,119_prince-center-prince-center_20170214033435_53015.jpg,https://cdn-strapi.prod.99iddev.net/assets/119_prince_center_prince_center_20170214033435_53015_8b71ebc0a4.jpg,,
prince-center,Media Library/Office Venue/prince-center,910,14,28,14,interior/119_prince-center-prince-center_20170214033436_56063.jpg,interior,119_prince-center-prince-center_20170214033436_56063.jpg,uploaded,56967,119_prince-center-prince-center_20170214033436_56063.jpg,https://cdn-strapi.prod.99iddev.net/assets/119_prince_center_prince_center_20170214033436_56063_be4ab92225.jpg,,
prince-center,Media Library/Office Venue/prince-center,910,14,28,14,interior/119_prince-center-prince-center_20170214033437_33714.jpg,interior,119_prince-center-prince-center_20170214033437_33714.jpg,uploaded,56968,119_prince-center-prince-center_20170214033437_33714.jpg,https://cdn-strapi.prod.99iddev.net/assets/119_prince_center_prince_center_20170214033437_33714_5d789eba94.jpg,,
prince-center,Media Library/Office Venue/prince-center,910,14,28,14,interior/119_prince-center-prince-center_20170214033437_40039.jpg,interior,119_prince-center-prince-center_20170214033437_40039.jpg,uploaded,56969,119_prince-center-prince-center_20170214033437_40039.jpg,https://cdn-strapi.prod.99iddev.net/assets/119_prince_center_prince_center_20170214033437_40039_17b8a90de4.jpg,,
prince-center,Media Library/Office Venue/prince-center,910,14,28,14,interior/119_prince-center-prince-center_20170214033438_24121.jpg,interior,119_prince-center-prince-center_20170214033438_24121.jpg,uploaded,56970,119_prince-center-prince-center_20170214033438_24121.jpg,https://cdn-strapi.prod.99iddev.net/assets/119_prince_center_prince_center_20170214033438_24121_dc2c00208c.jpg,,
prince-center,Media Library/Office Venue/prince-center,910,14,28,14,interior/119_prince-center-prince-center_20170214033438_77444.jpg,interior,119_prince-center-prince-center_20170214033438_77444.jpg,uploaded,56971,119_prince-center-prince-center_20170214033438_77444.jpg,https://cdn-strapi.prod.99iddev.net/assets/119_prince_center_prince_center_20170214033438_77444_1fc51a9a4d.jpg,,
prince-center,Media Library/Office Venue/prince-center,910,14,28,14,interior/119_prince-center-prince-center_20170214033439_35215.jpg,interior,119_prince-center-prince-center_20170214033439_35215.jpg,uploaded,56972,119_prince-center-prince-center_20170214033439_35215.jpg,https://cdn-strapi.prod.99iddev.net/assets/119_prince_center_prince_center_20170214033439_35215_b92d5cfedf.jpg,,
prince-center,Media Library/Office Venue/prince-center,910,14,28,14,interior/119_prince-center-prince-center_20170214033439_41928.jpg,interior,119_prince-center-prince-center_20170214033439_41928.jpg,uploaded,56973,119_prince-center-prince-center_20170214033439_41928.jpg,https://cdn-strapi.prod.99iddev.net/assets/119_prince_center_prince_center_20170214033439_41928_6580e17112.jpg,,
puri-indah-financial-tower,Media Library/Office Venue/puri-indah-financial-tower,652,45,53,8,floorplan/169_puri-indah-financial-tower-puri-indah-financial-tower_20170309102534_73852.jpg,floorplan,169_puri-indah-financial-tower-puri-indah-financial-tower_20170309102534_73852.jpg,uploaded,56974,169_puri-indah-financial-tower-puri-indah-financial-tower_20170309102534_73852.jpg,https://cdn-strapi.prod.99iddev.net/assets/169_puri_indah_financial_tower_puri_indah_financial_tower_20170309102534_73852_54809cd644.jpg,,
puri-indah-financial-tower,Media Library/Office Venue/puri-indah-financial-tower,652,45,53,8,floorplan/169_puri-indah-financial-tower-puri-indah-financial-tower_20180227073912_40224.jpg,floorplan,169_puri-indah-financial-tower-puri-indah-financial-tower_20180227073912_40224.jpg,uploaded,56975,169_puri-indah-financial-tower-puri-indah-financial-tower_20180227073912_40224.jpg,https://cdn-strapi.prod.99iddev.net/assets/169_puri_indah_financial_tower_puri_indah_financial_tower_20180227073912_40224_62b2827bb7.jpg,,
puri-indah-financial-tower,Media Library/Office Venue/puri-indah-financial-tower,652,45,53,8,floorplan/169_puri-indah-financial-tower-puri-indah-financial-tower_20180227073913_46748.jpg,floorplan,169_puri-indah-financial-tower-puri-indah-financial-tower_20180227073913_46748.jpg,uploaded,56976,169_puri-indah-financial-tower-puri-indah-financial-tower_20180227073913_46748.jpg,https://cdn-strapi.prod.99iddev.net/assets/169_puri_indah_financial_tower_puri_indah_financial_tower_20180227073913_46748_86107422a6.jpg,,
puri-indah-financial-tower,Media Library/Office Venue/puri-indah-financial-tower,652,45,53,8,floorplan/169_puri-indah-financial-tower-puri-indah-financial-tower_20180306030239_12615.jpg,floorplan,169_puri-indah-financial-tower-puri-indah-financial-tower_20180306030239_12615.jpg,uploaded,56977,169_puri-indah-financial-tower-puri-indah-financial-tower_20180306030239_12615.jpg,https://cdn-strapi.prod.99iddev.net/assets/169_puri_indah_financial_tower_puri_indah_financial_tower_20180306030239_12615_27fc51161d.jpg,,
puri-indah-financial-tower,Media Library/Office Venue/puri-indah-financial-tower,652,45,53,8,floorplan/169_puri-indah-financial-tower-puri-indah-financial-tower_20180306030239_50835.jpg,floorplan,169_puri-indah-financial-tower-puri-indah-financial-tower_20180306030239_50835.jpg,uploaded,56978,169_puri-indah-financial-tower-puri-indah-financial-tower_20180306030239_50835.jpg,https://cdn-strapi.prod.99iddev.net/assets/169_puri_indah_financial_tower_puri_indah_financial_tower_20180306030239_50835_017a69c5ac.jpg,,
puri-indah-financial-tower,Media Library/Office Venue/puri-indah-financial-tower,652,45,53,8,floorplan/169_puri-indah-financial-tower-puri-indah-financial-tower_20180524073954_35814.jpg,floorplan,169_puri-indah-financial-tower-puri-indah-financial-tower_20180524073954_35814.jpg,uploaded,56979,169_puri-indah-financial-tower-puri-indah-financial-tower_20180524073954_35814.jpg,https://cdn-strapi.prod.99iddev.net/assets/169_puri_indah_financial_tower_puri_indah_financial_tower_20180524073954_35814_a2f039cbf9.jpg,,
puri-indah-financial-tower,Media Library/Office Venue/puri-indah-financial-tower,652,45,53,8,floorplan/169_puri-indah-financial-tower-puri-indah-financial-tower_20180524073954_66080.jpg,floorplan,169_puri-indah-financial-tower-puri-indah-financial-tower_20180524073954_66080.jpg,uploaded,56980,169_puri-indah-financial-tower-puri-indah-financial-tower_20180524073954_66080.jpg,https://cdn-strapi.prod.99iddev.net/assets/169_puri_indah_financial_tower_puri_indah_financial_tower_20180524073954_66080_4248b27b5e.jpg,,
puri-indah-financial-tower,Media Library/Office Venue/puri-indah-financial-tower,652,45,53,8,floorplan/169_puri-indah-financial-tower-puri-indah-financial-tower_20180524073954_77285.jpg,floorplan,169_puri-indah-financial-tower-puri-indah-financial-tower_20180524073954_77285.jpg,uploaded,56981,169_puri-indah-financial-tower-puri-indah-financial-tower_20180524073954_77285.jpg,https://cdn-strapi.prod.99iddev.net/assets/169_puri_indah_financial_tower_puri_indah_financial_tower_20180524073954_77285_ec98aeb2f6.jpg,,
rdtx-tower,Media Library/Office Venue/rdtx-tower,941,18,36,18,exterior/84_rdtx-tower-ex-menara-bank-danamon-mega-kuningan-rdtx-tower_20160914044513_11625.jpg,exterior,84_rdtx-tower-ex-menara-bank-danamon-mega-kuningan-rdtx-tower_20160914044513_11625.jpg,uploaded,56982,84_rdtx-tower-ex-menara-bank-danamon-mega-kuningan-rdtx-tower_20160914044513_11625.jpg,https://cdn-strapi.prod.99iddev.net/assets/84_rdtx_tower_ex_menara_bank_danamon_mega_kuningan_rdtx_tower_20160914044513_11625_6a29756196.jpg,,
rdtx-tower,Media Library/Office Venue/rdtx-tower,941,18,36,18,exterior/84_rdtx-tower-ex-menara-bank-danamon-mega-kuningan-rdtx-tower_20160914044515_60913.jpg,exterior,84_rdtx-tower-ex-menara-bank-danamon-mega-kuningan-rdtx-tower_20160914044515_60913.jpg,uploaded,56983,84_rdtx-tower-ex-menara-bank-danamon-mega-kuningan-rdtx-tower_20160914044515_60913.jpg,https://cdn-strapi.prod.99iddev.net/assets/84_rdtx_tower_ex_menara_bank_danamon_mega_kuningan_rdtx_tower_20160914044515_60913_b6fad93b7c.jpg,,
rdtx-tower,Media Library/Office Venue/rdtx-tower,941,18,36,18,floorplan/84_rdtx-tower-ex-menara-bank-danamon-mega-kuningan-rdtx-tower_20170222072037_11243.jpg,floorplan,84_rdtx-tower-ex-menara-bank-danamon-mega-kuningan-rdtx-tower_20170222072037_11243.jpg,uploaded,56984,84_rdtx-tower-ex-menara-bank-danamon-mega-kuningan-rdtx-tower_20170222072037_11243.jpg,https://cdn-strapi.prod.99iddev.net/assets/84_rdtx_tower_ex_menara_bank_danamon_mega_kuningan_rdtx_tower_20170222072037_11243_532b0071e2.jpg,,
rdtx-tower,Media Library/Office Venue/rdtx-tower,941,18,36,18,floorplan/84_rdtx-tower-ex-menara-bank-danamon-mega-kuningan-rdtx-tower_20170222072037_94380.jpg,floorplan,84_rdtx-tower-ex-menara-bank-danamon-mega-kuningan-rdtx-tower_20170222072037_94380.jpg,uploaded,56985,84_rdtx-tower-ex-menara-bank-danamon-mega-kuningan-rdtx-tower_20170222072037_94380.jpg,https://cdn-strapi.prod.99iddev.net/assets/84_rdtx_tower_ex_menara_bank_danamon_mega_kuningan_rdtx_tower_20170222072037_94380_c61d35b853.jpg,,
rdtx-tower,Media Library/Office Venue/rdtx-tower,941,18,36,18,floorplan/84_rdtx-tower-ex-menara-bank-danamon-mega-kuningan-rdtx-tower_20170222072038_20008.jpg,floorplan,84_rdtx-tower-ex-menara-bank-danamon-mega-kuningan-rdtx-tower_20170222072038_20008.jpg,uploaded,56986,84_rdtx-tower-ex-menara-bank-danamon-mega-kuningan-rdtx-tower_20170222072038_20008.jpg,https://cdn-strapi.prod.99iddev.net/assets/84_rdtx_tower_ex_menara_bank_danamon_mega_kuningan_rdtx_tower_20170222072038_20008_742a24e6b5.jpg,,
rdtx-tower,Media Library/Office Venue/rdtx-tower,941,18,36,18,floorplan/84_rdtx-tower-ex-menara-bank-danamon-mega-kuningan-rdtx-tower_20170222072039_22209.jpg,floorplan,84_rdtx-tower-ex-menara-bank-danamon-mega-kuningan-rdtx-tower_20170222072039_22209.jpg,uploaded,56987,84_rdtx-tower-ex-menara-bank-danamon-mega-kuningan-rdtx-tower_20170222072039_22209.jpg,https://cdn-strapi.prod.99iddev.net/assets/84_rdtx_tower_ex_menara_bank_danamon_mega_kuningan_rdtx_tower_20170222072039_22209_b54aa4b0ef.jpg,,
rdtx-tower,Media Library/Office Venue/rdtx-tower,941,18,36,18,interior/84_rdtx-tower-ex-menara-bank-danamon-mega-kuningan-rdtx-tower_20170214035818_48249.jpg,interior,84_rdtx-tower-ex-menara-bank-danamon-mega-kuningan-rdtx-tower_20170214035818_48249.jpg,uploaded,56988,84_rdtx-tower-ex-menara-bank-danamon-mega-kuningan-rdtx-tower_20170214035818_48249.jpg,https://cdn-strapi.prod.99iddev.net/assets/84_rdtx_tower_ex_menara_bank_danamon_mega_kuningan_rdtx_tower_20170214035818_48249_57afa9acc6.jpg,,
rdtx-tower,Media Library/Office Venue/rdtx-tower,941,18,36,18,interior/84_rdtx-tower-ex-menara-bank-danamon-mega-kuningan-rdtx-tower_20170214035818_66219.jpg,interior,84_rdtx-tower-ex-menara-bank-danamon-mega-kuningan-rdtx-tower_20170214035818_66219.jpg,uploaded,56989,84_rdtx-tower-ex-menara-bank-danamon-mega-kuningan-rdtx-tower_20170214035818_66219.jpg,https://cdn-strapi.prod.99iddev.net/assets/84_rdtx_tower_ex_menara_bank_danamon_mega_kuningan_rdtx_tower_20170214035818_66219_a7c4d6e211.jpg,,
rdtx-tower,Media Library/Office Venue/rdtx-tower,941,18,36,18,interior/84_rdtx-tower-ex-menara-bank-danamon-mega-kuningan-rdtx-tower_20170214035819_20205.jpg,interior,84_rdtx-tower-ex-menara-bank-danamon-mega-kuningan-rdtx-tower_20170214035819_20205.jpg,uploaded,56990,84_rdtx-tower-ex-menara-bank-danamon-mega-kuningan-rdtx-tower_20170214035819_20205.jpg,https://cdn-strapi.prod.99iddev.net/assets/84_rdtx_tower_ex_menara_bank_danamon_mega_kuningan_rdtx_tower_20170214035819_20205_ea088175ad.jpg,,
rdtx-tower,Media Library/Office Venue/rdtx-tower,941,18,36,18,interior/84_rdtx-tower-ex-menara-bank-danamon-mega-kuningan-rdtx-tower_20170214035819_96941.jpg,interior,84_rdtx-tower-ex-menara-bank-danamon-mega-kuningan-rdtx-tower_20170214035819_96941.jpg,uploaded,56991,84_rdtx-tower-ex-menara-bank-danamon-mega-kuningan-rdtx-tower_20170214035819_96941.jpg,https://cdn-strapi.prod.99iddev.net/assets/84_rdtx_tower_ex_menara_bank_danamon_mega_kuningan_rdtx_tower_20170214035819_96941_a8f22ac700.jpg,,
rdtx-tower,Media Library/Office Venue/rdtx-tower,941,18,36,18,interior/84_rdtx-tower-ex-menara-bank-danamon-mega-kuningan-rdtx-tower_20170214035820_31894.jpg,interior,84_rdtx-tower-ex-menara-bank-danamon-mega-kuningan-rdtx-tower_20170214035820_31894.jpg,uploaded,56992,84_rdtx-tower-ex-menara-bank-danamon-mega-kuningan-rdtx-tower_20170214035820_31894.jpg,https://cdn-strapi.prod.99iddev.net/assets/84_rdtx_tower_ex_menara_bank_danamon_mega_kuningan_rdtx_tower_20170214035820_31894_1d6c5da2b2.jpg,,
rdtx-tower,Media Library/Office Venue/rdtx-tower,941,18,36,18,interior/84_rdtx-tower-ex-menara-bank-danamon-mega-kuningan-rdtx-tower_20170214035820_52187.jpg,interior,84_rdtx-tower-ex-menara-bank-danamon-mega-kuningan-rdtx-tower_20170214035820_52187.jpg,uploaded,56993,84_rdtx-tower-ex-menara-bank-danamon-mega-kuningan-rdtx-tower_20170214035820_52187.jpg,https://cdn-strapi.prod.99iddev.net/assets/84_rdtx_tower_ex_menara_bank_danamon_mega_kuningan_rdtx_tower_20170214035820_52187_24e67e16a8.jpg,,
rdtx-tower,Media Library/Office Venue/rdtx-tower,941,18,36,18,interior/84_rdtx-tower-ex-menara-bank-danamon-mega-kuningan-rdtx-tower_20170214035820_75508.jpg,interior,84_rdtx-tower-ex-menara-bank-danamon-mega-kuningan-rdtx-tower_20170214035820_75508.jpg,uploaded,56994,84_rdtx-tower-ex-menara-bank-danamon-mega-kuningan-rdtx-tower_20170214035820_75508.jpg,https://cdn-strapi.prod.99iddev.net/assets/84_rdtx_tower_ex_menara_bank_danamon_mega_kuningan_rdtx_tower_20170214035820_75508_7d695375ec.jpg,,
rdtx-tower,Media Library/Office Venue/rdtx-tower,941,18,36,18,interior/84_rdtx-tower-ex-menara-bank-danamon-mega-kuningan-rdtx-tower_20170411094319_12139.jpg,interior,84_rdtx-tower-ex-menara-bank-danamon-mega-kuningan-rdtx-tower_20170411094319_12139.jpg,uploaded,56995,84_rdtx-tower-ex-menara-bank-danamon-mega-kuningan-rdtx-tower_20170411094319_12139.jpg,https://cdn-strapi.prod.99iddev.net/assets/84_rdtx_tower_ex_menara_bank_danamon_mega_kuningan_rdtx_tower_20170411094319_12139_f6c3994b45.jpg,,
rdtx-tower,Media Library/Office Venue/rdtx-tower,941,18,36,18,interior/84_rdtx-tower-ex-menara-bank-danamon-mega-kuningan-rdtx-tower_20170411094324_14532.jpg,interior,84_rdtx-tower-ex-menara-bank-danamon-mega-kuningan-rdtx-tower_20170411094324_14532.jpg,uploaded,56996,84_rdtx-tower-ex-menara-bank-danamon-mega-kuningan-rdtx-tower_20170411094324_14532.jpg,https://cdn-strapi.prod.99iddev.net/assets/84_rdtx_tower_ex_menara_bank_danamon_mega_kuningan_rdtx_tower_20170411094324_14532_efd954d73b.jpg,,
rdtx-tower,Media Library/Office Venue/rdtx-tower,941,18,36,18,interior/84_rdtx-tower-ex-menara-bank-danamon-mega-kuningan-rdtx-tower_20170411094330_18993.jpg,interior,84_rdtx-tower-ex-menara-bank-danamon-mega-kuningan-rdtx-tower_20170411094330_18993.jpg,uploaded,56997,84_rdtx-tower-ex-menara-bank-danamon-mega-kuningan-rdtx-tower_20170411094330_18993.jpg,https://cdn-strapi.prod.99iddev.net/assets/84_rdtx_tower_ex_menara_bank_danamon_mega_kuningan_rdtx_tower_20170411094330_18993_54f004f1b4.jpg,,
rdtx-tower,Media Library/Office Venue/rdtx-tower,941,18,36,18,interior/84_rdtx-tower-ex-menara-bank-danamon-mega-kuningan-rdtx-tower_20170411094337_12000.jpg,interior,84_rdtx-tower-ex-menara-bank-danamon-mega-kuningan-rdtx-tower_20170411094337_12000.jpg,uploaded,56998,84_rdtx-tower-ex-menara-bank-danamon-mega-kuningan-rdtx-tower_20170411094337_12000.jpg,https://cdn-strapi.prod.99iddev.net/assets/84_rdtx_tower_ex_menara_bank_danamon_mega_kuningan_rdtx_tower_20170411094337_12000_02c7c5bec0.jpg,,
rdtx-tower,Media Library/Office Venue/rdtx-tower,941,18,36,18,interior/84_rdtx-tower-ex-menara-bank-danamon-mega-kuningan-rdtx-tower_20170411094344_33883.jpg,interior,84_rdtx-tower-ex-menara-bank-danamon-mega-kuningan-rdtx-tower_20170411094344_33883.jpg,uploaded,56999,84_rdtx-tower-ex-menara-bank-danamon-mega-kuningan-rdtx-tower_20170411094344_33883.jpg,https://cdn-strapi.prod.99iddev.net/assets/84_rdtx_tower_ex_menara_bank_danamon_mega_kuningan_rdtx_tower_20170411094344_33883_b3cbc795b7.jpg,,
sainath-tower,Media Library/Office Venue/sainath-tower,673,52,72,20,interior/472_sainath-tower-sainath-tower_20180417044926_66257.jpg,interior,472_sainath-tower-sainath-tower_20180417044926_66257.jpg,uploaded,57000,472_sainath-tower-sainath-tower_20180417044926_66257.jpg,https://cdn-strapi.prod.99iddev.net/assets/472_sainath_tower_sainath_tower_20180417044926_66257_9de9512839.jpg,,
sainath-tower,Media Library/Office Venue/sainath-tower,673,52,72,20,interior/472_sainath-tower-sainath-tower_20180417044927_78981.jpg,interior,472_sainath-tower-sainath-tower_20180417044927_78981.jpg,uploaded,57001,472_sainath-tower-sainath-tower_20180417044927_78981.jpg,https://cdn-strapi.prod.99iddev.net/assets/472_sainath_tower_sainath_tower_20180417044927_78981_0900c1ab57.jpg,,
sainath-tower,Media Library/Office Venue/sainath-tower,673,52,72,20,interior/472_sainath-tower-sainath-tower_20180417044928_56759.jpg,interior,472_sainath-tower-sainath-tower_20180417044928_56759.jpg,uploaded,57002,472_sainath-tower-sainath-tower_20180417044928_56759.jpg,https://cdn-strapi.prod.99iddev.net/assets/472_sainath_tower_sainath_tower_20180417044928_56759_71d101b669.jpg,,
sainath-tower,Media Library/Office Venue/sainath-tower,673,52,72,20,interior/472_sainath-tower-sainath-tower_20180417044928_64816.jpg,interior,472_sainath-tower-sainath-tower_20180417044928_64816.jpg,uploaded,57003,472_sainath-tower-sainath-tower_20180417044928_64816.jpg,https://cdn-strapi.prod.99iddev.net/assets/472_sainath_tower_sainath_tower_20180417044928_64816_225dd7f38a.jpg,,
sainath-tower,Media Library/Office Venue/sainath-tower,673,52,72,20,interior/472_sainath-tower-sainath-tower_20180417044928_92903.jpg,interior,472_sainath-tower-sainath-tower_20180417044928_92903.jpg,uploaded,57004,472_sainath-tower-sainath-tower_20180417044928_92903.jpg,https://cdn-strapi.prod.99iddev.net/assets/472_sainath_tower_sainath_tower_20180417044928_92903_3d421589c3.jpg,,
sainath-tower,Media Library/Office Venue/sainath-tower,673,52,72,20,interior/472_sainath-tower-sainath-tower_20180417044929_42203.jpg,interior,472_sainath-tower-sainath-tower_20180417044929_42203.jpg,uploaded,57005,472_sainath-tower-sainath-tower_20180417044929_42203.jpg,https://cdn-strapi.prod.99iddev.net/assets/472_sainath_tower_sainath_tower_20180417044929_42203_71a85aa24e.jpg,,
sainath-tower,Media Library/Office Venue/sainath-tower,673,52,72,20,interior/472_sainath-tower-sainath-tower_20180417044929_51410.jpg,interior,472_sainath-tower-sainath-tower_20180417044929_51410.jpg,uploaded,57006,472_sainath-tower-sainath-tower_20180417044929_51410.jpg,https://cdn-strapi.prod.99iddev.net/assets/472_sainath_tower_sainath_tower_20180417044929_51410_0feaaf4ec8.jpg,,
sainath-tower,Media Library/Office Venue/sainath-tower,673,52,72,20,interior/472_sainath-tower-sainath-tower_20180417044930_10718.jpg,interior,472_sainath-tower-sainath-tower_20180417044930_10718.jpg,uploaded,57007,472_sainath-tower-sainath-tower_20180417044930_10718.jpg,https://cdn-strapi.prod.99iddev.net/assets/472_sainath_tower_sainath_tower_20180417044930_10718_b618273056.jpg,,
sainath-tower,Media Library/Office Venue/sainath-tower,673,52,72,20,interior/472_sainath-tower-sainath-tower_20180417044930_85021.jpg,interior,472_sainath-tower-sainath-tower_20180417044930_85021.jpg,uploaded,57008,472_sainath-tower-sainath-tower_20180417044930_85021.jpg,https://cdn-strapi.prod.99iddev.net/assets/472_sainath_tower_sainath_tower_20180417044930_85021_6c506eb6c7.jpg,,
sainath-tower,Media Library/Office Venue/sainath-tower,673,52,72,20,interior/472_sainath-tower-sainath-tower_20180417044931_14484.jpg,interior,472_sainath-tower-sainath-tower_20180417044931_14484.jpg,uploaded,57009,472_sainath-tower-sainath-tower_20180417044931_14484.jpg,https://cdn-strapi.prod.99iddev.net/assets/472_sainath_tower_sainath_tower_20180417044931_14484_291ed46cb6.jpg,,
sainath-tower,Media Library/Office Venue/sainath-tower,673,52,72,20,interior/472_sainath-tower-sainath-tower_20180417044931_42525.jpg,interior,472_sainath-tower-sainath-tower_20180417044931_42525.jpg,uploaded,57010,472_sainath-tower-sainath-tower_20180417044931_42525.jpg,https://cdn-strapi.prod.99iddev.net/assets/472_sainath_tower_sainath_tower_20180417044931_42525_569e94ea9b.jpg,,
sainath-tower,Media Library/Office Venue/sainath-tower,673,52,72,20,interior/472_sainath-tower-sainath-tower_20180417044931_83030.jpg,interior,472_sainath-tower-sainath-tower_20180417044931_83030.jpg,uploaded,57011,472_sainath-tower-sainath-tower_20180417044931_83030.jpg,https://cdn-strapi.prod.99iddev.net/assets/472_sainath_tower_sainath_tower_20180417044931_83030_589f983eef.jpg,,
sainath-tower,Media Library/Office Venue/sainath-tower,673,52,72,20,interior/472_sainath-tower-sainath-tower_20180417044932_42933.jpg,interior,472_sainath-tower-sainath-tower_20180417044932_42933.jpg,uploaded,57012,472_sainath-tower-sainath-tower_20180417044932_42933.jpg,https://cdn-strapi.prod.99iddev.net/assets/472_sainath_tower_sainath_tower_20180417044932_42933_8549ab8364.jpg,,
sainath-tower,Media Library/Office Venue/sainath-tower,673,52,72,20,interior/472_sainath-tower-sainath-tower_20180417044932_69829.jpg,interior,472_sainath-tower-sainath-tower_20180417044932_69829.jpg,uploaded,57013,472_sainath-tower-sainath-tower_20180417044932_69829.jpg,https://cdn-strapi.prod.99iddev.net/assets/472_sainath_tower_sainath_tower_20180417044932_69829_8bec446849.jpg,,
sainath-tower,Media Library/Office Venue/sainath-tower,673,52,72,20,interior/472_sainath-tower-sainath-tower_20180417044932_72089.jpg,interior,472_sainath-tower-sainath-tower_20180417044932_72089.jpg,uploaded,57014,472_sainath-tower-sainath-tower_20180417044932_72089.jpg,https://cdn-strapi.prod.99iddev.net/assets/472_sainath_tower_sainath_tower_20180417044932_72089_d515fd4f32.jpg,,
sainath-tower,Media Library/Office Venue/sainath-tower,673,52,72,20,interior/472_sainath-tower-sainath-tower_20180417044933_95770.jpg,interior,472_sainath-tower-sainath-tower_20180417044933_95770.jpg,uploaded,57015,472_sainath-tower-sainath-tower_20180417044933_95770.jpg,https://cdn-strapi.prod.99iddev.net/assets/472_sainath_tower_sainath_tower_20180417044933_95770_1f96bb9fe7.jpg,,
sainath-tower,Media Library/Office Venue/sainath-tower,673,52,72,20,interior/472_sainath-tower-sainath-tower_20180417044934_63055.jpg,interior,472_sainath-tower-sainath-tower_20180417044934_63055.jpg,uploaded,57016,472_sainath-tower-sainath-tower_20180417044934_63055.jpg,https://cdn-strapi.prod.99iddev.net/assets/472_sainath_tower_sainath_tower_20180417044934_63055_ccc8acca98.jpg,,
sainath-tower,Media Library/Office Venue/sainath-tower,673,52,72,20,interior/472_sainath-tower-sainath-tower_20180417044934_69964.jpg,interior,472_sainath-tower-sainath-tower_20180417044934_69964.jpg,uploaded,57017,472_sainath-tower-sainath-tower_20180417044934_69964.jpg,https://cdn-strapi.prod.99iddev.net/assets/472_sainath_tower_sainath_tower_20180417044934_69964_886a59166b.jpg,,
sainath-tower,Media Library/Office Venue/sainath-tower,673,52,72,20,interior/472_sainath-tower-sainath-tower_20180417044935_87290.jpg,interior,472_sainath-tower-sainath-tower_20180417044935_87290.jpg,uploaded,57018,472_sainath-tower-sainath-tower_20180417044935_87290.jpg,https://cdn-strapi.prod.99iddev.net/assets/472_sainath_tower_sainath_tower_20180417044935_87290_1ad88bba11.jpg,,
sainath-tower,Media Library/Office Venue/sainath-tower,673,52,72,20,interior/472_sainath-tower-sainath-tower_20180417044935_98560.jpg,interior,472_sainath-tower-sainath-tower_20180417044935_98560.jpg,uploaded,57019,472_sainath-tower-sainath-tower_20180417044935_98560.jpg,https://cdn-strapi.prod.99iddev.net/assets/472_sainath_tower_sainath_tower_20180417044935_98560_b3cff4c200.jpg,,
social-security-tower,Media Library/Office Venue/social-security-tower,912,3,6,3,exterior/632_social-security-tower-social-security-tower_20190729034613_56243.jpg,exterior,632_social-security-tower-social-security-tower_20190729034613_56243.jpg,uploaded,57020,632_social-security-tower-social-security-tower_20190729034613_56243.jpg,https://cdn-strapi.prod.99iddev.net/assets/632_social_security_tower_social_security_tower_20190729034613_56243_73e1d6e6b7.jpg,,
social-security-tower,Media Library/Office Venue/social-security-tower,912,3,6,3,floorplan/632_social-security-tower-social-security-tower_20190516033725_11498.jpg,floorplan,632_social-security-tower-social-security-tower_20190516033725_11498.jpg,uploaded,57021,632_social-security-tower-social-security-tower_20190516033725_11498.jpg,https://cdn-strapi.prod.99iddev.net/assets/632_social_security_tower_social_security_tower_20190516033725_11498_0ca84466c9.jpg,,
social-security-tower,Media Library/Office Venue/social-security-tower,912,3,6,3,floorplan/632_social-security-tower-social-security-tower_20190516033725_59550.jpg,floorplan,632_social-security-tower-social-security-tower_20190516033725_59550.jpg,uploaded,57022,632_social-security-tower-social-security-tower_20190516033725_59550.jpg,https://cdn-strapi.prod.99iddev.net/assets/632_social_security_tower_social_security_tower_20190516033725_59550_9a5dc12496.jpg,,
soepomo-office-park,Media Library/Office Venue/soepomo-office-park,702,18,35,17,exterior/437_soepomo-office-park-soepomo-office-park_20161124041530_29826.jpg,exterior,437_soepomo-office-park-soepomo-office-park_20161124041530_29826.jpg,uploaded,57023,437_soepomo-office-park-soepomo-office-park_20161124041530_29826.jpg,https://cdn-strapi.prod.99iddev.net/assets/437_soepomo_office_park_soepomo_office_park_20161124041530_29826_b7e9682cd8.jpg,,
soepomo-office-park,Media Library/Office Venue/soepomo-office-park,702,18,35,17,exterior/437_soepomo-office-park-soepomo-office-park_20161124041530_85550.jpg,exterior,437_soepomo-office-park-soepomo-office-park_20161124041530_85550.jpg,uploaded,57024,437_soepomo-office-park-soepomo-office-park_20161124041530_85550.jpg,https://cdn-strapi.prod.99iddev.net/assets/437_soepomo_office_park_soepomo_office_park_20161124041530_85550_4f70b890c7.jpg,,
soepomo-office-park,Media Library/Office Venue/soepomo-office-park,702,18,35,17,exterior/437_soepomo-office-park-soepomo-office-park_20161124041531_47409.jpg,exterior,437_soepomo-office-park-soepomo-office-park_20161124041531_47409.jpg,uploaded,57025,437_soepomo-office-park-soepomo-office-park_20161124041531_47409.jpg,https://cdn-strapi.prod.99iddev.net/assets/437_soepomo_office_park_soepomo_office_park_20161124041531_47409_7866f3954f.jpg,,
soepomo-office-park,Media Library/Office Venue/soepomo-office-park,702,18,35,17,exterior/437_soepomo-office-park-soepomo-office-park_20170125090006_88443.jpg,exterior,437_soepomo-office-park-soepomo-office-park_20170125090006_88443.jpg,uploaded,57026,437_soepomo-office-park-soepomo-office-park_20170125090006_88443.jpg,https://cdn-strapi.prod.99iddev.net/assets/437_soepomo_office_park_soepomo_office_park_20170125090006_88443_49a0983d8a.jpg,,
soepomo-office-park,Media Library/Office Venue/soepomo-office-park,702,18,35,17,exterior/437_soepomo-office-park-soepomo-office-park_20170125090007_65439.jpg,exterior,437_soepomo-office-park-soepomo-office-park_20170125090007_65439.jpg,uploaded,57027,437_soepomo-office-park-soepomo-office-park_20170125090007_65439.jpg,https://cdn-strapi.prod.99iddev.net/assets/437_soepomo_office_park_soepomo_office_park_20170125090007_65439_26a8c18465.jpg,,
soepomo-office-park,Media Library/Office Venue/soepomo-office-park,702,18,35,17,exterior/437_soepomo-office-park-soepomo-office-park_20170125090008_16249.jpg,exterior,437_soepomo-office-park-soepomo-office-park_20170125090008_16249.jpg,uploaded,57028,437_soepomo-office-park-soepomo-office-park_20170125090008_16249.jpg,https://cdn-strapi.prod.99iddev.net/assets/437_soepomo_office_park_soepomo_office_park_20170125090008_16249_aa80e47dea.jpg,,
soepomo-office-park,Media Library/Office Venue/soepomo-office-park,702,18,35,17,exterior/437_soepomo-office-park-soepomo-office-park_20170125090008_17497.jpg,exterior,437_soepomo-office-park-soepomo-office-park_20170125090008_17497.jpg,uploaded,57029,437_soepomo-office-park-soepomo-office-park_20170125090008_17497.jpg,https://cdn-strapi.prod.99iddev.net/assets/437_soepomo_office_park_soepomo_office_park_20170125090008_17497_2f5e42f85b.jpg,,
soepomo-office-park,Media Library/Office Venue/soepomo-office-park,702,18,35,17,exterior/437_soepomo-office-park-soepomo-office-park_20170125090009_28478.jpg,exterior,437_soepomo-office-park-soepomo-office-park_20170125090009_28478.jpg,uploaded,57030,437_soepomo-office-park-soepomo-office-park_20170125090009_28478.jpg,https://cdn-strapi.prod.99iddev.net/assets/437_soepomo_office_park_soepomo_office_park_20170125090009_28478_e643353b23.jpg,,
soepomo-office-park,Media Library/Office Venue/soepomo-office-park,702,18,35,17,exterior/437_soepomo-office-park-soepomo-office-park_20170125090009_80991.jpg,exterior,437_soepomo-office-park-soepomo-office-park_20170125090009_80991.jpg,uploaded,57031,437_soepomo-office-park-soepomo-office-park_20170125090009_80991.jpg,https://cdn-strapi.prod.99iddev.net/assets/437_soepomo_office_park_soepomo_office_park_20170125090009_80991_3f565d130e.jpg,,
soepomo-office-park,Media Library/Office Venue/soepomo-office-park,702,18,35,17,interior/437_soepomo-office-park-soepomo-office-park_20180530085345_14283.jpg,interior,437_soepomo-office-park-soepomo-office-park_20180530085345_14283.jpg,uploaded,57032,437_soepomo-office-park-soepomo-office-park_20180530085345_14283.jpg,https://cdn-strapi.prod.99iddev.net/assets/437_soepomo_office_park_soepomo_office_park_20180530085345_14283_007b2c6d97.jpg,,
soepomo-office-park,Media Library/Office Venue/soepomo-office-park,702,18,35,17,interior/437_soepomo-office-park-soepomo-office-park_20180530085345_62006.jpg,interior,437_soepomo-office-park-soepomo-office-park_20180530085345_62006.jpg,uploaded,57033,437_soepomo-office-park-soepomo-office-park_20180530085345_62006.jpg,https://cdn-strapi.prod.99iddev.net/assets/437_soepomo_office_park_soepomo_office_park_20180530085345_62006_65a709e647.jpg,,
soepomo-office-park,Media Library/Office Venue/soepomo-office-park,702,18,35,17,interior/437_soepomo-office-park-soepomo-office-park_20180530085346_26241.jpg,interior,437_soepomo-office-park-soepomo-office-park_20180530085346_26241.jpg,uploaded,57034,437_soepomo-office-park-soepomo-office-park_20180530085346_26241.jpg,https://cdn-strapi.prod.99iddev.net/assets/437_soepomo_office_park_soepomo_office_park_20180530085346_26241_d2b06c7659.jpg,,
soepomo-office-park,Media Library/Office Venue/soepomo-office-park,702,18,35,17,interior/437_soepomo-office-park-soepomo-office-park_20180530085346_58570.jpg,interior,437_soepomo-office-park-soepomo-office-park_20180530085346_58570.jpg,uploaded,57035,437_soepomo-office-park-soepomo-office-park_20180530085346_58570.jpg,https://cdn-strapi.prod.99iddev.net/assets/437_soepomo_office_park_soepomo_office_park_20180530085346_58570_b07180dafc.jpg,,
soepomo-office-park,Media Library/Office Venue/soepomo-office-park,702,18,35,17,interior/437_soepomo-office-park-soepomo-office-park_20180530085346_80275.jpg,interior,437_soepomo-office-park-soepomo-office-park_20180530085346_80275.jpg,uploaded,57036,437_soepomo-office-park-soepomo-office-park_20180530085346_80275.jpg,https://cdn-strapi.prod.99iddev.net/assets/437_soepomo_office_park_soepomo_office_park_20180530085346_80275_19864ad235.jpg,,
soepomo-office-park,Media Library/Office Venue/soepomo-office-park,702,18,35,17,interior/437_soepomo-office-park-soepomo-office-park_20180530085347_42065.jpg,interior,437_soepomo-office-park-soepomo-office-park_20180530085347_42065.jpg,uploaded,57037,437_soepomo-office-park-soepomo-office-park_20180530085347_42065.jpg,https://cdn-strapi.prod.99iddev.net/assets/437_soepomo_office_park_soepomo_office_park_20180530085347_42065_de093e5da7.jpg,,
soepomo-office-park,Media Library/Office Venue/soepomo-office-park,702,18,35,17,interior/437_soepomo-office-park-soepomo-office-park_20180530085347_59791.jpg,interior,437_soepomo-office-park-soepomo-office-park_20180530085347_59791.jpg,uploaded,57038,437_soepomo-office-park-soepomo-office-park_20180530085347_59791.jpg,https://cdn-strapi.prod.99iddev.net/assets/437_soepomo_office_park_soepomo_office_park_20180530085347_59791_d8ec8c84b5.jpg,,
soepomo-office-park,Media Library/Office Venue/soepomo-office-park,702,18,35,17,interior/437_soepomo-office-park-soepomo-office-park_20180530085347_82297.jpg,interior,437_soepomo-office-park-soepomo-office-park_20180530085347_82297.jpg,uploaded,57039,437_soepomo-office-park-soepomo-office-park_20180530085347_82297.jpg,https://cdn-strapi.prod.99iddev.net/assets/437_soepomo_office_park_soepomo_office_park_20180530085347_82297_71898590ee.jpg,,
sona-topas-tower,Media Library/Office Venue/sona-topas-tower,707,46,48,2,exterior/129_sona-topas-tower-sona-topas-tower_20160914044612_80696.jpg,exterior,129_sona-topas-tower-sona-topas-tower_20160914044612_80696.jpg,uploaded,57040,129_sona-topas-tower-sona-topas-tower_20160914044612_80696.jpg,https://cdn-strapi.prod.99iddev.net/assets/129_sona_topas_tower_sona_topas_tower_20160914044612_80696_be910fe37f.jpg,,
sona-topas-tower,Media Library/Office Venue/sona-topas-tower,707,46,48,2,exterior/129_sona-topas-tower-sona-topas-tower_20160914044613_13525.jpg,exterior,129_sona-topas-tower-sona-topas-tower_20160914044613_13525.jpg,uploaded,57041,129_sona-topas-tower-sona-topas-tower_20160914044613_13525.jpg,https://cdn-strapi.prod.99iddev.net/assets/129_sona_topas_tower_sona_topas_tower_20160914044613_13525_50630c5091.jpg,,
sophie-building,Media Library/Office Venue/sophie-building,942,2,4,2,interior/642_sophie-building-sophie-building_20190214101032_27955.jpg,interior,642_sophie-building-sophie-building_20190214101032_27955.jpg,uploaded,57042,642_sophie-building-sophie-building_20190214101032_27955.jpg,https://cdn-strapi.prod.99iddev.net/assets/642_sophie_building_sophie_building_20190214101032_27955_2391fc1bf9.jpg,,
sophie-building,Media Library/Office Venue/sophie-building,942,2,4,2,interior/642_sophie-building-sophie-building_20190214101033_72010.jpg,interior,642_sophie-building-sophie-building_20190214101033_72010.jpg,uploaded,57043,642_sophie-building-sophie-building_20190214101033_72010.jpg,https://cdn-strapi.prod.99iddev.net/assets/642_sophie_building_sophie_building_20190214101033_72010_148cd1598f.jpg,,
sopo-del-tower-b,Media Library/Office Venue/sopo-del-tower-b,710,12,16,4,interior/343_sopo-del-tower-sopo-del-tower-b_20171212082304_81848.jpg,interior,343_sopo-del-tower-sopo-del-tower-b_20171212082304_81848.jpg,uploaded,57044,343_sopo-del-tower-sopo-del-tower-b_20171212082304_81848.jpg,https://cdn-strapi.prod.99iddev.net/assets/343_sopo_del_tower_sopo_del_tower_b_20171212082304_81848_4bbafb0964.jpg,,
sopo-del-tower-b,Media Library/Office Venue/sopo-del-tower-b,710,12,16,4,interior/343_sopo-del-tower-sopo-del-tower-b_20180503093923_28208.jpg,interior,343_sopo-del-tower-sopo-del-tower-b_20180503093923_28208.jpg,uploaded,57045,343_sopo-del-tower-sopo-del-tower-b_20180503093923_28208.jpg,https://cdn-strapi.prod.99iddev.net/assets/343_sopo_del_tower_sopo_del_tower_b_20180503093923_28208_a168446d8b.jpg,,
sopo-del-tower-b,Media Library/Office Venue/sopo-del-tower-b,710,12,16,4,interior/343_sopo-del-tower-sopo-del-tower-b_20180503093924_72539.jpg,interior,343_sopo-del-tower-sopo-del-tower-b_20180503093924_72539.jpg,uploaded,57046,343_sopo-del-tower-sopo-del-tower-b_20180503093924_72539.jpg,https://cdn-strapi.prod.99iddev.net/assets/343_sopo_del_tower_sopo_del_tower_b_20180503093924_72539_81db54ba55.jpg,,
sopo-del-tower-b,Media Library/Office Venue/sopo-del-tower-b,710,12,16,4,interior/343_sopo-del-tower-sopo-del-tower-b_20180503093925_18369.jpg,interior,343_sopo-del-tower-sopo-del-tower-b_20180503093925_18369.jpg,uploaded,57047,343_sopo-del-tower-sopo-del-tower-b_20180503093925_18369.jpg,https://cdn-strapi.prod.99iddev.net/assets/343_sopo_del_tower_sopo_del_tower_b_20180503093925_18369_9364645391.jpg,,
south-quarter-tower-a,Media Library/Office Venue/south-quarter-tower-a,711,55,75,20,interior/236_south-quarter-south-quarter-tower-a_20170404102548_12001.jpg,interior,236_south-quarter-south-quarter-tower-a_20170404102548_12001.jpg,uploaded,57048,236_south-quarter-south-quarter-tower-a_20170404102548_12001.jpg,https://cdn-strapi.prod.99iddev.net/assets/236_south_quarter_south_quarter_tower_a_20170404102548_12001_148010cf6d.jpg,,
south-quarter-tower-a,Media Library/Office Venue/south-quarter-tower-a,711,55,75,20,interior/236_south-quarter-south-quarter-tower-a_20170404102549_60099.jpg,interior,236_south-quarter-south-quarter-tower-a_20170404102549_60099.jpg,uploaded,57049,236_south-quarter-south-quarter-tower-a_20170404102549_60099.jpg,https://cdn-strapi.prod.99iddev.net/assets/236_south_quarter_south_quarter_tower_a_20170404102549_60099_c320ee4517.jpg,,
south-quarter-tower-a,Media Library/Office Venue/south-quarter-tower-a,711,55,75,20,interior/236_south-quarter-south-quarter-tower-a_20170404102549_66769.jpg,interior,236_south-quarter-south-quarter-tower-a_20170404102549_66769.jpg,uploaded,57050,236_south-quarter-south-quarter-tower-a_20170404102549_66769.jpg,https://cdn-strapi.prod.99iddev.net/assets/236_south_quarter_south_quarter_tower_a_20170404102549_66769_2b8d9731a3.jpg,,
south-quarter-tower-a,Media Library/Office Venue/south-quarter-tower-a,711,55,75,20,interior/236_south-quarter-south-quarter-tower-a_20170404102550_46883.jpg,interior,236_south-quarter-south-quarter-tower-a_20170404102550_46883.jpg,uploaded,57051,236_south-quarter-south-quarter-tower-a_20170404102550_46883.jpg,https://cdn-strapi.prod.99iddev.net/assets/236_south_quarter_south_quarter_tower_a_20170404102550_46883_895883824c.jpg,,
south-quarter-tower-a,Media Library/Office Venue/south-quarter-tower-a,711,55,75,20,interior/236_south-quarter-south-quarter-tower-a_20170404102550_62622.jpg,interior,236_south-quarter-south-quarter-tower-a_20170404102550_62622.jpg,uploaded,57052,236_south-quarter-south-quarter-tower-a_20170404102550_62622.jpg,https://cdn-strapi.prod.99iddev.net/assets/236_south_quarter_south_quarter_tower_a_20170404102550_62622_ff541b3bb8.jpg,,
south-quarter-tower-a,Media Library/Office Venue/south-quarter-tower-a,711,55,75,20,interior/236_south-quarter-south-quarter-tower-a_20170404102551_91283.jpg,interior,236_south-quarter-south-quarter-tower-a_20170404102551_91283.jpg,uploaded,57053,236_south-quarter-south-quarter-tower-a_20170404102551_91283.jpg,https://cdn-strapi.prod.99iddev.net/assets/236_south_quarter_south_quarter_tower_a_20170404102551_91283_165ea65836.jpg,,
south-quarter-tower-a,Media Library/Office Venue/south-quarter-tower-a,711,55,75,20,interior/236_south-quarter-south-quarter-tower-a_20170404102553_83502.jpg,interior,236_south-quarter-south-quarter-tower-a_20170404102553_83502.jpg,uploaded,57054,236_south-quarter-south-quarter-tower-a_20170404102553_83502.jpg,https://cdn-strapi.prod.99iddev.net/assets/236_south_quarter_south_quarter_tower_a_20170404102553_83502_b71d90b9ea.jpg,,
south-quarter-tower-a,Media Library/Office Venue/south-quarter-tower-a,711,55,75,20,interior/236_south-quarter-south-quarter-tower-a_20170927093518_69035.jpg,interior,236_south-quarter-south-quarter-tower-a_20170927093518_69035.jpg,uploaded,57055,236_south-quarter-south-quarter-tower-a_20170927093518_69035.jpg,https://cdn-strapi.prod.99iddev.net/assets/236_south_quarter_south_quarter_tower_a_20170927093518_69035_0ff956e03d.jpg,,
south-quarter-tower-a,Media Library/Office Venue/south-quarter-tower-a,711,55,75,20,interior/236_south-quarter-south-quarter-tower-a_20170927093520_38567.jpg,interior,236_south-quarter-south-quarter-tower-a_20170927093520_38567.jpg,uploaded,57056,236_south-quarter-south-quarter-tower-a_20170927093520_38567.jpg,https://cdn-strapi.prod.99iddev.net/assets/236_south_quarter_south_quarter_tower_a_20170927093520_38567_cb32548762.jpg,,
south-quarter-tower-a,Media Library/Office Venue/south-quarter-tower-a,711,55,75,20,interior/236_south-quarter-south-quarter-tower-a_20170927093522_40710.jpg,interior,236_south-quarter-south-quarter-tower-a_20170927093522_40710.jpg,uploaded,57057,236_south-quarter-south-quarter-tower-a_20170927093522_40710.jpg,https://cdn-strapi.prod.99iddev.net/assets/236_south_quarter_south_quarter_tower_a_20170927093522_40710_1e3293deb3.jpg,,
south-quarter-tower-a,Media Library/Office Venue/south-quarter-tower-a,711,55,75,20,interior/236_south-quarter-south-quarter-tower-a_20180316083808_11640.jpg,interior,236_south-quarter-south-quarter-tower-a_20180316083808_11640.jpg,uploaded,57058,236_south-quarter-south-quarter-tower-a_20180316083808_11640.jpg,https://cdn-strapi.prod.99iddev.net/assets/236_south_quarter_south_quarter_tower_a_20180316083808_11640_7db4af83f7.jpg,,
south-quarter-tower-a,Media Library/Office Venue/south-quarter-tower-a,711,55,75,20,interior/236_south-quarter-south-quarter-tower-a_20180316083858_42548.jpg,interior,236_south-quarter-south-quarter-tower-a_20180316083858_42548.jpg,uploaded,57059,236_south-quarter-south-quarter-tower-a_20180316083858_42548.jpg,https://cdn-strapi.prod.99iddev.net/assets/236_south_quarter_south_quarter_tower_a_20180316083858_42548_923e44c0df.jpg,,
south-quarter-tower-a,Media Library/Office Venue/south-quarter-tower-a,711,55,75,20,interior/236_south-quarter-south-quarter-tower-a_20180316083945_85119.jpg,interior,236_south-quarter-south-quarter-tower-a_20180316083945_85119.jpg,uploaded,57060,236_south-quarter-south-quarter-tower-a_20180316083945_85119.jpg,https://cdn-strapi.prod.99iddev.net/assets/236_south_quarter_south_quarter_tower_a_20180316083945_85119_3efe8316aa.jpg,,
south-quarter-tower-a,Media Library/Office Venue/south-quarter-tower-a,711,55,75,20,interior/236_south-quarter-south-quarter-tower-a_20180316084033_96095.jpg,interior,236_south-quarter-south-quarter-tower-a_20180316084033_96095.jpg,uploaded,57061,236_south-quarter-south-quarter-tower-a_20180316084033_96095.jpg,https://cdn-strapi.prod.99iddev.net/assets/236_south_quarter_south_quarter_tower_a_20180316084033_96095_bef798fe45.jpg,,
south-quarter-tower-a,Media Library/Office Venue/south-quarter-tower-a,711,55,75,20,interior/236_south-quarter-south-quarter-tower-a_20180316084152_47509.jpg,interior,236_south-quarter-south-quarter-tower-a_20180316084152_47509.jpg,uploaded,57062,236_south-quarter-south-quarter-tower-a_20180316084152_47509.jpg,https://cdn-strapi.prod.99iddev.net/assets/236_south_quarter_south_quarter_tower_a_20180316084152_47509_cbe45ec76e.jpg,,
south-quarter-tower-a,Media Library/Office Venue/south-quarter-tower-a,711,55,75,20,interior/236_south-quarter-south-quarter-tower-a_20180316084345_18820.jpg,interior,236_south-quarter-south-quarter-tower-a_20180316084345_18820.jpg,uploaded,57063,236_south-quarter-south-quarter-tower-a_20180316084345_18820.jpg,https://cdn-strapi.prod.99iddev.net/assets/236_south_quarter_south_quarter_tower_a_20180316084345_18820_d97ea7d225.jpg,,
south-quarter-tower-a,Media Library/Office Venue/south-quarter-tower-a,711,55,75,20,interior/236_south-quarter-south-quarter-tower-a_20180316084346_61644.jpg,interior,236_south-quarter-south-quarter-tower-a_20180316084346_61644.jpg,uploaded,57064,236_south-quarter-south-quarter-tower-a_20180316084346_61644.jpg,https://cdn-strapi.prod.99iddev.net/assets/236_south_quarter_south_quarter_tower_a_20180316084346_61644_dbdf2d234e.jpg,,
south-quarter-tower-a,Media Library/Office Venue/south-quarter-tower-a,711,55,75,20,interior/236_south-quarter-south-quarter-tower-a_20180316084346_75971.jpg,interior,236_south-quarter-south-quarter-tower-a_20180316084346_75971.jpg,uploaded,57065,236_south-quarter-south-quarter-tower-a_20180316084346_75971.jpg,https://cdn-strapi.prod.99iddev.net/assets/236_south_quarter_south_quarter_tower_a_20180316084346_75971_1184356fe6.jpg,,
south-quarter-tower-a,Media Library/Office Venue/south-quarter-tower-a,711,55,75,20,interior/236_south-quarter-south-quarter-tower-a_20180316084347_30849.jpg,interior,236_south-quarter-south-quarter-tower-a_20180316084347_30849.jpg,uploaded,57066,236_south-quarter-south-quarter-tower-a_20180316084347_30849.jpg,https://cdn-strapi.prod.99iddev.net/assets/236_south_quarter_south_quarter_tower_a_20180316084347_30849_c47ab4272d.jpg,,
south-quarter-tower-a,Media Library/Office Venue/south-quarter-tower-a,711,55,75,20,interior/236_south-quarter-south-quarter-tower-a_20180316084348_68281.jpg,interior,236_south-quarter-south-quarter-tower-a_20180316084348_68281.jpg,uploaded,57067,236_south-quarter-south-quarter-tower-a_20180316084348_68281.jpg,https://cdn-strapi.prod.99iddev.net/assets/236_south_quarter_south_quarter_tower_a_20180316084348_68281_c886cadc86.jpg,,
st-moritz-office-tower,Media Library/Office Venue/st-moritz-office-tower,1014,16,32,16,exterior/401_st-moritz-office-tower-st-moritz-office-tower_20160914044640_84126.jpg,exterior,401_st-moritz-office-tower-st-moritz-office-tower_20160914044640_84126.jpg,uploaded,57068,401_st-moritz-office-tower-st-moritz-office-tower_20160914044640_84126.jpg,https://cdn-strapi.prod.99iddev.net/assets/401_st_moritz_office_tower_st_moritz_office_tower_20160914044640_84126_76b4302eb7.jpg,,
st-moritz-office-tower,Media Library/Office Venue/st-moritz-office-tower,1014,16,32,16,exterior/401_st-moritz-office-tower-st-moritz-office-tower_20160914044641_39088.jpg,exterior,401_st-moritz-office-tower-st-moritz-office-tower_20160914044641_39088.jpg,uploaded,57069,401_st-moritz-office-tower-st-moritz-office-tower_20160914044641_39088.jpg,https://cdn-strapi.prod.99iddev.net/assets/401_st_moritz_office_tower_st_moritz_office_tower_20160914044641_39088_878afa6f88.jpg,,
st-moritz-office-tower,Media Library/Office Venue/st-moritz-office-tower,1014,16,32,16,exterior/401_st-moritz-office-tower-st-moritz-office-tower_20161124041345_58030.jpg,exterior,401_st-moritz-office-tower-st-moritz-office-tower_20161124041345_58030.jpg,uploaded,57070,401_st-moritz-office-tower-st-moritz-office-tower_20161124041345_58030.jpg,https://cdn-strapi.prod.99iddev.net/assets/401_st_moritz_office_tower_st_moritz_office_tower_20161124041345_58030_f0cc9d2025.jpg,,
st-moritz-office-tower,Media Library/Office Venue/st-moritz-office-tower,1014,16,32,16,exterior/401_st-moritz-office-tower-st-moritz-office-tower_20161124041346_21635.jpg,exterior,401_st-moritz-office-tower-st-moritz-office-tower_20161124041346_21635.jpg,uploaded,57071,401_st-moritz-office-tower-st-moritz-office-tower_20161124041346_21635.jpg,https://cdn-strapi.prod.99iddev.net/assets/401_st_moritz_office_tower_st_moritz_office_tower_20161124041346_21635_b493e51577.jpg,,
st-moritz-office-tower,Media Library/Office Venue/st-moritz-office-tower,1014,16,32,16,exterior/401_st-moritz-office-tower-st-moritz-office-tower_20161124041347_87838.jpg,exterior,401_st-moritz-office-tower-st-moritz-office-tower_20161124041347_87838.jpg,uploaded,57072,401_st-moritz-office-tower-st-moritz-office-tower_20161124041347_87838.jpg,https://cdn-strapi.prod.99iddev.net/assets/401_st_moritz_office_tower_st_moritz_office_tower_20161124041347_87838_09118185f0.jpg,,
st-moritz-office-tower,Media Library/Office Venue/st-moritz-office-tower,1014,16,32,16,exterior/401_st-moritz-office-tower-st-moritz-office-tower_20161124041347_88920.jpg,exterior,401_st-moritz-office-tower-st-moritz-office-tower_20161124041347_88920.jpg,uploaded,57073,401_st-moritz-office-tower-st-moritz-office-tower_20161124041347_88920.jpg,https://cdn-strapi.prod.99iddev.net/assets/401_st_moritz_office_tower_st_moritz_office_tower_20161124041347_88920_03a9bdfbc9.jpg,,
st-moritz-office-tower,Media Library/Office Venue/st-moritz-office-tower,1014,16,32,16,exterior/401_st-moritz-office-tower-st-moritz-office-tower_20161124041348_31762.jpg,exterior,401_st-moritz-office-tower-st-moritz-office-tower_20161124041348_31762.jpg,uploaded,57074,401_st-moritz-office-tower-st-moritz-office-tower_20161124041348_31762.jpg,https://cdn-strapi.prod.99iddev.net/assets/401_st_moritz_office_tower_st_moritz_office_tower_20161124041348_31762_19f248aaa1.jpg,,
st-moritz-office-tower,Media Library/Office Venue/st-moritz-office-tower,1014,16,32,16,exterior/401_st-moritz-office-tower-st-moritz-office-tower_20161124041354_63273.jpg,exterior,401_st-moritz-office-tower-st-moritz-office-tower_20161124041354_63273.jpg,uploaded,57075,401_st-moritz-office-tower-st-moritz-office-tower_20161124041354_63273.jpg,https://cdn-strapi.prod.99iddev.net/assets/401_st_moritz_office_tower_st_moritz_office_tower_20161124041354_63273_d8005d60a1.jpg,,
st-moritz-office-tower,Media Library/Office Venue/st-moritz-office-tower,1014,16,32,16,exterior/401_st-moritz-office-tower-st-moritz-office-tower_20170320070907_38008.jpg,exterior,401_st-moritz-office-tower-st-moritz-office-tower_20170320070907_38008.jpg,uploaded,57076,401_st-moritz-office-tower-st-moritz-office-tower_20170320070907_38008.jpg,https://cdn-strapi.prod.99iddev.net/assets/401_st_moritz_office_tower_st_moritz_office_tower_20170320070907_38008_74ed1fd8e4.jpg,,
st-moritz-office-tower,Media Library/Office Venue/st-moritz-office-tower,1014,16,32,16,exterior/401_st-moritz-office-tower-st-moritz-office-tower_20170320070908_96278.jpg,exterior,401_st-moritz-office-tower-st-moritz-office-tower_20170320070908_96278.jpg,uploaded,57077,401_st-moritz-office-tower-st-moritz-office-tower_20170320070908_96278.jpg,https://cdn-strapi.prod.99iddev.net/assets/401_st_moritz_office_tower_st_moritz_office_tower_20170320070908_96278_03dfd45880.jpg,,
st-moritz-office-tower,Media Library/Office Venue/st-moritz-office-tower,1014,16,32,16,exterior/401_st-moritz-office-tower-st-moritz-office-tower_20170320070909_10496.jpg,exterior,401_st-moritz-office-tower-st-moritz-office-tower_20170320070909_10496.jpg,uploaded,57078,401_st-moritz-office-tower-st-moritz-office-tower_20170320070909_10496.jpg,https://cdn-strapi.prod.99iddev.net/assets/401_st_moritz_office_tower_st_moritz_office_tower_20170320070909_10496_a48036a2ac.jpg,,
st-moritz-office-tower,Media Library/Office Venue/st-moritz-office-tower,1014,16,32,16,exterior/401_st-moritz-office-tower-st-moritz-office-tower_20170320070909_87645.jpg,exterior,401_st-moritz-office-tower-st-moritz-office-tower_20170320070909_87645.jpg,uploaded,57079,401_st-moritz-office-tower-st-moritz-office-tower_20170320070909_87645.jpg,https://cdn-strapi.prod.99iddev.net/assets/401_st_moritz_office_tower_st_moritz_office_tower_20170320070909_87645_515b16ab10.jpg,,
st-moritz-office-tower,Media Library/Office Venue/st-moritz-office-tower,1014,16,32,16,exterior/401_st-moritz-office-tower-st-moritz-office-tower_20170411045046_58059.jpg,exterior,401_st-moritz-office-tower-st-moritz-office-tower_20170411045046_58059.jpg,uploaded,57080,401_st-moritz-office-tower-st-moritz-office-tower_20170411045046_58059.jpg,https://cdn-strapi.prod.99iddev.net/assets/401_st_moritz_office_tower_st_moritz_office_tower_20170411045046_58059_d7d5cc6361.jpg,,
st-moritz-office-tower,Media Library/Office Venue/st-moritz-office-tower,1014,16,32,16,floorplan/401_st-moritz-office-tower-st-moritz-office-tower_20170310045312_48973.jpg,floorplan,401_st-moritz-office-tower-st-moritz-office-tower_20170310045312_48973.jpg,uploaded,57081,401_st-moritz-office-tower-st-moritz-office-tower_20170310045312_48973.jpg,https://cdn-strapi.prod.99iddev.net/assets/401_st_moritz_office_tower_st_moritz_office_tower_20170310045312_48973_382260804b.jpg,,
st-moritz-office-tower,Media Library/Office Venue/st-moritz-office-tower,1014,16,32,16,floorplan/401_st-moritz-office-tower-st-moritz-office-tower_20170310045312_60014.jpg,floorplan,401_st-moritz-office-tower-st-moritz-office-tower_20170310045312_60014.jpg,uploaded,57082,401_st-moritz-office-tower-st-moritz-office-tower_20170310045312_60014.jpg,https://cdn-strapi.prod.99iddev.net/assets/401_st_moritz_office_tower_st_moritz_office_tower_20170310045312_60014_d95567d97b.jpg,,
st-moritz-office-tower,Media Library/Office Venue/st-moritz-office-tower,1014,16,32,16,floorplan/401_st-moritz-office-tower-st-moritz-office-tower_20170310045313_75462.jpg,floorplan,401_st-moritz-office-tower-st-moritz-office-tower_20170310045313_75462.jpg,uploaded,57083,401_st-moritz-office-tower-st-moritz-office-tower_20170310045313_75462.jpg,https://cdn-strapi.prod.99iddev.net/assets/401_st_moritz_office_tower_st_moritz_office_tower_20170310045313_75462_0ecaf07e07.jpg,,
sudirman-78,Media Library/Office Venue/sudirman-78,719,17,31,14,exterior/352_sudirman-78-sudirman-78_20201111195717_56384.jpg,exterior,352_sudirman-78-sudirman-78_20201111195717_56384.jpg,uploaded,57084,352_sudirman-78-sudirman-78_20201111195717_56384.jpg,https://cdn-strapi.prod.99iddev.net/assets/352_sudirman_78_sudirman_78_20201111195717_56384_c6ac3c2752.jpg,,
sudirman-78,Media Library/Office Venue/sudirman-78,719,17,31,14,floorplan/352_sudirman-78-sudirman-78_20170331111412_51344.jpg,floorplan,352_sudirman-78-sudirman-78_20170331111412_51344.jpg,uploaded,57085,352_sudirman-78-sudirman-78_20170331111412_51344.jpg,https://cdn-strapi.prod.99iddev.net/assets/352_sudirman_78_sudirman_78_20170331111412_51344_256fd152c3.jpg,,
sudirman-78,Media Library/Office Venue/sudirman-78,719,17,31,14,floorplan/352_sudirman-78-sudirman-78_20170331111412_87650.jpg,floorplan,352_sudirman-78-sudirman-78_20170331111412_87650.jpg,uploaded,57086,352_sudirman-78-sudirman-78_20170331111412_87650.jpg,https://cdn-strapi.prod.99iddev.net/assets/352_sudirman_78_sudirman_78_20170331111412_87650_2bd8de0cbb.jpg,,
sudirman-78,Media Library/Office Venue/sudirman-78,719,17,31,14,interior/352_sudirman-78-sudirman-78_20190517035718_62289.jpg,interior,352_sudirman-78-sudirman-78_20190517035718_62289.jpg,uploaded,57087,352_sudirman-78-sudirman-78_20190517035718_62289.jpg,https://cdn-strapi.prod.99iddev.net/assets/352_sudirman_78_sudirman_78_20190517035718_62289_5ccfcf0b40.jpg,,
sudirman-78,Media Library/Office Venue/sudirman-78,719,17,31,14,interior/352_sudirman-78-sudirman-78_20190517035719_26652.jpg,interior,352_sudirman-78-sudirman-78_20190517035719_26652.jpg,uploaded,57088,352_sudirman-78-sudirman-78_20190517035719_26652.jpg,https://cdn-strapi.prod.99iddev.net/assets/352_sudirman_78_sudirman_78_20190517035719_26652_6d5f0dd136.jpg,,
sudirman-78,Media Library/Office Venue/sudirman-78,719,17,31,14,interior/352_sudirman-78-sudirman-78_20190517035719_83805.jpg,interior,352_sudirman-78-sudirman-78_20190517035719_83805.jpg,uploaded,57089,352_sudirman-78-sudirman-78_20190517035719_83805.jpg,https://cdn-strapi.prod.99iddev.net/assets/352_sudirman_78_sudirman_78_20190517035719_83805_b9d793fd94.jpg,,
sudirman-78,Media Library/Office Venue/sudirman-78,719,17,31,14,interior/352_sudirman-78-sudirman-78_20190517035719_91039.jpg,interior,352_sudirman-78-sudirman-78_20190517035719_91039.jpg,uploaded,57090,352_sudirman-78-sudirman-78_20190517035719_91039.jpg,https://cdn-strapi.prod.99iddev.net/assets/352_sudirman_78_sudirman_78_20190517035719_91039_8cc3efd744.jpg,,
sudirman-78,Media Library/Office Venue/sudirman-78,719,17,31,14,interior/352_sudirman-78-sudirman-78_20190517035719_92096.jpg,interior,352_sudirman-78-sudirman-78_20190517035719_92096.jpg,uploaded,57091,352_sudirman-78-sudirman-78_20190517035719_92096.jpg,https://cdn-strapi.prod.99iddev.net/assets/352_sudirman_78_sudirman_78_20190517035719_92096_9b38abbf7b.jpg,,
sudirman-78,Media Library/Office Venue/sudirman-78,719,17,31,14,interior/352_sudirman-78-sudirman-78_20190517035719_99308.jpg,interior,352_sudirman-78-sudirman-78_20190517035719_99308.jpg,uploaded,57092,352_sudirman-78-sudirman-78_20190517035719_99308.jpg,https://cdn-strapi.prod.99iddev.net/assets/352_sudirman_78_sudirman_78_20190517035719_99308_899c8d5e77.jpg,,
sudirman-78,Media Library/Office Venue/sudirman-78,719,17,31,14,interior/352_sudirman-78-sudirman-78_20190517035720_99176.jpg,interior,352_sudirman-78-sudirman-78_20190517035720_99176.jpg,uploaded,57093,352_sudirman-78-sudirman-78_20190517035720_99176.jpg,https://cdn-strapi.prod.99iddev.net/assets/352_sudirman_78_sudirman_78_20190517035720_99176_4f0434dd82.jpg,,
sudirman-78,Media Library/Office Venue/sudirman-78,719,17,31,14,interior/352_sudirman-78-sudirman-78_20190517035721_35568.jpg,interior,352_sudirman-78-sudirman-78_20190517035721_35568.jpg,uploaded,57094,352_sudirman-78-sudirman-78_20190517035721_35568.jpg,https://cdn-strapi.prod.99iddev.net/assets/352_sudirman_78_sudirman_78_20190517035721_35568_6898dea53d.jpg,,
sudirman-78,Media Library/Office Venue/sudirman-78,719,17,31,14,interior/352_sudirman-78-sudirman-78_20190517035723_56447.jpg,interior,352_sudirman-78-sudirman-78_20190517035723_56447.jpg,uploaded,57095,352_sudirman-78-sudirman-78_20190517035723_56447.jpg,https://cdn-strapi.prod.99iddev.net/assets/352_sudirman_78_sudirman_78_20190517035723_56447_9ac4e14424.jpg,,
sudirman-78,Media Library/Office Venue/sudirman-78,719,17,31,14,interior/352_sudirman-78-sudirman-78_20190517035723_63017.jpg,interior,352_sudirman-78-sudirman-78_20190517035723_63017.jpg,uploaded,57096,352_sudirman-78-sudirman-78_20190517035723_63017.jpg,https://cdn-strapi.prod.99iddev.net/assets/352_sudirman_78_sudirman_78_20190517035723_63017_74e1619052.jpg,,
sudirman-78,Media Library/Office Venue/sudirman-78,719,17,31,14,interior/352_sudirman-78-sudirman-78_20190517035724_10955.jpg,interior,352_sudirman-78-sudirman-78_20190517035724_10955.jpg,uploaded,57097,352_sudirman-78-sudirman-78_20190517035724_10955.jpg,https://cdn-strapi.prod.99iddev.net/assets/352_sudirman_78_sudirman_78_20190517035724_10955_ab75b7efb9.jpg,,
synthesis-tower-2-ex-gedung-hero,Media Library/Office Venue/synthesis-tower-2-ex-gedung-hero,721,40,66,26,exterior/403_synthesis-tower-ex-gedung-hero-synthesis-tower-2-ex-gedung-hero_20170512044855_72004.jpg,exterior,403_synthesis-tower-ex-gedung-hero-synthesis-tower-2-ex-gedung-hero_20170512044855_72004.jpg,uploaded,57098,403_synthesis-tower-ex-gedung-hero-synthesis-tower-2-ex-gedung-hero_20170512044855_72004.jpg,https://cdn-strapi.prod.99iddev.net/assets/403_synthesis_tower_ex_gedung_hero_synthesis_tower_2_ex_gedung_hero_20170512044855_72004_b6e6ec1816.jpg,,
synthesis-tower-2-ex-gedung-hero,Media Library/Office Venue/synthesis-tower-2-ex-gedung-hero,721,40,66,26,floorplan/403_synthesis-tower-ex-gedung-hero-synthesis-tower-2-ex-gedung-hero_20170526045612_66639.jpg,floorplan,403_synthesis-tower-ex-gedung-hero-synthesis-tower-2-ex-gedung-hero_20170526045612_66639.jpg,uploaded,57099,403_synthesis-tower-ex-gedung-hero-synthesis-tower-2-ex-gedung-hero_20170526045612_66639.jpg,https://cdn-strapi.prod.99iddev.net/assets/403_synthesis_tower_ex_gedung_hero_synthesis_tower_2_ex_gedung_hero_20170526045612_66639_33eeda05ec.jpg,,
synthesis-tower-2-ex-gedung-hero,Media Library/Office Venue/synthesis-tower-2-ex-gedung-hero,721,40,66,26,floorplan/403_synthesis-tower-ex-gedung-hero-synthesis-tower-2-ex-gedung-hero_20170526045620_10466.jpg,floorplan,403_synthesis-tower-ex-gedung-hero-synthesis-tower-2-ex-gedung-hero_20170526045620_10466.jpg,uploaded,57100,403_synthesis-tower-ex-gedung-hero-synthesis-tower-2-ex-gedung-hero_20170526045620_10466.jpg,https://cdn-strapi.prod.99iddev.net/assets/403_synthesis_tower_ex_gedung_hero_synthesis_tower_2_ex_gedung_hero_20170526045620_10466_6493518e4a.jpg,,
synthesis-tower-2-ex-gedung-hero,Media Library/Office Venue/synthesis-tower-2-ex-gedung-hero,721,40,66,26,floorplan/403_synthesis-tower-ex-gedung-hero-synthesis-tower-2-ex-gedung-hero_20170526045624_40685.jpg,floorplan,403_synthesis-tower-ex-gedung-hero-synthesis-tower-2-ex-gedung-hero_20170526045624_40685.jpg,uploaded,57101,403_synthesis-tower-ex-gedung-hero-synthesis-tower-2-ex-gedung-hero_20170526045624_40685.jpg,https://cdn-strapi.prod.99iddev.net/assets/403_synthesis_tower_ex_gedung_hero_synthesis_tower_2_ex_gedung_hero_20170526045624_40685_103c6013e5.jpg,,
synthesis-tower-2-ex-gedung-hero,Media Library/Office Venue/synthesis-tower-2-ex-gedung-hero,721,40,66,26,floorplan/403_synthesis-tower-ex-gedung-hero-synthesis-tower-2-ex-gedung-hero_20170526045631_46667.jpg,floorplan,403_synthesis-tower-ex-gedung-hero-synthesis-tower-2-ex-gedung-hero_20170526045631_46667.jpg,uploaded,57102,403_synthesis-tower-ex-gedung-hero-synthesis-tower-2-ex-gedung-hero_20170526045631_46667.jpg,https://cdn-strapi.prod.99iddev.net/assets/403_synthesis_tower_ex_gedung_hero_synthesis_tower_2_ex_gedung_hero_20170526045631_46667_36ea46a58d.jpg,,
synthesis-tower-2-ex-gedung-hero,Media Library/Office Venue/synthesis-tower-2-ex-gedung-hero,721,40,66,26,floorplan/403_synthesis-tower-ex-gedung-hero-synthesis-tower-2-ex-gedung-hero_20170526045635_82098.jpg,floorplan,403_synthesis-tower-ex-gedung-hero-synthesis-tower-2-ex-gedung-hero_20170526045635_82098.jpg,uploaded,57103,403_synthesis-tower-ex-gedung-hero-synthesis-tower-2-ex-gedung-hero_20170526045635_82098.jpg,https://cdn-strapi.prod.99iddev.net/assets/403_synthesis_tower_ex_gedung_hero_synthesis_tower_2_ex_gedung_hero_20170526045635_82098_41ac320ef6.jpg,,
synthesis-tower-2-ex-gedung-hero,Media Library/Office Venue/synthesis-tower-2-ex-gedung-hero,721,40,66,26,interior/403_synthesis-tower-ex-gedung-hero-synthesis-tower-2-ex-gedung-hero_20170612021629_87541.jpg,interior,403_synthesis-tower-ex-gedung-hero-synthesis-tower-2-ex-gedung-hero_20170612021629_87541.jpg,uploaded,57104,403_synthesis-tower-ex-gedung-hero-synthesis-tower-2-ex-gedung-hero_20170612021629_87541.jpg,https://cdn-strapi.prod.99iddev.net/assets/403_synthesis_tower_ex_gedung_hero_synthesis_tower_2_ex_gedung_hero_20170612021629_87541_ca558971f8.jpg,,
synthesis-tower-2-ex-gedung-hero,Media Library/Office Venue/synthesis-tower-2-ex-gedung-hero,721,40,66,26,interior/403_synthesis-tower-ex-gedung-hero-synthesis-tower-2-ex-gedung-hero_20170612021648_76756.jpg,interior,403_synthesis-tower-ex-gedung-hero-synthesis-tower-2-ex-gedung-hero_20170612021648_76756.jpg,uploaded,57105,403_synthesis-tower-ex-gedung-hero-synthesis-tower-2-ex-gedung-hero_20170612021648_76756.jpg,https://cdn-strapi.prod.99iddev.net/assets/403_synthesis_tower_ex_gedung_hero_synthesis_tower_2_ex_gedung_hero_20170612021648_76756_343b9d1c68.jpg,,
synthesis-tower-2-ex-gedung-hero,Media Library/Office Venue/synthesis-tower-2-ex-gedung-hero,721,40,66,26,interior/403_synthesis-tower-ex-gedung-hero-synthesis-tower-2-ex-gedung-hero_20170612021730_16666.jpg,interior,403_synthesis-tower-ex-gedung-hero-synthesis-tower-2-ex-gedung-hero_20170612021730_16666.jpg,uploaded,57106,403_synthesis-tower-ex-gedung-hero-synthesis-tower-2-ex-gedung-hero_20170612021730_16666.jpg,https://cdn-strapi.prod.99iddev.net/assets/403_synthesis_tower_ex_gedung_hero_synthesis_tower_2_ex_gedung_hero_20170612021730_16666_799fe77074.jpg,,
synthesis-tower-2-ex-gedung-hero,Media Library/Office Venue/synthesis-tower-2-ex-gedung-hero,721,40,66,26,interior/403_synthesis-tower-ex-gedung-hero-synthesis-tower-2-ex-gedung-hero_20170612021804_48118.jpg,interior,403_synthesis-tower-ex-gedung-hero-synthesis-tower-2-ex-gedung-hero_20170612021804_48118.jpg,uploaded,57107,403_synthesis-tower-ex-gedung-hero-synthesis-tower-2-ex-gedung-hero_20170612021804_48118.jpg,https://cdn-strapi.prod.99iddev.net/assets/403_synthesis_tower_ex_gedung_hero_synthesis_tower_2_ex_gedung_hero_20170612021804_48118_76c3521708.jpg,,
synthesis-tower-2-ex-gedung-hero,Media Library/Office Venue/synthesis-tower-2-ex-gedung-hero,721,40,66,26,interior/403_synthesis-tower-ex-gedung-hero-synthesis-tower-2-ex-gedung-hero_20170612022013_35068.jpg,interior,403_synthesis-tower-ex-gedung-hero-synthesis-tower-2-ex-gedung-hero_20170612022013_35068.jpg,uploaded,57108,403_synthesis-tower-ex-gedung-hero-synthesis-tower-2-ex-gedung-hero_20170612022013_35068.jpg,https://cdn-strapi.prod.99iddev.net/assets/403_synthesis_tower_ex_gedung_hero_synthesis_tower_2_ex_gedung_hero_20170612022013_35068_c8d4f17ef8.jpg,,
synthesis-tower-2-ex-gedung-hero,Media Library/Office Venue/synthesis-tower-2-ex-gedung-hero,721,40,66,26,interior/403_synthesis-tower-ex-gedung-hero-synthesis-tower-2-ex-gedung-hero_20170612022021_53778.jpg,interior,403_synthesis-tower-ex-gedung-hero-synthesis-tower-2-ex-gedung-hero_20170612022021_53778.jpg,uploaded,57109,403_synthesis-tower-ex-gedung-hero-synthesis-tower-2-ex-gedung-hero_20170612022021_53778.jpg,https://cdn-strapi.prod.99iddev.net/assets/403_synthesis_tower_ex_gedung_hero_synthesis_tower_2_ex_gedung_hero_20170612022021_53778_e3564eefa9.jpg,,
synthesis-tower-2-ex-gedung-hero,Media Library/Office Venue/synthesis-tower-2-ex-gedung-hero,721,40,66,26,interior/403_synthesis-tower-ex-gedung-hero-synthesis-tower-2-ex-gedung-hero_20170612022031_46518.jpg,interior,403_synthesis-tower-ex-gedung-hero-synthesis-tower-2-ex-gedung-hero_20170612022031_46518.jpg,uploaded,57110,403_synthesis-tower-ex-gedung-hero-synthesis-tower-2-ex-gedung-hero_20170612022031_46518.jpg,https://cdn-strapi.prod.99iddev.net/assets/403_synthesis_tower_ex_gedung_hero_synthesis_tower_2_ex_gedung_hero_20170612022031_46518_ba53c8b313.jpg,,
synthesis-tower-2-ex-gedung-hero,Media Library/Office Venue/synthesis-tower-2-ex-gedung-hero,721,40,66,26,interior/403_synthesis-tower-ex-gedung-hero-synthesis-tower-2-ex-gedung-hero_20170612022037_41388.jpg,interior,403_synthesis-tower-ex-gedung-hero-synthesis-tower-2-ex-gedung-hero_20170612022037_41388.jpg,uploaded,57111,403_synthesis-tower-ex-gedung-hero-synthesis-tower-2-ex-gedung-hero_20170612022037_41388.jpg,https://cdn-strapi.prod.99iddev.net/assets/403_synthesis_tower_ex_gedung_hero_synthesis_tower_2_ex_gedung_hero_20170612022037_41388_663233c2a7.jpg,,
synthesis-tower-2-ex-gedung-hero,Media Library/Office Venue/synthesis-tower-2-ex-gedung-hero,721,40,66,26,interior/403_synthesis-tower-ex-gedung-hero-synthesis-tower-2-ex-gedung-hero_20170612022043_38685.jpg,interior,403_synthesis-tower-ex-gedung-hero-synthesis-tower-2-ex-gedung-hero_20170612022043_38685.jpg,uploaded,57112,403_synthesis-tower-ex-gedung-hero-synthesis-tower-2-ex-gedung-hero_20170612022043_38685.jpg,https://cdn-strapi.prod.99iddev.net/assets/403_synthesis_tower_ex_gedung_hero_synthesis_tower_2_ex_gedung_hero_20170612022043_38685_85cc9d8f0b.jpg,,
synthesis-tower-2-ex-gedung-hero,Media Library/Office Venue/synthesis-tower-2-ex-gedung-hero,721,40,66,26,interior/403_synthesis-tower-ex-gedung-hero-synthesis-tower-2-ex-gedung-hero_20170612022049_95554.jpg,interior,403_synthesis-tower-ex-gedung-hero-synthesis-tower-2-ex-gedung-hero_20170612022049_95554.jpg,uploaded,57113,403_synthesis-tower-ex-gedung-hero-synthesis-tower-2-ex-gedung-hero_20170612022049_95554.jpg,https://cdn-strapi.prod.99iddev.net/assets/403_synthesis_tower_ex_gedung_hero_synthesis_tower_2_ex_gedung_hero_20170612022049_95554_9b182cecea.jpg,,
synthesis-tower-2-ex-gedung-hero,Media Library/Office Venue/synthesis-tower-2-ex-gedung-hero,721,40,66,26,interior/403_synthesis-tower-ex-gedung-hero-synthesis-tower-2-ex-gedung-hero_20170612022056_71222.jpg,interior,403_synthesis-tower-ex-gedung-hero-synthesis-tower-2-ex-gedung-hero_20170612022056_71222.jpg,uploaded,57114,403_synthesis-tower-ex-gedung-hero-synthesis-tower-2-ex-gedung-hero_20170612022056_71222.jpg,https://cdn-strapi.prod.99iddev.net/assets/403_synthesis_tower_ex_gedung_hero_synthesis_tower_2_ex_gedung_hero_20170612022056_71222_af4f185356.jpg,,
synthesis-tower-2-ex-gedung-hero,Media Library/Office Venue/synthesis-tower-2-ex-gedung-hero,721,40,66,26,interior/403_synthesis-tower-ex-gedung-hero-synthesis-tower-2-ex-gedung-hero_20170612022106_99639.jpg,interior,403_synthesis-tower-ex-gedung-hero-synthesis-tower-2-ex-gedung-hero_20170612022106_99639.jpg,uploaded,57115,403_synthesis-tower-ex-gedung-hero-synthesis-tower-2-ex-gedung-hero_20170612022106_99639.jpg,https://cdn-strapi.prod.99iddev.net/assets/403_synthesis_tower_ex_gedung_hero_synthesis_tower_2_ex_gedung_hero_20170612022106_99639_db35da6e7f.jpg,,
synthesis-tower-2-ex-gedung-hero,Media Library/Office Venue/synthesis-tower-2-ex-gedung-hero,721,40,66,26,interior/403_synthesis-tower-ex-gedung-hero-synthesis-tower-2-ex-gedung-hero_20170612022113_35289.jpg,interior,403_synthesis-tower-ex-gedung-hero-synthesis-tower-2-ex-gedung-hero_20170612022113_35289.jpg,uploaded,57116,403_synthesis-tower-ex-gedung-hero-synthesis-tower-2-ex-gedung-hero_20170612022113_35289.jpg,https://cdn-strapi.prod.99iddev.net/assets/403_synthesis_tower_ex_gedung_hero_synthesis_tower_2_ex_gedung_hero_20170612022113_35289_8e140302bf.jpg,,
synthesis-tower-2-ex-gedung-hero,Media Library/Office Venue/synthesis-tower-2-ex-gedung-hero,721,40,66,26,interior/403_synthesis-tower-ex-gedung-hero-synthesis-tower-2-ex-gedung-hero_20170612022119_27102.jpg,interior,403_synthesis-tower-ex-gedung-hero-synthesis-tower-2-ex-gedung-hero_20170612022119_27102.jpg,uploaded,57117,403_synthesis-tower-ex-gedung-hero-synthesis-tower-2-ex-gedung-hero_20170612022119_27102.jpg,https://cdn-strapi.prod.99iddev.net/assets/403_synthesis_tower_ex_gedung_hero_synthesis_tower_2_ex_gedung_hero_20170612022119_27102_c315db918d.jpg,,
synthesis-tower-2-ex-gedung-hero,Media Library/Office Venue/synthesis-tower-2-ex-gedung-hero,721,40,66,26,interior/403_synthesis-tower-ex-gedung-hero-synthesis-tower-2-ex-gedung-hero_20170612022124_63284.jpg,interior,403_synthesis-tower-ex-gedung-hero-synthesis-tower-2-ex-gedung-hero_20170612022124_63284.jpg,uploaded,57118,403_synthesis-tower-ex-gedung-hero-synthesis-tower-2-ex-gedung-hero_20170612022124_63284.jpg,https://cdn-strapi.prod.99iddev.net/assets/403_synthesis_tower_ex_gedung_hero_synthesis_tower_2_ex_gedung_hero_20170612022124_63284_420a9dd270.jpg,,
synthesis-tower-2-ex-gedung-hero,Media Library/Office Venue/synthesis-tower-2-ex-gedung-hero,721,40,66,26,interior/403_synthesis-tower-ex-gedung-hero-synthesis-tower-2-ex-gedung-hero_20170612022132_53984.jpg,interior,403_synthesis-tower-ex-gedung-hero-synthesis-tower-2-ex-gedung-hero_20170612022132_53984.jpg,uploaded,57119,403_synthesis-tower-ex-gedung-hero-synthesis-tower-2-ex-gedung-hero_20170612022132_53984.jpg,https://cdn-strapi.prod.99iddev.net/assets/403_synthesis_tower_ex_gedung_hero_synthesis_tower_2_ex_gedung_hero_20170612022132_53984_83d0cb3bd3.jpg,,
synthesis-tower-2-ex-gedung-hero,Media Library/Office Venue/synthesis-tower-2-ex-gedung-hero,721,40,66,26,interior/403_synthesis-tower-ex-gedung-hero-synthesis-tower-2-ex-gedung-hero_20170612022138_24858.jpg,interior,403_synthesis-tower-ex-gedung-hero-synthesis-tower-2-ex-gedung-hero_20170612022138_24858.jpg,uploaded,57120,403_synthesis-tower-ex-gedung-hero-synthesis-tower-2-ex-gedung-hero_20170612022138_24858.jpg,https://cdn-strapi.prod.99iddev.net/assets/403_synthesis_tower_ex_gedung_hero_synthesis_tower_2_ex_gedung_hero_20170612022138_24858_eaae9afae9.jpg,,
synthesis-tower-2-ex-gedung-hero,Media Library/Office Venue/synthesis-tower-2-ex-gedung-hero,721,40,66,26,interior/403_synthesis-tower-ex-gedung-hero-synthesis-tower-2-ex-gedung-hero_20170612022144_59297.jpg,interior,403_synthesis-tower-ex-gedung-hero-synthesis-tower-2-ex-gedung-hero_20170612022144_59297.jpg,uploaded,57121,403_synthesis-tower-ex-gedung-hero-synthesis-tower-2-ex-gedung-hero_20170612022144_59297.jpg,https://cdn-strapi.prod.99iddev.net/assets/403_synthesis_tower_ex_gedung_hero_synthesis_tower_2_ex_gedung_hero_20170612022144_59297_c62f56b33b.jpg,,
synthesis-tower-2-ex-gedung-hero,Media Library/Office Venue/synthesis-tower-2-ex-gedung-hero,721,40,66,26,interior/403_synthesis-tower-ex-gedung-hero-synthesis-tower-2-ex-gedung-hero_20170612022150_43689.jpg,interior,403_synthesis-tower-ex-gedung-hero-synthesis-tower-2-ex-gedung-hero_20170612022150_43689.jpg,uploaded,57122,403_synthesis-tower-ex-gedung-hero-synthesis-tower-2-ex-gedung-hero_20170612022150_43689.jpg,https://cdn-strapi.prod.99iddev.net/assets/403_synthesis_tower_ex_gedung_hero_synthesis_tower_2_ex_gedung_hero_20170612022150_43689_8367abaeea.jpg,,
synthesis-tower-2-ex-gedung-hero,Media Library/Office Venue/synthesis-tower-2-ex-gedung-hero,721,40,66,26,interior/403_synthesis-tower-ex-gedung-hero-synthesis-tower-2-ex-gedung-hero_20170612022200_76086.jpg,interior,403_synthesis-tower-ex-gedung-hero-synthesis-tower-2-ex-gedung-hero_20170612022200_76086.jpg,uploaded,57123,403_synthesis-tower-ex-gedung-hero-synthesis-tower-2-ex-gedung-hero_20170612022200_76086.jpg,https://cdn-strapi.prod.99iddev.net/assets/403_synthesis_tower_ex_gedung_hero_synthesis_tower_2_ex_gedung_hero_20170612022200_76086_e5aa2aa0ed.jpg,,
talavera-talavera-office-park,Media Library/Office Venue/talavera-talavera-office-park,913,26,52,26,exterior/240_talavera-talavera-office-park_20160914085421_32491.jpg,exterior,240_talavera-talavera-office-park_20160914085421_32491.jpg,uploaded,57124,240_talavera-talavera-office-park_20160914085421_32491.jpg,https://cdn-strapi.prod.99iddev.net/assets/240_talavera_talavera_office_park_20160914085421_32491_c8460a12b6.jpg,,
talavera-talavera-office-park,Media Library/Office Venue/talavera-talavera-office-park,913,26,52,26,exterior/240_talavera-talavera-office-park_20160914085422_15746.jpg,exterior,240_talavera-talavera-office-park_20160914085422_15746.jpg,uploaded,57125,240_talavera-talavera-office-park_20160914085422_15746.jpg,https://cdn-strapi.prod.99iddev.net/assets/240_talavera_talavera_office_park_20160914085422_15746_91bde022a9.jpg,,
talavera-talavera-office-park,Media Library/Office Venue/talavera-talavera-office-park,913,26,52,26,exterior/240_talavera-talavera-office-park_20160914085423_19475.jpg,exterior,240_talavera-talavera-office-park_20160914085423_19475.jpg,uploaded,57126,240_talavera-talavera-office-park_20160914085423_19475.jpg,https://cdn-strapi.prod.99iddev.net/assets/240_talavera_talavera_office_park_20160914085423_19475_d35b7d87a8.jpg,,
talavera-talavera-office-park,Media Library/Office Venue/talavera-talavera-office-park,913,26,52,26,exterior/240_talavera-talavera-office-park_20160914085423_52248.jpg,exterior,240_talavera-talavera-office-park_20160914085423_52248.jpg,uploaded,57127,240_talavera-talavera-office-park_20160914085423_52248.jpg,https://cdn-strapi.prod.99iddev.net/assets/240_talavera_talavera_office_park_20160914085423_52248_2e7a626453.jpg,,
talavera-talavera-office-park,Media Library/Office Venue/talavera-talavera-office-park,913,26,52,26,exterior/240_talavera-talavera-office-park_20180130072029_82187.jpg,exterior,240_talavera-talavera-office-park_20180130072029_82187.jpg,uploaded,57128,240_talavera-talavera-office-park_20180130072029_82187.jpg,https://cdn-strapi.prod.99iddev.net/assets/240_talavera_talavera_office_park_20180130072029_82187_939dd3911b.jpg,,
talavera-talavera-office-park,Media Library/Office Venue/talavera-talavera-office-park,913,26,52,26,exterior/240_talavera-talavera-office-park_20180130072032_13331.jpg,exterior,240_talavera-talavera-office-park_20180130072032_13331.jpg,uploaded,57129,240_talavera-talavera-office-park_20180130072032_13331.jpg,https://cdn-strapi.prod.99iddev.net/assets/240_talavera_talavera_office_park_20180130072032_13331_6b79ac8082.jpg,,
talavera-talavera-office-park,Media Library/Office Venue/talavera-talavera-office-park,913,26,52,26,floorplan/240_talavera-talavera-office-park_20170316042132_26335.jpg,floorplan,240_talavera-talavera-office-park_20170316042132_26335.jpg,uploaded,57130,240_talavera-talavera-office-park_20170316042132_26335.jpg,https://cdn-strapi.prod.99iddev.net/assets/240_talavera_talavera_office_park_20170316042132_26335_3d23e24bc5.jpg,,
talavera-talavera-office-park,Media Library/Office Venue/talavera-talavera-office-park,913,26,52,26,floorplan/240_talavera-talavera-office-park_20170316042132_86738.jpg,floorplan,240_talavera-talavera-office-park_20170316042132_86738.jpg,uploaded,57131,240_talavera-talavera-office-park_20170316042132_86738.jpg,https://cdn-strapi.prod.99iddev.net/assets/240_talavera_talavera_office_park_20170316042132_86738_2b07847c7e.jpg,,
talavera-talavera-office-park,Media Library/Office Venue/talavera-talavera-office-park,913,26,52,26,floorplan/240_talavera-talavera-office-park_20180104030209_48255.jpg,floorplan,240_talavera-talavera-office-park_20180104030209_48255.jpg,uploaded,57132,240_talavera-talavera-office-park_20180104030209_48255.jpg,https://cdn-strapi.prod.99iddev.net/assets/240_talavera_talavera_office_park_20180104030209_48255_24bc178b04.jpg,,
talavera-talavera-office-park,Media Library/Office Venue/talavera-talavera-office-park,913,26,52,26,interior/240_talavera-talavera-office-park_20180706090904_51156.jpg,interior,240_talavera-talavera-office-park_20180706090904_51156.jpg,uploaded,57133,240_talavera-talavera-office-park_20180706090904_51156.jpg,https://cdn-strapi.prod.99iddev.net/assets/240_talavera_talavera_office_park_20180706090904_51156_b397131aa7.jpg,,
talavera-talavera-office-park,Media Library/Office Venue/talavera-talavera-office-park,913,26,52,26,interior/240_talavera-talavera-office-park_20180706090904_67686.jpg,interior,240_talavera-talavera-office-park_20180706090904_67686.jpg,uploaded,57134,240_talavera-talavera-office-park_20180706090904_67686.jpg,https://cdn-strapi.prod.99iddev.net/assets/240_talavera_talavera_office_park_20180706090904_67686_6d172ca3dc.jpg,,
talavera-talavera-office-park,Media Library/Office Venue/talavera-talavera-office-park,913,26,52,26,interior/240_talavera-talavera-office-park_20180706090904_78386.jpg,interior,240_talavera-talavera-office-park_20180706090904_78386.jpg,uploaded,57135,240_talavera-talavera-office-park_20180706090904_78386.jpg,https://cdn-strapi.prod.99iddev.net/assets/240_talavera_talavera_office_park_20180706090904_78386_495031155d.jpg,,
talavera-talavera-office-park,Media Library/Office Venue/talavera-talavera-office-park,913,26,52,26,interior/240_talavera-talavera-office-park_20180706090905_13210.jpg,interior,240_talavera-talavera-office-park_20180706090905_13210.jpg,uploaded,57136,240_talavera-talavera-office-park_20180706090905_13210.jpg,https://cdn-strapi.prod.99iddev.net/assets/240_talavera_talavera_office_park_20180706090905_13210_34f7395cc9.jpg,,
talavera-talavera-office-park,Media Library/Office Venue/talavera-talavera-office-park,913,26,52,26,interior/240_talavera-talavera-office-park_20180706090905_54210.jpg,interior,240_talavera-talavera-office-park_20180706090905_54210.jpg,uploaded,57137,240_talavera-talavera-office-park_20180706090905_54210.jpg,https://cdn-strapi.prod.99iddev.net/assets/240_talavera_talavera_office_park_20180706090905_54210_5e08939b39.jpg,,
talavera-talavera-office-park,Media Library/Office Venue/talavera-talavera-office-park,913,26,52,26,interior/240_talavera-talavera-office-park_20180706090905_59409.jpg,interior,240_talavera-talavera-office-park_20180706090905_59409.jpg,uploaded,57138,240_talavera-talavera-office-park_20180706090905_59409.jpg,https://cdn-strapi.prod.99iddev.net/assets/240_talavera_talavera_office_park_20180706090905_59409_90f8cdd43b.jpg,,
talavera-talavera-office-park,Media Library/Office Venue/talavera-talavera-office-park,913,26,52,26,interior/240_talavera-talavera-office-park_20180706090905_68492.jpg,interior,240_talavera-talavera-office-park_20180706090905_68492.jpg,uploaded,57139,240_talavera-talavera-office-park_20180706090905_68492.jpg,https://cdn-strapi.prod.99iddev.net/assets/240_talavera_talavera_office_park_20180706090905_68492_fc948aa376.jpg,,
talavera-talavera-office-park,Media Library/Office Venue/talavera-talavera-office-park,913,26,52,26,interior/240_talavera-talavera-office-park_20180706090906_45503.jpg,interior,240_talavera-talavera-office-park_20180706090906_45503.jpg,uploaded,57140,240_talavera-talavera-office-park_20180706090906_45503.jpg,https://cdn-strapi.prod.99iddev.net/assets/240_talavera_talavera_office_park_20180706090906_45503_b88324631e.jpg,,
talavera-talavera-office-park,Media Library/Office Venue/talavera-talavera-office-park,913,26,52,26,interior/240_talavera-talavera-office-park_20180706090906_94657.jpg,interior,240_talavera-talavera-office-park_20180706090906_94657.jpg,uploaded,57141,240_talavera-talavera-office-park_20180706090906_94657.jpg,https://cdn-strapi.prod.99iddev.net/assets/240_talavera_talavera_office_park_20180706090906_94657_c6822e8f2b.jpg,,
talavera-talavera-office-park,Media Library/Office Venue/talavera-talavera-office-park,913,26,52,26,interior/240_talavera-talavera-office-park_20180706090906_99808.jpg,interior,240_talavera-talavera-office-park_20180706090906_99808.jpg,uploaded,57142,240_talavera-talavera-office-park_20180706090906_99808.jpg,https://cdn-strapi.prod.99iddev.net/assets/240_talavera_talavera_office_park_20180706090906_99808_661fb47bb6.jpg,,
talavera-talavera-office-park,Media Library/Office Venue/talavera-talavera-office-park,913,26,52,26,interior/240_talavera-talavera-office-park_20180706090907_26265.jpg,interior,240_talavera-talavera-office-park_20180706090907_26265.jpg,uploaded,57143,240_talavera-talavera-office-park_20180706090907_26265.jpg,https://cdn-strapi.prod.99iddev.net/assets/240_talavera_talavera_office_park_20180706090907_26265_549de930d6.jpg,,
talavera-talavera-office-park,Media Library/Office Venue/talavera-talavera-office-park,913,26,52,26,interior/240_talavera-talavera-office-park_20180706090907_30209.jpg,interior,240_talavera-talavera-office-park_20180706090907_30209.jpg,uploaded,57144,240_talavera-talavera-office-park_20180706090907_30209.jpg,https://cdn-strapi.prod.99iddev.net/assets/240_talavera_talavera_office_park_20180706090907_30209_996104e58c.jpg,,
talavera-talavera-office-park,Media Library/Office Venue/talavera-talavera-office-park,913,26,52,26,interior/240_talavera-talavera-office-park_20180706090907_34193.jpg,interior,240_talavera-talavera-office-park_20180706090907_34193.jpg,uploaded,57145,240_talavera-talavera-office-park_20180706090907_34193.jpg,https://cdn-strapi.prod.99iddev.net/assets/240_talavera_talavera_office_park_20180706090907_34193_1ffd1ec49d.jpg,,
talavera-talavera-office-park,Media Library/Office Venue/talavera-talavera-office-park,913,26,52,26,interior/240_talavera-talavera-office-park_20180706090907_43160.jpg,interior,240_talavera-talavera-office-park_20180706090907_43160.jpg,uploaded,57146,240_talavera-talavera-office-park_20180706090907_43160.jpg,https://cdn-strapi.prod.99iddev.net/assets/240_talavera_talavera_office_park_20180706090907_43160_8ff5c0eddf.jpg,,
talavera-talavera-office-park,Media Library/Office Venue/talavera-talavera-office-park,913,26,52,26,interior/240_talavera-talavera-office-park_20180706090907_78652.jpg,interior,240_talavera-talavera-office-park_20180706090907_78652.jpg,uploaded,57147,240_talavera-talavera-office-park_20180706090907_78652.jpg,https://cdn-strapi.prod.99iddev.net/assets/240_talavera_talavera_office_park_20180706090907_78652_69c74c8a38.jpg,,
talavera-talavera-office-park,Media Library/Office Venue/talavera-talavera-office-park,913,26,52,26,interior/240_talavera-talavera-office-park_20180706090908_22728.jpg,interior,240_talavera-talavera-office-park_20180706090908_22728.jpg,uploaded,57148,240_talavera-talavera-office-park_20180706090908_22728.jpg,https://cdn-strapi.prod.99iddev.net/assets/240_talavera_talavera_office_park_20180706090908_22728_05949e5d48.jpg,,
talavera-talavera-office-park,Media Library/Office Venue/talavera-talavera-office-park,913,26,52,26,interior/240_talavera-talavera-office-park_20180706090908_92668.jpg,interior,240_talavera-talavera-office-park_20180706090908_92668.jpg,uploaded,57149,240_talavera-talavera-office-park_20180706090908_92668.jpg,https://cdn-strapi.prod.99iddev.net/assets/240_talavera_talavera_office_park_20180706090908_92668_1303edc144.jpg,,
tbs-tower,Media Library/Office Venue/tbs-tower,1335,7,14,7,floorplan/491_tbs-tower-tbs-tower_20170310090941_36043.jpg,floorplan,491_tbs-tower-tbs-tower_20170310090941_36043.jpg,uploaded,57150,491_tbs-tower-tbs-tower_20170310090941_36043.jpg,https://cdn-strapi.prod.99iddev.net/assets/491_tbs_tower_tbs_tower_20170310090941_36043_af2445c5ce.jpg,,
tbs-tower,Media Library/Office Venue/tbs-tower,1335,7,14,7,floorplan/491_tbs-tower-tbs-tower_20170310090942_45842.jpg,floorplan,491_tbs-tower-tbs-tower_20170310090942_45842.jpg,uploaded,57151,491_tbs-tower-tbs-tower_20170310090942_45842.jpg,https://cdn-strapi.prod.99iddev.net/assets/491_tbs_tower_tbs_tower_20170310090942_45842_af394e04e6.jpg,,
tbs-tower,Media Library/Office Venue/tbs-tower,1335,7,14,7,floorplan/491_tbs-tower-tbs-tower_20170310090942_47101.jpg,floorplan,491_tbs-tower-tbs-tower_20170310090942_47101.jpg,uploaded,57152,491_tbs-tower-tbs-tower_20170310090942_47101.jpg,https://cdn-strapi.prod.99iddev.net/assets/491_tbs_tower_tbs_tower_20170310090942_47101_d0262435a5.jpg,,
tbs-tower,Media Library/Office Venue/tbs-tower,1335,7,14,7,floorplan/491_tbs-tower-tbs-tower_20170310090943_18478.jpg,floorplan,491_tbs-tower-tbs-tower_20170310090943_18478.jpg,uploaded,57153,491_tbs-tower-tbs-tower_20170310090943_18478.jpg,https://cdn-strapi.prod.99iddev.net/assets/491_tbs_tower_tbs_tower_20170310090943_18478_2090545174.jpg,,
tbs-tower,Media Library/Office Venue/tbs-tower,1335,7,14,7,floorplan/491_tbs-tower-tbs-tower_20170310090943_92723.jpg,floorplan,491_tbs-tower-tbs-tower_20170310090943_92723.jpg,uploaded,57154,491_tbs-tower-tbs-tower_20170310090943_92723.jpg,https://cdn-strapi.prod.99iddev.net/assets/491_tbs_tower_tbs_tower_20170310090943_92723_22610d27bd.jpg,,
tbs-tower,Media Library/Office Venue/tbs-tower,1335,7,14,7,floorplan/491_tbs-tower-tbs-tower_20170310090943_97514.jpg,floorplan,491_tbs-tower-tbs-tower_20170310090943_97514.jpg,uploaded,57155,491_tbs-tower-tbs-tower_20170310090943_97514.jpg,https://cdn-strapi.prod.99iddev.net/assets/491_tbs_tower_tbs_tower_20170310090943_97514_e7c6f23f60.jpg,,
tbs-tower,Media Library/Office Venue/tbs-tower,1335,7,14,7,floorplan/491_tbs-tower-tbs-tower_20170310090944_69782.jpg,floorplan,491_tbs-tower-tbs-tower_20170310090944_69782.jpg,uploaded,57156,491_tbs-tower-tbs-tower_20170310090944_69782.jpg,https://cdn-strapi.prod.99iddev.net/assets/491_tbs_tower_tbs_tower_20170310090944_69782_673ab9bfd9.jpg,,
telesindo-tower,Media Library/Office Venue/telesindo-tower,1015,2,4,2,exterior/569_telesindo-tower-telesindo-tower_20190729034723_82618.jpg,exterior,569_telesindo-tower-telesindo-tower_20190729034723_82618.jpg,uploaded,57157,569_telesindo-tower-telesindo-tower_20190729034723_82618.jpg,https://cdn-strapi.prod.99iddev.net/assets/569_telesindo_tower_telesindo_tower_20190729034723_82618_10389d028f.jpg,,
telesindo-tower,Media Library/Office Venue/telesindo-tower,1015,2,4,2,exterior/569_telesindo-tower-telesindo-tower_20190729034723_99048.jpg,exterior,569_telesindo-tower-telesindo-tower_20190729034723_99048.jpg,uploaded,57158,569_telesindo-tower-telesindo-tower_20190729034723_99048.jpg,https://cdn-strapi.prod.99iddev.net/assets/569_telesindo_tower_telesindo_tower_20190729034723_99048_b50ae768d6.jpg,,
telkom-landmark-tower-2,Media Library/Office Venue/telkom-landmark-tower-2,731,20,27,7,interior/335_telkom-landmark-tower-2-telkom-landmark-tower-2_20170404103053_61845.jpg,interior,335_telkom-landmark-tower-2-telkom-landmark-tower-2_20170404103053_61845.jpg,uploaded,57159,335_telkom-landmark-tower-2-telkom-landmark-tower-2_20170404103053_61845.jpg,https://cdn-strapi.prod.99iddev.net/assets/335_telkom_landmark_tower_2_telkom_landmark_tower_2_20170404103053_61845_8190a5adda.jpg,,
telkom-landmark-tower-2,Media Library/Office Venue/telkom-landmark-tower-2,731,20,27,7,interior/335_telkom-landmark-tower-2-telkom-landmark-tower-2_20170404103054_21032.jpg,interior,335_telkom-landmark-tower-2-telkom-landmark-tower-2_20170404103054_21032.jpg,uploaded,57160,335_telkom-landmark-tower-2-telkom-landmark-tower-2_20170404103054_21032.jpg,https://cdn-strapi.prod.99iddev.net/assets/335_telkom_landmark_tower_2_telkom_landmark_tower_2_20170404103054_21032_4012ae7b00.jpg,,
telkom-landmark-tower-2,Media Library/Office Venue/telkom-landmark-tower-2,731,20,27,7,interior/335_telkom-landmark-tower-2-telkom-landmark-tower-2_20170404103054_63090.jpg,interior,335_telkom-landmark-tower-2-telkom-landmark-tower-2_20170404103054_63090.jpg,uploaded,57161,335_telkom-landmark-tower-2-telkom-landmark-tower-2_20170404103054_63090.jpg,https://cdn-strapi.prod.99iddev.net/assets/335_telkom_landmark_tower_2_telkom_landmark_tower_2_20170404103054_63090_947f269b25.jpg,,
telkom-landmark-tower-2,Media Library/Office Venue/telkom-landmark-tower-2,731,20,27,7,interior/335_telkom-landmark-tower-2-telkom-landmark-tower-2_20170404103055_72290.jpg,interior,335_telkom-landmark-tower-2-telkom-landmark-tower-2_20170404103055_72290.jpg,uploaded,57162,335_telkom-landmark-tower-2-telkom-landmark-tower-2_20170404103055_72290.jpg,https://cdn-strapi.prod.99iddev.net/assets/335_telkom_landmark_tower_2_telkom_landmark_tower_2_20170404103055_72290_ede35c7bd9.jpg,,
telkom-landmark-tower-2,Media Library/Office Venue/telkom-landmark-tower-2,731,20,27,7,interior/335_telkom-landmark-tower-2-telkom-landmark-tower-2_20170404103055_89403.jpg,interior,335_telkom-landmark-tower-2-telkom-landmark-tower-2_20170404103055_89403.jpg,uploaded,57163,335_telkom-landmark-tower-2-telkom-landmark-tower-2_20170404103055_89403.jpg,https://cdn-strapi.prod.99iddev.net/assets/335_telkom_landmark_tower_2_telkom_landmark_tower_2_20170404103055_89403_df8b755fee.jpg,,
telkom-landmark-tower-2,Media Library/Office Venue/telkom-landmark-tower-2,731,20,27,7,interior/335_telkom-landmark-tower-2-telkom-landmark-tower-2_20170404103056_13122.jpg,interior,335_telkom-landmark-tower-2-telkom-landmark-tower-2_20170404103056_13122.jpg,uploaded,57164,335_telkom-landmark-tower-2-telkom-landmark-tower-2_20170404103056_13122.jpg,https://cdn-strapi.prod.99iddev.net/assets/335_telkom_landmark_tower_2_telkom_landmark_tower_2_20170404103056_13122_8af0a86674.jpg,,
telkom-landmark-tower-2,Media Library/Office Venue/telkom-landmark-tower-2,731,20,27,7,interior/335_telkom-landmark-tower-2-telkom-landmark-tower-2_20170404103056_78003.jpg,interior,335_telkom-landmark-tower-2-telkom-landmark-tower-2_20170404103056_78003.jpg,uploaded,57165,335_telkom-landmark-tower-2-telkom-landmark-tower-2_20170404103056_78003.jpg,https://cdn-strapi.prod.99iddev.net/assets/335_telkom_landmark_tower_2_telkom_landmark_tower_2_20170404103056_78003_798f282133.jpg,,
thamrin-nine-indosurya-plaza,Media Library/Office Venue/thamrin-nine-indosurya-plaza,914,5,10,5,exterior/553_thamrin-nine-indosurya-plaza_20171215025926_79943.jpg,exterior,553_thamrin-nine-indosurya-plaza_20171215025926_79943.jpg,uploaded,57166,553_thamrin-nine-indosurya-plaza_20171215025926_79943.jpg,https://cdn-strapi.prod.99iddev.net/assets/553_thamrin_nine_indosurya_plaza_20171215025926_79943_cf30f39c31.jpg,,
thamrin-nine-indosurya-plaza,Media Library/Office Venue/thamrin-nine-indosurya-plaza,914,5,10,5,exterior/553_thamrin-nine-indosurya-plaza_20171215025928_57912.jpg,exterior,553_thamrin-nine-indosurya-plaza_20171215025928_57912.jpg,uploaded,57167,553_thamrin-nine-indosurya-plaza_20171215025928_57912.jpg,https://cdn-strapi.prod.99iddev.net/assets/553_thamrin_nine_indosurya_plaza_20171215025928_57912_c44cdf42e0.jpg,,
thamrin-nine-indosurya-plaza,Media Library/Office Venue/thamrin-nine-indosurya-plaza,914,5,10,5,exterior/553_thamrin-nine-indosurya-plaza_20171215025929_89979.jpg,exterior,553_thamrin-nine-indosurya-plaza_20171215025929_89979.jpg,uploaded,57168,553_thamrin-nine-indosurya-plaza_20171215025929_89979.jpg,https://cdn-strapi.prod.99iddev.net/assets/553_thamrin_nine_indosurya_plaza_20171215025929_89979_27955eac44.jpg,,
thamrin-nine-indosurya-plaza,Media Library/Office Venue/thamrin-nine-indosurya-plaza,914,5,10,5,exterior/553_thamrin-nine-indosurya-plaza_20171215025931_44342.jpg,exterior,553_thamrin-nine-indosurya-plaza_20171215025931_44342.jpg,uploaded,57169,553_thamrin-nine-indosurya-plaza_20171215025931_44342.jpg,https://cdn-strapi.prod.99iddev.net/assets/553_thamrin_nine_indosurya_plaza_20171215025931_44342_47f10acbe7.jpg,,
thamrin-nine-indosurya-plaza,Media Library/Office Venue/thamrin-nine-indosurya-plaza,914,5,10,5,exterior/553_thamrin-nine-indosurya-plaza_20171215025932_68036.jpg,exterior,553_thamrin-nine-indosurya-plaza_20171215025932_68036.jpg,uploaded,57170,553_thamrin-nine-indosurya-plaza_20171215025932_68036.jpg,https://cdn-strapi.prod.99iddev.net/assets/553_thamrin_nine_indosurya_plaza_20171215025932_68036_f2e743c566.jpg,,
the-boulevard-office-building,Media Library/Office Venue/the-boulevard-office-building,742,23,45,22,exterior/571_the-boulevard-office-building-the-boulevard-office-building_20180201103127_72060.jpg,exterior,571_the-boulevard-office-building-the-boulevard-office-building_20180201103127_72060.jpg,uploaded,57171,571_the-boulevard-office-building-the-boulevard-office-building_20180201103127_72060.jpg,https://cdn-strapi.prod.99iddev.net/assets/571_the_boulevard_office_building_the_boulevard_office_building_20180201103127_72060_8e384e0c01.jpg,,
the-boulevard-office-building,Media Library/Office Venue/the-boulevard-office-building,742,23,45,22,exterior/571_the-boulevard-office-building-the-boulevard-office-building_20180201103130_73213.jpg,exterior,571_the-boulevard-office-building-the-boulevard-office-building_20180201103130_73213.jpg,uploaded,57172,571_the-boulevard-office-building-the-boulevard-office-building_20180201103130_73213.jpg,https://cdn-strapi.prod.99iddev.net/assets/571_the_boulevard_office_building_the_boulevard_office_building_20180201103130_73213_b97971d150.jpg,,
the-boulevard-office-building,Media Library/Office Venue/the-boulevard-office-building,742,23,45,22,exterior/571_the-boulevard-office-building-the-boulevard-office-building_20180201103132_26815.jpg,exterior,571_the-boulevard-office-building-the-boulevard-office-building_20180201103132_26815.jpg,uploaded,57173,571_the-boulevard-office-building-the-boulevard-office-building_20180201103132_26815.jpg,https://cdn-strapi.prod.99iddev.net/assets/571_the_boulevard_office_building_the_boulevard_office_building_20180201103132_26815_1ac1c1bc59.jpg,,
the-boulevard-office-building,Media Library/Office Venue/the-boulevard-office-building,742,23,45,22,exterior/571_the-boulevard-office-building-the-boulevard-office-building_20180201103135_53546.jpg,exterior,571_the-boulevard-office-building-the-boulevard-office-building_20180201103135_53546.jpg,uploaded,57174,571_the-boulevard-office-building-the-boulevard-office-building_20180201103135_53546.jpg,https://cdn-strapi.prod.99iddev.net/assets/571_the_boulevard_office_building_the_boulevard_office_building_20180201103135_53546_1528467594.jpg,,
the-boulevard-office-building,Media Library/Office Venue/the-boulevard-office-building,742,23,45,22,exterior/571_the-boulevard-office-building-the-boulevard-office-building_20180201103137_96729.jpg,exterior,571_the-boulevard-office-building-the-boulevard-office-building_20180201103137_96729.jpg,uploaded,57175,571_the-boulevard-office-building-the-boulevard-office-building_20180201103137_96729.jpg,https://cdn-strapi.prod.99iddev.net/assets/571_the_boulevard_office_building_the_boulevard_office_building_20180201103137_96729_31242216dc.jpg,,
the-boulevard-office-building,Media Library/Office Venue/the-boulevard-office-building,742,23,45,22,floorplan/571_the-boulevard-office-building-the-boulevard-office-building_20190729043930_74703.jpg,floorplan,571_the-boulevard-office-building-the-boulevard-office-building_20190729043930_74703.jpg,uploaded,57176,571_the-boulevard-office-building-the-boulevard-office-building_20190729043930_74703.jpg,https://cdn-strapi.prod.99iddev.net/assets/571_the_boulevard_office_building_the_boulevard_office_building_20190729043930_74703_31a3f9d4ae.jpg,,
the-boulevard-office-building,Media Library/Office Venue/the-boulevard-office-building,742,23,45,22,interior/571_the-boulevard-office-building-the-boulevard-office-building_20180201103218_84465.jpg,interior,571_the-boulevard-office-building-the-boulevard-office-building_20180201103218_84465.jpg,uploaded,57177,571_the-boulevard-office-building-the-boulevard-office-building_20180201103218_84465.jpg,https://cdn-strapi.prod.99iddev.net/assets/571_the_boulevard_office_building_the_boulevard_office_building_20180201103218_84465_2efdc25cb3.jpg,,
the-boulevard-office-building,Media Library/Office Venue/the-boulevard-office-building,742,23,45,22,interior/571_the-boulevard-office-building-the-boulevard-office-building_20180201103221_54668.jpg,interior,571_the-boulevard-office-building-the-boulevard-office-building_20180201103221_54668.jpg,uploaded,57178,571_the-boulevard-office-building-the-boulevard-office-building_20180201103221_54668.jpg,https://cdn-strapi.prod.99iddev.net/assets/571_the_boulevard_office_building_the_boulevard_office_building_20180201103221_54668_14d2143aca.jpg,,
the-boulevard-office-building,Media Library/Office Venue/the-boulevard-office-building,742,23,45,22,interior/571_the-boulevard-office-building-the-boulevard-office-building_20180201103224_35513.jpg,interior,571_the-boulevard-office-building-the-boulevard-office-building_20180201103224_35513.jpg,uploaded,57179,571_the-boulevard-office-building-the-boulevard-office-building_20180201103224_35513.jpg,https://cdn-strapi.prod.99iddev.net/assets/571_the_boulevard_office_building_the_boulevard_office_building_20180201103224_35513_93ee40cd50.jpg,,
the-boulevard-office-building,Media Library/Office Venue/the-boulevard-office-building,742,23,45,22,interior/571_the-boulevard-office-building-the-boulevard-office-building_20180201103226_41187.jpg,interior,571_the-boulevard-office-building-the-boulevard-office-building_20180201103226_41187.jpg,uploaded,57180,571_the-boulevard-office-building-the-boulevard-office-building_20180201103226_41187.jpg,https://cdn-strapi.prod.99iddev.net/assets/571_the_boulevard_office_building_the_boulevard_office_building_20180201103226_41187_407314f9a4.jpg,,
the-boulevard-office-building,Media Library/Office Venue/the-boulevard-office-building,742,23,45,22,interior/571_the-boulevard-office-building-the-boulevard-office-building_20180201103229_34919.jpg,interior,571_the-boulevard-office-building-the-boulevard-office-building_20180201103229_34919.jpg,uploaded,57181,571_the-boulevard-office-building-the-boulevard-office-building_20180201103229_34919.jpg,https://cdn-strapi.prod.99iddev.net/assets/571_the_boulevard_office_building_the_boulevard_office_building_20180201103229_34919_6abfaca52a.jpg,,
the-boulevard-office-building,Media Library/Office Venue/the-boulevard-office-building,742,23,45,22,interior/571_the-boulevard-office-building-the-boulevard-office-building_20180201103231_87910.jpg,interior,571_the-boulevard-office-building-the-boulevard-office-building_20180201103231_87910.jpg,uploaded,57182,571_the-boulevard-office-building-the-boulevard-office-building_20180201103231_87910.jpg,https://cdn-strapi.prod.99iddev.net/assets/571_the_boulevard_office_building_the_boulevard_office_building_20180201103231_87910_f59291e92b.jpg,,
the-boulevard-office-building,Media Library/Office Venue/the-boulevard-office-building,742,23,45,22,interior/571_the-boulevard-office-building-the-boulevard-office-building_20180201103234_30028.jpg,interior,571_the-boulevard-office-building-the-boulevard-office-building_20180201103234_30028.jpg,uploaded,57183,571_the-boulevard-office-building-the-boulevard-office-building_20180201103234_30028.jpg,https://cdn-strapi.prod.99iddev.net/assets/571_the_boulevard_office_building_the_boulevard_office_building_20180201103234_30028_22099cbf2b.jpg,,
the-boulevard-office-building,Media Library/Office Venue/the-boulevard-office-building,742,23,45,22,interior/571_the-boulevard-office-building-the-boulevard-office-building_20180201103238_16937.jpg,interior,571_the-boulevard-office-building-the-boulevard-office-building_20180201103238_16937.jpg,uploaded,57184,571_the-boulevard-office-building-the-boulevard-office-building_20180201103238_16937.jpg,https://cdn-strapi.prod.99iddev.net/assets/571_the_boulevard_office_building_the_boulevard_office_building_20180201103238_16937_29dc5b99fe.jpg,,
the-boulevard-office-building,Media Library/Office Venue/the-boulevard-office-building,742,23,45,22,interior/571_the-boulevard-office-building-the-boulevard-office-building_20180201103242_72842.jpg,interior,571_the-boulevard-office-building-the-boulevard-office-building_20180201103242_72842.jpg,uploaded,57185,571_the-boulevard-office-building-the-boulevard-office-building_20180201103242_72842.jpg,https://cdn-strapi.prod.99iddev.net/assets/571_the_boulevard_office_building_the_boulevard_office_building_20180201103242_72842_e821e81c0f.jpg,,
the-boulevard-office-building,Media Library/Office Venue/the-boulevard-office-building,742,23,45,22,interior/571_the-boulevard-office-building-the-boulevard-office-building_20180201103244_56781.jpg,interior,571_the-boulevard-office-building-the-boulevard-office-building_20180201103244_56781.jpg,uploaded,57186,571_the-boulevard-office-building-the-boulevard-office-building_20180201103244_56781.jpg,https://cdn-strapi.prod.99iddev.net/assets/571_the_boulevard_office_building_the_boulevard_office_building_20180201103244_56781_689d825d83.jpg,,
the-boulevard-office-building,Media Library/Office Venue/the-boulevard-office-building,742,23,45,22,interior/571_the-boulevard-office-building-the-boulevard-office-building_20180201103247_18623.jpg,interior,571_the-boulevard-office-building-the-boulevard-office-building_20180201103247_18623.jpg,uploaded,57187,571_the-boulevard-office-building-the-boulevard-office-building_20180201103247_18623.jpg,https://cdn-strapi.prod.99iddev.net/assets/571_the_boulevard_office_building_the_boulevard_office_building_20180201103247_18623_4b9d0089c5.jpg,,
the-boulevard-office-building,Media Library/Office Venue/the-boulevard-office-building,742,23,45,22,interior/571_the-boulevard-office-building-the-boulevard-office-building_20180201103250_51824.jpg,interior,571_the-boulevard-office-building-the-boulevard-office-building_20180201103250_51824.jpg,uploaded,57188,571_the-boulevard-office-building-the-boulevard-office-building_20180201103250_51824.jpg,https://cdn-strapi.prod.99iddev.net/assets/571_the_boulevard_office_building_the_boulevard_office_building_20180201103250_51824_8792188c31.jpg,,
the-boulevard-office-building,Media Library/Office Venue/the-boulevard-office-building,742,23,45,22,interior/571_the-boulevard-office-building-the-boulevard-office-building_20180201103253_77205.jpg,interior,571_the-boulevard-office-building-the-boulevard-office-building_20180201103253_77205.jpg,uploaded,57189,571_the-boulevard-office-building-the-boulevard-office-building_20180201103253_77205.jpg,https://cdn-strapi.prod.99iddev.net/assets/571_the_boulevard_office_building_the_boulevard_office_building_20180201103253_77205_a6eb2808d3.jpg,,
the-boulevard-office-building,Media Library/Office Venue/the-boulevard-office-building,742,23,45,22,interior/571_the-boulevard-office-building-the-boulevard-office-building_20180201103256_76797.jpg,interior,571_the-boulevard-office-building-the-boulevard-office-building_20180201103256_76797.jpg,uploaded,57190,571_the-boulevard-office-building-the-boulevard-office-building_20180201103256_76797.jpg,https://cdn-strapi.prod.99iddev.net/assets/571_the_boulevard_office_building_the_boulevard_office_building_20180201103256_76797_404351f3c3.jpg,,
the-boulevard-office-building,Media Library/Office Venue/the-boulevard-office-building,742,23,45,22,interior/571_the-boulevard-office-building-the-boulevard-office-building_20180201103259_48060.jpg,interior,571_the-boulevard-office-building-the-boulevard-office-building_20180201103259_48060.jpg,uploaded,57191,571_the-boulevard-office-building-the-boulevard-office-building_20180201103259_48060.jpg,https://cdn-strapi.prod.99iddev.net/assets/571_the_boulevard_office_building_the_boulevard_office_building_20180201103259_48060_fba06028ca.jpg,,
the-boulevard-office-building,Media Library/Office Venue/the-boulevard-office-building,742,23,45,22,interior/571_the-boulevard-office-building-the-boulevard-office-building_20180201103301_51000.jpg,interior,571_the-boulevard-office-building-the-boulevard-office-building_20180201103301_51000.jpg,uploaded,57192,571_the-boulevard-office-building-the-boulevard-office-building_20180201103301_51000.jpg,https://cdn-strapi.prod.99iddev.net/assets/571_the_boulevard_office_building_the_boulevard_office_building_20180201103301_51000_5ab24c4061.jpg,,
the-smith,Media Library/Office Venue/the-smith,1016,4,7,3,floorplan/503_the-smith-alam-sutera-the-smith_20180730062552_91505.jpg,floorplan,503_the-smith-alam-sutera-the-smith_20180730062552_91505.jpg,uploaded,57193,503_the-smith-alam-sutera-the-smith_20180730062552_91505.jpg,https://cdn-strapi.prod.99iddev.net/assets/503_the_smith_alam_sutera_the_smith_20180730062552_91505_a434ece7f3.jpg,,
the-smith,Media Library/Office Venue/the-smith,1016,4,7,3,floorplan/503_the-smith-alam-sutera-the-smith_20180730062553_58501.jpg,floorplan,503_the-smith-alam-sutera-the-smith_20180730062553_58501.jpg,uploaded,57194,503_the-smith-alam-sutera-the-smith_20180730062553_58501.jpg,https://cdn-strapi.prod.99iddev.net/assets/503_the_smith_alam_sutera_the_smith_20180730062553_58501_eb59872e3e.jpg,,
the-smith,Media Library/Office Venue/the-smith,1016,4,7,3,floorplan/503_the-smith-alam-sutera-the-smith_20180730062554_67613.jpg,floorplan,503_the-smith-alam-sutera-the-smith_20180730062554_67613.jpg,uploaded,57195,503_the-smith-alam-sutera-the-smith_20180730062554_67613.jpg,https://cdn-strapi.prod.99iddev.net/assets/503_the_smith_alam_sutera_the_smith_20180730062554_67613_83580ac0c9.jpg,,
the-suites-tower,Media Library/Office Venue/the-suites-tower,776,11,18,7,interior/413_the-suites-tower-the-suites-tower_20180105102645_71289.jpg,interior,413_the-suites-tower-the-suites-tower_20180105102645_71289.jpg,uploaded,57196,413_the-suites-tower-the-suites-tower_20180105102645_71289.jpg,https://cdn-strapi.prod.99iddev.net/assets/413_the_suites_tower_the_suites_tower_20180105102645_71289_94d9cdf64f.jpg,,
the-suites-tower,Media Library/Office Venue/the-suites-tower,776,11,18,7,interior/413_the-suites-tower-the-suites-tower_20180105102648_26505.jpg,interior,413_the-suites-tower-the-suites-tower_20180105102648_26505.jpg,uploaded,57197,413_the-suites-tower-the-suites-tower_20180105102648_26505.jpg,https://cdn-strapi.prod.99iddev.net/assets/413_the_suites_tower_the_suites_tower_20180105102648_26505_5c10693b2e.jpg,,
the-suites-tower,Media Library/Office Venue/the-suites-tower,776,11,18,7,interior/413_the-suites-tower-the-suites-tower_20180105102650_12111.jpg,interior,413_the-suites-tower-the-suites-tower_20180105102650_12111.jpg,uploaded,57198,413_the-suites-tower-the-suites-tower_20180105102650_12111.jpg,https://cdn-strapi.prod.99iddev.net/assets/413_the_suites_tower_the_suites_tower_20180105102650_12111_00ead01bba.jpg,,
the-suites-tower,Media Library/Office Venue/the-suites-tower,776,11,18,7,interior/413_the-suites-tower-the-suites-tower_20180105102651_89062.jpg,interior,413_the-suites-tower-the-suites-tower_20180105102651_89062.jpg,uploaded,57199,413_the-suites-tower-the-suites-tower_20180105102651_89062.jpg,https://cdn-strapi.prod.99iddev.net/assets/413_the_suites_tower_the_suites_tower_20180105102651_89062_846885839b.jpg,,
the-suites-tower,Media Library/Office Venue/the-suites-tower,776,11,18,7,interior/413_the-suites-tower-the-suites-tower_20180105102654_51145.jpg,interior,413_the-suites-tower-the-suites-tower_20180105102654_51145.jpg,uploaded,57200,413_the-suites-tower-the-suites-tower_20180105102654_51145.jpg,https://cdn-strapi.prod.99iddev.net/assets/413_the_suites_tower_the_suites_tower_20180105102654_51145_9dca5cdd16.jpg,,
the-suites-tower,Media Library/Office Venue/the-suites-tower,776,11,18,7,interior/413_the-suites-tower-the-suites-tower_20180105102656_45920.jpg,interior,413_the-suites-tower-the-suites-tower_20180105102656_45920.jpg,uploaded,57201,413_the-suites-tower-the-suites-tower_20180105102656_45920.jpg,https://cdn-strapi.prod.99iddev.net/assets/413_the_suites_tower_the_suites_tower_20180105102656_45920_ea9b41aaa4.jpg,,
the-suites-tower,Media Library/Office Venue/the-suites-tower,776,11,18,7,interior/413_the-suites-tower-the-suites-tower_20180105102657_67591.jpg,interior,413_the-suites-tower-the-suites-tower_20180105102657_67591.jpg,uploaded,57202,413_the-suites-tower-the-suites-tower_20180105102657_67591.jpg,https://cdn-strapi.prod.99iddev.net/assets/413_the_suites_tower_the_suites_tower_20180105102657_67591_5da6c3eccf.jpg,,
tokopedia-tower-ex-ciputra-world-2,Media Library/Office Venue/tokopedia-tower-ex-ciputra-world-2,783,20,34,14,exterior/285_ciputra-world-2-tokopedia-tower-tokopedia-tower-ex-ciputra-world-2_20191105024928_59845.jpg,exterior,285_ciputra-world-2-tokopedia-tower-tokopedia-tower-ex-ciputra-world-2_20191105024928_59845.jpg,uploaded,57203,285_ciputra-world-2-tokopedia-tower-tokopedia-tower-ex-ciputra-world-2_20191105024928_59845.jpg,https://cdn-strapi.prod.99iddev.net/assets/285_ciputra_world_2_tokopedia_tower_tokopedia_tower_ex_ciputra_world_2_20191105024928_59845_de9bc22f1a.jpg,,
tokopedia-tower-ex-ciputra-world-2,Media Library/Office Venue/tokopedia-tower-ex-ciputra-world-2,783,20,34,14,interior/285_ciputra-world-2-tokopedia-tower-tokopedia-tower-ex-ciputra-world-2_20171017064403_54318.jpg,interior,285_ciputra-world-2-tokopedia-tower-tokopedia-tower-ex-ciputra-world-2_20171017064403_54318.jpg,uploaded,57204,285_ciputra-world-2-tokopedia-tower-tokopedia-tower-ex-ciputra-world-2_20171017064403_54318.jpg,https://cdn-strapi.prod.99iddev.net/assets/285_ciputra_world_2_tokopedia_tower_tokopedia_tower_ex_ciputra_world_2_20171017064403_54318_611a310ce5.jpg,,
tokopedia-tower-ex-ciputra-world-2,Media Library/Office Venue/tokopedia-tower-ex-ciputra-world-2,783,20,34,14,interior/285_ciputra-world-2-tokopedia-tower-tokopedia-tower-ex-ciputra-world-2_20171017064406_46220.jpg,interior,285_ciputra-world-2-tokopedia-tower-tokopedia-tower-ex-ciputra-world-2_20171017064406_46220.jpg,uploaded,57205,285_ciputra-world-2-tokopedia-tower-tokopedia-tower-ex-ciputra-world-2_20171017064406_46220.jpg,https://cdn-strapi.prod.99iddev.net/assets/285_ciputra_world_2_tokopedia_tower_tokopedia_tower_ex_ciputra_world_2_20171017064406_46220_c00e0afd1e.jpg,,
tokopedia-tower-ex-ciputra-world-2,Media Library/Office Venue/tokopedia-tower-ex-ciputra-world-2,783,20,34,14,interior/285_ciputra-world-2-tokopedia-tower-tokopedia-tower-ex-ciputra-world-2_20171017064408_46121.jpg,interior,285_ciputra-world-2-tokopedia-tower-tokopedia-tower-ex-ciputra-world-2_20171017064408_46121.jpg,uploaded,57206,285_ciputra-world-2-tokopedia-tower-tokopedia-tower-ex-ciputra-world-2_20171017064408_46121.jpg,https://cdn-strapi.prod.99iddev.net/assets/285_ciputra_world_2_tokopedia_tower_tokopedia_tower_ex_ciputra_world_2_20171017064408_46121_93b947638f.jpg,,
tokopedia-tower-ex-ciputra-world-2,Media Library/Office Venue/tokopedia-tower-ex-ciputra-world-2,783,20,34,14,interior/285_ciputra-world-2-tokopedia-tower-tokopedia-tower-ex-ciputra-world-2_20171017064410_28587.jpg,interior,285_ciputra-world-2-tokopedia-tower-tokopedia-tower-ex-ciputra-world-2_20171017064410_28587.jpg,uploaded,57207,285_ciputra-world-2-tokopedia-tower-tokopedia-tower-ex-ciputra-world-2_20171017064410_28587.jpg,https://cdn-strapi.prod.99iddev.net/assets/285_ciputra_world_2_tokopedia_tower_tokopedia_tower_ex_ciputra_world_2_20171017064410_28587_3288558af8.jpg,,
tokopedia-tower-ex-ciputra-world-2,Media Library/Office Venue/tokopedia-tower-ex-ciputra-world-2,783,20,34,14,interior/285_ciputra-world-2-tokopedia-tower-tokopedia-tower-ex-ciputra-world-2_20171027090036_32436.jpg,interior,285_ciputra-world-2-tokopedia-tower-tokopedia-tower-ex-ciputra-world-2_20171027090036_32436.jpg,uploaded,57208,285_ciputra-world-2-tokopedia-tower-tokopedia-tower-ex-ciputra-world-2_20171027090036_32436.jpg,https://cdn-strapi.prod.99iddev.net/assets/285_ciputra_world_2_tokopedia_tower_tokopedia_tower_ex_ciputra_world_2_20171027090036_32436_29012fe77c.jpg,,
tokopedia-tower-ex-ciputra-world-2,Media Library/Office Venue/tokopedia-tower-ex-ciputra-world-2,783,20,34,14,interior/285_ciputra-world-2-tokopedia-tower-tokopedia-tower-ex-ciputra-world-2_20171027090039_12220.jpg,interior,285_ciputra-world-2-tokopedia-tower-tokopedia-tower-ex-ciputra-world-2_20171027090039_12220.jpg,uploaded,57209,285_ciputra-world-2-tokopedia-tower-tokopedia-tower-ex-ciputra-world-2_20171027090039_12220.jpg,https://cdn-strapi.prod.99iddev.net/assets/285_ciputra_world_2_tokopedia_tower_tokopedia_tower_ex_ciputra_world_2_20171027090039_12220_4e49972292.jpg,,
tokopedia-tower-ex-ciputra-world-2,Media Library/Office Venue/tokopedia-tower-ex-ciputra-world-2,783,20,34,14,interior/285_ciputra-world-2-tokopedia-tower-tokopedia-tower-ex-ciputra-world-2_20171027090042_46369.jpg,interior,285_ciputra-world-2-tokopedia-tower-tokopedia-tower-ex-ciputra-world-2_20171027090042_46369.jpg,uploaded,57210,285_ciputra-world-2-tokopedia-tower-tokopedia-tower-ex-ciputra-world-2_20171027090042_46369.jpg,https://cdn-strapi.prod.99iddev.net/assets/285_ciputra_world_2_tokopedia_tower_tokopedia_tower_ex_ciputra_world_2_20171027090042_46369_fb8d630ca6.jpg,,
tokopedia-tower-ex-ciputra-world-2,Media Library/Office Venue/tokopedia-tower-ex-ciputra-world-2,783,20,34,14,interior/285_ciputra-world-2-tokopedia-tower-tokopedia-tower-ex-ciputra-world-2_20171027090044_19758.jpg,interior,285_ciputra-world-2-tokopedia-tower-tokopedia-tower-ex-ciputra-world-2_20171027090044_19758.jpg,uploaded,57211,285_ciputra-world-2-tokopedia-tower-tokopedia-tower-ex-ciputra-world-2_20171027090044_19758.jpg,https://cdn-strapi.prod.99iddev.net/assets/285_ciputra_world_2_tokopedia_tower_tokopedia_tower_ex_ciputra_world_2_20171027090044_19758_649773038a.jpg,,
tokopedia-tower-ex-ciputra-world-2,Media Library/Office Venue/tokopedia-tower-ex-ciputra-world-2,783,20,34,14,interior/285_ciputra-world-2-tokopedia-tower-tokopedia-tower-ex-ciputra-world-2_20171027090047_74925.jpg,interior,285_ciputra-world-2-tokopedia-tower-tokopedia-tower-ex-ciputra-world-2_20171027090047_74925.jpg,uploaded,57212,285_ciputra-world-2-tokopedia-tower-tokopedia-tower-ex-ciputra-world-2_20171027090047_74925.jpg,https://cdn-strapi.prod.99iddev.net/assets/285_ciputra_world_2_tokopedia_tower_tokopedia_tower_ex_ciputra_world_2_20171027090047_74925_1613c58549.jpg,,
tokopedia-tower-ex-ciputra-world-2,Media Library/Office Venue/tokopedia-tower-ex-ciputra-world-2,783,20,34,14,interior/285_ciputra-world-2-tokopedia-tower-tokopedia-tower-ex-ciputra-world-2_20171027090049_37539.jpg,interior,285_ciputra-world-2-tokopedia-tower-tokopedia-tower-ex-ciputra-world-2_20171027090049_37539.jpg,uploaded,57213,285_ciputra-world-2-tokopedia-tower-tokopedia-tower-ex-ciputra-world-2_20171027090049_37539.jpg,https://cdn-strapi.prod.99iddev.net/assets/285_ciputra_world_2_tokopedia_tower_tokopedia_tower_ex_ciputra_world_2_20171027090049_37539_1a011d70d1.jpg,,
tokopedia-tower-ex-ciputra-world-2,Media Library/Office Venue/tokopedia-tower-ex-ciputra-world-2,783,20,34,14,interior/285_ciputra-world-2-tokopedia-tower-tokopedia-tower-ex-ciputra-world-2_20180525073931_13336.jpg,interior,285_ciputra-world-2-tokopedia-tower-tokopedia-tower-ex-ciputra-world-2_20180525073931_13336.jpg,uploaded,57214,285_ciputra-world-2-tokopedia-tower-tokopedia-tower-ex-ciputra-world-2_20180525073931_13336.jpg,https://cdn-strapi.prod.99iddev.net/assets/285_ciputra_world_2_tokopedia_tower_tokopedia_tower_ex_ciputra_world_2_20180525073931_13336_449e803bbf.jpg,,
tokopedia-tower-ex-ciputra-world-2,Media Library/Office Venue/tokopedia-tower-ex-ciputra-world-2,783,20,34,14,interior/285_ciputra-world-2-tokopedia-tower-tokopedia-tower-ex-ciputra-world-2_20180525073931_15796.jpg,interior,285_ciputra-world-2-tokopedia-tower-tokopedia-tower-ex-ciputra-world-2_20180525073931_15796.jpg,uploaded,57215,285_ciputra-world-2-tokopedia-tower-tokopedia-tower-ex-ciputra-world-2_20180525073931_15796.jpg,https://cdn-strapi.prod.99iddev.net/assets/285_ciputra_world_2_tokopedia_tower_tokopedia_tower_ex_ciputra_world_2_20180525073931_15796_ac2f5add27.jpg,,
tokopedia-tower-ex-ciputra-world-2,Media Library/Office Venue/tokopedia-tower-ex-ciputra-world-2,783,20,34,14,interior/285_ciputra-world-2-tokopedia-tower-tokopedia-tower-ex-ciputra-world-2_20180525073931_30101.jpg,interior,285_ciputra-world-2-tokopedia-tower-tokopedia-tower-ex-ciputra-world-2_20180525073931_30101.jpg,uploaded,57216,285_ciputra-world-2-tokopedia-tower-tokopedia-tower-ex-ciputra-world-2_20180525073931_30101.jpg,https://cdn-strapi.prod.99iddev.net/assets/285_ciputra_world_2_tokopedia_tower_tokopedia_tower_ex_ciputra_world_2_20180525073931_30101_ef76e4394b.jpg,,
trio-building,Media Library/Office Venue/trio-building,792,27,47,20,interior/649_trio-building-trio-building_20190214101707_85302.jpg,interior,649_trio-building-trio-building_20190214101707_85302.jpg,uploaded,57217,649_trio-building-trio-building_20190214101707_85302.jpg,https://cdn-strapi.prod.99iddev.net/assets/649_trio_building_trio_building_20190214101707_85302_555d127177.jpg,,
trio-building,Media Library/Office Venue/trio-building,792,27,47,20,interior/649_trio-building-trio-building_20190214101707_94993.jpg,interior,649_trio-building-trio-building_20190214101707_94993.jpg,uploaded,57218,649_trio-building-trio-building_20190214101707_94993.jpg,https://cdn-strapi.prod.99iddev.net/assets/649_trio_building_trio_building_20190214101707_94993_4b37a2f3d1.jpg,,
trio-building,Media Library/Office Venue/trio-building,792,27,47,20,interior/649_trio-building-trio-building_20190214101708_10093.jpg,interior,649_trio-building-trio-building_20190214101708_10093.jpg,uploaded,57219,649_trio-building-trio-building_20190214101708_10093.jpg,https://cdn-strapi.prod.99iddev.net/assets/649_trio_building_trio_building_20190214101708_10093_ade3f16f6e.jpg,,
trio-building,Media Library/Office Venue/trio-building,792,27,47,20,interior/649_trio-building-trio-building_20190214101708_16656.jpg,interior,649_trio-building-trio-building_20190214101708_16656.jpg,uploaded,57220,649_trio-building-trio-building_20190214101708_16656.jpg,https://cdn-strapi.prod.99iddev.net/assets/649_trio_building_trio_building_20190214101708_16656_86e7c23403.jpg,,
trio-building,Media Library/Office Venue/trio-building,792,27,47,20,interior/649_trio-building-trio-building_20190214101708_42490.jpg,interior,649_trio-building-trio-building_20190214101708_42490.jpg,uploaded,57221,649_trio-building-trio-building_20190214101708_42490.jpg,https://cdn-strapi.prod.99iddev.net/assets/649_trio_building_trio_building_20190214101708_42490_f0b3582175.jpg,,
trio-building,Media Library/Office Venue/trio-building,792,27,47,20,interior/649_trio-building-trio-building_20190214101708_53718.jpg,interior,649_trio-building-trio-building_20190214101708_53718.jpg,uploaded,57222,649_trio-building-trio-building_20190214101708_53718.jpg,https://cdn-strapi.prod.99iddev.net/assets/649_trio_building_trio_building_20190214101708_53718_96260aae8b.jpg,,
trio-building,Media Library/Office Venue/trio-building,792,27,47,20,interior/649_trio-building-trio-building_20190214101708_56096.jpg,interior,649_trio-building-trio-building_20190214101708_56096.jpg,uploaded,57223,649_trio-building-trio-building_20190214101708_56096.jpg,https://cdn-strapi.prod.99iddev.net/assets/649_trio_building_trio_building_20190214101708_56096_d6128e8443.jpg,,
trio-building,Media Library/Office Venue/trio-building,792,27,47,20,interior/649_trio-building-trio-building_20190214101709_19930.jpg,interior,649_trio-building-trio-building_20190214101709_19930.jpg,uploaded,57224,649_trio-building-trio-building_20190214101709_19930.jpg,https://cdn-strapi.prod.99iddev.net/assets/649_trio_building_trio_building_20190214101709_19930_8255607ab1.jpg,,
trio-building,Media Library/Office Venue/trio-building,792,27,47,20,interior/649_trio-building-trio-building_20190214101709_28379.jpg,interior,649_trio-building-trio-building_20190214101709_28379.jpg,uploaded,57225,649_trio-building-trio-building_20190214101709_28379.jpg,https://cdn-strapi.prod.99iddev.net/assets/649_trio_building_trio_building_20190214101709_28379_7f9244a8a1.jpg,,
trio-building,Media Library/Office Venue/trio-building,792,27,47,20,interior/649_trio-building-trio-building_20190214101709_32475.jpg,interior,649_trio-building-trio-building_20190214101709_32475.jpg,uploaded,57226,649_trio-building-trio-building_20190214101709_32475.jpg,https://cdn-strapi.prod.99iddev.net/assets/649_trio_building_trio_building_20190214101709_32475_a4b4047595.jpg,,
trio-building,Media Library/Office Venue/trio-building,792,27,47,20,interior/649_trio-building-trio-building_20190214101709_32527.jpg,interior,649_trio-building-trio-building_20190214101709_32527.jpg,uploaded,57227,649_trio-building-trio-building_20190214101709_32527.jpg,https://cdn-strapi.prod.99iddev.net/assets/649_trio_building_trio_building_20190214101709_32527_721def2b50.jpg,,
trio-building,Media Library/Office Venue/trio-building,792,27,47,20,interior/649_trio-building-trio-building_20190214101709_53739.jpg,interior,649_trio-building-trio-building_20190214101709_53739.jpg,uploaded,57228,649_trio-building-trio-building_20190214101709_53739.jpg,https://cdn-strapi.prod.99iddev.net/assets/649_trio_building_trio_building_20190214101709_53739_af0b3ec1c6.jpg,,
trio-building,Media Library/Office Venue/trio-building,792,27,47,20,interior/649_trio-building-trio-building_20190214101709_92744.jpg,interior,649_trio-building-trio-building_20190214101709_92744.jpg,uploaded,57229,649_trio-building-trio-building_20190214101709_92744.jpg,https://cdn-strapi.prod.99iddev.net/assets/649_trio_building_trio_building_20190214101709_92744_623c014270.jpg,,
trio-building,Media Library/Office Venue/trio-building,792,27,47,20,interior/649_trio-building-trio-building_20190214101710_32621.jpg,interior,649_trio-building-trio-building_20190214101710_32621.jpg,uploaded,57230,649_trio-building-trio-building_20190214101710_32621.jpg,https://cdn-strapi.prod.99iddev.net/assets/649_trio_building_trio_building_20190214101710_32621_f39d80f389.jpg,,
trio-building,Media Library/Office Venue/trio-building,792,27,47,20,interior/649_trio-building-trio-building_20190214101710_40657.jpg,interior,649_trio-building-trio-building_20190214101710_40657.jpg,uploaded,57231,649_trio-building-trio-building_20190214101710_40657.jpg,https://cdn-strapi.prod.99iddev.net/assets/649_trio_building_trio_building_20190214101710_40657_62dafe989b.jpg,,
trio-building,Media Library/Office Venue/trio-building,792,27,47,20,interior/649_trio-building-trio-building_20190214101710_48635.jpg,interior,649_trio-building-trio-building_20190214101710_48635.jpg,uploaded,57232,649_trio-building-trio-building_20190214101710_48635.jpg,https://cdn-strapi.prod.99iddev.net/assets/649_trio_building_trio_building_20190214101710_48635_e1b44632ad.jpg,,
trio-building,Media Library/Office Venue/trio-building,792,27,47,20,interior/649_trio-building-trio-building_20190214101710_61372.jpg,interior,649_trio-building-trio-building_20190214101710_61372.jpg,uploaded,57233,649_trio-building-trio-building_20190214101710_61372.jpg,https://cdn-strapi.prod.99iddev.net/assets/649_trio_building_trio_building_20190214101710_61372_8ac8de84bd.jpg,,
trio-building,Media Library/Office Venue/trio-building,792,27,47,20,interior/649_trio-building-trio-building_20190214101710_68116.jpg,interior,649_trio-building-trio-building_20190214101710_68116.jpg,uploaded,57234,649_trio-building-trio-building_20190214101710_68116.jpg,https://cdn-strapi.prod.99iddev.net/assets/649_trio_building_trio_building_20190214101710_68116_664381fc6b.jpg,,
trio-building,Media Library/Office Venue/trio-building,792,27,47,20,interior/649_trio-building-trio-building_20190214101710_79315.jpg,interior,649_trio-building-trio-building_20190214101710_79315.jpg,uploaded,57235,649_trio-building-trio-building_20190214101710_79315.jpg,https://cdn-strapi.prod.99iddev.net/assets/649_trio_building_trio_building_20190214101710_79315_8d016a6634.jpg,,
trio-building,Media Library/Office Venue/trio-building,792,27,47,20,interior/649_trio-building-trio-building_20190214101710_90137.jpg,interior,649_trio-building-trio-building_20190214101710_90137.jpg,uploaded,57236,649_trio-building-trio-building_20190214101710_90137.jpg,https://cdn-strapi.prod.99iddev.net/assets/649_trio_building_trio_building_20190214101710_90137_2d7e927cba.jpg,,
uob-plaza,Media Library/Office Venue/uob-plaza,795,27,41,14,interior/552_thamrin-nine-uob-plaza_20171215024412_32994.jpg,interior,552_thamrin-nine-uob-plaza_20171215024412_32994.jpg,uploaded,57237,552_thamrin-nine-uob-plaza_20171215024412_32994.jpg,https://cdn-strapi.prod.99iddev.net/assets/552_thamrin_nine_uob_plaza_20171215024412_32994_7efeef0b8d.jpg,,
uob-plaza,Media Library/Office Venue/uob-plaza,795,27,41,14,interior/552_thamrin-nine-uob-plaza_20171215024413_38778.jpg,interior,552_thamrin-nine-uob-plaza_20171215024413_38778.jpg,uploaded,57238,552_thamrin-nine-uob-plaza_20171215024413_38778.jpg,https://cdn-strapi.prod.99iddev.net/assets/552_thamrin_nine_uob_plaza_20171215024413_38778_5e820e27e8.jpg,,
uob-plaza,Media Library/Office Venue/uob-plaza,795,27,41,14,interior/552_thamrin-nine-uob-plaza_20171215024414_69162.jpg,interior,552_thamrin-nine-uob-plaza_20171215024414_69162.jpg,uploaded,57239,552_thamrin-nine-uob-plaza_20171215024414_69162.jpg,https://cdn-strapi.prod.99iddev.net/assets/552_thamrin_nine_uob_plaza_20171215024414_69162_caf45fbb88.jpg,,
uob-plaza,Media Library/Office Venue/uob-plaza,795,27,41,14,interior/552_thamrin-nine-uob-plaza_20171215024416_52735.jpg,interior,552_thamrin-nine-uob-plaza_20171215024416_52735.jpg,uploaded,57240,552_thamrin-nine-uob-plaza_20171215024416_52735.jpg,https://cdn-strapi.prod.99iddev.net/assets/552_thamrin_nine_uob_plaza_20171215024416_52735_b6a602dc6c.jpg,,
uob-plaza,Media Library/Office Venue/uob-plaza,795,27,41,14,interior/552_thamrin-nine-uob-plaza_20171215024417_91622.jpg,interior,552_thamrin-nine-uob-plaza_20171215024417_91622.jpg,uploaded,57241,552_thamrin-nine-uob-plaza_20171215024417_91622.jpg,https://cdn-strapi.prod.99iddev.net/assets/552_thamrin_nine_uob_plaza_20171215024417_91622_7cd65d05ad.jpg,,
uob-plaza,Media Library/Office Venue/uob-plaza,795,27,41,14,interior/552_thamrin-nine-uob-plaza_20171215024418_81837.jpg,interior,552_thamrin-nine-uob-plaza_20171215024418_81837.jpg,uploaded,57242,552_thamrin-nine-uob-plaza_20171215024418_81837.jpg,https://cdn-strapi.prod.99iddev.net/assets/552_thamrin_nine_uob_plaza_20171215024418_81837_35812d1571.jpg,,
uob-plaza,Media Library/Office Venue/uob-plaza,795,27,41,14,interior/552_thamrin-nine-uob-plaza_20171215024421_72171.jpg,interior,552_thamrin-nine-uob-plaza_20171215024421_72171.jpg,uploaded,57243,552_thamrin-nine-uob-plaza_20171215024421_72171.jpg,https://cdn-strapi.prod.99iddev.net/assets/552_thamrin_nine_uob_plaza_20171215024421_72171_c600f516ef.jpg,,
uob-plaza,Media Library/Office Venue/uob-plaza,795,27,41,14,interior/552_thamrin-nine-uob-plaza_20171215024422_96233.jpg,interior,552_thamrin-nine-uob-plaza_20171215024422_96233.jpg,uploaded,57244,552_thamrin-nine-uob-plaza_20171215024422_96233.jpg,https://cdn-strapi.prod.99iddev.net/assets/552_thamrin_nine_uob_plaza_20171215024422_96233_aee18b6b2a.jpg,,
uob-plaza,Media Library/Office Venue/uob-plaza,795,27,41,14,interior/552_thamrin-nine-uob-plaza_20171215024423_49470.jpg,interior,552_thamrin-nine-uob-plaza_20171215024423_49470.jpg,uploaded,57245,552_thamrin-nine-uob-plaza_20171215024423_49470.jpg,https://cdn-strapi.prod.99iddev.net/assets/552_thamrin_nine_uob_plaza_20171215024423_49470_7efeefa933.jpg,,
uob-plaza,Media Library/Office Venue/uob-plaza,795,27,41,14,interior/552_thamrin-nine-uob-plaza_20171215024425_66103.jpg,interior,552_thamrin-nine-uob-plaza_20171215024425_66103.jpg,uploaded,57246,552_thamrin-nine-uob-plaza_20171215024425_66103.jpg,https://cdn-strapi.prod.99iddev.net/assets/552_thamrin_nine_uob_plaza_20171215024425_66103_44d711b4bc.jpg,,
uob-plaza,Media Library/Office Venue/uob-plaza,795,27,41,14,interior/552_thamrin-nine-uob-plaza_20171215024426_54985.jpg,interior,552_thamrin-nine-uob-plaza_20171215024426_54985.jpg,uploaded,57247,552_thamrin-nine-uob-plaza_20171215024426_54985.jpg,https://cdn-strapi.prod.99iddev.net/assets/552_thamrin_nine_uob_plaza_20171215024426_54985_904e914459.jpg,,
uob-plaza,Media Library/Office Venue/uob-plaza,795,27,41,14,interior/552_thamrin-nine-uob-plaza_20171215024428_56210.jpg,interior,552_thamrin-nine-uob-plaza_20171215024428_56210.jpg,uploaded,57248,552_thamrin-nine-uob-plaza_20171215024428_56210.jpg,https://cdn-strapi.prod.99iddev.net/assets/552_thamrin_nine_uob_plaza_20171215024428_56210_ee8c36be94.jpg,,
uob-plaza,Media Library/Office Venue/uob-plaza,795,27,41,14,interior/552_thamrin-nine-uob-plaza_20171215024430_92797.jpg,interior,552_thamrin-nine-uob-plaza_20171215024430_92797.jpg,uploaded,57249,552_thamrin-nine-uob-plaza_20171215024430_92797.jpg,https://cdn-strapi.prod.99iddev.net/assets/552_thamrin_nine_uob_plaza_20171215024430_92797_6bc9aeb239.jpg,,
uob-plaza,Media Library/Office Venue/uob-plaza,795,27,41,14,interior/552_thamrin-nine-uob-plaza_20171215024431_36762.jpg,interior,552_thamrin-nine-uob-plaza_20171215024431_36762.jpg,uploaded,57250,552_thamrin-nine-uob-plaza_20171215024431_36762.jpg,https://cdn-strapi.prod.99iddev.net/assets/552_thamrin_nine_uob_plaza_20171215024431_36762_da455c972c.jpg,,
wisma-81,Media Library/Office Venue/wisma-81,803,2,3,1,exterior/456_wisma-81-wisma-81_20201229090651_82183.jpg,exterior,456_wisma-81-wisma-81_20201229090651_82183.jpg,uploaded,57251,456_wisma-81-wisma-81_20201229090651_82183.jpg,https://cdn-strapi.prod.99iddev.net/assets/456_wisma_81_wisma_81_20201229090651_82183_9869d81f25.jpg,,
wisma-81-toto-office-building,Media Library/Office Venue/wisma-81-toto-office-building,917,3,6,3,exterior/456_wisma-81-toto-office-building-wisma-81-toto-office-building_20161124043937_17814.jpg,exterior,456_wisma-81-toto-office-building-wisma-81-toto-office-building_20161124043937_17814.jpg,uploaded,57252,456_wisma-81-toto-office-building-wisma-81-toto-office-building_20161124043937_17814.jpg,https://cdn-strapi.prod.99iddev.net/assets/456_wisma_81_toto_office_building_wisma_81_toto_office_building_20161124043937_17814_4c1f4b3a6f.jpg,,
wisma-81-toto-office-building,Media Library/Office Venue/wisma-81-toto-office-building,917,3,6,3,exterior/456_wisma-81-toto-office-building-wisma-81-toto-office-building_20161124043938_27105.jpg,exterior,456_wisma-81-toto-office-building-wisma-81-toto-office-building_20161124043938_27105.jpg,uploaded,57253,456_wisma-81-toto-office-building-wisma-81-toto-office-building_20161124043938_27105.jpg,https://cdn-strapi.prod.99iddev.net/assets/456_wisma_81_toto_office_building_wisma_81_toto_office_building_20161124043938_27105_62f6ee105e.jpg,,
wisma-81-toto-office-building,Media Library/Office Venue/wisma-81-toto-office-building,917,3,6,3,exterior/456_wisma-81-toto-office-building-wisma-81-toto-office-building_20161124043940_51322.jpg,exterior,456_wisma-81-toto-office-building-wisma-81-toto-office-building_20161124043940_51322.jpg,uploaded,57254,456_wisma-81-toto-office-building-wisma-81-toto-office-building_20161124043940_51322.jpg,https://cdn-strapi.prod.99iddev.net/assets/456_wisma_81_toto_office_building_wisma_81_toto_office_building_20161124043940_51322_ade92ba1c3.jpg,,
wisma-baja,Media Library/Office Venue/wisma-baja,918,1,2,1,exterior/355_wisma-baja-wisma-baja_20160914044748_17934.jpg,exterior,355_wisma-baja-wisma-baja_20160914044748_17934.jpg,uploaded,57255,355_wisma-baja-wisma-baja_20160914044748_17934.jpg,https://cdn-strapi.prod.99iddev.net/assets/355_wisma_baja_wisma_baja_20160914044748_17934_72e7e816fa.jpg,,
wisma-barito-pacific-tower-b,Media Library/Office Venue/wisma-barito-pacific-tower-b,818,12,19,7,exterior/442_wisma-barito-pacific-wisma-barito-pacific-tower-b_20161124033732_37627.jpg,exterior,442_wisma-barito-pacific-wisma-barito-pacific-tower-b_20161124033732_37627.jpg,uploaded,57256,442_wisma-barito-pacific-wisma-barito-pacific-tower-b_20161124033732_37627.jpg,https://cdn-strapi.prod.99iddev.net/assets/442_wisma_barito_pacific_wisma_barito_pacific_tower_b_20161124033732_37627_e5e913efe7.jpg,,
wisma-barito-pacific-tower-b,Media Library/Office Venue/wisma-barito-pacific-tower-b,818,12,19,7,exterior/442_wisma-barito-pacific-wisma-barito-pacific-tower-b_20161124033733_61862.jpg,exterior,442_wisma-barito-pacific-wisma-barito-pacific-tower-b_20161124033733_61862.jpg,uploaded,57257,442_wisma-barito-pacific-wisma-barito-pacific-tower-b_20161124033733_61862.jpg,https://cdn-strapi.prod.99iddev.net/assets/442_wisma_barito_pacific_wisma_barito_pacific_tower_b_20161124033733_61862_6eeb241b78.jpg,,
wisma-barito-pacific-tower-b,Media Library/Office Venue/wisma-barito-pacific-tower-b,818,12,19,7,exterior/442_wisma-barito-pacific-wisma-barito-pacific-tower-b_20161124033734_45739.jpg,exterior,442_wisma-barito-pacific-wisma-barito-pacific-tower-b_20161124033734_45739.jpg,uploaded,57258,442_wisma-barito-pacific-wisma-barito-pacific-tower-b_20161124033734_45739.jpg,https://cdn-strapi.prod.99iddev.net/assets/442_wisma_barito_pacific_wisma_barito_pacific_tower_b_20161124033734_45739_ee445673a3.jpg,,
wisma-barito-pacific-tower-b,Media Library/Office Venue/wisma-barito-pacific-tower-b,818,12,19,7,exterior/442_wisma-barito-pacific-wisma-barito-pacific-tower-b_20161124033735_11754.jpg,exterior,442_wisma-barito-pacific-wisma-barito-pacific-tower-b_20161124033735_11754.jpg,uploaded,57259,442_wisma-barito-pacific-wisma-barito-pacific-tower-b_20161124033735_11754.jpg,https://cdn-strapi.prod.99iddev.net/assets/442_wisma_barito_pacific_wisma_barito_pacific_tower_b_20161124033735_11754_cab4ecde8f.jpg,,
wisma-barito-pacific-tower-b,Media Library/Office Venue/wisma-barito-pacific-tower-b,818,12,19,7,exterior/442_wisma-barito-pacific-wisma-barito-pacific-tower-b_20161124033735_72232.jpg,exterior,442_wisma-barito-pacific-wisma-barito-pacific-tower-b_20161124033735_72232.jpg,uploaded,57260,442_wisma-barito-pacific-wisma-barito-pacific-tower-b_20161124033735_72232.jpg,https://cdn-strapi.prod.99iddev.net/assets/442_wisma_barito_pacific_wisma_barito_pacific_tower_b_20161124033735_72232_0342b71b76.jpg,,
wisma-barito-pacific-tower-b,Media Library/Office Venue/wisma-barito-pacific-tower-b,818,12,19,7,exterior/442_wisma-barito-pacific-wisma-barito-pacific-tower-b_20161124033736_86840.jpg,exterior,442_wisma-barito-pacific-wisma-barito-pacific-tower-b_20161124033736_86840.jpg,uploaded,57261,442_wisma-barito-pacific-wisma-barito-pacific-tower-b_20161124033736_86840.jpg,https://cdn-strapi.prod.99iddev.net/assets/442_wisma_barito_pacific_wisma_barito_pacific_tower_b_20161124033736_86840_35e41718d1.jpg,,
wisma-barito-pacific-tower-b,Media Library/Office Venue/wisma-barito-pacific-tower-b,818,12,19,7,exterior/442_wisma-barito-pacific-wisma-barito-pacific-tower-b_20161124033737_18962.jpg,exterior,442_wisma-barito-pacific-wisma-barito-pacific-tower-b_20161124033737_18962.jpg,uploaded,57262,442_wisma-barito-pacific-wisma-barito-pacific-tower-b_20161124033737_18962.jpg,https://cdn-strapi.prod.99iddev.net/assets/442_wisma_barito_pacific_wisma_barito_pacific_tower_b_20161124033737_18962_0d5f40ed1a.jpg,,
wisma-bisnis-indonesia,Media Library/Office Venue/wisma-bisnis-indonesia,1017,8,16,8,exterior/187_wisma-bisnis-indonesia-wisma-bisnis-indonesia_20160914044750_26763.jpg,exterior,187_wisma-bisnis-indonesia-wisma-bisnis-indonesia_20160914044750_26763.jpg,uploaded,57263,187_wisma-bisnis-indonesia-wisma-bisnis-indonesia_20160914044750_26763.jpg,https://cdn-strapi.prod.99iddev.net/assets/187_wisma_bisnis_indonesia_wisma_bisnis_indonesia_20160914044750_26763_0d985c0551.jpg,,
wisma-bisnis-indonesia,Media Library/Office Venue/wisma-bisnis-indonesia,1017,8,16,8,exterior/187_wisma-bisnis-indonesia-wisma-bisnis-indonesia_20160914044750_86954.jpg,exterior,187_wisma-bisnis-indonesia-wisma-bisnis-indonesia_20160914044750_86954.jpg,uploaded,57264,187_wisma-bisnis-indonesia-wisma-bisnis-indonesia_20160914044750_86954.jpg,https://cdn-strapi.prod.99iddev.net/assets/187_wisma_bisnis_indonesia_wisma_bisnis_indonesia_20160914044750_86954_c1d0959a55.jpg,,
wisma-bisnis-indonesia,Media Library/Office Venue/wisma-bisnis-indonesia,1017,8,16,8,interior/187_wisma-bisnis-indonesia-wisma-bisnis-indonesia_20170214041529_77974.jpg,interior,187_wisma-bisnis-indonesia-wisma-bisnis-indonesia_20170214041529_77974.jpg,uploaded,57265,187_wisma-bisnis-indonesia-wisma-bisnis-indonesia_20170214041529_77974.jpg,https://cdn-strapi.prod.99iddev.net/assets/187_wisma_bisnis_indonesia_wisma_bisnis_indonesia_20170214041529_77974_1d4f39f8c9.jpg,,
wisma-bisnis-indonesia,Media Library/Office Venue/wisma-bisnis-indonesia,1017,8,16,8,interior/187_wisma-bisnis-indonesia-wisma-bisnis-indonesia_20170214041530_48853.jpg,interior,187_wisma-bisnis-indonesia-wisma-bisnis-indonesia_20170214041530_48853.jpg,uploaded,57266,187_wisma-bisnis-indonesia-wisma-bisnis-indonesia_20170214041530_48853.jpg,https://cdn-strapi.prod.99iddev.net/assets/187_wisma_bisnis_indonesia_wisma_bisnis_indonesia_20170214041530_48853_e08188f608.jpg,,
wisma-bisnis-indonesia,Media Library/Office Venue/wisma-bisnis-indonesia,1017,8,16,8,interior/187_wisma-bisnis-indonesia-wisma-bisnis-indonesia_20170214041530_51241.jpg,interior,187_wisma-bisnis-indonesia-wisma-bisnis-indonesia_20170214041530_51241.jpg,uploaded,57267,187_wisma-bisnis-indonesia-wisma-bisnis-indonesia_20170214041530_51241.jpg,https://cdn-strapi.prod.99iddev.net/assets/187_wisma_bisnis_indonesia_wisma_bisnis_indonesia_20170214041530_51241_dbacd92b34.jpg,,
wisma-bisnis-indonesia,Media Library/Office Venue/wisma-bisnis-indonesia,1017,8,16,8,interior/187_wisma-bisnis-indonesia-wisma-bisnis-indonesia_20170214041531_27401.jpg,interior,187_wisma-bisnis-indonesia-wisma-bisnis-indonesia_20170214041531_27401.jpg,uploaded,57268,187_wisma-bisnis-indonesia-wisma-bisnis-indonesia_20170214041531_27401.jpg,https://cdn-strapi.prod.99iddev.net/assets/187_wisma_bisnis_indonesia_wisma_bisnis_indonesia_20170214041531_27401_9414c55be1.jpg,,
wisma-bisnis-indonesia,Media Library/Office Venue/wisma-bisnis-indonesia,1017,8,16,8,interior/187_wisma-bisnis-indonesia-wisma-bisnis-indonesia_20170214041531_29336.jpg,interior,187_wisma-bisnis-indonesia-wisma-bisnis-indonesia_20170214041531_29336.jpg,uploaded,57269,187_wisma-bisnis-indonesia-wisma-bisnis-indonesia_20170214041531_29336.jpg,https://cdn-strapi.prod.99iddev.net/assets/187_wisma_bisnis_indonesia_wisma_bisnis_indonesia_20170214041531_29336_d2c9641599.jpg,,
wisma-bisnis-indonesia,Media Library/Office Venue/wisma-bisnis-indonesia,1017,8,16,8,interior/187_wisma-bisnis-indonesia-wisma-bisnis-indonesia_20170214041531_67236.jpg,interior,187_wisma-bisnis-indonesia-wisma-bisnis-indonesia_20170214041531_67236.jpg,uploaded,57270,187_wisma-bisnis-indonesia-wisma-bisnis-indonesia_20170214041531_67236.jpg,https://cdn-strapi.prod.99iddev.net/assets/187_wisma_bisnis_indonesia_wisma_bisnis_indonesia_20170214041531_67236_c013abebd8.jpg,,
wisma-bsg,Media Library/Office Venue/wisma-bsg,822,34,54,20,interior/180_wisma-bsg-wisma-bsg_20170418100626_42481.jpg,interior,180_wisma-bsg-wisma-bsg_20170418100626_42481.jpg,uploaded,57271,180_wisma-bsg-wisma-bsg_20170418100626_42481.jpg,https://cdn-strapi.prod.99iddev.net/assets/180_wisma_bsg_wisma_bsg_20170418100626_42481_b7ba925758.jpg,,
wisma-bsg,Media Library/Office Venue/wisma-bsg,822,34,54,20,interior/180_wisma-bsg-wisma-bsg_20170418100634_29198.jpg,interior,180_wisma-bsg-wisma-bsg_20170418100634_29198.jpg,uploaded,57272,180_wisma-bsg-wisma-bsg_20170418100634_29198.jpg,https://cdn-strapi.prod.99iddev.net/assets/180_wisma_bsg_wisma_bsg_20170418100634_29198_ef29104595.jpg,,
wisma-bsg,Media Library/Office Venue/wisma-bsg,822,34,54,20,interior/180_wisma-bsg-wisma-bsg_20170418100641_42959.jpg,interior,180_wisma-bsg-wisma-bsg_20170418100641_42959.jpg,uploaded,57273,180_wisma-bsg-wisma-bsg_20170418100641_42959.jpg,https://cdn-strapi.prod.99iddev.net/assets/180_wisma_bsg_wisma_bsg_20170418100641_42959_196b7e2d4a.jpg,,
wisma-bsg,Media Library/Office Venue/wisma-bsg,822,34,54,20,interior/180_wisma-bsg-wisma-bsg_20170418100649_55671.jpg,interior,180_wisma-bsg-wisma-bsg_20170418100649_55671.jpg,uploaded,57274,180_wisma-bsg-wisma-bsg_20170418100649_55671.jpg,https://cdn-strapi.prod.99iddev.net/assets/180_wisma_bsg_wisma_bsg_20170418100649_55671_f66ff287df.jpg,,
wisma-bsg,Media Library/Office Venue/wisma-bsg,822,34,54,20,interior/180_wisma-bsg-wisma-bsg_20170418100655_76429.jpg,interior,180_wisma-bsg-wisma-bsg_20170418100655_76429.jpg,uploaded,57275,180_wisma-bsg-wisma-bsg_20170418100655_76429.jpg,https://cdn-strapi.prod.99iddev.net/assets/180_wisma_bsg_wisma_bsg_20170418100655_76429_c6f6dc6866.jpg,,
wisma-bsg,Media Library/Office Venue/wisma-bsg,822,34,54,20,interior/180_wisma-bsg-wisma-bsg_20170418100707_34595.jpg,interior,180_wisma-bsg-wisma-bsg_20170418100707_34595.jpg,uploaded,57276,180_wisma-bsg-wisma-bsg_20170418100707_34595.jpg,https://cdn-strapi.prod.99iddev.net/assets/180_wisma_bsg_wisma_bsg_20170418100707_34595_004f039b08.jpg,,
wisma-bsg,Media Library/Office Venue/wisma-bsg,822,34,54,20,interior/180_wisma-bsg-wisma-bsg_20170418100728_37720.jpg,interior,180_wisma-bsg-wisma-bsg_20170418100728_37720.jpg,uploaded,57277,180_wisma-bsg-wisma-bsg_20170418100728_37720.jpg,https://cdn-strapi.prod.99iddev.net/assets/180_wisma_bsg_wisma_bsg_20170418100728_37720_1ea5a02498.jpg,,
wisma-bsg,Media Library/Office Venue/wisma-bsg,822,34,54,20,interior/180_wisma-bsg-wisma-bsg_20170418100733_93532.jpg,interior,180_wisma-bsg-wisma-bsg_20170418100733_93532.jpg,uploaded,57278,180_wisma-bsg-wisma-bsg_20170418100733_93532.jpg,https://cdn-strapi.prod.99iddev.net/assets/180_wisma_bsg_wisma_bsg_20170418100733_93532_0e73a695e6.jpg,,
wisma-bsg,Media Library/Office Venue/wisma-bsg,822,34,54,20,interior/180_wisma-bsg-wisma-bsg_20170418100739_32693.jpg,interior,180_wisma-bsg-wisma-bsg_20170418100739_32693.jpg,uploaded,57279,180_wisma-bsg-wisma-bsg_20170418100739_32693.jpg,https://cdn-strapi.prod.99iddev.net/assets/180_wisma_bsg_wisma_bsg_20170418100739_32693_5620a1e8f8.jpg,,
wisma-bsg,Media Library/Office Venue/wisma-bsg,822,34,54,20,interior/180_wisma-bsg-wisma-bsg_20170418100820_86726.jpg,interior,180_wisma-bsg-wisma-bsg_20170418100820_86726.jpg,uploaded,57280,180_wisma-bsg-wisma-bsg_20170418100820_86726.jpg,https://cdn-strapi.prod.99iddev.net/assets/180_wisma_bsg_wisma_bsg_20170418100820_86726_1486c0e997.jpg,,
wisma-bsg,Media Library/Office Venue/wisma-bsg,822,34,54,20,interior/180_wisma-bsg-wisma-bsg_20170418100834_37114.jpg,interior,180_wisma-bsg-wisma-bsg_20170418100834_37114.jpg,uploaded,57281,180_wisma-bsg-wisma-bsg_20170418100834_37114.jpg,https://cdn-strapi.prod.99iddev.net/assets/180_wisma_bsg_wisma_bsg_20170418100834_37114_7f8d6e7e59.jpg,,
wisma-bsg,Media Library/Office Venue/wisma-bsg,822,34,54,20,interior/180_wisma-bsg-wisma-bsg_20170418100841_48631.jpg,interior,180_wisma-bsg-wisma-bsg_20170418100841_48631.jpg,uploaded,57282,180_wisma-bsg-wisma-bsg_20170418100841_48631.jpg,https://cdn-strapi.prod.99iddev.net/assets/180_wisma_bsg_wisma_bsg_20170418100841_48631_db83e05cd9.jpg,,
wisma-bsg,Media Library/Office Venue/wisma-bsg,822,34,54,20,interior/180_wisma-bsg-wisma-bsg_20170418100848_65685.jpg,interior,180_wisma-bsg-wisma-bsg_20170418100848_65685.jpg,uploaded,57283,180_wisma-bsg-wisma-bsg_20170418100848_65685.jpg,https://cdn-strapi.prod.99iddev.net/assets/180_wisma_bsg_wisma_bsg_20170418100848_65685_39c2d33f2c.jpg,,
wisma-bsg,Media Library/Office Venue/wisma-bsg,822,34,54,20,interior/180_wisma-bsg-wisma-bsg_20170418100857_41115.jpg,interior,180_wisma-bsg-wisma-bsg_20170418100857_41115.jpg,uploaded,57284,180_wisma-bsg-wisma-bsg_20170418100857_41115.jpg,https://cdn-strapi.prod.99iddev.net/assets/180_wisma_bsg_wisma_bsg_20170418100857_41115_5e353bef1a.jpg,,
wisma-bsg,Media Library/Office Venue/wisma-bsg,822,34,54,20,interior/180_wisma-bsg-wisma-bsg_20170418100903_73687.jpg,interior,180_wisma-bsg-wisma-bsg_20170418100903_73687.jpg,uploaded,57285,180_wisma-bsg-wisma-bsg_20170418100903_73687.jpg,https://cdn-strapi.prod.99iddev.net/assets/180_wisma_bsg_wisma_bsg_20170418100903_73687_b12db1f401.jpg,,
wisma-bsg,Media Library/Office Venue/wisma-bsg,822,34,54,20,interior/180_wisma-bsg-wisma-bsg_20170705093816_42356.jpg,interior,180_wisma-bsg-wisma-bsg_20170705093816_42356.jpg,uploaded,57286,180_wisma-bsg-wisma-bsg_20170705093816_42356.jpg,https://cdn-strapi.prod.99iddev.net/assets/180_wisma_bsg_wisma_bsg_20170705093816_42356_5f1e5007f3.jpg,,
wisma-bsg,Media Library/Office Venue/wisma-bsg,822,34,54,20,interior/180_wisma-bsg-wisma-bsg_20170705093835_92559.jpg,interior,180_wisma-bsg-wisma-bsg_20170705093835_92559.jpg,uploaded,57287,180_wisma-bsg-wisma-bsg_20170705093835_92559.jpg,https://cdn-strapi.prod.99iddev.net/assets/180_wisma_bsg_wisma_bsg_20170705093835_92559_3592caa19a.jpg,,
wisma-bsg,Media Library/Office Venue/wisma-bsg,822,34,54,20,interior/180_wisma-bsg-wisma-bsg_20170705093841_91051.jpg,interior,180_wisma-bsg-wisma-bsg_20170705093841_91051.jpg,uploaded,57288,180_wisma-bsg-wisma-bsg_20170705093841_91051.jpg,https://cdn-strapi.prod.99iddev.net/assets/180_wisma_bsg_wisma_bsg_20170705093841_91051_54723ccf0e.jpg,,
wisma-bsg,Media Library/Office Venue/wisma-bsg,822,34,54,20,interior/180_wisma-bsg-wisma-bsg_20170705093846_51636.jpg,interior,180_wisma-bsg-wisma-bsg_20170705093846_51636.jpg,uploaded,57289,180_wisma-bsg-wisma-bsg_20170705093846_51636.jpg,https://cdn-strapi.prod.99iddev.net/assets/180_wisma_bsg_wisma_bsg_20170705093846_51636_c375ba3fd4.jpg,,
wisma-bsg,Media Library/Office Venue/wisma-bsg,822,34,54,20,interior/180_wisma-bsg-wisma-bsg_20170705093856_48846.jpg,interior,180_wisma-bsg-wisma-bsg_20170705093856_48846.jpg,uploaded,57290,180_wisma-bsg-wisma-bsg_20170705093856_48846.jpg,https://cdn-strapi.prod.99iddev.net/assets/180_wisma_bsg_wisma_bsg_20170705093856_48846_0a0804071b.jpg,,
wisma-geha,Media Library/Office Venue/wisma-geha,828,3,5,2,exterior/589_wisma-geha-wisma-geha_20190729034835_67262.jpg,exterior,589_wisma-geha-wisma-geha_20190729034835_67262.jpg,uploaded,57291,589_wisma-geha-wisma-geha_20190729034835_67262.jpg,https://cdn-strapi.prod.99iddev.net/assets/589_wisma_geha_wisma_geha_20190729034835_67262_ca8ada772f.jpg,,
wisma-geha,Media Library/Office Venue/wisma-geha,828,3,5,2,exterior/589_wisma-geha-wisma-geha_20190729034835_97251.jpg,exterior,589_wisma-geha-wisma-geha_20190729034835_97251.jpg,uploaded,57292,589_wisma-geha-wisma-geha_20190729034835_97251.jpg,https://cdn-strapi.prod.99iddev.net/assets/589_wisma_geha_wisma_geha_20190729034835_97251_df402742c4.jpg,,
wisma-gkbi,Media Library/Office Venue/wisma-gkbi,829,21,37,16,interior/137_wisma-gkbi-wisma-gkbi_20170320063337_49831.jpg,interior,137_wisma-gkbi-wisma-gkbi_20170320063337_49831.jpg,uploaded,57293,137_wisma-gkbi-wisma-gkbi_20170320063337_49831.jpg,https://cdn-strapi.prod.99iddev.net/assets/137_wisma_gkbi_wisma_gkbi_20170320063337_49831_0037268f55.jpg,,
wisma-gkbi,Media Library/Office Venue/wisma-gkbi,829,21,37,16,interior/137_wisma-gkbi-wisma-gkbi_20170320063337_67842.jpg,interior,137_wisma-gkbi-wisma-gkbi_20170320063337_67842.jpg,uploaded,57294,137_wisma-gkbi-wisma-gkbi_20170320063337_67842.jpg,https://cdn-strapi.prod.99iddev.net/assets/137_wisma_gkbi_wisma_gkbi_20170320063337_67842_0bd4d407ae.jpg,,
wisma-gkbi,Media Library/Office Venue/wisma-gkbi,829,21,37,16,interior/137_wisma-gkbi-wisma-gkbi_20170320063338_22207.jpg,interior,137_wisma-gkbi-wisma-gkbi_20170320063338_22207.jpg,uploaded,57295,137_wisma-gkbi-wisma-gkbi_20170320063338_22207.jpg,https://cdn-strapi.prod.99iddev.net/assets/137_wisma_gkbi_wisma_gkbi_20170320063338_22207_368e846bbd.jpg,,
wisma-gkbi,Media Library/Office Venue/wisma-gkbi,829,21,37,16,interior/137_wisma-gkbi-wisma-gkbi_20170320063338_41530.jpg,interior,137_wisma-gkbi-wisma-gkbi_20170320063338_41530.jpg,uploaded,57296,137_wisma-gkbi-wisma-gkbi_20170320063338_41530.jpg,https://cdn-strapi.prod.99iddev.net/assets/137_wisma_gkbi_wisma_gkbi_20170320063338_41530_3da0f276dc.jpg,,
wisma-gkbi,Media Library/Office Venue/wisma-gkbi,829,21,37,16,interior/137_wisma-gkbi-wisma-gkbi_20170320063339_89711.jpg,interior,137_wisma-gkbi-wisma-gkbi_20170320063339_89711.jpg,uploaded,57297,137_wisma-gkbi-wisma-gkbi_20170320063339_89711.jpg,https://cdn-strapi.prod.99iddev.net/assets/137_wisma_gkbi_wisma_gkbi_20170320063339_89711_97a9772dc2.jpg,,
wisma-gkbi,Media Library/Office Venue/wisma-gkbi,829,21,37,16,interior/137_wisma-gkbi-wisma-gkbi_20170320063340_45523.jpg,interior,137_wisma-gkbi-wisma-gkbi_20170320063340_45523.jpg,uploaded,57298,137_wisma-gkbi-wisma-gkbi_20170320063340_45523.jpg,https://cdn-strapi.prod.99iddev.net/assets/137_wisma_gkbi_wisma_gkbi_20170320063340_45523_dccfa1a489.jpg,,
wisma-gkbi,Media Library/Office Venue/wisma-gkbi,829,21,37,16,interior/137_wisma-gkbi-wisma-gkbi_20170320063340_62945.jpg,interior,137_wisma-gkbi-wisma-gkbi_20170320063340_62945.jpg,uploaded,57299,137_wisma-gkbi-wisma-gkbi_20170320063340_62945.jpg,https://cdn-strapi.prod.99iddev.net/assets/137_wisma_gkbi_wisma_gkbi_20170320063340_62945_c9ef3529c5.jpg,,
wisma-gkbi,Media Library/Office Venue/wisma-gkbi,829,21,37,16,interior/137_wisma-gkbi-wisma-gkbi_20170320063340_91939.jpg,interior,137_wisma-gkbi-wisma-gkbi_20170320063340_91939.jpg,uploaded,57300,137_wisma-gkbi-wisma-gkbi_20170320063340_91939.jpg,https://cdn-strapi.prod.99iddev.net/assets/137_wisma_gkbi_wisma_gkbi_20170320063340_91939_1e0ab6cfce.jpg,,
wisma-gkbi,Media Library/Office Venue/wisma-gkbi,829,21,37,16,interior/137_wisma-gkbi-wisma-gkbi_20170320063341_45331.jpg,interior,137_wisma-gkbi-wisma-gkbi_20170320063341_45331.jpg,uploaded,57301,137_wisma-gkbi-wisma-gkbi_20170320063341_45331.jpg,https://cdn-strapi.prod.99iddev.net/assets/137_wisma_gkbi_wisma_gkbi_20170320063341_45331_6ed2d8e4d2.jpg,,
wisma-gkbi,Media Library/Office Venue/wisma-gkbi,829,21,37,16,interior/137_wisma-gkbi-wisma-gkbi_20170320063341_64503.jpg,interior,137_wisma-gkbi-wisma-gkbi_20170320063341_64503.jpg,uploaded,57302,137_wisma-gkbi-wisma-gkbi_20170320063341_64503.jpg,https://cdn-strapi.prod.99iddev.net/assets/137_wisma_gkbi_wisma_gkbi_20170320063341_64503_f5caba689f.jpg,,
wisma-gkbi,Media Library/Office Venue/wisma-gkbi,829,21,37,16,interior/137_wisma-gkbi-wisma-gkbi_20170320063341_78741.jpg,interior,137_wisma-gkbi-wisma-gkbi_20170320063341_78741.jpg,uploaded,57303,137_wisma-gkbi-wisma-gkbi_20170320063341_78741.jpg,https://cdn-strapi.prod.99iddev.net/assets/137_wisma_gkbi_wisma_gkbi_20170320063341_78741_6d2fc6c0ac.jpg,,
wisma-gkbi,Media Library/Office Venue/wisma-gkbi,829,21,37,16,interior/137_wisma-gkbi-wisma-gkbi_20170320063341_83490.jpg,interior,137_wisma-gkbi-wisma-gkbi_20170320063341_83490.jpg,uploaded,57304,137_wisma-gkbi-wisma-gkbi_20170320063341_83490.jpg,https://cdn-strapi.prod.99iddev.net/assets/137_wisma_gkbi_wisma_gkbi_20170320063341_83490_706ddd09c1.jpg,,
wisma-gkbi,Media Library/Office Venue/wisma-gkbi,829,21,37,16,interior/137_wisma-gkbi-wisma-gkbi_20170320063342_18299.jpg,interior,137_wisma-gkbi-wisma-gkbi_20170320063342_18299.jpg,uploaded,57305,137_wisma-gkbi-wisma-gkbi_20170320063342_18299.jpg,https://cdn-strapi.prod.99iddev.net/assets/137_wisma_gkbi_wisma_gkbi_20170320063342_18299_24ab8dd59b.jpg,,
wisma-gkbi,Media Library/Office Venue/wisma-gkbi,829,21,37,16,interior/137_wisma-gkbi-wisma-gkbi_20170320063342_24907.jpg,interior,137_wisma-gkbi-wisma-gkbi_20170320063342_24907.jpg,uploaded,57306,137_wisma-gkbi-wisma-gkbi_20170320063342_24907.jpg,https://cdn-strapi.prod.99iddev.net/assets/137_wisma_gkbi_wisma_gkbi_20170320063342_24907_3cae9dcaef.jpg,,
wisma-gkbi,Media Library/Office Venue/wisma-gkbi,829,21,37,16,interior/137_wisma-gkbi-wisma-gkbi_20170320063342_41289.jpg,interior,137_wisma-gkbi-wisma-gkbi_20170320063342_41289.jpg,uploaded,57307,137_wisma-gkbi-wisma-gkbi_20170320063342_41289.jpg,https://cdn-strapi.prod.99iddev.net/assets/137_wisma_gkbi_wisma_gkbi_20170320063342_41289_9cb847dae1.jpg,,
wisma-gkbi,Media Library/Office Venue/wisma-gkbi,829,21,37,16,interior/137_wisma-gkbi-wisma-gkbi_20170320063342_86447.jpg,interior,137_wisma-gkbi-wisma-gkbi_20170320063342_86447.jpg,uploaded,57308,137_wisma-gkbi-wisma-gkbi_20170320063342_86447.jpg,https://cdn-strapi.prod.99iddev.net/assets/137_wisma_gkbi_wisma_gkbi_20170320063342_86447_e9c2b20cf6.jpg,,
wisma-kemang,Media Library/Office Venue/wisma-kemang,838,11,19,8,interior/260_wisma-kemang-wisma-kemang_20170214042846_41373.jpg,interior,260_wisma-kemang-wisma-kemang_20170214042846_41373.jpg,uploaded,57309,260_wisma-kemang-wisma-kemang_20170214042846_41373.jpg,https://cdn-strapi.prod.99iddev.net/assets/260_wisma_kemang_wisma_kemang_20170214042846_41373_602e3dd092.jpg,,
wisma-kemang,Media Library/Office Venue/wisma-kemang,838,11,19,8,interior/260_wisma-kemang-wisma-kemang_20170214042847_18389.jpg,interior,260_wisma-kemang-wisma-kemang_20170214042847_18389.jpg,uploaded,57310,260_wisma-kemang-wisma-kemang_20170214042847_18389.jpg,https://cdn-strapi.prod.99iddev.net/assets/260_wisma_kemang_wisma_kemang_20170214042847_18389_fceaf76a4e.jpg,,
wisma-kemang,Media Library/Office Venue/wisma-kemang,838,11,19,8,interior/260_wisma-kemang-wisma-kemang_20170214042847_92991.jpg,interior,260_wisma-kemang-wisma-kemang_20170214042847_92991.jpg,uploaded,57311,260_wisma-kemang-wisma-kemang_20170214042847_92991.jpg,https://cdn-strapi.prod.99iddev.net/assets/260_wisma_kemang_wisma_kemang_20170214042847_92991_8fd8a849b8.jpg,,
wisma-kemang,Media Library/Office Venue/wisma-kemang,838,11,19,8,interior/260_wisma-kemang-wisma-kemang_20170214042847_97695.jpg,interior,260_wisma-kemang-wisma-kemang_20170214042847_97695.jpg,uploaded,57312,260_wisma-kemang-wisma-kemang_20170214042847_97695.jpg,https://cdn-strapi.prod.99iddev.net/assets/260_wisma_kemang_wisma_kemang_20170214042847_97695_86c66eccc5.jpg,,
wisma-kemang,Media Library/Office Venue/wisma-kemang,838,11,19,8,interior/260_wisma-kemang-wisma-kemang_20170214042848_43973.jpg,interior,260_wisma-kemang-wisma-kemang_20170214042848_43973.jpg,uploaded,57313,260_wisma-kemang-wisma-kemang_20170214042848_43973.jpg,https://cdn-strapi.prod.99iddev.net/assets/260_wisma_kemang_wisma_kemang_20170214042848_43973_3019197576.jpg,,
wisma-kemang,Media Library/Office Venue/wisma-kemang,838,11,19,8,interior/260_wisma-kemang-wisma-kemang_20170214042848_70179.jpg,interior,260_wisma-kemang-wisma-kemang_20170214042848_70179.jpg,uploaded,57314,260_wisma-kemang-wisma-kemang_20170214042848_70179.jpg,https://cdn-strapi.prod.99iddev.net/assets/260_wisma_kemang_wisma_kemang_20170214042848_70179_94c3d11b49.jpg,,
wisma-kemang,Media Library/Office Venue/wisma-kemang,838,11,19,8,interior/260_wisma-kemang-wisma-kemang_20170214042848_82205.jpg,interior,260_wisma-kemang-wisma-kemang_20170214042848_82205.jpg,uploaded,57315,260_wisma-kemang-wisma-kemang_20170214042848_82205.jpg,https://cdn-strapi.prod.99iddev.net/assets/260_wisma_kemang_wisma_kemang_20170214042848_82205_f68fefb145.jpg,,
wisma-kemang,Media Library/Office Venue/wisma-kemang,838,11,19,8,interior/260_wisma-kemang-wisma-kemang_20170214042849_95612.jpg,interior,260_wisma-kemang-wisma-kemang_20170214042849_95612.jpg,uploaded,57316,260_wisma-kemang-wisma-kemang_20170214042849_95612.jpg,https://cdn-strapi.prod.99iddev.net/assets/260_wisma_kemang_wisma_kemang_20170214042849_95612_4391db67c8.jpg,,
wisma-korindo,Media Library/Office Venue/wisma-korindo,841,30,58,28,exterior/264_wisma-korindo-wisma-korindo_20160914044804_51129.jpg,exterior,264_wisma-korindo-wisma-korindo_20160914044804_51129.jpg,uploaded,57317,264_wisma-korindo-wisma-korindo_20160914044804_51129.jpg,https://cdn-strapi.prod.99iddev.net/assets/264_wisma_korindo_wisma_korindo_20160914044804_51129_344bacfdc9.jpg,,
wisma-korindo,Media Library/Office Venue/wisma-korindo,841,30,58,28,exterior/264_wisma-korindo-wisma-korindo_20160914044804_53547.jpg,exterior,264_wisma-korindo-wisma-korindo_20160914044804_53547.jpg,uploaded,57318,264_wisma-korindo-wisma-korindo_20160914044804_53547.jpg,https://cdn-strapi.prod.99iddev.net/assets/264_wisma_korindo_wisma_korindo_20160914044804_53547_578cd1dd7d.jpg,,
wisma-korindo,Media Library/Office Venue/wisma-korindo,841,30,58,28,exterior/264_wisma-korindo-wisma-korindo_20160914044805_53782.jpg,exterior,264_wisma-korindo-wisma-korindo_20160914044805_53782.jpg,uploaded,57319,264_wisma-korindo-wisma-korindo_20160914044805_53782.jpg,https://cdn-strapi.prod.99iddev.net/assets/264_wisma_korindo_wisma_korindo_20160914044805_53782_78ad2b1eab.jpg,,
wisma-korindo,Media Library/Office Venue/wisma-korindo,841,30,58,28,exterior/264_wisma-korindo-wisma-korindo_20160914044805_64157.jpg,exterior,264_wisma-korindo-wisma-korindo_20160914044805_64157.jpg,uploaded,57320,264_wisma-korindo-wisma-korindo_20160914044805_64157.jpg,https://cdn-strapi.prod.99iddev.net/assets/264_wisma_korindo_wisma_korindo_20160914044805_64157_5391bdc0ca.jpg,,
wisma-korindo,Media Library/Office Venue/wisma-korindo,841,30,58,28,floorplan/264_wisma-korindo-wisma-korindo_20170309104318_35600.jpg,floorplan,264_wisma-korindo-wisma-korindo_20170309104318_35600.jpg,uploaded,57321,264_wisma-korindo-wisma-korindo_20170309104318_35600.jpg,https://cdn-strapi.prod.99iddev.net/assets/264_wisma_korindo_wisma_korindo_20170309104318_35600_299881ba2e.jpg,,
wisma-korindo,Media Library/Office Venue/wisma-korindo,841,30,58,28,floorplan/264_wisma-korindo-wisma-korindo_20170309104318_65649.jpg,floorplan,264_wisma-korindo-wisma-korindo_20170309104318_65649.jpg,uploaded,57322,264_wisma-korindo-wisma-korindo_20170309104318_65649.jpg,https://cdn-strapi.prod.99iddev.net/assets/264_wisma_korindo_wisma_korindo_20170309104318_65649_0c6f1b5b75.jpg,,
wisma-korindo,Media Library/Office Venue/wisma-korindo,841,30,58,28,floorplan/264_wisma-korindo-wisma-korindo_20170309104319_70999.jpg,floorplan,264_wisma-korindo-wisma-korindo_20170309104319_70999.jpg,uploaded,57323,264_wisma-korindo-wisma-korindo_20170309104319_70999.jpg,https://cdn-strapi.prod.99iddev.net/assets/264_wisma_korindo_wisma_korindo_20170309104319_70999_86181725b2.jpg,,
wisma-korindo,Media Library/Office Venue/wisma-korindo,841,30,58,28,floorplan/264_wisma-korindo-wisma-korindo_20171212092810_17167.jpg,floorplan,264_wisma-korindo-wisma-korindo_20171212092810_17167.jpg,uploaded,57324,264_wisma-korindo-wisma-korindo_20171212092810_17167.jpg,https://cdn-strapi.prod.99iddev.net/assets/264_wisma_korindo_wisma_korindo_20171212092810_17167_7d02880516.jpg,,
wisma-korindo,Media Library/Office Venue/wisma-korindo,841,30,58,28,interior/264_wisma-korindo-wisma-korindo_20180105101954_86636.jpg,interior,264_wisma-korindo-wisma-korindo_20180105101954_86636.jpg,uploaded,57325,264_wisma-korindo-wisma-korindo_20180105101954_86636.jpg,https://cdn-strapi.prod.99iddev.net/assets/264_wisma_korindo_wisma_korindo_20180105101954_86636_67cf48102b.jpg,,
wisma-korindo,Media Library/Office Venue/wisma-korindo,841,30,58,28,interior/264_wisma-korindo-wisma-korindo_20180105101956_42175.jpg,interior,264_wisma-korindo-wisma-korindo_20180105101956_42175.jpg,uploaded,57326,264_wisma-korindo-wisma-korindo_20180105101956_42175.jpg,https://cdn-strapi.prod.99iddev.net/assets/264_wisma_korindo_wisma_korindo_20180105101956_42175_aeb645b444.jpg,,
wisma-korindo,Media Library/Office Venue/wisma-korindo,841,30,58,28,interior/264_wisma-korindo-wisma-korindo_20180105101958_50157.jpg,interior,264_wisma-korindo-wisma-korindo_20180105101958_50157.jpg,uploaded,57327,264_wisma-korindo-wisma-korindo_20180105101958_50157.jpg,https://cdn-strapi.prod.99iddev.net/assets/264_wisma_korindo_wisma_korindo_20180105101958_50157_6cb8ac6b95.jpg,,
wisma-korindo,Media Library/Office Venue/wisma-korindo,841,30,58,28,interior/264_wisma-korindo-wisma-korindo_20180105102000_79431.jpg,interior,264_wisma-korindo-wisma-korindo_20180105102000_79431.jpg,uploaded,57328,264_wisma-korindo-wisma-korindo_20180105102000_79431.jpg,https://cdn-strapi.prod.99iddev.net/assets/264_wisma_korindo_wisma_korindo_20180105102000_79431_128a516d67.jpg,,
wisma-korindo,Media Library/Office Venue/wisma-korindo,841,30,58,28,interior/264_wisma-korindo-wisma-korindo_20180105102002_64506.jpg,interior,264_wisma-korindo-wisma-korindo_20180105102002_64506.jpg,uploaded,57329,264_wisma-korindo-wisma-korindo_20180105102002_64506.jpg,https://cdn-strapi.prod.99iddev.net/assets/264_wisma_korindo_wisma_korindo_20180105102002_64506_b0c73adad6.jpg,,
wisma-korindo,Media Library/Office Venue/wisma-korindo,841,30,58,28,interior/264_wisma-korindo-wisma-korindo_20180105102004_45521.jpg,interior,264_wisma-korindo-wisma-korindo_20180105102004_45521.jpg,uploaded,57330,264_wisma-korindo-wisma-korindo_20180105102004_45521.jpg,https://cdn-strapi.prod.99iddev.net/assets/264_wisma_korindo_wisma_korindo_20180105102004_45521_9adef50c45.jpg,,
wisma-korindo,Media Library/Office Venue/wisma-korindo,841,30,58,28,interior/264_wisma-korindo-wisma-korindo_20180105102005_33373.jpg,interior,264_wisma-korindo-wisma-korindo_20180105102005_33373.jpg,uploaded,57331,264_wisma-korindo-wisma-korindo_20180105102005_33373.jpg,https://cdn-strapi.prod.99iddev.net/assets/264_wisma_korindo_wisma_korindo_20180105102005_33373_5f0fab45cf.jpg,,
wisma-korindo,Media Library/Office Venue/wisma-korindo,841,30,58,28,interior/264_wisma-korindo-wisma-korindo_20180105102007_71859.jpg,interior,264_wisma-korindo-wisma-korindo_20180105102007_71859.jpg,uploaded,57332,264_wisma-korindo-wisma-korindo_20180105102007_71859.jpg,https://cdn-strapi.prod.99iddev.net/assets/264_wisma_korindo_wisma_korindo_20180105102007_71859_766536918d.jpg,,
wisma-korindo,Media Library/Office Venue/wisma-korindo,841,30,58,28,interior/264_wisma-korindo-wisma-korindo_20180105102009_79904.jpg,interior,264_wisma-korindo-wisma-korindo_20180105102009_79904.jpg,uploaded,57333,264_wisma-korindo-wisma-korindo_20180105102009_79904.jpg,https://cdn-strapi.prod.99iddev.net/assets/264_wisma_korindo_wisma_korindo_20180105102009_79904_6b0d9aecae.jpg,,
wisma-korindo,Media Library/Office Venue/wisma-korindo,841,30,58,28,interior/264_wisma-korindo-wisma-korindo_20180105102011_98898.jpg,interior,264_wisma-korindo-wisma-korindo_20180105102011_98898.jpg,uploaded,57334,264_wisma-korindo-wisma-korindo_20180105102011_98898.jpg,https://cdn-strapi.prod.99iddev.net/assets/264_wisma_korindo_wisma_korindo_20180105102011_98898_6fb9601be5.jpg,,
wisma-korindo,Media Library/Office Venue/wisma-korindo,841,30,58,28,interior/264_wisma-korindo-wisma-korindo_20180105102012_82571.jpg,interior,264_wisma-korindo-wisma-korindo_20180105102012_82571.jpg,uploaded,57335,264_wisma-korindo-wisma-korindo_20180105102012_82571.jpg,https://cdn-strapi.prod.99iddev.net/assets/264_wisma_korindo_wisma_korindo_20180105102012_82571_c488187fb3.jpg,,
wisma-korindo,Media Library/Office Venue/wisma-korindo,841,30,58,28,interior/264_wisma-korindo-wisma-korindo_20180105102014_39457.jpg,interior,264_wisma-korindo-wisma-korindo_20180105102014_39457.jpg,uploaded,57336,264_wisma-korindo-wisma-korindo_20180105102014_39457.jpg,https://cdn-strapi.prod.99iddev.net/assets/264_wisma_korindo_wisma_korindo_20180105102014_39457_6536d2e53f.jpg,,
wisma-korindo,Media Library/Office Venue/wisma-korindo,841,30,58,28,interior/264_wisma-korindo-wisma-korindo_20180105102015_24969.jpg,interior,264_wisma-korindo-wisma-korindo_20180105102015_24969.jpg,uploaded,57337,264_wisma-korindo-wisma-korindo_20180105102015_24969.jpg,https://cdn-strapi.prod.99iddev.net/assets/264_wisma_korindo_wisma_korindo_20180105102015_24969_7c8e655241.jpg,,
wisma-korindo,Media Library/Office Venue/wisma-korindo,841,30,58,28,interior/264_wisma-korindo-wisma-korindo_20180105102018_61500.jpg,interior,264_wisma-korindo-wisma-korindo_20180105102018_61500.jpg,uploaded,57338,264_wisma-korindo-wisma-korindo_20180105102018_61500.jpg,https://cdn-strapi.prod.99iddev.net/assets/264_wisma_korindo_wisma_korindo_20180105102018_61500_08a8696e18.jpg,,
wisma-korindo,Media Library/Office Venue/wisma-korindo,841,30,58,28,interior/264_wisma-korindo-wisma-korindo_20180105102020_83976.jpg,interior,264_wisma-korindo-wisma-korindo_20180105102020_83976.jpg,uploaded,57339,264_wisma-korindo-wisma-korindo_20180105102020_83976.jpg,https://cdn-strapi.prod.99iddev.net/assets/264_wisma_korindo_wisma_korindo_20180105102020_83976_cdc86ccaad.jpg,,
wisma-korindo,Media Library/Office Venue/wisma-korindo,841,30,58,28,interior/264_wisma-korindo-wisma-korindo_20180105102021_22606.jpg,interior,264_wisma-korindo-wisma-korindo_20180105102021_22606.jpg,uploaded,57340,264_wisma-korindo-wisma-korindo_20180105102021_22606.jpg,https://cdn-strapi.prod.99iddev.net/assets/264_wisma_korindo_wisma_korindo_20180105102021_22606_003c45ee91.jpg,,
wisma-korindo,Media Library/Office Venue/wisma-korindo,841,30,58,28,interior/264_wisma-korindo-wisma-korindo_20180105102023_76744.jpg,interior,264_wisma-korindo-wisma-korindo_20180105102023_76744.jpg,uploaded,57341,264_wisma-korindo-wisma-korindo_20180105102023_76744.jpg,https://cdn-strapi.prod.99iddev.net/assets/264_wisma_korindo_wisma_korindo_20180105102023_76744_cd0164dea4.jpg,,
wisma-korindo,Media Library/Office Venue/wisma-korindo,841,30,58,28,interior/264_wisma-korindo-wisma-korindo_20180327100638_69782.jpg,interior,264_wisma-korindo-wisma-korindo_20180327100638_69782.jpg,uploaded,57342,264_wisma-korindo-wisma-korindo_20180327100638_69782.jpg,https://cdn-strapi.prod.99iddev.net/assets/264_wisma_korindo_wisma_korindo_20180327100638_69782_06076996d3.jpg,,
wisma-korindo,Media Library/Office Venue/wisma-korindo,841,30,58,28,interior/264_wisma-korindo-wisma-korindo_20180327100638_72887.jpg,interior,264_wisma-korindo-wisma-korindo_20180327100638_72887.jpg,uploaded,57343,264_wisma-korindo-wisma-korindo_20180327100638_72887.jpg,https://cdn-strapi.prod.99iddev.net/assets/264_wisma_korindo_wisma_korindo_20180327100638_72887_206f9205c4.jpg,,
wisma-korindo,Media Library/Office Venue/wisma-korindo,841,30,58,28,interior/264_wisma-korindo-wisma-korindo_20180327100639_92073.jpg,interior,264_wisma-korindo-wisma-korindo_20180327100639_92073.jpg,uploaded,57344,264_wisma-korindo-wisma-korindo_20180327100639_92073.jpg,https://cdn-strapi.prod.99iddev.net/assets/264_wisma_korindo_wisma_korindo_20180327100639_92073_9dee8031e6.jpg,,
wisma-megah-sunter,Media Library/Office Venue/wisma-megah-sunter,848,32,58,26,exterior/656_wisma-megah-sunter-wisma-megah-sunter_20190731063806_19180.jpg,exterior,656_wisma-megah-sunter-wisma-megah-sunter_20190731063806_19180.jpg,uploaded,57345,656_wisma-megah-sunter-wisma-megah-sunter_20190731063806_19180.jpg,https://cdn-strapi.prod.99iddev.net/assets/656_wisma_megah_sunter_wisma_megah_sunter_20190731063806_19180_94f4d73437.jpg,,
wisma-megah-sunter,Media Library/Office Venue/wisma-megah-sunter,848,32,58,26,exterior/656_wisma-megah-sunter-wisma-megah-sunter_20190731063806_20458.jpg,exterior,656_wisma-megah-sunter-wisma-megah-sunter_20190731063806_20458.jpg,uploaded,57346,656_wisma-megah-sunter-wisma-megah-sunter_20190731063806_20458.jpg,https://cdn-strapi.prod.99iddev.net/assets/656_wisma_megah_sunter_wisma_megah_sunter_20190731063806_20458_0b3d3150e6.jpg,,
wisma-megah-sunter,Media Library/Office Venue/wisma-megah-sunter,848,32,58,26,exterior/656_wisma-megah-sunter-wisma-megah-sunter_20190731063806_55963.jpg,exterior,656_wisma-megah-sunter-wisma-megah-sunter_20190731063806_55963.jpg,uploaded,57347,656_wisma-megah-sunter-wisma-megah-sunter_20190731063806_55963.jpg,https://cdn-strapi.prod.99iddev.net/assets/656_wisma_megah_sunter_wisma_megah_sunter_20190731063806_55963_d1aa9293e8.jpg,,
wisma-megah-sunter,Media Library/Office Venue/wisma-megah-sunter,848,32,58,26,floorplan/656_wisma-megah-sunter-wisma-megah-sunter_20190731064546_18592.jpg,floorplan,656_wisma-megah-sunter-wisma-megah-sunter_20190731064546_18592.jpg,uploaded,57348,656_wisma-megah-sunter-wisma-megah-sunter_20190731064546_18592.jpg,https://cdn-strapi.prod.99iddev.net/assets/656_wisma_megah_sunter_wisma_megah_sunter_20190731064546_18592_eab3bced57.jpg,,
wisma-megah-sunter,Media Library/Office Venue/wisma-megah-sunter,848,32,58,26,floorplan/656_wisma-megah-sunter-wisma-megah-sunter_20190731064546_46826.jpg,floorplan,656_wisma-megah-sunter-wisma-megah-sunter_20190731064546_46826.jpg,uploaded,57349,656_wisma-megah-sunter-wisma-megah-sunter_20190731064546_46826.jpg,https://cdn-strapi.prod.99iddev.net/assets/656_wisma_megah_sunter_wisma_megah_sunter_20190731064546_46826_dad0c60a60.jpg,,
wisma-megah-sunter,Media Library/Office Venue/wisma-megah-sunter,848,32,58,26,floorplan/656_wisma-megah-sunter-wisma-megah-sunter_20190731064546_97279.jpg,floorplan,656_wisma-megah-sunter-wisma-megah-sunter_20190731064546_97279.jpg,uploaded,57350,656_wisma-megah-sunter-wisma-megah-sunter_20190731064546_97279.jpg,https://cdn-strapi.prod.99iddev.net/assets/656_wisma_megah_sunter_wisma_megah_sunter_20190731064546_97279_fa5f0cd191.jpg,,
wisma-megah-sunter,Media Library/Office Venue/wisma-megah-sunter,848,32,58,26,interior/656_wisma-megah-sunter-wisma-megah-sunter_20190731063911_96572.jpg,interior,656_wisma-megah-sunter-wisma-megah-sunter_20190731063911_96572.jpg,uploaded,57351,656_wisma-megah-sunter-wisma-megah-sunter_20190731063911_96572.jpg,https://cdn-strapi.prod.99iddev.net/assets/656_wisma_megah_sunter_wisma_megah_sunter_20190731063911_96572_48d89cb01c.jpg,,
wisma-megah-sunter,Media Library/Office Venue/wisma-megah-sunter,848,32,58,26,interior/656_wisma-megah-sunter-wisma-megah-sunter_20190731063912_12027.jpg,interior,656_wisma-megah-sunter-wisma-megah-sunter_20190731063912_12027.jpg,uploaded,57352,656_wisma-megah-sunter-wisma-megah-sunter_20190731063912_12027.jpg,https://cdn-strapi.prod.99iddev.net/assets/656_wisma_megah_sunter_wisma_megah_sunter_20190731063912_12027_b87fddc607.jpg,,
wisma-megah-sunter,Media Library/Office Venue/wisma-megah-sunter,848,32,58,26,interior/656_wisma-megah-sunter-wisma-megah-sunter_20190731063912_27688.jpg,interior,656_wisma-megah-sunter-wisma-megah-sunter_20190731063912_27688.jpg,uploaded,57353,656_wisma-megah-sunter-wisma-megah-sunter_20190731063912_27688.jpg,https://cdn-strapi.prod.99iddev.net/assets/656_wisma_megah_sunter_wisma_megah_sunter_20190731063912_27688_8f9d652a31.jpg,,
wisma-megah-sunter,Media Library/Office Venue/wisma-megah-sunter,848,32,58,26,interior/656_wisma-megah-sunter-wisma-megah-sunter_20190731063912_59289.jpg,interior,656_wisma-megah-sunter-wisma-megah-sunter_20190731063912_59289.jpg,uploaded,57354,656_wisma-megah-sunter-wisma-megah-sunter_20190731063912_59289.jpg,https://cdn-strapi.prod.99iddev.net/assets/656_wisma_megah_sunter_wisma_megah_sunter_20190731063912_59289_82a0c52437.jpg,,
wisma-megah-sunter,Media Library/Office Venue/wisma-megah-sunter,848,32,58,26,interior/656_wisma-megah-sunter-wisma-megah-sunter_20190731063912_90491.jpg,interior,656_wisma-megah-sunter-wisma-megah-sunter_20190731063912_90491.jpg,uploaded,57355,656_wisma-megah-sunter-wisma-megah-sunter_20190731063912_90491.jpg,https://cdn-strapi.prod.99iddev.net/assets/656_wisma_megah_sunter_wisma_megah_sunter_20190731063912_90491_113e16ae31.jpg,,
wisma-megah-sunter,Media Library/Office Venue/wisma-megah-sunter,848,32,58,26,interior/656_wisma-megah-sunter-wisma-megah-sunter_20190731063913_17850.jpg,interior,656_wisma-megah-sunter-wisma-megah-sunter_20190731063913_17850.jpg,uploaded,57356,656_wisma-megah-sunter-wisma-megah-sunter_20190731063913_17850.jpg,https://cdn-strapi.prod.99iddev.net/assets/656_wisma_megah_sunter_wisma_megah_sunter_20190731063913_17850_980549baef.jpg,,
wisma-megah-sunter,Media Library/Office Venue/wisma-megah-sunter,848,32,58,26,interior/656_wisma-megah-sunter-wisma-megah-sunter_20190731063913_24970.jpg,interior,656_wisma-megah-sunter-wisma-megah-sunter_20190731063913_24970.jpg,uploaded,57357,656_wisma-megah-sunter-wisma-megah-sunter_20190731063913_24970.jpg,https://cdn-strapi.prod.99iddev.net/assets/656_wisma_megah_sunter_wisma_megah_sunter_20190731063913_24970_1c89909013.jpg,,
wisma-megah-sunter,Media Library/Office Venue/wisma-megah-sunter,848,32,58,26,interior/656_wisma-megah-sunter-wisma-megah-sunter_20190731063913_28045.jpg,interior,656_wisma-megah-sunter-wisma-megah-sunter_20190731063913_28045.jpg,uploaded,57358,656_wisma-megah-sunter-wisma-megah-sunter_20190731063913_28045.jpg,https://cdn-strapi.prod.99iddev.net/assets/656_wisma_megah_sunter_wisma_megah_sunter_20190731063913_28045_a04b47da76.jpg,,
wisma-megah-sunter,Media Library/Office Venue/wisma-megah-sunter,848,32,58,26,interior/656_wisma-megah-sunter-wisma-megah-sunter_20190731063913_30176.jpg,interior,656_wisma-megah-sunter-wisma-megah-sunter_20190731063913_30176.jpg,uploaded,57359,656_wisma-megah-sunter-wisma-megah-sunter_20190731063913_30176.jpg,https://cdn-strapi.prod.99iddev.net/assets/656_wisma_megah_sunter_wisma_megah_sunter_20190731063913_30176_4529528f8b.jpg,,
wisma-megah-sunter,Media Library/Office Venue/wisma-megah-sunter,848,32,58,26,interior/656_wisma-megah-sunter-wisma-megah-sunter_20190731063913_51361.jpg,interior,656_wisma-megah-sunter-wisma-megah-sunter_20190731063913_51361.jpg,uploaded,57360,656_wisma-megah-sunter-wisma-megah-sunter_20190731063913_51361.jpg,https://cdn-strapi.prod.99iddev.net/assets/656_wisma_megah_sunter_wisma_megah_sunter_20190731063913_51361_909ddbc030.jpg,,
wisma-megah-sunter,Media Library/Office Venue/wisma-megah-sunter,848,32,58,26,interior/656_wisma-megah-sunter-wisma-megah-sunter_20190731063913_59289.jpg,interior,656_wisma-megah-sunter-wisma-megah-sunter_20190731063913_59289.jpg,uploaded,57361,656_wisma-megah-sunter-wisma-megah-sunter_20190731063913_59289.jpg,https://cdn-strapi.prod.99iddev.net/assets/656_wisma_megah_sunter_wisma_megah_sunter_20190731063913_59289_5a6e70f3c8.jpg,,
wisma-megah-sunter,Media Library/Office Venue/wisma-megah-sunter,848,32,58,26,interior/656_wisma-megah-sunter-wisma-megah-sunter_20190731063913_71080.jpg,interior,656_wisma-megah-sunter-wisma-megah-sunter_20190731063913_71080.jpg,uploaded,57362,656_wisma-megah-sunter-wisma-megah-sunter_20190731063913_71080.jpg,https://cdn-strapi.prod.99iddev.net/assets/656_wisma_megah_sunter_wisma_megah_sunter_20190731063913_71080_ccf3efb565.jpg,,
wisma-megah-sunter,Media Library/Office Venue/wisma-megah-sunter,848,32,58,26,interior/656_wisma-megah-sunter-wisma-megah-sunter_20190731063914_19802.jpg,interior,656_wisma-megah-sunter-wisma-megah-sunter_20190731063914_19802.jpg,uploaded,57363,656_wisma-megah-sunter-wisma-megah-sunter_20190731063914_19802.jpg,https://cdn-strapi.prod.99iddev.net/assets/656_wisma_megah_sunter_wisma_megah_sunter_20190731063914_19802_b302460a26.jpg,,
wisma-megah-sunter,Media Library/Office Venue/wisma-megah-sunter,848,32,58,26,interior/656_wisma-megah-sunter-wisma-megah-sunter_20190731063914_20777.jpg,interior,656_wisma-megah-sunter-wisma-megah-sunter_20190731063914_20777.jpg,uploaded,57364,656_wisma-megah-sunter-wisma-megah-sunter_20190731063914_20777.jpg,https://cdn-strapi.prod.99iddev.net/assets/656_wisma_megah_sunter_wisma_megah_sunter_20190731063914_20777_eca5124869.jpg,,
wisma-megah-sunter,Media Library/Office Venue/wisma-megah-sunter,848,32,58,26,interior/656_wisma-megah-sunter-wisma-megah-sunter_20190731063914_33409.jpg,interior,656_wisma-megah-sunter-wisma-megah-sunter_20190731063914_33409.jpg,uploaded,57365,656_wisma-megah-sunter-wisma-megah-sunter_20190731063914_33409.jpg,https://cdn-strapi.prod.99iddev.net/assets/656_wisma_megah_sunter_wisma_megah_sunter_20190731063914_33409_e3071b4810.jpg,,
wisma-megah-sunter,Media Library/Office Venue/wisma-megah-sunter,848,32,58,26,interior/656_wisma-megah-sunter-wisma-megah-sunter_20190731063914_44624.jpg,interior,656_wisma-megah-sunter-wisma-megah-sunter_20190731063914_44624.jpg,uploaded,57366,656_wisma-megah-sunter-wisma-megah-sunter_20190731063914_44624.jpg,https://cdn-strapi.prod.99iddev.net/assets/656_wisma_megah_sunter_wisma_megah_sunter_20190731063914_44624_4063a79e8a.jpg,,
wisma-megah-sunter,Media Library/Office Venue/wisma-megah-sunter,848,32,58,26,interior/656_wisma-megah-sunter-wisma-megah-sunter_20190731063914_70454.jpg,interior,656_wisma-megah-sunter-wisma-megah-sunter_20190731063914_70454.jpg,uploaded,57367,656_wisma-megah-sunter-wisma-megah-sunter_20190731063914_70454.jpg,https://cdn-strapi.prod.99iddev.net/assets/656_wisma_megah_sunter_wisma_megah_sunter_20190731063914_70454_10fab82018.jpg,,
wisma-megah-sunter,Media Library/Office Venue/wisma-megah-sunter,848,32,58,26,interior/656_wisma-megah-sunter-wisma-megah-sunter_20190731063914_86235.jpg,interior,656_wisma-megah-sunter-wisma-megah-sunter_20190731063914_86235.jpg,uploaded,57368,656_wisma-megah-sunter-wisma-megah-sunter_20190731063914_86235.jpg,https://cdn-strapi.prod.99iddev.net/assets/656_wisma_megah_sunter_wisma_megah_sunter_20190731063914_86235_33125e8f4a.jpg,,
wisma-megah-sunter,Media Library/Office Venue/wisma-megah-sunter,848,32,58,26,interior/656_wisma-megah-sunter-wisma-megah-sunter_20190731063914_88428.jpg,interior,656_wisma-megah-sunter-wisma-megah-sunter_20190731063914_88428.jpg,uploaded,57369,656_wisma-megah-sunter-wisma-megah-sunter_20190731063914_88428.jpg,https://cdn-strapi.prod.99iddev.net/assets/656_wisma_megah_sunter_wisma_megah_sunter_20190731063914_88428_438c40c78a.jpg,,
wisma-megah-sunter,Media Library/Office Venue/wisma-megah-sunter,848,32,58,26,interior/656_wisma-megah-sunter-wisma-megah-sunter_20190731063915_70665.jpg,interior,656_wisma-megah-sunter-wisma-megah-sunter_20190731063915_70665.jpg,uploaded,57370,656_wisma-megah-sunter-wisma-megah-sunter_20190731063915_70665.jpg,https://cdn-strapi.prod.99iddev.net/assets/656_wisma_megah_sunter_wisma_megah_sunter_20190731063915_70665_0b5237fa50.jpg,,
wisma-nugraha,Media Library/Office Venue/wisma-nugraha,858,11,21,10,exterior/529_wisma-nugraha-wisma-nugraha_20180417043717_29427.jpg,exterior,529_wisma-nugraha-wisma-nugraha_20180417043717_29427.jpg,uploaded,57371,529_wisma-nugraha-wisma-nugraha_20180417043717_29427.jpg,https://cdn-strapi.prod.99iddev.net/assets/529_wisma_nugraha_wisma_nugraha_20180417043717_29427_52de7c6775.jpg,,
wisma-nugraha,Media Library/Office Venue/wisma-nugraha,858,11,21,10,exterior/529_wisma-nugraha-wisma-nugraha_20180417043718_19424.jpg,exterior,529_wisma-nugraha-wisma-nugraha_20180417043718_19424.jpg,uploaded,57372,529_wisma-nugraha-wisma-nugraha_20180417043718_19424.jpg,https://cdn-strapi.prod.99iddev.net/assets/529_wisma_nugraha_wisma_nugraha_20180417043718_19424_4a16f03503.jpg,,
wisma-nugraha,Media Library/Office Venue/wisma-nugraha,858,11,21,10,exterior/529_wisma-nugraha-wisma-nugraha_20180417043718_73072.jpg,exterior,529_wisma-nugraha-wisma-nugraha_20180417043718_73072.jpg,uploaded,57373,529_wisma-nugraha-wisma-nugraha_20180417043718_73072.jpg,https://cdn-strapi.prod.99iddev.net/assets/529_wisma_nugraha_wisma_nugraha_20180417043718_73072_d77198db41.jpg,,
wisma-nugraha,Media Library/Office Venue/wisma-nugraha,858,11,21,10,interior/529_wisma-nugraha-wisma-nugraha_20180411091628_81735.jpg,interior,529_wisma-nugraha-wisma-nugraha_20180411091628_81735.jpg,uploaded,57374,529_wisma-nugraha-wisma-nugraha_20180411091628_81735.jpg,https://cdn-strapi.prod.99iddev.net/assets/529_wisma_nugraha_wisma_nugraha_20180411091628_81735_990d7d1f8e.jpg,,
wisma-nugraha,Media Library/Office Venue/wisma-nugraha,858,11,21,10,interior/529_wisma-nugraha-wisma-nugraha_20180411091629_76570.jpg,interior,529_wisma-nugraha-wisma-nugraha_20180411091629_76570.jpg,uploaded,57375,529_wisma-nugraha-wisma-nugraha_20180411091629_76570.jpg,https://cdn-strapi.prod.99iddev.net/assets/529_wisma_nugraha_wisma_nugraha_20180411091629_76570_28468ba6d7.jpg,,
wisma-nugraha,Media Library/Office Venue/wisma-nugraha,858,11,21,10,interior/529_wisma-nugraha-wisma-nugraha_20180411091630_73517.jpg,interior,529_wisma-nugraha-wisma-nugraha_20180411091630_73517.jpg,uploaded,57376,529_wisma-nugraha-wisma-nugraha_20180411091630_73517.jpg,https://cdn-strapi.prod.99iddev.net/assets/529_wisma_nugraha_wisma_nugraha_20180411091630_73517_ff192839d8.jpg,,
wisma-nugraha,Media Library/Office Venue/wisma-nugraha,858,11,21,10,interior/529_wisma-nugraha-wisma-nugraha_20180411091631_22441.jpg,interior,529_wisma-nugraha-wisma-nugraha_20180411091631_22441.jpg,uploaded,57377,529_wisma-nugraha-wisma-nugraha_20180411091631_22441.jpg,https://cdn-strapi.prod.99iddev.net/assets/529_wisma_nugraha_wisma_nugraha_20180411091631_22441_3f7cdbec30.jpg,,
wisma-nugraha,Media Library/Office Venue/wisma-nugraha,858,11,21,10,interior/529_wisma-nugraha-wisma-nugraha_20180411091632_13497.jpg,interior,529_wisma-nugraha-wisma-nugraha_20180411091632_13497.jpg,uploaded,57378,529_wisma-nugraha-wisma-nugraha_20180411091632_13497.jpg,https://cdn-strapi.prod.99iddev.net/assets/529_wisma_nugraha_wisma_nugraha_20180411091632_13497_ed514cecb9.jpg,,
wisma-nugraha,Media Library/Office Venue/wisma-nugraha,858,11,21,10,interior/529_wisma-nugraha-wisma-nugraha_20180411091633_37182.jpg,interior,529_wisma-nugraha-wisma-nugraha_20180411091633_37182.jpg,uploaded,57379,529_wisma-nugraha-wisma-nugraha_20180411091633_37182.jpg,https://cdn-strapi.prod.99iddev.net/assets/529_wisma_nugraha_wisma_nugraha_20180411091633_37182_73ce8e470e.jpg,,
wisma-nugraha,Media Library/Office Venue/wisma-nugraha,858,11,21,10,interior/529_wisma-nugraha-wisma-nugraha_20180411091633_66315.jpg,interior,529_wisma-nugraha-wisma-nugraha_20180411091633_66315.jpg,uploaded,57380,529_wisma-nugraha-wisma-nugraha_20180411091633_66315.jpg,https://cdn-strapi.prod.99iddev.net/assets/529_wisma_nugraha_wisma_nugraha_20180411091633_66315_89ceb33985.jpg,,
wisma-sejahtera,Media Library/Office Venue/wisma-sejahtera,944,15,27,12,interior/178_wisma-sejahtera-wisma-sejahtera_20180405025113_23958.jpg,interior,178_wisma-sejahtera-wisma-sejahtera_20180405025113_23958.jpg,uploaded,57381,178_wisma-sejahtera-wisma-sejahtera_20180405025113_23958.jpg,https://cdn-strapi.prod.99iddev.net/assets/178_wisma_sejahtera_wisma_sejahtera_20180405025113_23958_d4003b440a.jpg,,
wisma-sejahtera,Media Library/Office Venue/wisma-sejahtera,944,15,27,12,interior/178_wisma-sejahtera-wisma-sejahtera_20180405025113_82397.jpg,interior,178_wisma-sejahtera-wisma-sejahtera_20180405025113_82397.jpg,uploaded,57382,178_wisma-sejahtera-wisma-sejahtera_20180405025113_82397.jpg,https://cdn-strapi.prod.99iddev.net/assets/178_wisma_sejahtera_wisma_sejahtera_20180405025113_82397_c0b3e34e63.jpg,,
wisma-sejahtera,Media Library/Office Venue/wisma-sejahtera,944,15,27,12,interior/178_wisma-sejahtera-wisma-sejahtera_20180405025114_12421.jpg,interior,178_wisma-sejahtera-wisma-sejahtera_20180405025114_12421.jpg,uploaded,57383,178_wisma-sejahtera-wisma-sejahtera_20180405025114_12421.jpg,https://cdn-strapi.prod.99iddev.net/assets/178_wisma_sejahtera_wisma_sejahtera_20180405025114_12421_c3e3177f65.jpg,,
wisma-sejahtera,Media Library/Office Venue/wisma-sejahtera,944,15,27,12,interior/178_wisma-sejahtera-wisma-sejahtera_20180405025114_33239.jpg,interior,178_wisma-sejahtera-wisma-sejahtera_20180405025114_33239.jpg,uploaded,57384,178_wisma-sejahtera-wisma-sejahtera_20180405025114_33239.jpg,https://cdn-strapi.prod.99iddev.net/assets/178_wisma_sejahtera_wisma_sejahtera_20180405025114_33239_75cc9e975f.jpg,,
wisma-sejahtera,Media Library/Office Venue/wisma-sejahtera,944,15,27,12,interior/178_wisma-sejahtera-wisma-sejahtera_20180405025114_51592.jpg,interior,178_wisma-sejahtera-wisma-sejahtera_20180405025114_51592.jpg,uploaded,57385,178_wisma-sejahtera-wisma-sejahtera_20180405025114_51592.jpg,https://cdn-strapi.prod.99iddev.net/assets/178_wisma_sejahtera_wisma_sejahtera_20180405025114_51592_f4ceb6b192.jpg,,
wisma-sejahtera,Media Library/Office Venue/wisma-sejahtera,944,15,27,12,interior/178_wisma-sejahtera-wisma-sejahtera_20180405025114_74740.jpg,interior,178_wisma-sejahtera-wisma-sejahtera_20180405025114_74740.jpg,uploaded,57386,178_wisma-sejahtera-wisma-sejahtera_20180405025114_74740.jpg,https://cdn-strapi.prod.99iddev.net/assets/178_wisma_sejahtera_wisma_sejahtera_20180405025114_74740_74aefee4ab.jpg,,
wisma-sejahtera,Media Library/Office Venue/wisma-sejahtera,944,15,27,12,interior/178_wisma-sejahtera-wisma-sejahtera_20180405025115_53843.jpg,interior,178_wisma-sejahtera-wisma-sejahtera_20180405025115_53843.jpg,uploaded,57387,178_wisma-sejahtera-wisma-sejahtera_20180405025115_53843.jpg,https://cdn-strapi.prod.99iddev.net/assets/178_wisma_sejahtera_wisma_sejahtera_20180405025115_53843_f7a8c3353e.jpg,,
wisma-sejahtera,Media Library/Office Venue/wisma-sejahtera,944,15,27,12,interior/178_wisma-sejahtera-wisma-sejahtera_20180405025116_53576.jpg,interior,178_wisma-sejahtera-wisma-sejahtera_20180405025116_53576.jpg,uploaded,57388,178_wisma-sejahtera-wisma-sejahtera_20180405025116_53576.jpg,https://cdn-strapi.prod.99iddev.net/assets/178_wisma_sejahtera_wisma_sejahtera_20180405025116_53576_e1524a271b.jpg,,
wisma-sejahtera,Media Library/Office Venue/wisma-sejahtera,944,15,27,12,interior/178_wisma-sejahtera-wisma-sejahtera_20180405025117_22088.jpg,interior,178_wisma-sejahtera-wisma-sejahtera_20180405025117_22088.jpg,uploaded,57389,178_wisma-sejahtera-wisma-sejahtera_20180405025117_22088.jpg,https://cdn-strapi.prod.99iddev.net/assets/178_wisma_sejahtera_wisma_sejahtera_20180405025117_22088_c586afe3e4.jpg,,
wisma-sejahtera,Media Library/Office Venue/wisma-sejahtera,944,15,27,12,interior/178_wisma-sejahtera-wisma-sejahtera_20180405025117_27517.jpg,interior,178_wisma-sejahtera-wisma-sejahtera_20180405025117_27517.jpg,uploaded,57390,178_wisma-sejahtera-wisma-sejahtera_20180405025117_27517.jpg,https://cdn-strapi.prod.99iddev.net/assets/178_wisma_sejahtera_wisma_sejahtera_20180405025117_27517_887be51a89.jpg,,
wisma-sejahtera,Media Library/Office Venue/wisma-sejahtera,944,15,27,12,interior/178_wisma-sejahtera-wisma-sejahtera_20180405025117_56382.jpg,interior,178_wisma-sejahtera-wisma-sejahtera_20180405025117_56382.jpg,uploaded,57391,178_wisma-sejahtera-wisma-sejahtera_20180405025117_56382.jpg,https://cdn-strapi.prod.99iddev.net/assets/178_wisma_sejahtera_wisma_sejahtera_20180405025117_56382_2559e58bba.jpg,,
wisma-sejahtera,Media Library/Office Venue/wisma-sejahtera,944,15,27,12,interior/178_wisma-sejahtera-wisma-sejahtera_20180405025117_69762.jpg,interior,178_wisma-sejahtera-wisma-sejahtera_20180405025117_69762.jpg,uploaded,57392,178_wisma-sejahtera-wisma-sejahtera_20180405025117_69762.jpg,https://cdn-strapi.prod.99iddev.net/assets/178_wisma_sejahtera_wisma_sejahtera_20180405025117_69762_bc6dab6cdd.jpg,,
wisma-slipi,Media Library/Office Venue/wisma-slipi,864,16,30,14,exterior/177_wisma-slipi-wisma-slipi_20160914044835_36252.jpg,exterior,177_wisma-slipi-wisma-slipi_20160914044835_36252.jpg,uploaded,57393,177_wisma-slipi-wisma-slipi_20160914044835_36252.jpg,https://cdn-strapi.prod.99iddev.net/assets/177_wisma_slipi_wisma_slipi_20160914044835_36252_00d60939fe.jpg,,
wisma-slipi,Media Library/Office Venue/wisma-slipi,864,16,30,14,exterior/177_wisma-slipi-wisma-slipi_20160914044835_51226.jpg,exterior,177_wisma-slipi-wisma-slipi_20160914044835_51226.jpg,uploaded,57394,177_wisma-slipi-wisma-slipi_20160914044835_51226.jpg,https://cdn-strapi.prod.99iddev.net/assets/177_wisma_slipi_wisma_slipi_20160914044835_51226_b678669ae1.jpg,,
wisma-slipi,Media Library/Office Venue/wisma-slipi,864,16,30,14,exterior/177_wisma-slipi-wisma-slipi_20160914044836_13919.jpg,exterior,177_wisma-slipi-wisma-slipi_20160914044836_13919.jpg,uploaded,57395,177_wisma-slipi-wisma-slipi_20160914044836_13919.jpg,https://cdn-strapi.prod.99iddev.net/assets/177_wisma_slipi_wisma_slipi_20160914044836_13919_6611c23a31.jpg,,
wisma-slipi,Media Library/Office Venue/wisma-slipi,864,16,30,14,exterior/177_wisma-slipi-wisma-slipi_20160914044836_76587.jpg,exterior,177_wisma-slipi-wisma-slipi_20160914044836_76587.jpg,uploaded,57396,177_wisma-slipi-wisma-slipi_20160914044836_76587.jpg,https://cdn-strapi.prod.99iddev.net/assets/177_wisma_slipi_wisma_slipi_20160914044836_76587_514cd039f6.jpg,,
wisma-slipi,Media Library/Office Venue/wisma-slipi,864,16,30,14,exterior/177_wisma-slipi-wisma-slipi_20160914044837_96217.jpg,exterior,177_wisma-slipi-wisma-slipi_20160914044837_96217.jpg,uploaded,57397,177_wisma-slipi-wisma-slipi_20160914044837_96217.jpg,https://cdn-strapi.prod.99iddev.net/assets/177_wisma_slipi_wisma_slipi_20160914044837_96217_312f00d788.jpg,,
wisma-slipi,Media Library/Office Venue/wisma-slipi,864,16,30,14,interior/177_wisma-slipi-wisma-slipi_20170214043542_82932.jpg,interior,177_wisma-slipi-wisma-slipi_20170214043542_82932.jpg,uploaded,57398,177_wisma-slipi-wisma-slipi_20170214043542_82932.jpg,https://cdn-strapi.prod.99iddev.net/assets/177_wisma_slipi_wisma_slipi_20170214043542_82932_64c85a4456.jpg,,
wisma-slipi,Media Library/Office Venue/wisma-slipi,864,16,30,14,interior/177_wisma-slipi-wisma-slipi_20170214043543_22887.jpg,interior,177_wisma-slipi-wisma-slipi_20170214043543_22887.jpg,uploaded,57399,177_wisma-slipi-wisma-slipi_20170214043543_22887.jpg,https://cdn-strapi.prod.99iddev.net/assets/177_wisma_slipi_wisma_slipi_20170214043543_22887_b41627e5d9.jpg,,
wisma-slipi,Media Library/Office Venue/wisma-slipi,864,16,30,14,interior/177_wisma-slipi-wisma-slipi_20170214043543_24524.jpg,interior,177_wisma-slipi-wisma-slipi_20170214043543_24524.jpg,uploaded,57400,177_wisma-slipi-wisma-slipi_20170214043543_24524.jpg,https://cdn-strapi.prod.99iddev.net/assets/177_wisma_slipi_wisma_slipi_20170214043543_24524_8d4986daf4.jpg,,
wisma-slipi,Media Library/Office Venue/wisma-slipi,864,16,30,14,interior/177_wisma-slipi-wisma-slipi_20170214043544_27516.jpg,interior,177_wisma-slipi-wisma-slipi_20170214043544_27516.jpg,uploaded,57401,177_wisma-slipi-wisma-slipi_20170214043544_27516.jpg,https://cdn-strapi.prod.99iddev.net/assets/177_wisma_slipi_wisma_slipi_20170214043544_27516_6a295765b9.jpg,,
wisma-slipi,Media Library/Office Venue/wisma-slipi,864,16,30,14,interior/177_wisma-slipi-wisma-slipi_20170214043545_35035.jpg,interior,177_wisma-slipi-wisma-slipi_20170214043545_35035.jpg,uploaded,57402,177_wisma-slipi-wisma-slipi_20170214043545_35035.jpg,https://cdn-strapi.prod.99iddev.net/assets/177_wisma_slipi_wisma_slipi_20170214043545_35035_7ae936f716.jpg,,
wisma-slipi,Media Library/Office Venue/wisma-slipi,864,16,30,14,interior/177_wisma-slipi-wisma-slipi_20170214043545_51744.jpg,interior,177_wisma-slipi-wisma-slipi_20170214043545_51744.jpg,uploaded,57403,177_wisma-slipi-wisma-slipi_20170214043545_51744.jpg,https://cdn-strapi.prod.99iddev.net/assets/177_wisma_slipi_wisma_slipi_20170214043545_51744_28471f619a.jpg,,
wisma-slipi,Media Library/Office Venue/wisma-slipi,864,16,30,14,interior/177_wisma-slipi-wisma-slipi_20170214043545_98529.jpg,interior,177_wisma-slipi-wisma-slipi_20170214043545_98529.jpg,uploaded,57404,177_wisma-slipi-wisma-slipi_20170214043545_98529.jpg,https://cdn-strapi.prod.99iddev.net/assets/177_wisma_slipi_wisma_slipi_20170214043545_98529_dcc2a1ea77.jpg,,
wisma-slipi,Media Library/Office Venue/wisma-slipi,864,16,30,14,interior/177_wisma-slipi-wisma-slipi_20170214043546_28362.jpg,interior,177_wisma-slipi-wisma-slipi_20170214043546_28362.jpg,uploaded,57405,177_wisma-slipi-wisma-slipi_20170214043546_28362.jpg,https://cdn-strapi.prod.99iddev.net/assets/177_wisma_slipi_wisma_slipi_20170214043546_28362_3f967e7ae3.jpg,,
wisma-slipi,Media Library/Office Venue/wisma-slipi,864,16,30,14,interior/177_wisma-slipi-wisma-slipi_20170214043546_67350.jpg,interior,177_wisma-slipi-wisma-slipi_20170214043546_67350.jpg,uploaded,57406,177_wisma-slipi-wisma-slipi_20170214043546_67350.jpg,https://cdn-strapi.prod.99iddev.net/assets/177_wisma_slipi_wisma_slipi_20170214043546_67350_2542c87b98.jpg,,
wisma-sudirman,Media Library/Office Venue/wisma-sudirman,867,4,7,3,exterior/383_wisma-sudirman-wisma-sudirman_20160914044839_18155.jpg,exterior,383_wisma-sudirman-wisma-sudirman_20160914044839_18155.jpg,uploaded,57407,383_wisma-sudirman-wisma-sudirman_20160914044839_18155.jpg,https://cdn-strapi.prod.99iddev.net/assets/383_wisma_sudirman_wisma_sudirman_20160914044839_18155_4e5f6a137b.jpg,,
wisma-sudirman,Media Library/Office Venue/wisma-sudirman,867,4,7,3,exterior/383_wisma-sudirman-wisma-sudirman_20160914044840_92988.jpg,exterior,383_wisma-sudirman-wisma-sudirman_20160914044840_92988.jpg,uploaded,57408,383_wisma-sudirman-wisma-sudirman_20160914044840_92988.jpg,https://cdn-strapi.prod.99iddev.net/assets/383_wisma_sudirman_wisma_sudirman_20160914044840_92988_f30e15f77c.jpg,,
wisma-sudirman,Media Library/Office Venue/wisma-sudirman,867,4,7,3,exterior/383_wisma-sudirman-wisma-sudirman_20160914044840_93628.jpg,exterior,383_wisma-sudirman-wisma-sudirman_20160914044840_93628.jpg,uploaded,57409,383_wisma-sudirman-wisma-sudirman_20160914044840_93628.jpg,https://cdn-strapi.prod.99iddev.net/assets/383_wisma_sudirman_wisma_sudirman_20160914044840_93628_cffee798a6.jpg,,
xl-axiata,Media Library/Office Venue/xl-axiata,1267,7,14,7,interior/305_xl-axiata-menara-palma-2-xl-axiata_20180523015245_54471.jpeg,interior,305_xl-axiata-menara-palma-2-xl-axiata_20180523015245_54471.jpeg,uploaded,57410,305_xl-axiata-menara-palma-2-xl-axiata_20180523015245_54471.jpeg,https://cdn-strapi.prod.99iddev.net/assets/305_xl_axiata_menara_palma_2_xl_axiata_20180523015245_54471_1453fa1670.jpeg,,
xl-axiata,Media Library/Office Venue/xl-axiata,1267,7,14,7,interior/305_xl-axiata-menara-palma-2-xl-axiata_20180523015245_81597.jpeg,interior,305_xl-axiata-menara-palma-2-xl-axiata_20180523015245_81597.jpeg,uploaded,57411,305_xl-axiata-menara-palma-2-xl-axiata_20180523015245_81597.jpeg,https://cdn-strapi.prod.99iddev.net/assets/305_xl_axiata_menara_palma_2_xl_axiata_20180523015245_81597_39d14591e5.jpeg,,
xl-axiata,Media Library/Office Venue/xl-axiata,1267,7,14,7,interior/305_xl-axiata-menara-palma-2-xl-axiata_20180523015246_13693.jpeg,interior,305_xl-axiata-menara-palma-2-xl-axiata_20180523015246_13693.jpeg,uploaded,57412,305_xl-axiata-menara-palma-2-xl-axiata_20180523015246_13693.jpeg,https://cdn-strapi.prod.99iddev.net/assets/305_xl_axiata_menara_palma_2_xl_axiata_20180523015246_13693_4a26cf2fd0.jpeg,,
xl-axiata,Media Library/Office Venue/xl-axiata,1267,7,14,7,interior/305_xl-axiata-menara-palma-2-xl-axiata_20180523015246_86176.jpeg,interior,305_xl-axiata-menara-palma-2-xl-axiata_20180523015246_86176.jpeg,uploaded,57413,305_xl-axiata-menara-palma-2-xl-axiata_20180523015246_86176.jpeg,https://cdn-strapi.prod.99iddev.net/assets/305_xl_axiata_menara_palma_2_xl_axiata_20180523015246_86176_b5289337a6.jpeg,,
xl-axiata,Media Library/Office Venue/xl-axiata,1267,7,14,7,interior/305_xl-axiata-menara-palma-2-xl-axiata_20180523015246_89244.jpeg,interior,305_xl-axiata-menara-palma-2-xl-axiata_20180523015246_89244.jpeg,uploaded,57414,305_xl-axiata-menara-palma-2-xl-axiata_20180523015246_89244.jpeg,https://cdn-strapi.prod.99iddev.net/assets/305_xl_axiata_menara_palma_2_xl_axiata_20180523015246_89244_e7c480f26e.jpeg,,
xl-axiata,Media Library/Office Venue/xl-axiata,1267,7,14,7,interior/305_xl-axiata-menara-palma-2-xl-axiata_20180523015246_98877.jpeg,interior,305_xl-axiata-menara-palma-2-xl-axiata_20180523015246_98877.jpeg,uploaded,57415,305_xl-axiata-menara-palma-2-xl-axiata_20180523015246_98877.jpeg,https://cdn-strapi.prod.99iddev.net/assets/305_xl_axiata_menara_palma_2_xl_axiata_20180523015246_98877_cadd23e819.jpeg,,
xl-axiata,Media Library/Office Venue/xl-axiata,1267,7,14,7,interior/305_xl-axiata-menara-palma-2-xl-axiata_20180523015247_86503.jpeg,interior,305_xl-axiata-menara-palma-2-xl-axiata_20180523015247_86503.jpeg,uploaded,57416,305_xl-axiata-menara-palma-2-xl-axiata_20180523015247_86503.jpeg,https://cdn-strapi.prod.99iddev.net/assets/305_xl_axiata_menara_palma_2_xl_axiata_20180523015247_86503_00596e5512.jpeg,,
zuria-tower,Media Library/Office Venue/zuria-tower,889,51,53,2,floorplan/366_zuria-tower-zuria-tower_20170310075058_56191.jpg,floorplan,366_zuria-tower-zuria-tower_20170310075058_56191.jpg,uploaded,57417,366_zuria-tower-zuria-tower_20170310075058_56191.jpg,https://cdn-strapi.prod.99iddev.net/assets/366_zuria_tower_zuria_tower_20170310075058_56191_f505720ec8.jpg,,
zuria-tower,Media Library/Office Venue/zuria-tower,889,51,53,2,floorplan/366_zuria-tower-zuria-tower_20170310075059_56341.jpg,floorplan,366_zuria-tower-zuria-tower_20170310075059_56341.jpg,uploaded,57418,366_zuria-tower-zuria-tower_20170310075059_56341.jpg,https://cdn-strapi.prod.99iddev.net/assets/366_zuria_tower_zuria_tower_20170310075059_56341_9ca0c52755.jpg,,
