office_name,media_library_folder,folder_id,before_asset_count,after_asset_count,local_image_count,relative_path,local_category,filename,status,strapi_asset_id,strapi_asset_name,strapi_url,reason,existing_match
2-centennial-tower-centennial-tower-20170314084530-40504,Media Library/Office Venue/2-centennial-tower-centennial-tower-20170314084530-40504,1408,0,1,1,interior/2_centennial-tower-centennial-tower_20170314084530_40504.jpg,interior,2_centennial-tower-centennial-tower_20170314084530_40504.jpg,uploaded,54084,2_centennial-tower-centennial-tower_20170314084530_40504.jpg,https://cdn-strapi.prod.99iddev.net/assets/2_centennial_tower_centennial_tower_20170314084530_40504_7b1eeb35f9.jpg,,
2-centennial-tower-centennial-tower-20170314084532-10504,Media Library/Office Venue/2-centennial-tower-centennial-tower-20170314084532-10504,1409,0,1,1,interior/2_centennial-tower-centennial-tower_20170314084532_10504.jpg,interior,2_centennial-tower-centennial-tower_20170314084532_10504.jpg,uploaded,54085,2_centennial-tower-centennial-tower_20170314084532_10504.jpg,https://cdn-strapi.prod.99iddev.net/assets/2_centennial_tower_centennial_tower_20170314084532_10504_7db174784f.jpg,,
2-centennial-tower-centennial-tower-20170314084532-39445,Media Library/Office Venue/2-centennial-tower-centennial-tower-20170314084532-39445,1410,0,1,1,interior/2_centennial-tower-centennial-tower_20170314084532_39445.jpg,interior,2_centennial-tower-centennial-tower_20170314084532_39445.jpg,uploaded,54086,2_centennial-tower-centennial-tower_20170314084532_39445.jpg,https://cdn-strapi.prod.99iddev.net/assets/2_centennial_tower_centennial_tower_20170314084532_39445_6929e5cd06.jpg,,
2-centennial-tower-centennial-tower-20170314084532-80887,Media Library/Office Venue/2-centennial-tower-centennial-tower-20170314084532-80887,1411,0,1,1,interior/2_centennial-tower-centennial-tower_20170314084532_80887.jpg,interior,2_centennial-tower-centennial-tower_20170314084532_80887.jpg,uploaded,54087,2_centennial-tower-centennial-tower_20170314084532_80887.jpg,https://cdn-strapi.prod.99iddev.net/assets/2_centennial_tower_centennial_tower_20170314084532_80887_9b84378a38.jpg,,
2-centennial-tower-centennial-tower-20170314084533-24272,Media Library/Office Venue/2-centennial-tower-centennial-tower-20170314084533-24272,1412,0,1,1,interior/2_centennial-tower-centennial-tower_20170314084533_24272.jpg,interior,2_centennial-tower-centennial-tower_20170314084533_24272.jpg,uploaded,54088,2_centennial-tower-centennial-tower_20170314084533_24272.jpg,https://cdn-strapi.prod.99iddev.net/assets/2_centennial_tower_centennial_tower_20170314084533_24272_c0262eab25.jpg,,
2-centennial-tower-centennial-tower-20170314084533-48886,Media Library/Office Venue/2-centennial-tower-centennial-tower-20170314084533-48886,1413,0,1,1,interior/2_centennial-tower-centennial-tower_20170314084533_48886.jpg,interior,2_centennial-tower-centennial-tower_20170314084533_48886.jpg,uploaded,54089,2_centennial-tower-centennial-tower_20170314084533_48886.jpg,https://cdn-strapi.prod.99iddev.net/assets/2_centennial_tower_centennial_tower_20170314084533_48886_795b8b335a.jpg,,
2-centennial-tower-centennial-tower-20170314084534-37010,Media Library/Office Venue/2-centennial-tower-centennial-tower-20170314084534-37010,1414,0,1,1,interior/2_centennial-tower-centennial-tower_20170314084534_37010.jpg,interior,2_centennial-tower-centennial-tower_20170314084534_37010.jpg,uploaded,54090,2_centennial-tower-centennial-tower_20170314084534_37010.jpg,https://cdn-strapi.prod.99iddev.net/assets/2_centennial_tower_centennial_tower_20170314084534_37010_816ed41c0c.jpg,,
2-centennial-tower-centennial-tower-20170314084534-37913,Media Library/Office Venue/2-centennial-tower-centennial-tower-20170314084534-37913,1415,0,1,1,interior/2_centennial-tower-centennial-tower_20170314084534_37913.jpg,interior,2_centennial-tower-centennial-tower_20170314084534_37913.jpg,uploaded,54091,2_centennial-tower-centennial-tower_20170314084534_37913.jpg,https://cdn-strapi.prod.99iddev.net/assets/2_centennial_tower_centennial_tower_20170314084534_37913_cd78a151f2.jpg,,
2-centennial-tower-centennial-tower-20170314084534-70384,Media Library/Office Venue/2-centennial-tower-centennial-tower-20170314084534-70384,1416,0,1,1,interior/2_centennial-tower-centennial-tower_20170314084534_70384.jpg,interior,2_centennial-tower-centennial-tower_20170314084534_70384.jpg,uploaded,54092,2_centennial-tower-centennial-tower_20170314084534_70384.jpg,https://cdn-strapi.prod.99iddev.net/assets/2_centennial_tower_centennial_tower_20170314084534_70384_4608591ca5.jpg,,
2-centennial-tower-centennial-tower-20170314084534-82473,Media Library/Office Venue/2-centennial-tower-centennial-tower-20170314084534-82473,1417,0,1,1,interior/2_centennial-tower-centennial-tower_20170314084534_82473.jpg,interior,2_centennial-tower-centennial-tower_20170314084534_82473.jpg,uploaded,54093,2_centennial-tower-centennial-tower_20170314084534_82473.jpg,https://cdn-strapi.prod.99iddev.net/assets/2_centennial_tower_centennial_tower_20170314084534_82473_a4678f5baf.jpg,,
2-centennial-tower-centennial-tower-20170314084533031,Media Library/Office Venue/2-centennial-tower-centennial-tower-20170314084533031,1418,0,1,1,interior/2_centennial-tower-centennial-tower_20170314084533_28031.jpg,interior,2_centennial-tower-centennial-tower_20170314084533_28031.jpg,uploaded,54094,2_centennial-tower-centennial-tower_20170314084533_28031.jpg,https://cdn-strapi.prod.99iddev.net/assets/2_centennial_tower_centennial_tower_20170314084533_28031_f7b5756bde.jpg,,
7-graha-mustika-ratu-graha-mustika-ratu-20180416093838-75744,Media Library/Office Venue/7-graha-mustika-ratu-graha-mustika-ratu-20180416093838-75744,1419,0,1,1,interior/7_graha-mustika-ratu-graha-mustika-ratu_20180416093838_75744.jpg,interior,7_graha-mustika-ratu-graha-mustika-ratu_20180416093838_75744.jpg,uploaded,54095,7_graha-mustika-ratu-graha-mustika-ratu_20180416093838_75744.jpg,https://cdn-strapi.prod.99iddev.net/assets/7_graha_mustika_ratu_graha_mustika_ratu_20180416093838_75744_efcf391684.jpg,,
7-graha-mustika-ratu-graha-mustika-ratu-20180416093839-21088,Media Library/Office Venue/7-graha-mustika-ratu-graha-mustika-ratu-20180416093839-21088,1420,0,1,1,interior/7_graha-mustika-ratu-graha-mustika-ratu_20180416093839_21088.jpg,interior,7_graha-mustika-ratu-graha-mustika-ratu_20180416093839_21088.jpg,uploaded,54096,7_graha-mustika-ratu-graha-mustika-ratu_20180416093839_21088.jpg,https://cdn-strapi.prod.99iddev.net/assets/7_graha_mustika_ratu_graha_mustika_ratu_20180416093839_21088_de49dd41fe.jpg,,
12-menara-jamsostek-menara-jamsostek-north-tower-20160914044236-42890,Media Library/Office Venue/12-menara-jamsostek-menara-jamsostek-north-tower-20160914044236-42890,1421,0,1,1,exterior/12_menara-jamsostek-menara-jamsostek-north-tower_20160914044236_42890.jpg,exterior,12_menara-jamsostek-menara-jamsostek-north-tower_20160914044236_42890.jpg,uploaded,54097,12_menara-jamsostek-menara-jamsostek-north-tower_20160914044236_42890.jpg,https://cdn-strapi.prod.99iddev.net/assets/12_menara_jamsostek_menara_jamsostek_north_tower_20160914044236_42890_25a74aaa68.jpg,,
12-menara-jamsostek-menara-jamsostek-north-tower-20160914044236-65961,Media Library/Office Venue/12-menara-jamsostek-menara-jamsostek-north-tower-20160914044236-65961,1422,0,1,1,exterior/12_menara-jamsostek-menara-jamsostek-north-tower_20160914044236_65961.jpg,exterior,12_menara-jamsostek-menara-jamsostek-north-tower_20160914044236_65961.jpg,uploaded,54098,12_menara-jamsostek-menara-jamsostek-north-tower_20160914044236_65961.jpg,https://cdn-strapi.prod.99iddev.net/assets/12_menara_jamsostek_menara_jamsostek_north_tower_20160914044236_65961_c40d1f23be.jpg,,
12-menara-jamsostek-menara-jamsostek-north-tower-20160914044238-49523,Media Library/Office Venue/12-menara-jamsostek-menara-jamsostek-north-tower-20160914044238-49523,1423,0,1,1,exterior/12_menara-jamsostek-menara-jamsostek-north-tower_20160914044238_49523.jpg,exterior,12_menara-jamsostek-menara-jamsostek-north-tower_20160914044238_49523.jpg,uploaded,54099,12_menara-jamsostek-menara-jamsostek-north-tower_20160914044238_49523.jpg,https://cdn-strapi.prod.99iddev.net/assets/12_menara_jamsostek_menara_jamsostek_north_tower_20160914044238_49523_4625bdad70.jpg,,
12-menara-jamsostek-menara-jamsostek-north-tower-20170125085202-40892,Media Library/Office Venue/12-menara-jamsostek-menara-jamsostek-north-tower-20170125085202-40892,1424,0,1,1,exterior/12_menara-jamsostek-menara-jamsostek-north-tower_20170125085202_40892.jpg,exterior,12_menara-jamsostek-menara-jamsostek-north-tower_20170125085202_40892.jpg,uploaded,54100,12_menara-jamsostek-menara-jamsostek-north-tower_20170125085202_40892.jpg,https://cdn-strapi.prod.99iddev.net/assets/12_menara_jamsostek_menara_jamsostek_north_tower_20170125085202_40892_8542faf010.jpg,,
12-menara-jamsostek-menara-jamsostek-north-tower-20170125085202-94796,Media Library/Office Venue/12-menara-jamsostek-menara-jamsostek-north-tower-20170125085202-94796,1425,0,1,1,exterior/12_menara-jamsostek-menara-jamsostek-north-tower_20170125085202_94796.jpg,exterior,12_menara-jamsostek-menara-jamsostek-north-tower_20170125085202_94796.jpg,uploaded,54101,12_menara-jamsostek-menara-jamsostek-north-tower_20170125085202_94796.jpg,https://cdn-strapi.prod.99iddev.net/assets/12_menara_jamsostek_menara_jamsostek_north_tower_20170125085202_94796_db1160d681.jpg,,
12-menara-jamsostek-menara-jamsostek-north-tower-20170125085203-47860,Media Library/Office Venue/12-menara-jamsostek-menara-jamsostek-north-tower-20170125085203-47860,1426,0,1,1,exterior/12_menara-jamsostek-menara-jamsostek-north-tower_20170125085203_47860.jpg,exterior,12_menara-jamsostek-menara-jamsostek-north-tower_20170125085203_47860.jpg,uploaded,54102,12_menara-jamsostek-menara-jamsostek-north-tower_20170125085203_47860.jpg,https://cdn-strapi.prod.99iddev.net/assets/12_menara_jamsostek_menara_jamsostek_north_tower_20170125085203_47860_3331068857.jpg,,
12-menara-jamsostek-menara-jamsostek-north-tower-20170125085203-91950,Media Library/Office Venue/12-menara-jamsostek-menara-jamsostek-north-tower-20170125085203-91950,1427,0,1,1,exterior/12_menara-jamsostek-menara-jamsostek-north-tower_20170125085203_91950.jpg,exterior,12_menara-jamsostek-menara-jamsostek-north-tower_20170125085203_91950.jpg,uploaded,54103,12_menara-jamsostek-menara-jamsostek-north-tower_20170125085203_91950.jpg,https://cdn-strapi.prod.99iddev.net/assets/12_menara_jamsostek_menara_jamsostek_north_tower_20170125085203_91950_13373427b3.jpg,,
12-menara-jamsostek-menara-jamsostek-north-tower-20170125085205-11000,Media Library/Office Venue/12-menara-jamsostek-menara-jamsostek-north-tower-20170125085205-11000,1428,0,1,1,exterior/12_menara-jamsostek-menara-jamsostek-north-tower_20170125085205_11000.jpg,exterior,12_menara-jamsostek-menara-jamsostek-north-tower_20170125085205_11000.jpg,uploaded,54104,12_menara-jamsostek-menara-jamsostek-north-tower_20170125085205_11000.jpg,https://cdn-strapi.prod.99iddev.net/assets/12_menara_jamsostek_menara_jamsostek_north_tower_20170125085205_11000_beca7dfc66.jpg,,
12-menara-jamsostek-menara-jamsostek-north-tower-20170125085205-83968,Media Library/Office Venue/12-menara-jamsostek-menara-jamsostek-north-tower-20170125085205-83968,1429,0,1,1,exterior/12_menara-jamsostek-menara-jamsostek-north-tower_20170125085205_83968.jpg,exterior,12_menara-jamsostek-menara-jamsostek-north-tower_20170125085205_83968.jpg,uploaded,54105,12_menara-jamsostek-menara-jamsostek-north-tower_20170125085205_83968.jpg,https://cdn-strapi.prod.99iddev.net/assets/12_menara_jamsostek_menara_jamsostek_north_tower_20170125085205_83968_43193f83e2.jpg,,
12-menara-jamsostek-menara-jamsostek-north-tower-20170125085206-22715,Media Library/Office Venue/12-menara-jamsostek-menara-jamsostek-north-tower-20170125085206-22715,1430,0,1,1,exterior/12_menara-jamsostek-menara-jamsostek-north-tower_20170125085206_22715.jpg,exterior,12_menara-jamsostek-menara-jamsostek-north-tower_20170125085206_22715.jpg,uploaded,54106,12_menara-jamsostek-menara-jamsostek-north-tower_20170125085206_22715.jpg,https://cdn-strapi.prod.99iddev.net/assets/12_menara_jamsostek_menara_jamsostek_north_tower_20170125085206_22715_96c77f8d7e.jpg,,
12-menara-jamsostek-menara-jamsostek-north-tower-20170125085206-52075,Media Library/Office Venue/12-menara-jamsostek-menara-jamsostek-north-tower-20170125085206-52075,1431,0,1,1,exterior/12_menara-jamsostek-menara-jamsostek-north-tower_20170125085206_52075.jpg,exterior,12_menara-jamsostek-menara-jamsostek-north-tower_20170125085206_52075.jpg,uploaded,54107,12_menara-jamsostek-menara-jamsostek-north-tower_20170125085206_52075.jpg,https://cdn-strapi.prod.99iddev.net/assets/12_menara_jamsostek_menara_jamsostek_north_tower_20170125085206_52075_3942e3be04.jpg,,
12-menara-jamsostek-menara-jamsostek-north-tower-20170125085207-50707,Media Library/Office Venue/12-menara-jamsostek-menara-jamsostek-north-tower-20170125085207-50707,1432,0,1,1,exterior/12_menara-jamsostek-menara-jamsostek-north-tower_20170125085207_50707.jpg,exterior,12_menara-jamsostek-menara-jamsostek-north-tower_20170125085207_50707.jpg,uploaded,54108,12_menara-jamsostek-menara-jamsostek-north-tower_20170125085207_50707.jpg,https://cdn-strapi.prod.99iddev.net/assets/12_menara_jamsostek_menara_jamsostek_north_tower_20170125085207_50707_396943dbc3.jpg,,
12-menara-jamsostek-menara-jamsostek-north-tower-20170125085207-87402,Media Library/Office Venue/12-menara-jamsostek-menara-jamsostek-north-tower-20170125085207-87402,1433,0,1,1,exterior/12_menara-jamsostek-menara-jamsostek-north-tower_20170125085207_87402.jpg,exterior,12_menara-jamsostek-menara-jamsostek-north-tower_20170125085207_87402.jpg,uploaded,54109,12_menara-jamsostek-menara-jamsostek-north-tower_20170125085207_87402.jpg,https://cdn-strapi.prod.99iddev.net/assets/12_menara_jamsostek_menara_jamsostek_north_tower_20170125085207_87402_23fb1679f8.jpg,,
12-menara-jamsostek-menara-jamsostek-north-tower-20170125085208-61771,Media Library/Office Venue/12-menara-jamsostek-menara-jamsostek-north-tower-20170125085208-61771,1434,0,1,1,exterior/12_menara-jamsostek-menara-jamsostek-north-tower_20170125085208_61771.jpg,exterior,12_menara-jamsostek-menara-jamsostek-north-tower_20170125085208_61771.jpg,uploaded,54110,12_menara-jamsostek-menara-jamsostek-north-tower_20170125085208_61771.jpg,https://cdn-strapi.prod.99iddev.net/assets/12_menara_jamsostek_menara_jamsostek_north_tower_20170125085208_61771_2c17a414db.jpg,,
12-menara-jamsostek-menara-jamsostek-north-tower-20170125085416-46422,Media Library/Office Venue/12-menara-jamsostek-menara-jamsostek-north-tower-20170125085416-46422,1435,0,1,1,exterior/12_menara-jamsostek-menara-jamsostek-north-tower_20170125085416_46422.jpg,exterior,12_menara-jamsostek-menara-jamsostek-north-tower_20170125085416_46422.jpg,uploaded,54111,12_menara-jamsostek-menara-jamsostek-north-tower_20170125085416_46422.jpg,https://cdn-strapi.prod.99iddev.net/assets/12_menara_jamsostek_menara_jamsostek_north_tower_20170125085416_46422_12dceb1369.jpg,,
12-menara-jamsostek-menara-jamsostek-north-tower-20170214042006-14417,Media Library/Office Venue/12-menara-jamsostek-menara-jamsostek-north-tower-20170214042006-14417,1436,0,1,1,interior/12_menara-jamsostek-menara-jamsostek-north-tower_20170214042006_14417.jpg,interior,12_menara-jamsostek-menara-jamsostek-north-tower_20170214042006_14417.jpg,uploaded,54112,12_menara-jamsostek-menara-jamsostek-north-tower_20170214042006_14417.jpg,https://cdn-strapi.prod.99iddev.net/assets/12_menara_jamsostek_menara_jamsostek_north_tower_20170214042006_14417_e5277ae996.jpg,,
12-menara-jamsostek-menara-jamsostek-north-tower-20170214042007-11656,Media Library/Office Venue/12-menara-jamsostek-menara-jamsostek-north-tower-20170214042007-11656,1437,0,1,1,interior/12_menara-jamsostek-menara-jamsostek-north-tower_20170214042007_11656.jpg,interior,12_menara-jamsostek-menara-jamsostek-north-tower_20170214042007_11656.jpg,uploaded,54113,12_menara-jamsostek-menara-jamsostek-north-tower_20170214042007_11656.jpg,https://cdn-strapi.prod.99iddev.net/assets/12_menara_jamsostek_menara_jamsostek_north_tower_20170214042007_11656_78e967ebd7.jpg,,
12-menara-jamsostek-menara-jamsostek-north-tower-20170214042008-14342,Media Library/Office Venue/12-menara-jamsostek-menara-jamsostek-north-tower-20170214042008-14342,1438,0,1,1,interior/12_menara-jamsostek-menara-jamsostek-north-tower_20170214042008_14342.jpg,interior,12_menara-jamsostek-menara-jamsostek-north-tower_20170214042008_14342.jpg,uploaded,54114,12_menara-jamsostek-menara-jamsostek-north-tower_20170214042008_14342.jpg,https://cdn-strapi.prod.99iddev.net/assets/12_menara_jamsostek_menara_jamsostek_north_tower_20170214042008_14342_b7ad4dab0b.jpg,,
12-menara-jamsostek-menara-jamsostek-north-tower-20170214042009-45486,Media Library/Office Venue/12-menara-jamsostek-menara-jamsostek-north-tower-20170214042009-45486,1439,0,1,1,interior/12_menara-jamsostek-menara-jamsostek-north-tower_20170214042009_45486.jpg,interior,12_menara-jamsostek-menara-jamsostek-north-tower_20170214042009_45486.jpg,uploaded,54115,12_menara-jamsostek-menara-jamsostek-north-tower_20170214042009_45486.jpg,https://cdn-strapi.prod.99iddev.net/assets/12_menara_jamsostek_menara_jamsostek_north_tower_20170214042009_45486_c05843b0fc.jpg,,
12-menara-jamsostek-menara-jamsostek-north-tower-20170214042009-97240,Media Library/Office Venue/12-menara-jamsostek-menara-jamsostek-north-tower-20170214042009-97240,1440,0,1,1,interior/12_menara-jamsostek-menara-jamsostek-north-tower_20170214042009_97240.jpg,interior,12_menara-jamsostek-menara-jamsostek-north-tower_20170214042009_97240.jpg,uploaded,54116,12_menara-jamsostek-menara-jamsostek-north-tower_20170214042009_97240.jpg,https://cdn-strapi.prod.99iddev.net/assets/12_menara_jamsostek_menara_jamsostek_north_tower_20170214042009_97240_6c245511dc.jpg,,
12-menara-jamsostek-menara-jamsostek-north-tower-20170214042010-23145,Media Library/Office Venue/12-menara-jamsostek-menara-jamsostek-north-tower-20170214042010-23145,1441,0,1,1,interior/12_menara-jamsostek-menara-jamsostek-north-tower_20170214042010_23145.jpg,interior,12_menara-jamsostek-menara-jamsostek-north-tower_20170214042010_23145.jpg,uploaded,54117,12_menara-jamsostek-menara-jamsostek-north-tower_20170214042010_23145.jpg,https://cdn-strapi.prod.99iddev.net/assets/12_menara_jamsostek_menara_jamsostek_north_tower_20170214042010_23145_9e66d2cfff.jpg,,
12-menara-jamsostek-menara-jamsostek-north-tower-20170214042010-65590,Media Library/Office Venue/12-menara-jamsostek-menara-jamsostek-north-tower-20170214042010-65590,1442,0,1,1,interior/12_menara-jamsostek-menara-jamsostek-north-tower_20170214042010_65590.jpg,interior,12_menara-jamsostek-menara-jamsostek-north-tower_20170214042010_65590.jpg,uploaded,54118,12_menara-jamsostek-menara-jamsostek-north-tower_20170214042010_65590.jpg,https://cdn-strapi.prod.99iddev.net/assets/12_menara_jamsostek_menara_jamsostek_north_tower_20170214042010_65590_cdea3f3847.jpg,,
12-menara-jamsostek-menara-jamsostek-north-tower-20170214042010-69662,Media Library/Office Venue/12-menara-jamsostek-menara-jamsostek-north-tower-20170214042010-69662,1443,0,1,1,interior/12_menara-jamsostek-menara-jamsostek-north-tower_20170214042010_69662.jpg,interior,12_menara-jamsostek-menara-jamsostek-north-tower_20170214042010_69662.jpg,uploaded,54119,12_menara-jamsostek-menara-jamsostek-north-tower_20170214042010_69662.jpg,https://cdn-strapi.prod.99iddev.net/assets/12_menara_jamsostek_menara_jamsostek_north_tower_20170214042010_69662_e0eed4262e.jpg,,
12-menara-jamsostek-menara-jamsostek-north-tower-20170214042010-92743,Media Library/Office Venue/12-menara-jamsostek-menara-jamsostek-north-tower-20170214042010-92743,1444,0,1,1,interior/12_menara-jamsostek-menara-jamsostek-north-tower_20170214042010_92743.jpg,interior,12_menara-jamsostek-menara-jamsostek-north-tower_20170214042010_92743.jpg,uploaded,54120,12_menara-jamsostek-menara-jamsostek-north-tower_20170214042010_92743.jpg,https://cdn-strapi.prod.99iddev.net/assets/12_menara_jamsostek_menara_jamsostek_north_tower_20170214042010_92743_631c3b6fe8.jpg,,
12-menara-jamsostek-menara-jamsostek-north-tower-20170214042011-26173,Media Library/Office Venue/12-menara-jamsostek-menara-jamsostek-north-tower-20170214042011-26173,1445,0,1,1,interior/12_menara-jamsostek-menara-jamsostek-north-tower_20170214042011_26173.jpg,interior,12_menara-jamsostek-menara-jamsostek-north-tower_20170214042011_26173.jpg,uploaded,54121,12_menara-jamsostek-menara-jamsostek-north-tower_20170214042011_26173.jpg,https://cdn-strapi.prod.99iddev.net/assets/12_menara_jamsostek_menara_jamsostek_north_tower_20170214042011_26173_1ffdba2bbf.jpg,,
12-menara-jamsostek-menara-jamsostek-north-tower-20170214042008808,Media Library/Office Venue/12-menara-jamsostek-menara-jamsostek-north-tower-20170214042008808,1446,0,1,1,interior/12_menara-jamsostek-menara-jamsostek-north-tower_20170214042008_28808.jpg,interior,12_menara-jamsostek-menara-jamsostek-north-tower_20170214042008_28808.jpg,uploaded,54122,12_menara-jamsostek-menara-jamsostek-north-tower_20170214042008_28808.jpg,https://cdn-strapi.prod.99iddev.net/assets/12_menara_jamsostek_menara_jamsostek_north_tower_20170214042008_28808_15211a6664.jpg,,
13-menara-jamsostek-menara-jamsostek-south-tower-20160914044238-31337,Media Library/Office Venue/13-menara-jamsostek-menara-jamsostek-south-tower-20160914044238-31337,1447,0,1,1,exterior/13_menara-jamsostek-menara-jamsostek-south-tower_20160914044238_31337.jpg,exterior,13_menara-jamsostek-menara-jamsostek-south-tower_20160914044238_31337.jpg,uploaded,54123,13_menara-jamsostek-menara-jamsostek-south-tower_20160914044238_31337.jpg,https://cdn-strapi.prod.99iddev.net/assets/13_menara_jamsostek_menara_jamsostek_south_tower_20160914044238_31337_abdcf60791.jpg,,
13-menara-jamsostek-menara-jamsostek-south-tower-20160914044239-54671,Media Library/Office Venue/13-menara-jamsostek-menara-jamsostek-south-tower-20160914044239-54671,1448,0,1,1,exterior/13_menara-jamsostek-menara-jamsostek-south-tower_20160914044239_54671.jpg,exterior,13_menara-jamsostek-menara-jamsostek-south-tower_20160914044239_54671.jpg,uploaded,54124,13_menara-jamsostek-menara-jamsostek-south-tower_20160914044239_54671.jpg,https://cdn-strapi.prod.99iddev.net/assets/13_menara_jamsostek_menara_jamsostek_south_tower_20160914044239_54671_3ce0879339.jpg,,
13-menara-jamsostek-menara-jamsostek-south-tower-20160914044239-55000,Media Library/Office Venue/13-menara-jamsostek-menara-jamsostek-south-tower-20160914044239-55000,1449,0,1,1,exterior/13_menara-jamsostek-menara-jamsostek-south-tower_20160914044239_55000.jpg,exterior,13_menara-jamsostek-menara-jamsostek-south-tower_20160914044239_55000.jpg,uploaded,54125,13_menara-jamsostek-menara-jamsostek-south-tower_20160914044239_55000.jpg,https://cdn-strapi.prod.99iddev.net/assets/13_menara_jamsostek_menara_jamsostek_south_tower_20160914044239_55000_5f96d697b5.jpg,,
13-menara-jamsostek-menara-jamsostek-south-tower-20170125085319-95641,Media Library/Office Venue/13-menara-jamsostek-menara-jamsostek-south-tower-20170125085319-95641,1450,0,1,1,exterior/13_menara-jamsostek-menara-jamsostek-south-tower_20170125085319_95641.jpg,exterior,13_menara-jamsostek-menara-jamsostek-south-tower_20170125085319_95641.jpg,uploaded,54126,13_menara-jamsostek-menara-jamsostek-south-tower_20170125085319_95641.jpg,https://cdn-strapi.prod.99iddev.net/assets/13_menara_jamsostek_menara_jamsostek_south_tower_20170125085319_95641_e5f8493d9f.jpg,,
13-menara-jamsostek-menara-jamsostek-south-tower-20170125085320-16816,Media Library/Office Venue/13-menara-jamsostek-menara-jamsostek-south-tower-20170125085320-16816,1451,0,1,1,exterior/13_menara-jamsostek-menara-jamsostek-south-tower_20170125085320_16816.jpg,exterior,13_menara-jamsostek-menara-jamsostek-south-tower_20170125085320_16816.jpg,uploaded,54127,13_menara-jamsostek-menara-jamsostek-south-tower_20170125085320_16816.jpg,https://cdn-strapi.prod.99iddev.net/assets/13_menara_jamsostek_menara_jamsostek_south_tower_20170125085320_16816_ff20fa147d.jpg,,
13-menara-jamsostek-menara-jamsostek-south-tower-20170125085320-67907,Media Library/Office Venue/13-menara-jamsostek-menara-jamsostek-south-tower-20170125085320-67907,1452,0,1,1,exterior/13_menara-jamsostek-menara-jamsostek-south-tower_20170125085320_67907.jpg,exterior,13_menara-jamsostek-menara-jamsostek-south-tower_20170125085320_67907.jpg,uploaded,54128,13_menara-jamsostek-menara-jamsostek-south-tower_20170125085320_67907.jpg,https://cdn-strapi.prod.99iddev.net/assets/13_menara_jamsostek_menara_jamsostek_south_tower_20170125085320_67907_699e7bc2c5.jpg,,
13-menara-jamsostek-menara-jamsostek-south-tower-20170125085321-83392,Media Library/Office Venue/13-menara-jamsostek-menara-jamsostek-south-tower-20170125085321-83392,1453,0,1,1,exterior/13_menara-jamsostek-menara-jamsostek-south-tower_20170125085321_83392.jpg,exterior,13_menara-jamsostek-menara-jamsostek-south-tower_20170125085321_83392.jpg,uploaded,54129,13_menara-jamsostek-menara-jamsostek-south-tower_20170125085321_83392.jpg,https://cdn-strapi.prod.99iddev.net/assets/13_menara_jamsostek_menara_jamsostek_south_tower_20170125085321_83392_6eadb021f6.jpg,,
13-menara-jamsostek-menara-jamsostek-south-tower-20170208041506-74513,Media Library/Office Venue/13-menara-jamsostek-menara-jamsostek-south-tower-20170208041506-74513,1454,0,1,1,exterior/13_menara-jamsostek-menara-jamsostek-south-tower_20170208041506_74513.jpg,exterior,13_menara-jamsostek-menara-jamsostek-south-tower_20170208041506_74513.jpg,uploaded,54130,13_menara-jamsostek-menara-jamsostek-south-tower_20170208041506_74513.jpg,https://cdn-strapi.prod.99iddev.net/assets/13_menara_jamsostek_menara_jamsostek_south_tower_20170208041506_74513_322d872e5a.jpg,,
13-menara-jamsostek-menara-jamsostek-south-tower-20170125085318858,Media Library/Office Venue/13-menara-jamsostek-menara-jamsostek-south-tower-20170125085318858,1455,0,1,1,exterior/13_menara-jamsostek-menara-jamsostek-south-tower_20170125085318_29858.jpg,exterior,13_menara-jamsostek-menara-jamsostek-south-tower_20170125085318_29858.jpg,uploaded,54131,13_menara-jamsostek-menara-jamsostek-south-tower_20170125085318_29858.jpg,https://cdn-strapi.prod.99iddev.net/assets/13_menara_jamsostek_menara_jamsostek_south_tower_20170125085318_29858_4dda3475a8.jpg,,
14-menara-mulia-menara-mulia-20160914044253-66337,Media Library/Office Venue/14-menara-mulia-menara-mulia-20160914044253-66337,1456,0,1,1,exterior/14_menara-mulia-menara-mulia_20160914044253_66337.jpg,exterior,14_menara-mulia-menara-mulia_20160914044253_66337.jpg,uploaded,54132,14_menara-mulia-menara-mulia_20160914044253_66337.jpg,https://cdn-strapi.prod.99iddev.net/assets/14_menara_mulia_menara_mulia_20160914044253_66337_005fdfadbd.jpg,,
14-menara-mulia-menara-mulia-20160914044254-84081,Media Library/Office Venue/14-menara-mulia-menara-mulia-20160914044254-84081,1457,0,1,1,exterior/14_menara-mulia-menara-mulia_20160914044254_84081.jpg,exterior,14_menara-mulia-menara-mulia_20160914044254_84081.jpg,uploaded,54133,14_menara-mulia-menara-mulia_20160914044254_84081.jpg,https://cdn-strapi.prod.99iddev.net/assets/14_menara_mulia_menara_mulia_20160914044254_84081_d306e6b4b6.jpg,,
14-menara-mulia-menara-mulia-20160914044255-47358,Media Library/Office Venue/14-menara-mulia-menara-mulia-20160914044255-47358,1458,0,1,1,exterior/14_menara-mulia-menara-mulia_20160914044255_47358.jpg,exterior,14_menara-mulia-menara-mulia_20160914044255_47358.jpg,uploaded,54134,14_menara-mulia-menara-mulia_20160914044255_47358.jpg,https://cdn-strapi.prod.99iddev.net/assets/14_menara_mulia_menara_mulia_20160914044255_47358_1507d2ab2f.jpg,,
14-menara-mulia-menara-mulia-20160914044256-87622,Media Library/Office Venue/14-menara-mulia-menara-mulia-20160914044256-87622,1459,0,1,1,exterior/14_menara-mulia-menara-mulia_20160914044256_87622.jpg,exterior,14_menara-mulia-menara-mulia_20160914044256_87622.jpg,uploaded,54135,14_menara-mulia-menara-mulia_20160914044256_87622.jpg,https://cdn-strapi.prod.99iddev.net/assets/14_menara_mulia_menara_mulia_20160914044256_87622_f3b0ac5261.jpg,,
14-menara-mulia-menara-mulia-20170309101305-37260,Media Library/Office Venue/14-menara-mulia-menara-mulia-20170309101305-37260,1460,0,1,1,floorplan/14_menara-mulia-menara-mulia_20170309101305_37260.jpg,floorplan,14_menara-mulia-menara-mulia_20170309101305_37260.jpg,uploaded,54136,14_menara-mulia-menara-mulia_20170309101305_37260.jpg,https://cdn-strapi.prod.99iddev.net/assets/14_menara_mulia_menara_mulia_20170309101305_37260_b3e31bf127.jpg,,
14-menara-mulia-menara-mulia-20170317114328-39418,Media Library/Office Venue/14-menara-mulia-menara-mulia-20170317114328-39418,1461,0,1,1,floorplan/14_menara-mulia-menara-mulia_20170317114328_39418.jpg,floorplan,14_menara-mulia-menara-mulia_20170317114328_39418.jpg,uploaded,54137,14_menara-mulia-menara-mulia_20170317114328_39418.jpg,https://cdn-strapi.prod.99iddev.net/assets/14_menara_mulia_menara_mulia_20170317114328_39418_8e457439b7.jpg,,
14-menara-mulia-menara-mulia-20170320062749-46205,Media Library/Office Venue/14-menara-mulia-menara-mulia-20170320062749-46205,1462,0,1,1,interior/14_menara-mulia-menara-mulia_20170320062749_46205.jpg,interior,14_menara-mulia-menara-mulia_20170320062749_46205.jpg,uploaded,54138,14_menara-mulia-menara-mulia_20170320062749_46205.jpg,https://cdn-strapi.prod.99iddev.net/assets/14_menara_mulia_menara_mulia_20170320062749_46205_516ee4dec9.jpg,,
14-menara-mulia-menara-mulia-20170320062750-10158,Media Library/Office Venue/14-menara-mulia-menara-mulia-20170320062750-10158,1463,0,1,1,interior/14_menara-mulia-menara-mulia_20170320062750_10158.jpg,interior,14_menara-mulia-menara-mulia_20170320062750_10158.jpg,uploaded,54139,14_menara-mulia-menara-mulia_20170320062750_10158.jpg,https://cdn-strapi.prod.99iddev.net/assets/14_menara_mulia_menara_mulia_20170320062750_10158_54fedd7eaf.jpg,,
14-menara-mulia-menara-mulia-20170320062751-34112,Media Library/Office Venue/14-menara-mulia-menara-mulia-20170320062751-34112,1464,0,1,1,interior/14_menara-mulia-menara-mulia_20170320062751_34112.jpg,interior,14_menara-mulia-menara-mulia_20170320062751_34112.jpg,uploaded,54140,14_menara-mulia-menara-mulia_20170320062751_34112.jpg,https://cdn-strapi.prod.99iddev.net/assets/14_menara_mulia_menara_mulia_20170320062751_34112_d36931cec7.jpg,,
14-menara-mulia-menara-mulia-20170320062751-53494,Media Library/Office Venue/14-menara-mulia-menara-mulia-20170320062751-53494,1465,0,1,1,interior/14_menara-mulia-menara-mulia_20170320062751_53494.jpg,interior,14_menara-mulia-menara-mulia_20170320062751_53494.jpg,uploaded,54141,14_menara-mulia-menara-mulia_20170320062751_53494.jpg,https://cdn-strapi.prod.99iddev.net/assets/14_menara_mulia_menara_mulia_20170320062751_53494_bcf2d1a624.jpg,,
14-menara-mulia-menara-mulia-20160914044255029,Media Library/Office Venue/14-menara-mulia-menara-mulia-20160914044255029,1466,0,1,1,exterior/14_menara-mulia-menara-mulia_20160914044255_28029.jpg,exterior,14_menara-mulia-menara-mulia_20160914044255_28029.jpg,uploaded,54142,14_menara-mulia-menara-mulia_20160914044255_28029.jpg,https://cdn-strapi.prod.99iddev.net/assets/14_menara_mulia_menara_mulia_20160914044255_28029_a6cc4e59ea.jpg,,
14-menara-mulia-menara-mulia-20170320062750638,Media Library/Office Venue/14-menara-mulia-menara-mulia-20170320062750638,1467,0,1,1,interior/14_menara-mulia-menara-mulia_20170320062750_29638.jpg,interior,14_menara-mulia-menara-mulia_20170320062750_29638.jpg,uploaded,54143,14_menara-mulia-menara-mulia_20170320062750_29638.jpg,https://cdn-strapi.prod.99iddev.net/assets/14_menara_mulia_menara_mulia_20170320062750_29638_f9cfe86951.jpg,,
22-citylofts-sudirman-citylofts-sudirman-20160914043815-50265,Media Library/Office Venue/22-citylofts-sudirman-citylofts-sudirman-20160914043815-50265,1468,0,1,1,exterior/22_citylofts-sudirman-citylofts-sudirman_20160914043815_50265.jpg,exterior,22_citylofts-sudirman-citylofts-sudirman_20160914043815_50265.jpg,uploaded,54144,22_citylofts-sudirman-citylofts-sudirman_20160914043815_50265.jpg,https://cdn-strapi.prod.99iddev.net/assets/22_citylofts_sudirman_citylofts_sudirman_20160914043815_50265_3fb84f09fc.jpg,,
22-citylofts-sudirman-citylofts-sudirman-20160914043816-33732,Media Library/Office Venue/22-citylofts-sudirman-citylofts-sudirman-20160914043816-33732,1469,0,1,1,exterior/22_citylofts-sudirman-citylofts-sudirman_20160914043816_33732.jpg,exterior,22_citylofts-sudirman-citylofts-sudirman_20160914043816_33732.jpg,uploaded,54145,22_citylofts-sudirman-citylofts-sudirman_20160914043816_33732.jpg,https://cdn-strapi.prod.99iddev.net/assets/22_citylofts_sudirman_citylofts_sudirman_20160914043816_33732_a6c47671ec.jpg,,
22-citylofts-sudirman-citylofts-sudirman-20170314084716-34943,Media Library/Office Venue/22-citylofts-sudirman-citylofts-sudirman-20170314084716-34943,1470,0,1,1,interior/22_citylofts-sudirman-citylofts-sudirman_20170314084716_34943.jpg,interior,22_citylofts-sudirman-citylofts-sudirman_20170314084716_34943.jpg,uploaded,54146,22_citylofts-sudirman-citylofts-sudirman_20170314084716_34943.jpg,https://cdn-strapi.prod.99iddev.net/assets/22_citylofts_sudirman_citylofts_sudirman_20170314084716_34943_82c71e7bd6.jpg,,
22-citylofts-sudirman-citylofts-sudirman-20170314084717-57328,Media Library/Office Venue/22-citylofts-sudirman-citylofts-sudirman-20170314084717-57328,1471,0,1,1,interior/22_citylofts-sudirman-citylofts-sudirman_20170314084717_57328.jpg,interior,22_citylofts-sudirman-citylofts-sudirman_20170314084717_57328.jpg,uploaded,54147,22_citylofts-sudirman-citylofts-sudirman_20170314084717_57328.jpg,https://cdn-strapi.prod.99iddev.net/assets/22_citylofts_sudirman_citylofts_sudirman_20170314084717_57328_4a67b34350.jpg,,
24-allianz-tower-allianz-tower-20160914043712-37640,Media Library/Office Venue/24-allianz-tower-allianz-tower-20160914043712-37640,1472,0,1,1,exterior/24_allianz-tower-allianz-tower_20160914043712_37640.jpg,exterior,24_allianz-tower-allianz-tower_20160914043712_37640.jpg,uploaded,54148,24_allianz-tower-allianz-tower_20160914043712_37640.jpg,https://cdn-strapi.prod.99iddev.net/assets/24_allianz_tower_allianz_tower_20160914043712_37640_8aaad00ccd.jpg,,
24-allianz-tower-allianz-tower-20160914043712-80497,Media Library/Office Venue/24-allianz-tower-allianz-tower-20160914043712-80497,1473,0,1,1,exterior/24_allianz-tower-allianz-tower_20160914043712_80497.jpg,exterior,24_allianz-tower-allianz-tower_20160914043712_80497.jpg,uploaded,54149,24_allianz-tower-allianz-tower_20160914043712_80497.jpg,https://cdn-strapi.prod.99iddev.net/assets/24_allianz_tower_allianz_tower_20160914043712_80497_f7e740ff23.jpg,,
24-allianz-tower-allianz-tower-20160914043713-30058,Media Library/Office Venue/24-allianz-tower-allianz-tower-20160914043713-30058,1474,0,1,1,exterior/24_allianz-tower-allianz-tower_20160914043713_30058.jpg,exterior,24_allianz-tower-allianz-tower_20160914043713_30058.jpg,uploaded,54150,24_allianz-tower-allianz-tower_20160914043713_30058.jpg,https://cdn-strapi.prod.99iddev.net/assets/24_allianz_tower_allianz_tower_20160914043713_30058_cf7ff03566.jpg,,
24-allianz-tower-allianz-tower-20170331111704-52476,Media Library/Office Venue/24-allianz-tower-allianz-tower-20170331111704-52476,1475,0,1,1,floorplan/24_allianz-tower-allianz-tower_20170331111704_52476.jpg,floorplan,24_allianz-tower-allianz-tower_20170331111704_52476.jpg,uploaded,54151,24_allianz-tower-allianz-tower_20170331111704_52476.jpg,https://cdn-strapi.prod.99iddev.net/assets/24_allianz_tower_allianz_tower_20170331111704_52476_45ea3dc310.jpg,,
24-allianz-tower-allianz-tower-20170616071626-10296,Media Library/Office Venue/24-allianz-tower-allianz-tower-20170616071626-10296,1476,0,1,1,interior/24_allianz-tower-allianz-tower_20170616071626_10296.jpg,interior,24_allianz-tower-allianz-tower_20170616071626_10296.jpg,uploaded,54152,24_allianz-tower-allianz-tower_20170616071626_10296.jpg,https://cdn-strapi.prod.99iddev.net/assets/24_allianz_tower_allianz_tower_20170616071626_10296_b35a26cbd8.jpg,,
24-allianz-tower-allianz-tower-20170616071638-31364,Media Library/Office Venue/24-allianz-tower-allianz-tower-20170616071638-31364,1477,0,1,1,interior/24_allianz-tower-allianz-tower_20170616071638_31364.jpg,interior,24_allianz-tower-allianz-tower_20170616071638_31364.jpg,uploaded,54153,24_allianz-tower-allianz-tower_20170616071638_31364.jpg,https://cdn-strapi.prod.99iddev.net/assets/24_allianz_tower_allianz_tower_20170616071638_31364_12319e8f31.jpg,,
24-allianz-tower-allianz-tower-20170616071646-85395,Media Library/Office Venue/24-allianz-tower-allianz-tower-20170616071646-85395,1478,0,1,1,interior/24_allianz-tower-allianz-tower_20170616071646_85395.jpg,interior,24_allianz-tower-allianz-tower_20170616071646_85395.jpg,uploaded,54154,24_allianz-tower-allianz-tower_20170616071646_85395.jpg,https://cdn-strapi.prod.99iddev.net/assets/24_allianz_tower_allianz_tower_20170616071646_85395_a712838617.jpg,,
24-allianz-tower-allianz-tower-20170616071658-53189,Media Library/Office Venue/24-allianz-tower-allianz-tower-20170616071658-53189,1479,0,1,1,interior/24_allianz-tower-allianz-tower_20170616071658_53189.jpg,interior,24_allianz-tower-allianz-tower_20170616071658_53189.jpg,uploaded,54155,24_allianz-tower-allianz-tower_20170616071658_53189.jpg,https://cdn-strapi.prod.99iddev.net/assets/24_allianz_tower_allianz_tower_20170616071658_53189_939e2b1234.jpg,,
24-allianz-tower-allianz-tower-20170616071706-15489,Media Library/Office Venue/24-allianz-tower-allianz-tower-20170616071706-15489,1480,0,1,1,interior/24_allianz-tower-allianz-tower_20170616071706_15489.jpg,interior,24_allianz-tower-allianz-tower_20170616071706_15489.jpg,uploaded,54156,24_allianz-tower-allianz-tower_20170616071706_15489.jpg,https://cdn-strapi.prod.99iddev.net/assets/24_allianz_tower_allianz_tower_20170616071706_15489_12a69aca40.jpg,,
24-allianz-tower-allianz-tower-20170616071728-98920,Media Library/Office Venue/24-allianz-tower-allianz-tower-20170616071728-98920,1481,0,1,1,interior/24_allianz-tower-allianz-tower_20170616071728_98920.jpg,interior,24_allianz-tower-allianz-tower_20170616071728_98920.jpg,uploaded,54157,24_allianz-tower-allianz-tower_20170616071728_98920.jpg,https://cdn-strapi.prod.99iddev.net/assets/24_allianz_tower_allianz_tower_20170616071728_98920_9d79609742.jpg,,
24-allianz-tower-allianz-tower-20170616071748-76753,Media Library/Office Venue/24-allianz-tower-allianz-tower-20170616071748-76753,1482,0,1,1,interior/24_allianz-tower-allianz-tower_20170616071748_76753.jpg,interior,24_allianz-tower-allianz-tower_20170616071748_76753.jpg,uploaded,54158,24_allianz-tower-allianz-tower_20170616071748_76753.jpg,https://cdn-strapi.prod.99iddev.net/assets/24_allianz_tower_allianz_tower_20170616071748_76753_a3ff0edc49.jpg,,
24-allianz-tower-allianz-tower-20170616071830-19451,Media Library/Office Venue/24-allianz-tower-allianz-tower-20170616071830-19451,1483,0,1,1,interior/24_allianz-tower-allianz-tower_20170616071830_19451.jpg,interior,24_allianz-tower-allianz-tower_20170616071830_19451.jpg,uploaded,54159,24_allianz-tower-allianz-tower_20170616071830_19451.jpg,https://cdn-strapi.prod.99iddev.net/assets/24_allianz_tower_allianz_tower_20170616071830_19451_14ad8aa521.jpg,,
24-allianz-tower-allianz-tower-20170616071839-71110,Media Library/Office Venue/24-allianz-tower-allianz-tower-20170616071839-71110,1484,0,1,1,interior/24_allianz-tower-allianz-tower_20170616071839_71110.jpg,interior,24_allianz-tower-allianz-tower_20170616071839_71110.jpg,uploaded,54160,24_allianz-tower-allianz-tower_20170616071839_71110.jpg,https://cdn-strapi.prod.99iddev.net/assets/24_allianz_tower_allianz_tower_20170616071839_71110_ab33d8eea7.jpg,,
24-allianz-tower-allianz-tower-20170616071859-69330,Media Library/Office Venue/24-allianz-tower-allianz-tower-20170616071859-69330,1485,0,1,1,interior/24_allianz-tower-allianz-tower_20170616071859_69330.jpg,interior,24_allianz-tower-allianz-tower_20170616071859_69330.jpg,uploaded,54161,24_allianz-tower-allianz-tower_20170616071859_69330.jpg,https://cdn-strapi.prod.99iddev.net/assets/24_allianz_tower_allianz_tower_20170616071859_69330_434f48e62b.jpg,,
24-allianz-tower-allianz-tower-20170616072002-18463,Media Library/Office Venue/24-allianz-tower-allianz-tower-20170616072002-18463,1486,0,1,1,interior/24_allianz-tower-allianz-tower_20170616072002_18463.jpg,interior,24_allianz-tower-allianz-tower_20170616072002_18463.jpg,uploaded,54162,24_allianz-tower-allianz-tower_20170616072002_18463.jpg,https://cdn-strapi.prod.99iddev.net/assets/24_allianz_tower_allianz_tower_20170616072002_18463_19f5a3b9cf.jpg,,
26-arrtu-agro-nusantara-ex-graha-mip-arrtu-agro-nusantara-20160928070722-31694,Media Library/Office Venue/26-arrtu-agro-nusantara-ex-graha-mip-arrtu-agro-nusantara-20160928070722-31694,1487,0,1,1,exterior/26_arrtu-agro-nusantara-ex-graha-mip-arrtu-agro-nusantara_20160928070722_31694.jpg,exterior,26_arrtu-agro-nusantara-ex-graha-mip-arrtu-agro-nusantara_20160928070722_31694.jpg,uploaded,54163,26_arrtu-agro-nusantara-ex-graha-mip-arrtu-agro-nusantara_20160928070722_31694.jpg,https://cdn-strapi.prod.99iddev.net/assets/26_arrtu_agro_nusantara_ex_graha_mip_arrtu_agro_nusantara_20160928070722_31694_7d103a831a.jpg,,
26-arrtu-agro-nusantara-ex-graha-mip-arrtu-agro-nusantara-20160928070723-13386,Media Library/Office Venue/26-arrtu-agro-nusantara-ex-graha-mip-arrtu-agro-nusantara-20160928070723-13386,1488,0,1,1,exterior/26_arrtu-agro-nusantara-ex-graha-mip-arrtu-agro-nusantara_20160928070723_13386.jpg,exterior,26_arrtu-agro-nusantara-ex-graha-mip-arrtu-agro-nusantara_20160928070723_13386.jpg,uploaded,54164,26_arrtu-agro-nusantara-ex-graha-mip-arrtu-agro-nusantara_20160928070723_13386.jpg,https://cdn-strapi.prod.99iddev.net/assets/26_arrtu_agro_nusantara_ex_graha_mip_arrtu_agro_nusantara_20160928070723_13386_1faa63c88b.jpg,,
26-arrtu-agro-nusantara-ex-graha-mip-arrtu-agro-nusantara-20160928070723-83499,Media Library/Office Venue/26-arrtu-agro-nusantara-ex-graha-mip-arrtu-agro-nusantara-20160928070723-83499,1489,0,1,1,exterior/26_arrtu-agro-nusantara-ex-graha-mip-arrtu-agro-nusantara_20160928070723_83499.jpg,exterior,26_arrtu-agro-nusantara-ex-graha-mip-arrtu-agro-nusantara_20160928070723_83499.jpg,uploaded,54165,26_arrtu-agro-nusantara-ex-graha-mip-arrtu-agro-nusantara_20160928070723_83499.jpg,https://cdn-strapi.prod.99iddev.net/assets/26_arrtu_agro_nusantara_ex_graha_mip_arrtu_agro_nusantara_20160928070723_83499_b669a9ad7c.jpg,,
26-arrtu-agro-nusantara-ex-graha-mip-arrtu-agro-nusantara-20160928070724-24570,Media Library/Office Venue/26-arrtu-agro-nusantara-ex-graha-mip-arrtu-agro-nusantara-20160928070724-24570,1490,0,1,1,exterior/26_arrtu-agro-nusantara-ex-graha-mip-arrtu-agro-nusantara_20160928070724_24570.jpg,exterior,26_arrtu-agro-nusantara-ex-graha-mip-arrtu-agro-nusantara_20160928070724_24570.jpg,uploaded,54166,26_arrtu-agro-nusantara-ex-graha-mip-arrtu-agro-nusantara_20160928070724_24570.jpg,https://cdn-strapi.prod.99iddev.net/assets/26_arrtu_agro_nusantara_ex_graha_mip_arrtu_agro_nusantara_20160928070724_24570_9baac046d2.jpg,,
26-arrtu-agro-nusantara-ex-graha-mip-arrtu-agro-nusantara-20161020044842-39155,Media Library/Office Venue/26-arrtu-agro-nusantara-ex-graha-mip-arrtu-agro-nusantara-20161020044842-39155,1491,0,1,1,exterior/26_arrtu-agro-nusantara-ex-graha-mip-arrtu-agro-nusantara_20161020044842_39155.jpg,exterior,26_arrtu-agro-nusantara-ex-graha-mip-arrtu-agro-nusantara_20161020044842_39155.jpg,uploaded,54167,26_arrtu-agro-nusantara-ex-graha-mip-arrtu-agro-nusantara_20161020044842_39155.jpg,https://cdn-strapi.prod.99iddev.net/assets/26_arrtu_agro_nusantara_ex_graha_mip_arrtu_agro_nusantara_20161020044842_39155_6ad2b10d4f.jpg,,
26-arrtu-agro-nusantara-ex-graha-mip-arrtu-agro-nusantara-20161020044843-25591,Media Library/Office Venue/26-arrtu-agro-nusantara-ex-graha-mip-arrtu-agro-nusantara-20161020044843-25591,1492,0,1,1,exterior/26_arrtu-agro-nusantara-ex-graha-mip-arrtu-agro-nusantara_20161020044843_25591.jpg,exterior,26_arrtu-agro-nusantara-ex-graha-mip-arrtu-agro-nusantara_20161020044843_25591.jpg,uploaded,54168,26_arrtu-agro-nusantara-ex-graha-mip-arrtu-agro-nusantara_20161020044843_25591.jpg,https://cdn-strapi.prod.99iddev.net/assets/26_arrtu_agro_nusantara_ex_graha_mip_arrtu_agro_nusantara_20161020044843_25591_c2c3225089.jpg,,
26-arrtu-agro-nusantara-ex-graha-mip-arrtu-agro-nusantara-20161020044843-65446,Media Library/Office Venue/26-arrtu-agro-nusantara-ex-graha-mip-arrtu-agro-nusantara-20161020044843-65446,1493,0,1,1,exterior/26_arrtu-agro-nusantara-ex-graha-mip-arrtu-agro-nusantara_20161020044843_65446.jpg,exterior,26_arrtu-agro-nusantara-ex-graha-mip-arrtu-agro-nusantara_20161020044843_65446.jpg,uploaded,54169,26_arrtu-agro-nusantara-ex-graha-mip-arrtu-agro-nusantara_20161020044843_65446.jpg,https://cdn-strapi.prod.99iddev.net/assets/26_arrtu_agro_nusantara_ex_graha_mip_arrtu_agro_nusantara_20161020044843_65446_1b64b8b5bf.jpg,,
26-arrtu-agro-nusantara-ex-graha-mip-arrtu-agro-nusantara-20161020044844-83849,Media Library/Office Venue/26-arrtu-agro-nusantara-ex-graha-mip-arrtu-agro-nusantara-20161020044844-83849,1494,0,1,1,exterior/26_arrtu-agro-nusantara-ex-graha-mip-arrtu-agro-nusantara_20161020044844_83849.jpg,exterior,26_arrtu-agro-nusantara-ex-graha-mip-arrtu-agro-nusantara_20161020044844_83849.jpg,uploaded,54170,26_arrtu-agro-nusantara-ex-graha-mip-arrtu-agro-nusantara_20161020044844_83849.jpg,https://cdn-strapi.prod.99iddev.net/assets/26_arrtu_agro_nusantara_ex_graha_mip_arrtu_agro_nusantara_20161020044844_83849_e1e5561254.jpg,,
26-arrtu-agro-nusantara-ex-graha-mip-arrtu-agro-nusantara-20180329015833-44896,Media Library/Office Venue/26-arrtu-agro-nusantara-ex-graha-mip-arrtu-agro-nusantara-20180329015833-44896,1495,0,1,1,interior/26_arrtu-agro-nusantara-ex-graha-mip-arrtu-agro-nusantara_20180329015833_44896.jpg,interior,26_arrtu-agro-nusantara-ex-graha-mip-arrtu-agro-nusantara_20180329015833_44896.jpg,uploaded,54171,26_arrtu-agro-nusantara-ex-graha-mip-arrtu-agro-nusantara_20180329015833_44896.jpg,https://cdn-strapi.prod.99iddev.net/assets/26_arrtu_agro_nusantara_ex_graha_mip_arrtu_agro_nusantara_20180329015833_44896_227e03c258.jpg,,
26-arrtu-agro-nusantara-ex-graha-mip-arrtu-agro-nusantara-20180329015833-87501,Media Library/Office Venue/26-arrtu-agro-nusantara-ex-graha-mip-arrtu-agro-nusantara-20180329015833-87501,1496,0,1,1,interior/26_arrtu-agro-nusantara-ex-graha-mip-arrtu-agro-nusantara_20180329015833_87501.jpg,interior,26_arrtu-agro-nusantara-ex-graha-mip-arrtu-agro-nusantara_20180329015833_87501.jpg,uploaded,54172,26_arrtu-agro-nusantara-ex-graha-mip-arrtu-agro-nusantara_20180329015833_87501.jpg,https://cdn-strapi.prod.99iddev.net/assets/26_arrtu_agro_nusantara_ex_graha_mip_arrtu_agro_nusantara_20180329015833_87501_76aa56d661.jpg,,
26-arrtu-agro-nusantara-ex-graha-mip-arrtu-agro-nusantara-20180329015834-45616,Media Library/Office Venue/26-arrtu-agro-nusantara-ex-graha-mip-arrtu-agro-nusantara-20180329015834-45616,1497,0,1,1,interior/26_arrtu-agro-nusantara-ex-graha-mip-arrtu-agro-nusantara_20180329015834_45616.jpg,interior,26_arrtu-agro-nusantara-ex-graha-mip-arrtu-agro-nusantara_20180329015834_45616.jpg,uploaded,54173,26_arrtu-agro-nusantara-ex-graha-mip-arrtu-agro-nusantara_20180329015834_45616.jpg,https://cdn-strapi.prod.99iddev.net/assets/26_arrtu_agro_nusantara_ex_graha_mip_arrtu_agro_nusantara_20180329015834_45616_8b9813438b.jpg,,
26-arrtu-agro-nusantara-ex-graha-mip-arrtu-agro-nusantara-20180329015834-45897,Media Library/Office Venue/26-arrtu-agro-nusantara-ex-graha-mip-arrtu-agro-nusantara-20180329015834-45897,1498,0,1,1,interior/26_arrtu-agro-nusantara-ex-graha-mip-arrtu-agro-nusantara_20180329015834_45897.jpg,interior,26_arrtu-agro-nusantara-ex-graha-mip-arrtu-agro-nusantara_20180329015834_45897.jpg,uploaded,54174,26_arrtu-agro-nusantara-ex-graha-mip-arrtu-agro-nusantara_20180329015834_45897.jpg,https://cdn-strapi.prod.99iddev.net/assets/26_arrtu_agro_nusantara_ex_graha_mip_arrtu_agro_nusantara_20180329015834_45897_23ff577c9a.jpg,,
26-arrtu-agro-nusantara-ex-graha-mip-arrtu-agro-nusantara-20180329015835-18263,Media Library/Office Venue/26-arrtu-agro-nusantara-ex-graha-mip-arrtu-agro-nusantara-20180329015835-18263,1499,0,1,1,interior/26_arrtu-agro-nusantara-ex-graha-mip-arrtu-agro-nusantara_20180329015835_18263.jpg,interior,26_arrtu-agro-nusantara-ex-graha-mip-arrtu-agro-nusantara_20180329015835_18263.jpg,uploaded,54175,26_arrtu-agro-nusantara-ex-graha-mip-arrtu-agro-nusantara_20180329015835_18263.jpg,https://cdn-strapi.prod.99iddev.net/assets/26_arrtu_agro_nusantara_ex_graha_mip_arrtu_agro_nusantara_20180329015835_18263_48d0019e4e.jpg,,
26-arrtu-agro-nusantara-ex-graha-mip-arrtu-agro-nusantara-20180329015836-47421,Media Library/Office Venue/26-arrtu-agro-nusantara-ex-graha-mip-arrtu-agro-nusantara-20180329015836-47421,1500,0,1,1,interior/26_arrtu-agro-nusantara-ex-graha-mip-arrtu-agro-nusantara_20180329015836_47421.jpg,interior,26_arrtu-agro-nusantara-ex-graha-mip-arrtu-agro-nusantara_20180329015836_47421.jpg,uploaded,54176,26_arrtu-agro-nusantara-ex-graha-mip-arrtu-agro-nusantara_20180329015836_47421.jpg,https://cdn-strapi.prod.99iddev.net/assets/26_arrtu_agro_nusantara_ex_graha_mip_arrtu_agro_nusantara_20180329015836_47421_81e52ef7d1.jpg,,
26-arrtu-agro-nusantara-ex-graha-mip-arrtu-agro-nusantara-20180329015836-59304,Media Library/Office Venue/26-arrtu-agro-nusantara-ex-graha-mip-arrtu-agro-nusantara-20180329015836-59304,1501,0,1,1,interior/26_arrtu-agro-nusantara-ex-graha-mip-arrtu-agro-nusantara_20180329015836_59304.jpg,interior,26_arrtu-agro-nusantara-ex-graha-mip-arrtu-agro-nusantara_20180329015836_59304.jpg,uploaded,54177,26_arrtu-agro-nusantara-ex-graha-mip-arrtu-agro-nusantara_20180329015836_59304.jpg,https://cdn-strapi.prod.99iddev.net/assets/26_arrtu_agro_nusantara_ex_graha_mip_arrtu_agro_nusantara_20180329015836_59304_0fb4205ac7.jpg,,
26-arrtu-agro-nusantara-ex-graha-mip-arrtu-agro-nusantara-20180329015836-65192,Media Library/Office Venue/26-arrtu-agro-nusantara-ex-graha-mip-arrtu-agro-nusantara-20180329015836-65192,1502,0,1,1,interior/26_arrtu-agro-nusantara-ex-graha-mip-arrtu-agro-nusantara_20180329015836_65192.jpg,interior,26_arrtu-agro-nusantara-ex-graha-mip-arrtu-agro-nusantara_20180329015836_65192.jpg,uploaded,54178,26_arrtu-agro-nusantara-ex-graha-mip-arrtu-agro-nusantara_20180329015836_65192.jpg,https://cdn-strapi.prod.99iddev.net/assets/26_arrtu_agro_nusantara_ex_graha_mip_arrtu_agro_nusantara_20180329015836_65192_ed9dd7361c.jpg,,
26-arrtu-agro-nusantara-ex-graha-mip-arrtu-agro-nusantara-20180329015837-11786,Media Library/Office Venue/26-arrtu-agro-nusantara-ex-graha-mip-arrtu-agro-nusantara-20180329015837-11786,1503,0,1,1,interior/26_arrtu-agro-nusantara-ex-graha-mip-arrtu-agro-nusantara_20180329015837_11786.jpg,interior,26_arrtu-agro-nusantara-ex-graha-mip-arrtu-agro-nusantara_20180329015837_11786.jpg,uploaded,54179,26_arrtu-agro-nusantara-ex-graha-mip-arrtu-agro-nusantara_20180329015837_11786.jpg,https://cdn-strapi.prod.99iddev.net/assets/26_arrtu_agro_nusantara_ex_graha_mip_arrtu_agro_nusantara_20180329015837_11786_5977e08f01.jpg,,
26-arrtu-agro-nusantara-ex-graha-mip-arrtu-agro-nusantara-20180329015837-17002,Media Library/Office Venue/26-arrtu-agro-nusantara-ex-graha-mip-arrtu-agro-nusantara-20180329015837-17002,1504,0,1,1,interior/26_arrtu-agro-nusantara-ex-graha-mip-arrtu-agro-nusantara_20180329015837_17002.jpg,interior,26_arrtu-agro-nusantara-ex-graha-mip-arrtu-agro-nusantara_20180329015837_17002.jpg,uploaded,54180,26_arrtu-agro-nusantara-ex-graha-mip-arrtu-agro-nusantara_20180329015837_17002.jpg,https://cdn-strapi.prod.99iddev.net/assets/26_arrtu_agro_nusantara_ex_graha_mip_arrtu_agro_nusantara_20180329015837_17002_f80ff9c557.jpg,,
26-arrtu-agro-nusantara-ex-graha-mip-arrtu-agro-nusantara-20180329015837-61822,Media Library/Office Venue/26-arrtu-agro-nusantara-ex-graha-mip-arrtu-agro-nusantara-20180329015837-61822,1505,0,1,1,interior/26_arrtu-agro-nusantara-ex-graha-mip-arrtu-agro-nusantara_20180329015837_61822.jpg,interior,26_arrtu-agro-nusantara-ex-graha-mip-arrtu-agro-nusantara_20180329015837_61822.jpg,uploaded,54181,26_arrtu-agro-nusantara-ex-graha-mip-arrtu-agro-nusantara_20180329015837_61822.jpg,https://cdn-strapi.prod.99iddev.net/assets/26_arrtu_agro_nusantara_ex_graha_mip_arrtu_agro_nusantara_20180329015837_61822_293c601ef2.jpg,,
26-arrtu-agro-nusantara-ex-graha-mip-arrtu-agro-nusantara-20180404072319-11827,Media Library/Office Venue/26-arrtu-agro-nusantara-ex-graha-mip-arrtu-agro-nusantara-20180404072319-11827,1506,0,1,1,interior/26_arrtu-agro-nusantara-ex-graha-mip-arrtu-agro-nusantara_20180404072319_11827.jpg,interior,26_arrtu-agro-nusantara-ex-graha-mip-arrtu-agro-nusantara_20180404072319_11827.jpg,uploaded,54182,26_arrtu-agro-nusantara-ex-graha-mip-arrtu-agro-nusantara_20180404072319_11827.jpg,https://cdn-strapi.prod.99iddev.net/assets/26_arrtu_agro_nusantara_ex_graha_mip_arrtu_agro_nusantara_20180404072319_11827_57fb4baf98.jpg,,
26-arrtu-agro-nusantara-ex-graha-mip-arrtu-agro-nusantara-20180404072320-34864,Media Library/Office Venue/26-arrtu-agro-nusantara-ex-graha-mip-arrtu-agro-nusantara-20180404072320-34864,1507,0,1,1,interior/26_arrtu-agro-nusantara-ex-graha-mip-arrtu-agro-nusantara_20180404072320_34864.jpg,interior,26_arrtu-agro-nusantara-ex-graha-mip-arrtu-agro-nusantara_20180404072320_34864.jpg,uploaded,54183,26_arrtu-agro-nusantara-ex-graha-mip-arrtu-agro-nusantara_20180404072320_34864.jpg,https://cdn-strapi.prod.99iddev.net/assets/26_arrtu_agro_nusantara_ex_graha_mip_arrtu_agro_nusantara_20180404072320_34864_76317fc911.jpg,,
28-atrium-setiabudi-atrium-setiabudi-20170616073222-31167,Media Library/Office Venue/28-atrium-setiabudi-atrium-setiabudi-20170616073222-31167,1508,0,1,1,interior/28_atrium-setiabudi-atrium-setiabudi_20170616073222_31167.jpg,interior,28_atrium-setiabudi-atrium-setiabudi_20170616073222_31167.jpg,uploaded,54184,28_atrium-setiabudi-atrium-setiabudi_20170616073222_31167.jpg,https://cdn-strapi.prod.99iddev.net/assets/28_atrium_setiabudi_atrium_setiabudi_20170616073222_31167_4d36929dd3.jpg,,
28-atrium-setiabudi-atrium-setiabudi-20170616073229-37719,Media Library/Office Venue/28-atrium-setiabudi-atrium-setiabudi-20170616073229-37719,1509,0,1,1,interior/28_atrium-setiabudi-atrium-setiabudi_20170616073229_37719.jpg,interior,28_atrium-setiabudi-atrium-setiabudi_20170616073229_37719.jpg,uploaded,54185,28_atrium-setiabudi-atrium-setiabudi_20170616073229_37719.jpg,https://cdn-strapi.prod.99iddev.net/assets/28_atrium_setiabudi_atrium_setiabudi_20170616073229_37719_793bebbec1.jpg,,
28-atrium-setiabudi-atrium-setiabudi-20170616073237-48679,Media Library/Office Venue/28-atrium-setiabudi-atrium-setiabudi-20170616073237-48679,1510,0,1,1,interior/28_atrium-setiabudi-atrium-setiabudi_20170616073237_48679.jpg,interior,28_atrium-setiabudi-atrium-setiabudi_20170616073237_48679.jpg,uploaded,54186,28_atrium-setiabudi-atrium-setiabudi_20170616073237_48679.jpg,https://cdn-strapi.prod.99iddev.net/assets/28_atrium_setiabudi_atrium_setiabudi_20170616073237_48679_455d1d853a.jpg,,
28-atrium-setiabudi-atrium-setiabudi-20170616073248-35646,Media Library/Office Venue/28-atrium-setiabudi-atrium-setiabudi-20170616073248-35646,1511,0,1,1,interior/28_atrium-setiabudi-atrium-setiabudi_20170616073248_35646.jpg,interior,28_atrium-setiabudi-atrium-setiabudi_20170616073248_35646.jpg,uploaded,54187,28_atrium-setiabudi-atrium-setiabudi_20170616073248_35646.jpg,https://cdn-strapi.prod.99iddev.net/assets/28_atrium_setiabudi_atrium_setiabudi_20170616073248_35646_401e6d2357.jpg,,
28-atrium-setiabudi-atrium-setiabudi-20170616073255-67289,Media Library/Office Venue/28-atrium-setiabudi-atrium-setiabudi-20170616073255-67289,1512,0,1,1,interior/28_atrium-setiabudi-atrium-setiabudi_20170616073255_67289.jpg,interior,28_atrium-setiabudi-atrium-setiabudi_20170616073255_67289.jpg,uploaded,54188,28_atrium-setiabudi-atrium-setiabudi_20170616073255_67289.jpg,https://cdn-strapi.prod.99iddev.net/assets/28_atrium_setiabudi_atrium_setiabudi_20170616073255_67289_9b4fef96c1.jpg,,
28-atrium-setiabudi-atrium-setiabudi-20170616073300-73097,Media Library/Office Venue/28-atrium-setiabudi-atrium-setiabudi-20170616073300-73097,1513,0,1,1,interior/28_atrium-setiabudi-atrium-setiabudi_20170616073300_73097.jpg,interior,28_atrium-setiabudi-atrium-setiabudi_20170616073300_73097.jpg,uploaded,54189,28_atrium-setiabudi-atrium-setiabudi_20170616073300_73097.jpg,https://cdn-strapi.prod.99iddev.net/assets/28_atrium_setiabudi_atrium_setiabudi_20170616073300_73097_975a852aea.jpg,,
28-atrium-setiabudi-atrium-setiabudi-20170616073315-82807,Media Library/Office Venue/28-atrium-setiabudi-atrium-setiabudi-20170616073315-82807,1514,0,1,1,interior/28_atrium-setiabudi-atrium-setiabudi_20170616073315_82807.jpg,interior,28_atrium-setiabudi-atrium-setiabudi_20170616073315_82807.jpg,uploaded,54190,28_atrium-setiabudi-atrium-setiabudi_20170616073315_82807.jpg,https://cdn-strapi.prod.99iddev.net/assets/28_atrium_setiabudi_atrium_setiabudi_20170616073315_82807_c6f963e016.jpg,,
28-atrium-setiabudi-atrium-setiabudi-20171212075352-35417,Media Library/Office Venue/28-atrium-setiabudi-atrium-setiabudi-20171212075352-35417,1515,0,1,1,interior/28_atrium-setiabudi-atrium-setiabudi_20171212075352_35417.jpg,interior,28_atrium-setiabudi-atrium-setiabudi_20171212075352_35417.jpg,uploaded,54191,28_atrium-setiabudi-atrium-setiabudi_20171212075352_35417.jpg,https://cdn-strapi.prod.99iddev.net/assets/28_atrium_setiabudi_atrium_setiabudi_20171212075352_35417_1f22c963af.jpg,,
28-atrium-setiabudi-atrium-setiabudi-20171212075354-78131,Media Library/Office Venue/28-atrium-setiabudi-atrium-setiabudi-20171212075354-78131,1516,0,1,1,interior/28_atrium-setiabudi-atrium-setiabudi_20171212075354_78131.jpg,interior,28_atrium-setiabudi-atrium-setiabudi_20171212075354_78131.jpg,uploaded,54192,28_atrium-setiabudi-atrium-setiabudi_20171212075354_78131.jpg,https://cdn-strapi.prod.99iddev.net/assets/28_atrium_setiabudi_atrium_setiabudi_20171212075354_78131_85fcb14569.jpg,,
28-atrium-setiabudi-atrium-setiabudi-20171212075357-96972,Media Library/Office Venue/28-atrium-setiabudi-atrium-setiabudi-20171212075357-96972,1517,0,1,1,interior/28_atrium-setiabudi-atrium-setiabudi_20171212075357_96972.jpg,interior,28_atrium-setiabudi-atrium-setiabudi_20171212075357_96972.jpg,uploaded,54193,28_atrium-setiabudi-atrium-setiabudi_20171212075357_96972.jpg,https://cdn-strapi.prod.99iddev.net/assets/28_atrium_setiabudi_atrium_setiabudi_20171212075357_96972_8f5591b6f0.jpg,,
28-atrium-setiabudi-atrium-setiabudi-20171212075401-22560,Media Library/Office Venue/28-atrium-setiabudi-atrium-setiabudi-20171212075401-22560,1518,0,1,1,interior/28_atrium-setiabudi-atrium-setiabudi_20171212075401_22560.jpg,interior,28_atrium-setiabudi-atrium-setiabudi_20171212075401_22560.jpg,uploaded,54194,28_atrium-setiabudi-atrium-setiabudi_20171212075401_22560.jpg,https://cdn-strapi.prod.99iddev.net/assets/28_atrium_setiabudi_atrium_setiabudi_20171212075401_22560_020a65b655.jpg,,
28-atrium-setiabudi-atrium-setiabudi-20171212075411-46435,Media Library/Office Venue/28-atrium-setiabudi-atrium-setiabudi-20171212075411-46435,1519,0,1,1,interior/28_atrium-setiabudi-atrium-setiabudi_20171212075411_46435.jpg,interior,28_atrium-setiabudi-atrium-setiabudi_20171212075411_46435.jpg,uploaded,54195,28_atrium-setiabudi-atrium-setiabudi_20171212075411_46435.jpg,https://cdn-strapi.prod.99iddev.net/assets/28_atrium_setiabudi_atrium_setiabudi_20171212075411_46435_1af82b0ff9.jpg,,
28-atrium-setiabudi-atrium-setiabudi-20171212075413-97686,Media Library/Office Venue/28-atrium-setiabudi-atrium-setiabudi-20171212075413-97686,1520,0,1,1,interior/28_atrium-setiabudi-atrium-setiabudi_20171212075413_97686.jpg,interior,28_atrium-setiabudi-atrium-setiabudi_20171212075413_97686.jpg,uploaded,54196,28_atrium-setiabudi-atrium-setiabudi_20171212075413_97686.jpg,https://cdn-strapi.prod.99iddev.net/assets/28_atrium_setiabudi_atrium_setiabudi_20171212075413_97686_58c48be568.jpg,,
28-atrium-setiabudi-atrium-setiabudi-20171212075421-85019,Media Library/Office Venue/28-atrium-setiabudi-atrium-setiabudi-20171212075421-85019,1521,0,1,1,interior/28_atrium-setiabudi-atrium-setiabudi_20171212075421_85019.jpg,interior,28_atrium-setiabudi-atrium-setiabudi_20171212075421_85019.jpg,uploaded,54197,28_atrium-setiabudi-atrium-setiabudi_20171212075421_85019.jpg,https://cdn-strapi.prod.99iddev.net/assets/28_atrium_setiabudi_atrium_setiabudi_20171212075421_85019_753c3987ea.jpg,,
28-atrium-setiabudi-atrium-setiabudi-20171212075423-31571,Media Library/Office Venue/28-atrium-setiabudi-atrium-setiabudi-20171212075423-31571,1522,0,1,1,interior/28_atrium-setiabudi-atrium-setiabudi_20171212075423_31571.jpg,interior,28_atrium-setiabudi-atrium-setiabudi_20171212075423_31571.jpg,uploaded,54198,28_atrium-setiabudi-atrium-setiabudi_20171212075423_31571.jpg,https://cdn-strapi.prod.99iddev.net/assets/28_atrium_setiabudi_atrium_setiabudi_20171212075423_31571_59d39cebbe.jpg,,
28-atrium-setiabudi-atrium-setiabudi-20171212075439-47204,Media Library/Office Venue/28-atrium-setiabudi-atrium-setiabudi-20171212075439-47204,1523,0,1,1,interior/28_atrium-setiabudi-atrium-setiabudi_20171212075439_47204.jpg,interior,28_atrium-setiabudi-atrium-setiabudi_20171212075439_47204.jpg,uploaded,54199,28_atrium-setiabudi-atrium-setiabudi_20171212075439_47204.jpg,https://cdn-strapi.prod.99iddev.net/assets/28_atrium_setiabudi_atrium_setiabudi_20171212075439_47204_8e129dc166.jpg,,
28-atrium-setiabudi-atrium-setiabudi-20171212075447-94526,Media Library/Office Venue/28-atrium-setiabudi-atrium-setiabudi-20171212075447-94526,1524,0,1,1,interior/28_atrium-setiabudi-atrium-setiabudi_20171212075447_94526.jpg,interior,28_atrium-setiabudi-atrium-setiabudi_20171212075447_94526.jpg,uploaded,54200,28_atrium-setiabudi-atrium-setiabudi_20171212075447_94526.jpg,https://cdn-strapi.prod.99iddev.net/assets/28_atrium_setiabudi_atrium_setiabudi_20171212075447_94526_0bc2e97c9b.jpg,,
28-atrium-setiabudi-atrium-setiabudi-20171212075449-34954,Media Library/Office Venue/28-atrium-setiabudi-atrium-setiabudi-20171212075449-34954,1525,0,1,1,interior/28_atrium-setiabudi-atrium-setiabudi_20171212075449_34954.jpg,interior,28_atrium-setiabudi-atrium-setiabudi_20171212075449_34954.jpg,uploaded,54201,28_atrium-setiabudi-atrium-setiabudi_20171212075449_34954.jpg,https://cdn-strapi.prod.99iddev.net/assets/28_atrium_setiabudi_atrium_setiabudi_20171212075449_34954_f8278c3f19.jpg,,
28-atrium-setiabudi-atrium-setiabudi-20171212075455-70267,Media Library/Office Venue/28-atrium-setiabudi-atrium-setiabudi-20171212075455-70267,1526,0,1,1,interior/28_atrium-setiabudi-atrium-setiabudi_20171212075455_70267.jpg,interior,28_atrium-setiabudi-atrium-setiabudi_20171212075455_70267.jpg,uploaded,54202,28_atrium-setiabudi-atrium-setiabudi_20171212075455_70267.jpg,https://cdn-strapi.prod.99iddev.net/assets/28_atrium_setiabudi_atrium_setiabudi_20171212075455_70267_0a2085001c.jpg,,
28-atrium-setiabudi-atrium-setiabudi-20170616073307260,Media Library/Office Venue/28-atrium-setiabudi-atrium-setiabudi-20170616073307260,1527,0,1,1,interior/28_atrium-setiabudi-atrium-setiabudi_20170616073307_28260.jpg,interior,28_atrium-setiabudi-atrium-setiabudi_20170616073307_28260.jpg,uploaded,54203,28_atrium-setiabudi-atrium-setiabudi_20170616073307_28260.jpg,https://cdn-strapi.prod.99iddev.net/assets/28_atrium_setiabudi_atrium_setiabudi_20170616073307_28260_9bfec98b4c.jpg,,
35-gedung-setiabudi-2-gedung-setiabudi-2-20170214041327-15006,Media Library/Office Venue/35-gedung-setiabudi-2-gedung-setiabudi-2-20170214041327-15006,1528,0,1,1,interior/35_gedung-setiabudi-2-gedung-setiabudi-2_20170214041327_15006.jpg,interior,35_gedung-setiabudi-2-gedung-setiabudi-2_20170214041327_15006.jpg,uploaded,54204,35_gedung-setiabudi-2-gedung-setiabudi-2_20170214041327_15006.jpg,https://cdn-strapi.prod.99iddev.net/assets/35_gedung_setiabudi_2_gedung_setiabudi_2_20170214041327_15006_1267ab549e.jpg,,
35-gedung-setiabudi-2-gedung-setiabudi-2-20170214041328-70344,Media Library/Office Venue/35-gedung-setiabudi-2-gedung-setiabudi-2-20170214041328-70344,1529,0,1,1,interior/35_gedung-setiabudi-2-gedung-setiabudi-2_20170214041328_70344.jpg,interior,35_gedung-setiabudi-2-gedung-setiabudi-2_20170214041328_70344.jpg,uploaded,54205,35_gedung-setiabudi-2-gedung-setiabudi-2_20170214041328_70344.jpg,https://cdn-strapi.prod.99iddev.net/assets/35_gedung_setiabudi_2_gedung_setiabudi_2_20170214041328_70344_1f35430b6a.jpg,,
35-gedung-setiabudi-2-gedung-setiabudi-2-20170214041329-39103,Media Library/Office Venue/35-gedung-setiabudi-2-gedung-setiabudi-2-20170214041329-39103,1530,0,1,1,interior/35_gedung-setiabudi-2-gedung-setiabudi-2_20170214041329_39103.jpg,interior,35_gedung-setiabudi-2-gedung-setiabudi-2_20170214041329_39103.jpg,uploaded,54206,35_gedung-setiabudi-2-gedung-setiabudi-2_20170214041329_39103.jpg,https://cdn-strapi.prod.99iddev.net/assets/35_gedung_setiabudi_2_gedung_setiabudi_2_20170214041329_39103_27b4dd3af6.jpg,,
35-gedung-setiabudi-2-gedung-setiabudi-2-20170214041330-78731,Media Library/Office Venue/35-gedung-setiabudi-2-gedung-setiabudi-2-20170214041330-78731,1531,0,1,1,interior/35_gedung-setiabudi-2-gedung-setiabudi-2_20170214041330_78731.jpg,interior,35_gedung-setiabudi-2-gedung-setiabudi-2_20170214041330_78731.jpg,uploaded,54207,35_gedung-setiabudi-2-gedung-setiabudi-2_20170214041330_78731.jpg,https://cdn-strapi.prod.99iddev.net/assets/35_gedung_setiabudi_2_gedung_setiabudi_2_20170214041330_78731_b67b564080.jpg,,
35-gedung-setiabudi-2-gedung-setiabudi-2-20170214041331-58149,Media Library/Office Venue/35-gedung-setiabudi-2-gedung-setiabudi-2-20170214041331-58149,1532,0,1,1,interior/35_gedung-setiabudi-2-gedung-setiabudi-2_20170214041331_58149.jpg,interior,35_gedung-setiabudi-2-gedung-setiabudi-2_20170214041331_58149.jpg,uploaded,54208,35_gedung-setiabudi-2-gedung-setiabudi-2_20170214041331_58149.jpg,https://cdn-strapi.prod.99iddev.net/assets/35_gedung_setiabudi_2_gedung_setiabudi_2_20170214041331_58149_d1ea4db87a.jpg,,
35-gedung-setiabudi-2-gedung-setiabudi-2-20170214041331-71643,Media Library/Office Venue/35-gedung-setiabudi-2-gedung-setiabudi-2-20170214041331-71643,1533,0,1,1,interior/35_gedung-setiabudi-2-gedung-setiabudi-2_20170214041331_71643.jpg,interior,35_gedung-setiabudi-2-gedung-setiabudi-2_20170214041331_71643.jpg,uploaded,54209,35_gedung-setiabudi-2-gedung-setiabudi-2_20170214041331_71643.jpg,https://cdn-strapi.prod.99iddev.net/assets/35_gedung_setiabudi_2_gedung_setiabudi_2_20170214041331_71643_d056392b11.jpg,,
35-gedung-setiabudi-2-gedung-setiabudi-2-20170214041332-14428,Media Library/Office Venue/35-gedung-setiabudi-2-gedung-setiabudi-2-20170214041332-14428,1534,0,1,1,interior/35_gedung-setiabudi-2-gedung-setiabudi-2_20170214041332_14428.jpg,interior,35_gedung-setiabudi-2-gedung-setiabudi-2_20170214041332_14428.jpg,uploaded,54210,35_gedung-setiabudi-2-gedung-setiabudi-2_20170214041332_14428.jpg,https://cdn-strapi.prod.99iddev.net/assets/35_gedung_setiabudi_2_gedung_setiabudi_2_20170214041332_14428_a02f16432c.jpg,,
35-gedung-setiabudi-2-gedung-setiabudi-2-20170214041332-30022,Media Library/Office Venue/35-gedung-setiabudi-2-gedung-setiabudi-2-20170214041332-30022,1535,0,1,1,interior/35_gedung-setiabudi-2-gedung-setiabudi-2_20170214041332_30022.jpg,interior,35_gedung-setiabudi-2-gedung-setiabudi-2_20170214041332_30022.jpg,uploaded,54211,35_gedung-setiabudi-2-gedung-setiabudi-2_20170214041332_30022.jpg,https://cdn-strapi.prod.99iddev.net/assets/35_gedung_setiabudi_2_gedung_setiabudi_2_20170214041332_30022_83d3740887.jpg,,
35-gedung-setiabudi-2-gedung-setiabudi-2-20170214041332-48175,Media Library/Office Venue/35-gedung-setiabudi-2-gedung-setiabudi-2-20170214041332-48175,1536,0,1,1,interior/35_gedung-setiabudi-2-gedung-setiabudi-2_20170214041332_48175.jpg,interior,35_gedung-setiabudi-2-gedung-setiabudi-2_20170214041332_48175.jpg,uploaded,54212,35_gedung-setiabudi-2-gedung-setiabudi-2_20170214041332_48175.jpg,https://cdn-strapi.prod.99iddev.net/assets/35_gedung_setiabudi_2_gedung_setiabudi_2_20170214041332_48175_802ce89223.jpg,,
35-gedung-setiabudi-2-gedung-setiabudi-2-20170616074945-30247,Media Library/Office Venue/35-gedung-setiabudi-2-gedung-setiabudi-2-20170616074945-30247,1537,0,1,1,interior/35_gedung-setiabudi-2-gedung-setiabudi-2_20170616074945_30247.jpg,interior,35_gedung-setiabudi-2-gedung-setiabudi-2_20170616074945_30247.jpg,uploaded,54213,35_gedung-setiabudi-2-gedung-setiabudi-2_20170616074945_30247.jpg,https://cdn-strapi.prod.99iddev.net/assets/35_gedung_setiabudi_2_gedung_setiabudi_2_20170616074945_30247_31cafda8d6.jpg,,
35-gedung-setiabudi-2-gedung-setiabudi-2-20170616074952-97487,Media Library/Office Venue/35-gedung-setiabudi-2-gedung-setiabudi-2-20170616074952-97487,1538,0,1,1,interior/35_gedung-setiabudi-2-gedung-setiabudi-2_20170616074952_97487.jpg,interior,35_gedung-setiabudi-2-gedung-setiabudi-2_20170616074952_97487.jpg,uploaded,54214,35_gedung-setiabudi-2-gedung-setiabudi-2_20170616074952_97487.jpg,https://cdn-strapi.prod.99iddev.net/assets/35_gedung_setiabudi_2_gedung_setiabudi_2_20170616074952_97487_fef5661cf4.jpg,,
35-gedung-setiabudi-2-gedung-setiabudi-2-20170616074957-91873,Media Library/Office Venue/35-gedung-setiabudi-2-gedung-setiabudi-2-20170616074957-91873,1539,0,1,1,interior/35_gedung-setiabudi-2-gedung-setiabudi-2_20170616074957_91873.jpg,interior,35_gedung-setiabudi-2-gedung-setiabudi-2_20170616074957_91873.jpg,uploaded,54215,35_gedung-setiabudi-2-gedung-setiabudi-2_20170616074957_91873.jpg,https://cdn-strapi.prod.99iddev.net/assets/35_gedung_setiabudi_2_gedung_setiabudi_2_20170616074957_91873_42a62721d2.jpg,,
35-gedung-setiabudi-2-gedung-setiabudi-2-20170616075002-11786,Media Library/Office Venue/35-gedung-setiabudi-2-gedung-setiabudi-2-20170616075002-11786,1540,0,1,1,interior/35_gedung-setiabudi-2-gedung-setiabudi-2_20170616075002_11786.jpg,interior,35_gedung-setiabudi-2-gedung-setiabudi-2_20170616075002_11786.jpg,uploaded,54216,35_gedung-setiabudi-2-gedung-setiabudi-2_20170616075002_11786.jpg,https://cdn-strapi.prod.99iddev.net/assets/35_gedung_setiabudi_2_gedung_setiabudi_2_20170616075002_11786_7bba16aa43.jpg,,
35-gedung-setiabudi-2-gedung-setiabudi-2-20170616075015-76904,Media Library/Office Venue/35-gedung-setiabudi-2-gedung-setiabudi-2-20170616075015-76904,1541,0,1,1,interior/35_gedung-setiabudi-2-gedung-setiabudi-2_20170616075015_76904.jpg,interior,35_gedung-setiabudi-2-gedung-setiabudi-2_20170616075015_76904.jpg,uploaded,54217,35_gedung-setiabudi-2-gedung-setiabudi-2_20170616075015_76904.jpg,https://cdn-strapi.prod.99iddev.net/assets/35_gedung_setiabudi_2_gedung_setiabudi_2_20170616075015_76904_35e9227105.jpg,,
35-gedung-setiabudi-2-gedung-setiabudi-2-20170616075020-74310,Media Library/Office Venue/35-gedung-setiabudi-2-gedung-setiabudi-2-20170616075020-74310,1542,0,1,1,interior/35_gedung-setiabudi-2-gedung-setiabudi-2_20170616075020_74310.jpg,interior,35_gedung-setiabudi-2-gedung-setiabudi-2_20170616075020_74310.jpg,uploaded,54218,35_gedung-setiabudi-2-gedung-setiabudi-2_20170616075020_74310.jpg,https://cdn-strapi.prod.99iddev.net/assets/35_gedung_setiabudi_2_gedung_setiabudi_2_20170616075020_74310_18c9aabf04.jpg,,
38-graha-aktiva-graha-aktiva-20170331112328-25644,Media Library/Office Venue/38-graha-aktiva-graha-aktiva-20170331112328-25644,1543,0,1,1,floorplan/38_graha-aktiva-graha-aktiva_20170331112328_25644.jpg,floorplan,38_graha-aktiva-graha-aktiva_20170331112328_25644.jpg,uploaded,54219,38_graha-aktiva-graha-aktiva_20170331112328_25644.jpg,https://cdn-strapi.prod.99iddev.net/assets/38_graha_aktiva_graha_aktiva_20170331112328_25644_56c8fe9cc6.jpg,,
39-graha-arda-graha-arda-20160914043939-42183,Media Library/Office Venue/39-graha-arda-graha-arda-20160914043939-42183,1544,0,1,1,exterior/39_graha-arda-graha-arda_20160914043939_42183.jpg,exterior,39_graha-arda-graha-arda_20160914043939_42183.jpg,uploaded,54220,39_graha-arda-graha-arda_20160914043939_42183.jpg,https://cdn-strapi.prod.99iddev.net/assets/39_graha_arda_graha_arda_20160914043939_42183_2e99b5b2ba.jpg,,
39-graha-arda-graha-arda-20160914043940-37795,Media Library/Office Venue/39-graha-arda-graha-arda-20160914043940-37795,1545,0,1,1,exterior/39_graha-arda-graha-arda_20160914043940_37795.jpg,exterior,39_graha-arda-graha-arda_20160914043940_37795.jpg,uploaded,54221,39_graha-arda-graha-arda_20160914043940_37795.jpg,https://cdn-strapi.prod.99iddev.net/assets/39_graha_arda_graha_arda_20160914043940_37795_d4441f9265.jpg,,
39-graha-arda-graha-arda-20160914043940-40451,Media Library/Office Venue/39-graha-arda-graha-arda-20160914043940-40451,1546,0,1,1,exterior/39_graha-arda-graha-arda_20160914043940_40451.jpg,exterior,39_graha-arda-graha-arda_20160914043940_40451.jpg,uploaded,54222,39_graha-arda-graha-arda_20160914043940_40451.jpg,https://cdn-strapi.prod.99iddev.net/assets/39_graha_arda_graha_arda_20160914043940_40451_ee1c4f9df1.jpg,,
40-graha-codefin-ex-gedung-tira-graha-codefin-20160914043944-39847,Media Library/Office Venue/40-graha-codefin-ex-gedung-tira-graha-codefin-20160914043944-39847,1547,0,1,1,exterior/40_graha-codefin-ex-gedung-tira-graha-codefin_20160914043944_39847.jpg,exterior,40_graha-codefin-ex-gedung-tira-graha-codefin_20160914043944_39847.jpg,uploaded,54223,40_graha-codefin-ex-gedung-tira-graha-codefin_20160914043944_39847.jpg,https://cdn-strapi.prod.99iddev.net/assets/40_graha_codefin_ex_gedung_tira_graha_codefin_20160914043944_39847_5fd8c1c5eb.jpg,,
40-graha-codefin-ex-gedung-tira-graha-codefin-20160914043945-38122,Media Library/Office Venue/40-graha-codefin-ex-gedung-tira-graha-codefin-20160914043945-38122,1548,0,1,1,exterior/40_graha-codefin-ex-gedung-tira-graha-codefin_20160914043945_38122.jpg,exterior,40_graha-codefin-ex-gedung-tira-graha-codefin_20160914043945_38122.jpg,uploaded,54224,40_graha-codefin-ex-gedung-tira-graha-codefin_20160914043945_38122.jpg,https://cdn-strapi.prod.99iddev.net/assets/40_graha_codefin_ex_gedung_tira_graha_codefin_20160914043945_38122_6caa0cda92.jpg,,
40-graha-codefin-ex-gedung-tira-graha-codefin-20160914043945266,Media Library/Office Venue/40-graha-codefin-ex-gedung-tira-graha-codefin-20160914043945266,1549,0,1,1,exterior/40_graha-codefin-ex-gedung-tira-graha-codefin_20160914043945_28266.jpg,exterior,40_graha-codefin-ex-gedung-tira-graha-codefin_20160914043945_28266.jpg,uploaded,54225,40_graha-codefin-ex-gedung-tira-graha-codefin_20160914043945_28266.jpg,https://cdn-strapi.prod.99iddev.net/assets/40_graha_codefin_ex_gedung_tira_graha_codefin_20160914043945_28266_9bec6dcc8f.jpg,,
57-plaza-centris-plaza-centris-20160914044454-93937,Media Library/Office Venue/57-plaza-centris-plaza-centris-20160914044454-93937,1550,0,1,1,exterior/57_plaza-centris-plaza-centris_20160914044454_93937.jpg,exterior,57_plaza-centris-plaza-centris_20160914044454_93937.jpg,uploaded,54226,57_plaza-centris-plaza-centris_20160914044454_93937.jpg,https://cdn-strapi.prod.99iddev.net/assets/57_plaza_centris_plaza_centris_20160914044454_93937_9e2f0f43cc.jpg,,
57-plaza-centris-plaza-centris-20160914044455-30065,Media Library/Office Venue/57-plaza-centris-plaza-centris-20160914044455-30065,1551,0,1,1,exterior/57_plaza-centris-plaza-centris_20160914044455_30065.jpg,exterior,57_plaza-centris-plaza-centris_20160914044455_30065.jpg,uploaded,54227,57_plaza-centris-plaza-centris_20160914044455_30065.jpg,https://cdn-strapi.prod.99iddev.net/assets/57_plaza_centris_plaza_centris_20160914044455_30065_c7663158f9.jpg,,
57-plaza-centris-plaza-centris-20160914044455-61542,Media Library/Office Venue/57-plaza-centris-plaza-centris-20160914044455-61542,1552,0,1,1,exterior/57_plaza-centris-plaza-centris_20160914044455_61542.jpg,exterior,57_plaza-centris-plaza-centris_20160914044455_61542.jpg,uploaded,54228,57_plaza-centris-plaza-centris_20160914044455_61542.jpg,https://cdn-strapi.prod.99iddev.net/assets/57_plaza_centris_plaza_centris_20160914044455_61542_8f8c2c7ff0.jpg,,
57-plaza-centris-plaza-centris-20160914044455-90762,Media Library/Office Venue/57-plaza-centris-plaza-centris-20160914044455-90762,1553,0,1,1,exterior/57_plaza-centris-plaza-centris_20160914044455_90762.jpg,exterior,57_plaza-centris-plaza-centris_20160914044455_90762.jpg,uploaded,54229,57_plaza-centris-plaza-centris_20160914044455_90762.jpg,https://cdn-strapi.prod.99iddev.net/assets/57_plaza_centris_plaza_centris_20160914044455_90762_e6b521f9a6.jpg,,
59-plaza-kuningan-plaza-kuningan-south-tower-20160914044457-22071,Media Library/Office Venue/59-plaza-kuningan-plaza-kuningan-south-tower-20160914044457-22071,1554,0,1,1,exterior/59_plaza-kuningan-plaza-kuningan-south-tower_20160914044457_22071.jpg,exterior,59_plaza-kuningan-plaza-kuningan-south-tower_20160914044457_22071.jpg,uploaded,54230,59_plaza-kuningan-plaza-kuningan-south-tower_20160914044457_22071.jpg,https://cdn-strapi.prod.99iddev.net/assets/59_plaza_kuningan_plaza_kuningan_south_tower_20160914044457_22071_a49ee63ce0.jpg,,
59-plaza-kuningan-plaza-kuningan-south-tower-20160914044457-44703,Media Library/Office Venue/59-plaza-kuningan-plaza-kuningan-south-tower-20160914044457-44703,1555,0,1,1,exterior/59_plaza-kuningan-plaza-kuningan-south-tower_20160914044457_44703.jpg,exterior,59_plaza-kuningan-plaza-kuningan-south-tower_20160914044457_44703.jpg,uploaded,54231,59_plaza-kuningan-plaza-kuningan-south-tower_20160914044457_44703.jpg,https://cdn-strapi.prod.99iddev.net/assets/59_plaza_kuningan_plaza_kuningan_south_tower_20160914044457_44703_47ed2aa2af.jpg,,
59-plaza-kuningan-plaza-kuningan-south-tower-20170314090654-50117,Media Library/Office Venue/59-plaza-kuningan-plaza-kuningan-south-tower-20170314090654-50117,1556,0,1,1,interior/59_plaza-kuningan-plaza-kuningan-south-tower_20170314090654_50117.jpg,interior,59_plaza-kuningan-plaza-kuningan-south-tower_20170314090654_50117.jpg,uploaded,54232,59_plaza-kuningan-plaza-kuningan-south-tower_20170314090654_50117.jpg,https://cdn-strapi.prod.99iddev.net/assets/59_plaza_kuningan_plaza_kuningan_south_tower_20170314090654_50117_f2621a85bd.jpg,,
59-plaza-kuningan-plaza-kuningan-south-tower-20170314090655-17242,Media Library/Office Venue/59-plaza-kuningan-plaza-kuningan-south-tower-20170314090655-17242,1557,0,1,1,interior/59_plaza-kuningan-plaza-kuningan-south-tower_20170314090655_17242.jpg,interior,59_plaza-kuningan-plaza-kuningan-south-tower_20170314090655_17242.jpg,uploaded,54233,59_plaza-kuningan-plaza-kuningan-south-tower_20170314090655_17242.jpg,https://cdn-strapi.prod.99iddev.net/assets/59_plaza_kuningan_plaza_kuningan_south_tower_20170314090655_17242_251187a12f.jpg,,
59-plaza-kuningan-plaza-kuningan-south-tower-20170314090656-69812,Media Library/Office Venue/59-plaza-kuningan-plaza-kuningan-south-tower-20170314090656-69812,1558,0,1,1,interior/59_plaza-kuningan-plaza-kuningan-south-tower_20170314090656_69812.jpg,interior,59_plaza-kuningan-plaza-kuningan-south-tower_20170314090656_69812.jpg,uploaded,54234,59_plaza-kuningan-plaza-kuningan-south-tower_20170314090656_69812.jpg,https://cdn-strapi.prod.99iddev.net/assets/59_plaza_kuningan_plaza_kuningan_south_tower_20170314090656_69812_9bc9238200.jpg,,
59-plaza-kuningan-plaza-kuningan-south-tower-20170314090656-81414,Media Library/Office Venue/59-plaza-kuningan-plaza-kuningan-south-tower-20170314090656-81414,1559,0,1,1,interior/59_plaza-kuningan-plaza-kuningan-south-tower_20170314090656_81414.jpg,interior,59_plaza-kuningan-plaza-kuningan-south-tower_20170314090656_81414.jpg,uploaded,54235,59_plaza-kuningan-plaza-kuningan-south-tower_20170314090656_81414.jpg,https://cdn-strapi.prod.99iddev.net/assets/59_plaza_kuningan_plaza_kuningan_south_tower_20170314090656_81414_c47c958625.jpg,,
59-plaza-kuningan-plaza-kuningan-south-tower-20170314090657-75629,Media Library/Office Venue/59-plaza-kuningan-plaza-kuningan-south-tower-20170314090657-75629,1560,0,1,1,interior/59_plaza-kuningan-plaza-kuningan-south-tower_20170314090657_75629.jpg,interior,59_plaza-kuningan-plaza-kuningan-south-tower_20170314090657_75629.jpg,uploaded,54236,59_plaza-kuningan-plaza-kuningan-south-tower_20170314090657_75629.jpg,https://cdn-strapi.prod.99iddev.net/assets/59_plaza_kuningan_plaza_kuningan_south_tower_20170314090657_75629_7310d08af0.jpg,,
59-plaza-kuningan-plaza-kuningan-south-tower-20170314090657-76146,Media Library/Office Venue/59-plaza-kuningan-plaza-kuningan-south-tower-20170314090657-76146,1561,0,1,1,interior/59_plaza-kuningan-plaza-kuningan-south-tower_20170314090657_76146.jpg,interior,59_plaza-kuningan-plaza-kuningan-south-tower_20170314090657_76146.jpg,uploaded,54237,59_plaza-kuningan-plaza-kuningan-south-tower_20170314090657_76146.jpg,https://cdn-strapi.prod.99iddev.net/assets/59_plaza_kuningan_plaza_kuningan_south_tower_20170314090657_76146_cf2505730d.jpg,,
59-plaza-kuningan-plaza-kuningan-south-tower-20170314090657-94963,Media Library/Office Venue/59-plaza-kuningan-plaza-kuningan-south-tower-20170314090657-94963,1562,0,1,1,interior/59_plaza-kuningan-plaza-kuningan-south-tower_20170314090657_94963.jpg,interior,59_plaza-kuningan-plaza-kuningan-south-tower_20170314090657_94963.jpg,uploaded,54238,59_plaza-kuningan-plaza-kuningan-south-tower_20170314090657_94963.jpg,https://cdn-strapi.prod.99iddev.net/assets/59_plaza_kuningan_plaza_kuningan_south_tower_20170314090657_94963_2bdf489a0c.jpg,,
59-plaza-kuningan-plaza-kuningan-south-tower-20170314090658-17185,Media Library/Office Venue/59-plaza-kuningan-plaza-kuningan-south-tower-20170314090658-17185,1563,0,1,1,interior/59_plaza-kuningan-plaza-kuningan-south-tower_20170314090658_17185.jpg,interior,59_plaza-kuningan-plaza-kuningan-south-tower_20170314090658_17185.jpg,uploaded,54239,59_plaza-kuningan-plaza-kuningan-south-tower_20170314090658_17185.jpg,https://cdn-strapi.prod.99iddev.net/assets/59_plaza_kuningan_plaza_kuningan_south_tower_20170314090658_17185_eaa707f391.jpg,,
59-plaza-kuningan-plaza-kuningan-south-tower-20170314090658-92556,Media Library/Office Venue/59-plaza-kuningan-plaza-kuningan-south-tower-20170314090658-92556,1564,0,1,1,interior/59_plaza-kuningan-plaza-kuningan-south-tower_20170314090658_92556.jpg,interior,59_plaza-kuningan-plaza-kuningan-south-tower_20170314090658_92556.jpg,uploaded,54240,59_plaza-kuningan-plaza-kuningan-south-tower_20170314090658_92556.jpg,https://cdn-strapi.prod.99iddev.net/assets/59_plaza_kuningan_plaza_kuningan_south_tower_20170314090658_92556_bf887a66df.jpg,,
59-plaza-kuningan-plaza-kuningan-south-tower-20170314090659-37201,Media Library/Office Venue/59-plaza-kuningan-plaza-kuningan-south-tower-20170314090659-37201,1565,0,1,1,interior/59_plaza-kuningan-plaza-kuningan-south-tower_20170314090659_37201.jpg,interior,59_plaza-kuningan-plaza-kuningan-south-tower_20170314090659_37201.jpg,uploaded,54241,59_plaza-kuningan-plaza-kuningan-south-tower_20170314090659_37201.jpg,https://cdn-strapi.prod.99iddev.net/assets/59_plaza_kuningan_plaza_kuningan_south_tower_20170314090659_37201_55ddd75392.jpg,,
59-plaza-kuningan-plaza-kuningan-south-tower-20170314090659-68827,Media Library/Office Venue/59-plaza-kuningan-plaza-kuningan-south-tower-20170314090659-68827,1566,0,1,1,interior/59_plaza-kuningan-plaza-kuningan-south-tower_20170314090659_68827.jpg,interior,59_plaza-kuningan-plaza-kuningan-south-tower_20170314090659_68827.jpg,uploaded,54242,59_plaza-kuningan-plaza-kuningan-south-tower_20170314090659_68827.jpg,https://cdn-strapi.prod.99iddev.net/assets/59_plaza_kuningan_plaza_kuningan_south_tower_20170314090659_68827_54e930a3f8.jpg,,
59-plaza-kuningan-plaza-kuningan-south-tower-20170314090659-79730,Media Library/Office Venue/59-plaza-kuningan-plaza-kuningan-south-tower-20170314090659-79730,1567,0,1,1,interior/59_plaza-kuningan-plaza-kuningan-south-tower_20170314090659_79730.jpg,interior,59_plaza-kuningan-plaza-kuningan-south-tower_20170314090659_79730.jpg,uploaded,54243,59_plaza-kuningan-plaza-kuningan-south-tower_20170314090659_79730.jpg,https://cdn-strapi.prod.99iddev.net/assets/59_plaza_kuningan_plaza_kuningan_south_tower_20170314090659_79730_da12891325.jpg,,
59-plaza-kuningan-plaza-kuningan-south-tower-20170314090700-33365,Media Library/Office Venue/59-plaza-kuningan-plaza-kuningan-south-tower-20170314090700-33365,1568,0,1,1,interior/59_plaza-kuningan-plaza-kuningan-south-tower_20170314090700_33365.jpg,interior,59_plaza-kuningan-plaza-kuningan-south-tower_20170314090700_33365.jpg,uploaded,54244,59_plaza-kuningan-plaza-kuningan-south-tower_20170314090700_33365.jpg,https://cdn-strapi.prod.99iddev.net/assets/59_plaza_kuningan_plaza_kuningan_south_tower_20170314090700_33365_37c7f5ca24.jpg,,
69-menara-btpn-menara-btpn-20160914044201-71711,Media Library/Office Venue/69-menara-btpn-menara-btpn-20160914044201-71711,1569,0,1,1,exterior/69_menara-btpn-menara-btpn_20160914044201_71711.jpg,exterior,69_menara-btpn-menara-btpn_20160914044201_71711.jpg,uploaded,54245,69_menara-btpn-menara-btpn_20160914044201_71711.jpg,https://cdn-strapi.prod.99iddev.net/assets/69_menara_btpn_menara_btpn_20160914044201_71711_427d1026c9.jpg,,
69-menara-btpn-menara-btpn-20160914044202-21613,Media Library/Office Venue/69-menara-btpn-menara-btpn-20160914044202-21613,1570,0,1,1,exterior/69_menara-btpn-menara-btpn_20160914044202_21613.jpg,exterior,69_menara-btpn-menara-btpn_20160914044202_21613.jpg,uploaded,54246,69_menara-btpn-menara-btpn_20160914044202_21613.jpg,https://cdn-strapi.prod.99iddev.net/assets/69_menara_btpn_menara_btpn_20160914044202_21613_34aa596e5a.jpg,,
69-menara-btpn-menara-btpn-20160914044203-40172,Media Library/Office Venue/69-menara-btpn-menara-btpn-20160914044203-40172,1571,0,1,1,exterior/69_menara-btpn-menara-btpn_20160914044203_40172.jpg,exterior,69_menara-btpn-menara-btpn_20160914044203_40172.jpg,uploaded,54247,69_menara-btpn-menara-btpn_20160914044203_40172.jpg,https://cdn-strapi.prod.99iddev.net/assets/69_menara_btpn_menara_btpn_20160914044203_40172_dfbfc262c7.jpg,,
69-menara-btpn-menara-btpn-20160914044204-91132,Media Library/Office Venue/69-menara-btpn-menara-btpn-20160914044204-91132,1572,0,1,1,exterior/69_menara-btpn-menara-btpn_20160914044204_91132.jpg,exterior,69_menara-btpn-menara-btpn_20160914044204_91132.jpg,uploaded,54248,69_menara-btpn-menara-btpn_20160914044204_91132.jpg,https://cdn-strapi.prod.99iddev.net/assets/69_menara_btpn_menara_btpn_20160914044204_91132_122eec4d11.jpg,,
69-menara-btpn-menara-btpn-20170316041416-34241,Media Library/Office Venue/69-menara-btpn-menara-btpn-20170316041416-34241,1573,0,1,1,floorplan/69_menara-btpn-menara-btpn_20170316041416_34241.jpg,floorplan,69_menara-btpn-menara-btpn_20170316041416_34241.jpg,uploaded,54249,69_menara-btpn-menara-btpn_20170316041416_34241.jpg,https://cdn-strapi.prod.99iddev.net/assets/69_menara_btpn_menara_btpn_20170316041416_34241_964b1e6ef7.jpg,,
69-menara-btpn-menara-btpn-20170316041417-32838,Media Library/Office Venue/69-menara-btpn-menara-btpn-20170316041417-32838,1574,0,1,1,floorplan/69_menara-btpn-menara-btpn_20170316041417_32838.jpg,floorplan,69_menara-btpn-menara-btpn_20170316041417_32838.jpg,uploaded,54250,69_menara-btpn-menara-btpn_20170316041417_32838.jpg,https://cdn-strapi.prod.99iddev.net/assets/69_menara_btpn_menara_btpn_20170316041417_32838_c897b56971.jpg,,
69-menara-btpn-menara-btpn-20170316041418-44214,Media Library/Office Venue/69-menara-btpn-menara-btpn-20170316041418-44214,1575,0,1,1,floorplan/69_menara-btpn-menara-btpn_20170316041418_44214.jpg,floorplan,69_menara-btpn-menara-btpn_20170316041418_44214.jpg,uploaded,54251,69_menara-btpn-menara-btpn_20170316041418_44214.jpg,https://cdn-strapi.prod.99iddev.net/assets/69_menara_btpn_menara_btpn_20170316041418_44214_4760cc8fdb.jpg,,
69-menara-btpn-menara-btpn-20170331101532-21455,Media Library/Office Venue/69-menara-btpn-menara-btpn-20170331101532-21455,1576,0,1,1,interior/69_menara-btpn-menara-btpn_20170331101532_21455.jpg,interior,69_menara-btpn-menara-btpn_20170331101532_21455.jpg,uploaded,54252,69_menara-btpn-menara-btpn_20170331101532_21455.jpg,https://cdn-strapi.prod.99iddev.net/assets/69_menara_btpn_menara_btpn_20170331101532_21455_6c88bd27bb.jpg,,
69-menara-btpn-menara-btpn-20170331101533-13731,Media Library/Office Venue/69-menara-btpn-menara-btpn-20170331101533-13731,1577,0,1,1,interior/69_menara-btpn-menara-btpn_20170331101533_13731.jpg,interior,69_menara-btpn-menara-btpn_20170331101533_13731.jpg,uploaded,54253,69_menara-btpn-menara-btpn_20170331101533_13731.jpg,https://cdn-strapi.prod.99iddev.net/assets/69_menara_btpn_menara_btpn_20170331101533_13731_009c0ee317.jpg,,
69-menara-btpn-menara-btpn-20170331101533-64073,Media Library/Office Venue/69-menara-btpn-menara-btpn-20170331101533-64073,1578,0,1,1,interior/69_menara-btpn-menara-btpn_20170331101533_64073.jpg,interior,69_menara-btpn-menara-btpn_20170331101533_64073.jpg,uploaded,54254,69_menara-btpn-menara-btpn_20170331101533_64073.jpg,https://cdn-strapi.prod.99iddev.net/assets/69_menara_btpn_menara_btpn_20170331101533_64073_77a84c1177.jpg,,
69-menara-btpn-menara-btpn-20170331101534-44031,Media Library/Office Venue/69-menara-btpn-menara-btpn-20170331101534-44031,1579,0,1,1,interior/69_menara-btpn-menara-btpn_20170331101534_44031.jpg,interior,69_menara-btpn-menara-btpn_20170331101534_44031.jpg,uploaded,54255,69_menara-btpn-menara-btpn_20170331101534_44031.jpg,https://cdn-strapi.prod.99iddev.net/assets/69_menara_btpn_menara_btpn_20170331101534_44031_2c317fbfb9.jpg,,
69-menara-btpn-menara-btpn-20170331101534-86438,Media Library/Office Venue/69-menara-btpn-menara-btpn-20170331101534-86438,1580,0,1,1,interior/69_menara-btpn-menara-btpn_20170331101534_86438.jpg,interior,69_menara-btpn-menara-btpn_20170331101534_86438.jpg,uploaded,54256,69_menara-btpn-menara-btpn_20170331101534_86438.jpg,https://cdn-strapi.prod.99iddev.net/assets/69_menara_btpn_menara_btpn_20170331101534_86438_fa44e0a0dc.jpg,,
69-menara-btpn-menara-btpn-20170331101535-56005,Media Library/Office Venue/69-menara-btpn-menara-btpn-20170331101535-56005,1581,0,1,1,interior/69_menara-btpn-menara-btpn_20170331101535_56005.jpg,interior,69_menara-btpn-menara-btpn_20170331101535_56005.jpg,uploaded,54257,69_menara-btpn-menara-btpn_20170331101535_56005.jpg,https://cdn-strapi.prod.99iddev.net/assets/69_menara_btpn_menara_btpn_20170331101535_56005_f580892419.jpg,,
69-menara-btpn-menara-btpn-20170331101535-56881,Media Library/Office Venue/69-menara-btpn-menara-btpn-20170331101535-56881,1582,0,1,1,interior/69_menara-btpn-menara-btpn_20170331101535_56881.jpg,interior,69_menara-btpn-menara-btpn_20170331101535_56881.jpg,uploaded,54258,69_menara-btpn-menara-btpn_20170331101535_56881.jpg,https://cdn-strapi.prod.99iddev.net/assets/69_menara_btpn_menara_btpn_20170331101535_56881_96b8570414.jpg,,
69-menara-btpn-menara-btpn-20170331101535-72029,Media Library/Office Venue/69-menara-btpn-menara-btpn-20170331101535-72029,1583,0,1,1,interior/69_menara-btpn-menara-btpn_20170331101535_72029.jpg,interior,69_menara-btpn-menara-btpn_20170331101535_72029.jpg,uploaded,54259,69_menara-btpn-menara-btpn_20170331101535_72029.jpg,https://cdn-strapi.prod.99iddev.net/assets/69_menara_btpn_menara_btpn_20170331101535_72029_b6569776d4.jpg,,
69-menara-btpn-menara-btpn-20170331101535-99341,Media Library/Office Venue/69-menara-btpn-menara-btpn-20170331101535-99341,1584,0,1,1,interior/69_menara-btpn-menara-btpn_20170331101535_99341.jpg,interior,69_menara-btpn-menara-btpn_20170331101535_99341.jpg,uploaded,54260,69_menara-btpn-menara-btpn_20170331101535_99341.jpg,https://cdn-strapi.prod.99iddev.net/assets/69_menara_btpn_menara_btpn_20170331101535_99341_9189a0f1fa.jpg,,
69-menara-btpn-menara-btpn-20170331101536-18268,Media Library/Office Venue/69-menara-btpn-menara-btpn-20170331101536-18268,1585,0,1,1,interior/69_menara-btpn-menara-btpn_20170331101536_18268.jpg,interior,69_menara-btpn-menara-btpn_20170331101536_18268.jpg,uploaded,54261,69_menara-btpn-menara-btpn_20170331101536_18268.jpg,https://cdn-strapi.prod.99iddev.net/assets/69_menara_btpn_menara_btpn_20170331101536_18268_2cebff23e2.jpg,,
69-menara-btpn-menara-btpn-20170331101536-91204,Media Library/Office Venue/69-menara-btpn-menara-btpn-20170331101536-91204,1586,0,1,1,interior/69_menara-btpn-menara-btpn_20170331101536_91204.jpg,interior,69_menara-btpn-menara-btpn_20170331101536_91204.jpg,uploaded,54262,69_menara-btpn-menara-btpn_20170331101536_91204.jpg,https://cdn-strapi.prod.99iddev.net/assets/69_menara_btpn_menara_btpn_20170331101536_91204_9d8c8684b6.jpg,,
69-menara-btpn-menara-btpn-20170411092946-35061,Media Library/Office Venue/69-menara-btpn-menara-btpn-20170411092946-35061,1587,0,1,1,interior/69_menara-btpn-menara-btpn_20170411092946_35061.jpg,interior,69_menara-btpn-menara-btpn_20170411092946_35061.jpg,uploaded,54263,69_menara-btpn-menara-btpn_20170411092946_35061.jpg,https://cdn-strapi.prod.99iddev.net/assets/69_menara_btpn_menara_btpn_20170411092946_35061_b35eb359cf.jpg,,
69-menara-btpn-menara-btpn-20170411092953-72176,Media Library/Office Venue/69-menara-btpn-menara-btpn-20170411092953-72176,1588,0,1,1,interior/69_menara-btpn-menara-btpn_20170411092953_72176.jpg,interior,69_menara-btpn-menara-btpn_20170411092953_72176.jpg,uploaded,54264,69_menara-btpn-menara-btpn_20170411092953_72176.jpg,https://cdn-strapi.prod.99iddev.net/assets/69_menara_btpn_menara_btpn_20170411092953_72176_a26060acd1.jpg,,
69-menara-btpn-menara-btpn-20170411093000-96527,Media Library/Office Venue/69-menara-btpn-menara-btpn-20170411093000-96527,1589,0,1,1,interior/69_menara-btpn-menara-btpn_20170411093000_96527.jpg,interior,69_menara-btpn-menara-btpn_20170411093000_96527.jpg,uploaded,54265,69_menara-btpn-menara-btpn_20170411093000_96527.jpg,https://cdn-strapi.prod.99iddev.net/assets/69_menara_btpn_menara_btpn_20170411093000_96527_919b2a5b43.jpg,,
69-menara-btpn-menara-btpn-20170411093014-41193,Media Library/Office Venue/69-menara-btpn-menara-btpn-20170411093014-41193,1590,0,1,1,interior/69_menara-btpn-menara-btpn_20170411093014_41193.jpg,interior,69_menara-btpn-menara-btpn_20170411093014_41193.jpg,uploaded,54266,69_menara-btpn-menara-btpn_20170411093014_41193.jpg,https://cdn-strapi.prod.99iddev.net/assets/69_menara_btpn_menara_btpn_20170411093014_41193_09f401cf3c.jpg,,
69-menara-btpn-menara-btpn-20170411093025-92281,Media Library/Office Venue/69-menara-btpn-menara-btpn-20170411093025-92281,1591,0,1,1,interior/69_menara-btpn-menara-btpn_20170411093025_92281.jpg,interior,69_menara-btpn-menara-btpn_20170411093025_92281.jpg,uploaded,54267,69_menara-btpn-menara-btpn_20170411093025_92281.jpg,https://cdn-strapi.prod.99iddev.net/assets/69_menara_btpn_menara_btpn_20170411093025_92281_bfad42c5e2.jpg,,
70-menara-dea-menara-dea-i-20160914065147-90128,Media Library/Office Venue/70-menara-dea-menara-dea-i-20160914065147-90128,1592,0,1,1,exterior/70_menara-dea-menara-dea-i_20160914065147_90128.jpg,exterior,70_menara-dea-menara-dea-i_20160914065147_90128.jpg,uploaded,54268,70_menara-dea-menara-dea-i_20160914065147_90128.jpg,https://cdn-strapi.prod.99iddev.net/assets/70_menara_dea_menara_dea_i_20160914065147_90128_26d63deb1c.jpg,,
70-menara-dea-menara-dea-i-20160914065148-24673,Media Library/Office Venue/70-menara-dea-menara-dea-i-20160914065148-24673,1593,0,1,1,exterior/70_menara-dea-menara-dea-i_20160914065148_24673.jpg,exterior,70_menara-dea-menara-dea-i_20160914065148_24673.jpg,uploaded,54269,70_menara-dea-menara-dea-i_20160914065148_24673.jpg,https://cdn-strapi.prod.99iddev.net/assets/70_menara_dea_menara_dea_i_20160914065148_24673_503ce7346d.jpg,,
70-menara-dea-menara-dea-i-20160914065148-30477,Media Library/Office Venue/70-menara-dea-menara-dea-i-20160914065148-30477,1594,0,1,1,exterior/70_menara-dea-menara-dea-i_20160914065148_30477.jpg,exterior,70_menara-dea-menara-dea-i_20160914065148_30477.jpg,uploaded,54270,70_menara-dea-menara-dea-i_20160914065148_30477.jpg,https://cdn-strapi.prod.99iddev.net/assets/70_menara_dea_menara_dea_i_20160914065148_30477_fd980a05d7.jpg,,
70-menara-dea-menara-dea-i-20160914065149-94668,Media Library/Office Venue/70-menara-dea-menara-dea-i-20160914065149-94668,1595,0,1,1,exterior/70_menara-dea-menara-dea-i_20160914065149_94668.jpg,exterior,70_menara-dea-menara-dea-i_20160914065149_94668.jpg,uploaded,54271,70_menara-dea-menara-dea-i_20160914065149_94668.jpg,https://cdn-strapi.prod.99iddev.net/assets/70_menara_dea_menara_dea_i_20160914065149_94668_0d2bc8f673.jpg,,
70-menara-dea-menara-dea-i-20160914065150-46951,Media Library/Office Venue/70-menara-dea-menara-dea-i-20160914065150-46951,1596,0,1,1,exterior/70_menara-dea-menara-dea-i_20160914065150_46951.jpg,exterior,70_menara-dea-menara-dea-i_20160914065150_46951.jpg,uploaded,54272,70_menara-dea-menara-dea-i_20160914065150_46951.jpg,https://cdn-strapi.prod.99iddev.net/assets/70_menara_dea_menara_dea_i_20160914065150_46951_4171341e1d.jpg,,
70-menara-dea-menara-dea-i-20160914065150-70880,Media Library/Office Venue/70-menara-dea-menara-dea-i-20160914065150-70880,1597,0,1,1,exterior/70_menara-dea-menara-dea-i_20160914065150_70880.jpg,exterior,70_menara-dea-menara-dea-i_20160914065150_70880.jpg,uploaded,54273,70_menara-dea-menara-dea-i_20160914065150_70880.jpg,https://cdn-strapi.prod.99iddev.net/assets/70_menara_dea_menara_dea_i_20160914065150_70880_eef6e548b9.jpg,,
73-menara-prima-menara-prima-ii-20160914072030-47432,Media Library/Office Venue/73-menara-prima-menara-prima-ii-20160914072030-47432,1598,0,1,1,exterior/73_menara-prima-menara-prima-ii_20160914072030_47432.jpg,exterior,73_menara-prima-menara-prima-ii_20160914072030_47432.jpg,uploaded,54274,73_menara-prima-menara-prima-ii_20160914072030_47432.jpg,https://cdn-strapi.prod.99iddev.net/assets/73_menara_prima_menara_prima_ii_20160914072030_47432_1c26371422.jpg,,
73-menara-prima-menara-prima-ii-20160914072031-97445,Media Library/Office Venue/73-menara-prima-menara-prima-ii-20160914072031-97445,1599,0,1,1,exterior/73_menara-prima-menara-prima-ii_20160914072031_97445.jpg,exterior,73_menara-prima-menara-prima-ii_20160914072031_97445.jpg,uploaded,54275,73_menara-prima-menara-prima-ii_20160914072031_97445.jpg,https://cdn-strapi.prod.99iddev.net/assets/73_menara_prima_menara_prima_ii_20160914072031_97445_4d5c5b30ba.jpg,,
73-menara-prima-menara-prima-ii-20160914072033-43269,Media Library/Office Venue/73-menara-prima-menara-prima-ii-20160914072033-43269,1600,0,1,1,exterior/73_menara-prima-menara-prima-ii_20160914072033_43269.jpg,exterior,73_menara-prima-menara-prima-ii_20160914072033_43269.jpg,uploaded,54276,73_menara-prima-menara-prima-ii_20160914072033_43269.jpg,https://cdn-strapi.prod.99iddev.net/assets/73_menara_prima_menara_prima_ii_20160914072033_43269_a2ae051240.jpg,,
73-menara-prima-menara-prima-ii-20160914072033-92416,Media Library/Office Venue/73-menara-prima-menara-prima-ii-20160914072033-92416,1601,0,1,1,exterior/73_menara-prima-menara-prima-ii_20160914072033_92416.jpg,exterior,73_menara-prima-menara-prima-ii_20160914072033_92416.jpg,uploaded,54277,73_menara-prima-menara-prima-ii_20160914072033_92416.jpg,https://cdn-strapi.prod.99iddev.net/assets/73_menara_prima_menara_prima_ii_20160914072033_92416_4e4066df26.jpg,,
73-menara-prima-menara-prima-ii-20180130071736-67709,Media Library/Office Venue/73-menara-prima-menara-prima-ii-20180130071736-67709,1602,0,1,1,exterior/73_menara-prima-menara-prima-ii_20180130071736_67709.jpg,exterior,73_menara-prima-menara-prima-ii_20180130071736_67709.jpg,uploaded,54278,73_menara-prima-menara-prima-ii_20180130071736_67709.jpg,https://cdn-strapi.prod.99iddev.net/assets/73_menara_prima_menara_prima_ii_20180130071736_67709_4e88285e18.jpg,,
82-menara-standard-chartered-menara-standard-chartered-20160914044307-70975,Media Library/Office Venue/82-menara-standard-chartered-menara-standard-chartered-20160914044307-70975,1603,0,1,1,exterior/82_menara-standard-chartered-menara-standard-chartered_20160914044307_70975.jpg,exterior,82_menara-standard-chartered-menara-standard-chartered_20160914044307_70975.jpg,uploaded,54279,82_menara-standard-chartered-menara-standard-chartered_20160914044307_70975.jpg,https://cdn-strapi.prod.99iddev.net/assets/82_menara_standard_chartered_menara_standard_chartered_20160914044307_70975_e045073143.jpg,,
82-menara-standard-chartered-menara-standard-chartered-20160914044309-54210,Media Library/Office Venue/82-menara-standard-chartered-menara-standard-chartered-20160914044309-54210,1604,0,1,1,exterior/82_menara-standard-chartered-menara-standard-chartered_20160914044309_54210.jpg,exterior,82_menara-standard-chartered-menara-standard-chartered_20160914044309_54210.jpg,uploaded,54280,82_menara-standard-chartered-menara-standard-chartered_20160914044309_54210.jpg,https://cdn-strapi.prod.99iddev.net/assets/82_menara_standard_chartered_menara_standard_chartered_20160914044309_54210_17475f88a4.jpg,,
82-menara-standard-chartered-menara-standard-chartered-20160914044309-62823,Media Library/Office Venue/82-menara-standard-chartered-menara-standard-chartered-20160914044309-62823,1605,0,1,1,exterior/82_menara-standard-chartered-menara-standard-chartered_20160914044309_62823.jpg,exterior,82_menara-standard-chartered-menara-standard-chartered_20160914044309_62823.jpg,uploaded,54281,82_menara-standard-chartered-menara-standard-chartered_20160914044309_62823.jpg,https://cdn-strapi.prod.99iddev.net/assets/82_menara_standard_chartered_menara_standard_chartered_20160914044309_62823_581d650ec1.jpg,,
82-menara-standard-chartered-menara-standard-chartered-20160914044310-10384,Media Library/Office Venue/82-menara-standard-chartered-menara-standard-chartered-20160914044310-10384,1606,0,1,1,exterior/82_menara-standard-chartered-menara-standard-chartered_20160914044310_10384.jpg,exterior,82_menara-standard-chartered-menara-standard-chartered_20160914044310_10384.jpg,uploaded,54282,82_menara-standard-chartered-menara-standard-chartered_20160914044310_10384.jpg,https://cdn-strapi.prod.99iddev.net/assets/82_menara_standard_chartered_menara_standard_chartered_20160914044310_10384_466e2a89d9.jpg,,
82-menara-standard-chartered-menara-standard-chartered-20170314085915-59538,Media Library/Office Venue/82-menara-standard-chartered-menara-standard-chartered-20170314085915-59538,1607,0,1,1,interior/82_menara-standard-chartered-menara-standard-chartered_20170314085915_59538.jpg,interior,82_menara-standard-chartered-menara-standard-chartered_20170314085915_59538.jpg,uploaded,54283,82_menara-standard-chartered-menara-standard-chartered_20170314085915_59538.jpg,https://cdn-strapi.prod.99iddev.net/assets/82_menara_standard_chartered_menara_standard_chartered_20170314085915_59538_83a75cfa0d.jpg,,
82-menara-standard-chartered-menara-standard-chartered-20170314085916-83254,Media Library/Office Venue/82-menara-standard-chartered-menara-standard-chartered-20170314085916-83254,1608,0,1,1,interior/82_menara-standard-chartered-menara-standard-chartered_20170314085916_83254.jpg,interior,82_menara-standard-chartered-menara-standard-chartered_20170314085916_83254.jpg,uploaded,54284,82_menara-standard-chartered-menara-standard-chartered_20170314085916_83254.jpg,https://cdn-strapi.prod.99iddev.net/assets/82_menara_standard_chartered_menara_standard_chartered_20170314085916_83254_96ad506ca5.jpg,,
82-menara-standard-chartered-menara-standard-chartered-20170314085917-12716,Media Library/Office Venue/82-menara-standard-chartered-menara-standard-chartered-20170314085917-12716,1609,0,1,1,interior/82_menara-standard-chartered-menara-standard-chartered_20170314085917_12716.jpg,interior,82_menara-standard-chartered-menara-standard-chartered_20170314085917_12716.jpg,uploaded,54285,82_menara-standard-chartered-menara-standard-chartered_20170314085917_12716.jpg,https://cdn-strapi.prod.99iddev.net/assets/82_menara_standard_chartered_menara_standard_chartered_20170314085917_12716_a907d93200.jpg,,
82-menara-standard-chartered-menara-standard-chartered-20170314085917-38752,Media Library/Office Venue/82-menara-standard-chartered-menara-standard-chartered-20170314085917-38752,1610,0,1,1,interior/82_menara-standard-chartered-menara-standard-chartered_20170314085917_38752.jpg,interior,82_menara-standard-chartered-menara-standard-chartered_20170314085917_38752.jpg,uploaded,54286,82_menara-standard-chartered-menara-standard-chartered_20170314085917_38752.jpg,https://cdn-strapi.prod.99iddev.net/assets/82_menara_standard_chartered_menara_standard_chartered_20170314085917_38752_ca5bf1db42.jpg,,
82-menara-standard-chartered-menara-standard-chartered-20170314085918-58555,Media Library/Office Venue/82-menara-standard-chartered-menara-standard-chartered-20170314085918-58555,1611,0,1,1,interior/82_menara-standard-chartered-menara-standard-chartered_20170314085918_58555.jpg,interior,82_menara-standard-chartered-menara-standard-chartered_20170314085918_58555.jpg,uploaded,54287,82_menara-standard-chartered-menara-standard-chartered_20170314085918_58555.jpg,https://cdn-strapi.prod.99iddev.net/assets/82_menara_standard_chartered_menara_standard_chartered_20170314085918_58555_924303cdbf.jpg,,
82-menara-standard-chartered-menara-standard-chartered-20170314085919-76061,Media Library/Office Venue/82-menara-standard-chartered-menara-standard-chartered-20170314085919-76061,1612,0,1,1,interior/82_menara-standard-chartered-menara-standard-chartered_20170314085919_76061.jpg,interior,82_menara-standard-chartered-menara-standard-chartered_20170314085919_76061.jpg,uploaded,54288,82_menara-standard-chartered-menara-standard-chartered_20170314085919_76061.jpg,https://cdn-strapi.prod.99iddev.net/assets/82_menara_standard_chartered_menara_standard_chartered_20170314085919_76061_163741db69.jpg,,
82-menara-standard-chartered-menara-standard-chartered-20170314085920-69319,Media Library/Office Venue/82-menara-standard-chartered-menara-standard-chartered-20170314085920-69319,1613,0,1,1,interior/82_menara-standard-chartered-menara-standard-chartered_20170314085920_69319.jpg,interior,82_menara-standard-chartered-menara-standard-chartered_20170314085920_69319.jpg,uploaded,54289,82_menara-standard-chartered-menara-standard-chartered_20170314085920_69319.jpg,https://cdn-strapi.prod.99iddev.net/assets/82_menara_standard_chartered_menara_standard_chartered_20170314085920_69319_d7d78257f7.jpg,,
82-menara-standard-chartered-menara-standard-chartered-20170314085920-72071,Media Library/Office Venue/82-menara-standard-chartered-menara-standard-chartered-20170314085920-72071,1614,0,1,1,interior/82_menara-standard-chartered-menara-standard-chartered_20170314085920_72071.jpg,interior,82_menara-standard-chartered-menara-standard-chartered_20170314085920_72071.jpg,uploaded,54290,82_menara-standard-chartered-menara-standard-chartered_20170314085920_72071.jpg,https://cdn-strapi.prod.99iddev.net/assets/82_menara_standard_chartered_menara_standard_chartered_20170314085920_72071_9be89758e6.jpg,,
82-menara-standard-chartered-menara-standard-chartered-20170314085920-85930,Media Library/Office Venue/82-menara-standard-chartered-menara-standard-chartered-20170314085920-85930,1615,0,1,1,interior/82_menara-standard-chartered-menara-standard-chartered_20170314085920_85930.jpg,interior,82_menara-standard-chartered-menara-standard-chartered_20170314085920_85930.jpg,uploaded,54291,82_menara-standard-chartered-menara-standard-chartered_20170314085920_85930.jpg,https://cdn-strapi.prod.99iddev.net/assets/82_menara_standard_chartered_menara_standard_chartered_20170314085920_85930_5d95aaa67a.jpg,,
82-menara-standard-chartered-menara-standard-chartered-20170314085920-94084,Media Library/Office Venue/82-menara-standard-chartered-menara-standard-chartered-20170314085920-94084,1616,0,1,1,interior/82_menara-standard-chartered-menara-standard-chartered_20170314085920_94084.jpg,interior,82_menara-standard-chartered-menara-standard-chartered_20170314085920_94084.jpg,uploaded,54292,82_menara-standard-chartered-menara-standard-chartered_20170314085920_94084.jpg,https://cdn-strapi.prod.99iddev.net/assets/82_menara_standard_chartered_menara_standard_chartered_20170314085920_94084_9aab6adc13.jpg,,
82-menara-standard-chartered-menara-standard-chartered-20170314085921-46219,Media Library/Office Venue/82-menara-standard-chartered-menara-standard-chartered-20170314085921-46219,1617,0,1,1,interior/82_menara-standard-chartered-menara-standard-chartered_20170314085921_46219.jpg,interior,82_menara-standard-chartered-menara-standard-chartered_20170314085921_46219.jpg,uploaded,54293,82_menara-standard-chartered-menara-standard-chartered_20170314085921_46219.jpg,https://cdn-strapi.prod.99iddev.net/assets/82_menara_standard_chartered_menara_standard_chartered_20170314085921_46219_065d6e4c61.jpg,,
82-menara-standard-chartered-menara-standard-chartered-20170314085921-60341,Media Library/Office Venue/82-menara-standard-chartered-menara-standard-chartered-20170314085921-60341,1618,0,1,1,interior/82_menara-standard-chartered-menara-standard-chartered_20170314085921_60341.jpg,interior,82_menara-standard-chartered-menara-standard-chartered_20170314085921_60341.jpg,uploaded,54294,82_menara-standard-chartered-menara-standard-chartered_20170314085921_60341.jpg,https://cdn-strapi.prod.99iddev.net/assets/82_menara_standard_chartered_menara_standard_chartered_20170314085921_60341_3d5585b9c1.jpg,,
82-menara-standard-chartered-menara-standard-chartered-20170314085921-81838,Media Library/Office Venue/82-menara-standard-chartered-menara-standard-chartered-20170314085921-81838,1619,0,1,1,interior/82_menara-standard-chartered-menara-standard-chartered_20170314085921_81838.jpg,interior,82_menara-standard-chartered-menara-standard-chartered_20170314085921_81838.jpg,uploaded,54295,82_menara-standard-chartered-menara-standard-chartered_20170314085921_81838.jpg,https://cdn-strapi.prod.99iddev.net/assets/82_menara_standard_chartered_menara_standard_chartered_20170314085921_81838_9152e701b8.jpg,,
82-menara-standard-chartered-menara-standard-chartered-20170314085921-86277,Media Library/Office Venue/82-menara-standard-chartered-menara-standard-chartered-20170314085921-86277,1620,0,1,1,interior/82_menara-standard-chartered-menara-standard-chartered_20170314085921_86277.jpg,interior,82_menara-standard-chartered-menara-standard-chartered_20170314085921_86277.jpg,uploaded,54296,82_menara-standard-chartered-menara-standard-chartered_20170314085921_86277.jpg,https://cdn-strapi.prod.99iddev.net/assets/82_menara_standard_chartered_menara_standard_chartered_20170314085921_86277_54f2b5119a.jpg,,
82-menara-standard-chartered-menara-standard-chartered-20170314085919964,Media Library/Office Venue/82-menara-standard-chartered-menara-standard-chartered-20170314085919964,1621,0,1,1,interior/82_menara-standard-chartered-menara-standard-chartered_20170314085919_29964.jpg,interior,82_menara-standard-chartered-menara-standard-chartered_20170314085919_29964.jpg,uploaded,54297,82_menara-standard-chartered-menara-standard-chartered_20170314085919_29964.jpg,https://cdn-strapi.prod.99iddev.net/assets/82_menara_standard_chartered_menara_standard_chartered_20170314085919_29964_1e4fd3930c.jpg,,
82-menara-standard-chartered-menara-standard-chartered-20170314085921472,Media Library/Office Venue/82-menara-standard-chartered-menara-standard-chartered-20170314085921472,1622,0,1,1,interior/82_menara-standard-chartered-menara-standard-chartered_20170314085921_28472.jpg,interior,82_menara-standard-chartered-menara-standard-chartered_20170314085921_28472.jpg,uploaded,54298,82_menara-standard-chartered-menara-standard-chartered_20170314085921_28472.jpg,https://cdn-strapi.prod.99iddev.net/assets/82_menara_standard_chartered_menara_standard_chartered_20170314085921_28472_005b69cd6c.jpg,,
84-rdtx-tower-ex-menara-bank-danamon-mega-kuningan-rdtx-tower-20160914044513-11625,Media Library/Office Venue/84-rdtx-tower-ex-menara-bank-danamon-mega-kuningan-rdtx-tower-20160914044513-11625,1623,0,1,1,exterior/84_rdtx-tower-ex-menara-bank-danamon-mega-kuningan-rdtx-tower_20160914044513_11625.jpg,exterior,84_rdtx-tower-ex-menara-bank-danamon-mega-kuningan-rdtx-tower_20160914044513_11625.jpg,uploaded,54299,84_rdtx-tower-ex-menara-bank-danamon-mega-kuningan-rdtx-tower_20160914044513_11625.jpg,https://cdn-strapi.prod.99iddev.net/assets/84_rdtx_tower_ex_menara_bank_danamon_mega_kuningan_rdtx_tower_20160914044513_11625_236e3b0247.jpg,,
84-rdtx-tower-ex-menara-bank-danamon-mega-kuningan-rdtx-tower-20160914044515-60913,Media Library/Office Venue/84-rdtx-tower-ex-menara-bank-danamon-mega-kuningan-rdtx-tower-20160914044515-60913,1624,0,1,1,exterior/84_rdtx-tower-ex-menara-bank-danamon-mega-kuningan-rdtx-tower_20160914044515_60913.jpg,exterior,84_rdtx-tower-ex-menara-bank-danamon-mega-kuningan-rdtx-tower_20160914044515_60913.jpg,uploaded,54300,84_rdtx-tower-ex-menara-bank-danamon-mega-kuningan-rdtx-tower_20160914044515_60913.jpg,https://cdn-strapi.prod.99iddev.net/assets/84_rdtx_tower_ex_menara_bank_danamon_mega_kuningan_rdtx_tower_20160914044515_60913_c6a8fab93b.jpg,,
84-rdtx-tower-ex-menara-bank-danamon-mega-kuningan-rdtx-tower-20170214035818-48249,Media Library/Office Venue/84-rdtx-tower-ex-menara-bank-danamon-mega-kuningan-rdtx-tower-20170214035818-48249,1625,0,1,1,interior/84_rdtx-tower-ex-menara-bank-danamon-mega-kuningan-rdtx-tower_20170214035818_48249.jpg,interior,84_rdtx-tower-ex-menara-bank-danamon-mega-kuningan-rdtx-tower_20170214035818_48249.jpg,uploaded,54301,84_rdtx-tower-ex-menara-bank-danamon-mega-kuningan-rdtx-tower_20170214035818_48249.jpg,https://cdn-strapi.prod.99iddev.net/assets/84_rdtx_tower_ex_menara_bank_danamon_mega_kuningan_rdtx_tower_20170214035818_48249_2dc1ff4260.jpg,,
84-rdtx-tower-ex-menara-bank-danamon-mega-kuningan-rdtx-tower-20170214035818-66219,Media Library/Office Venue/84-rdtx-tower-ex-menara-bank-danamon-mega-kuningan-rdtx-tower-20170214035818-66219,1626,0,1,1,interior/84_rdtx-tower-ex-menara-bank-danamon-mega-kuningan-rdtx-tower_20170214035818_66219.jpg,interior,84_rdtx-tower-ex-menara-bank-danamon-mega-kuningan-rdtx-tower_20170214035818_66219.jpg,uploaded,54302,84_rdtx-tower-ex-menara-bank-danamon-mega-kuningan-rdtx-tower_20170214035818_66219.jpg,https://cdn-strapi.prod.99iddev.net/assets/84_rdtx_tower_ex_menara_bank_danamon_mega_kuningan_rdtx_tower_20170214035818_66219_a9cf8ec1d5.jpg,,
84-rdtx-tower-ex-menara-bank-danamon-mega-kuningan-rdtx-tower-20170214035819-20205,Media Library/Office Venue/84-rdtx-tower-ex-menara-bank-danamon-mega-kuningan-rdtx-tower-20170214035819-20205,1627,0,1,1,interior/84_rdtx-tower-ex-menara-bank-danamon-mega-kuningan-rdtx-tower_20170214035819_20205.jpg,interior,84_rdtx-tower-ex-menara-bank-danamon-mega-kuningan-rdtx-tower_20170214035819_20205.jpg,uploaded,54303,84_rdtx-tower-ex-menara-bank-danamon-mega-kuningan-rdtx-tower_20170214035819_20205.jpg,https://cdn-strapi.prod.99iddev.net/assets/84_rdtx_tower_ex_menara_bank_danamon_mega_kuningan_rdtx_tower_20170214035819_20205_15dfab37a8.jpg,,
84-rdtx-tower-ex-menara-bank-danamon-mega-kuningan-rdtx-tower-20170214035819-96941,Media Library/Office Venue/84-rdtx-tower-ex-menara-bank-danamon-mega-kuningan-rdtx-tower-20170214035819-96941,1628,0,1,1,interior/84_rdtx-tower-ex-menara-bank-danamon-mega-kuningan-rdtx-tower_20170214035819_96941.jpg,interior,84_rdtx-tower-ex-menara-bank-danamon-mega-kuningan-rdtx-tower_20170214035819_96941.jpg,uploaded,54304,84_rdtx-tower-ex-menara-bank-danamon-mega-kuningan-rdtx-tower_20170214035819_96941.jpg,https://cdn-strapi.prod.99iddev.net/assets/84_rdtx_tower_ex_menara_bank_danamon_mega_kuningan_rdtx_tower_20170214035819_96941_ba75d29e7c.jpg,,
84-rdtx-tower-ex-menara-bank-danamon-mega-kuningan-rdtx-tower-20170214035820-31894,Media Library/Office Venue/84-rdtx-tower-ex-menara-bank-danamon-mega-kuningan-rdtx-tower-20170214035820-31894,1629,0,1,1,interior/84_rdtx-tower-ex-menara-bank-danamon-mega-kuningan-rdtx-tower_20170214035820_31894.jpg,interior,84_rdtx-tower-ex-menara-bank-danamon-mega-kuningan-rdtx-tower_20170214035820_31894.jpg,uploaded,54305,84_rdtx-tower-ex-menara-bank-danamon-mega-kuningan-rdtx-tower_20170214035820_31894.jpg,https://cdn-strapi.prod.99iddev.net/assets/84_rdtx_tower_ex_menara_bank_danamon_mega_kuningan_rdtx_tower_20170214035820_31894_353a68085b.jpg,,
84-rdtx-tower-ex-menara-bank-danamon-mega-kuningan-rdtx-tower-20170214035820-52187,Media Library/Office Venue/84-rdtx-tower-ex-menara-bank-danamon-mega-kuningan-rdtx-tower-20170214035820-52187,1630,0,1,1,interior/84_rdtx-tower-ex-menara-bank-danamon-mega-kuningan-rdtx-tower_20170214035820_52187.jpg,interior,84_rdtx-tower-ex-menara-bank-danamon-mega-kuningan-rdtx-tower_20170214035820_52187.jpg,uploaded,54306,84_rdtx-tower-ex-menara-bank-danamon-mega-kuningan-rdtx-tower_20170214035820_52187.jpg,https://cdn-strapi.prod.99iddev.net/assets/84_rdtx_tower_ex_menara_bank_danamon_mega_kuningan_rdtx_tower_20170214035820_52187_83531fa1e2.jpg,,
84-rdtx-tower-ex-menara-bank-danamon-mega-kuningan-rdtx-tower-20170214035820-75508,Media Library/Office Venue/84-rdtx-tower-ex-menara-bank-danamon-mega-kuningan-rdtx-tower-20170214035820-75508,1631,0,1,1,interior/84_rdtx-tower-ex-menara-bank-danamon-mega-kuningan-rdtx-tower_20170214035820_75508.jpg,interior,84_rdtx-tower-ex-menara-bank-danamon-mega-kuningan-rdtx-tower_20170214035820_75508.jpg,uploaded,54307,84_rdtx-tower-ex-menara-bank-danamon-mega-kuningan-rdtx-tower_20170214035820_75508.jpg,https://cdn-strapi.prod.99iddev.net/assets/84_rdtx_tower_ex_menara_bank_danamon_mega_kuningan_rdtx_tower_20170214035820_75508_1e43dc0b8c.jpg,,
84-rdtx-tower-ex-menara-bank-danamon-mega-kuningan-rdtx-tower-20170222072037-11243,Media Library/Office Venue/84-rdtx-tower-ex-menara-bank-danamon-mega-kuningan-rdtx-tower-20170222072037-11243,1632,0,1,1,floorplan/84_rdtx-tower-ex-menara-bank-danamon-mega-kuningan-rdtx-tower_20170222072037_11243.jpg,floorplan,84_rdtx-tower-ex-menara-bank-danamon-mega-kuningan-rdtx-tower_20170222072037_11243.jpg,uploaded,54308,84_rdtx-tower-ex-menara-bank-danamon-mega-kuningan-rdtx-tower_20170222072037_11243.jpg,https://cdn-strapi.prod.99iddev.net/assets/84_rdtx_tower_ex_menara_bank_danamon_mega_kuningan_rdtx_tower_20170222072037_11243_dcbb8d0a64.jpg,,
84-rdtx-tower-ex-menara-bank-danamon-mega-kuningan-rdtx-tower-20170222072037-94380,Media Library/Office Venue/84-rdtx-tower-ex-menara-bank-danamon-mega-kuningan-rdtx-tower-20170222072037-94380,1633,0,1,1,floorplan/84_rdtx-tower-ex-menara-bank-danamon-mega-kuningan-rdtx-tower_20170222072037_94380.jpg,floorplan,84_rdtx-tower-ex-menara-bank-danamon-mega-kuningan-rdtx-tower_20170222072037_94380.jpg,uploaded,54309,84_rdtx-tower-ex-menara-bank-danamon-mega-kuningan-rdtx-tower_20170222072037_94380.jpg,https://cdn-strapi.prod.99iddev.net/assets/84_rdtx_tower_ex_menara_bank_danamon_mega_kuningan_rdtx_tower_20170222072037_94380_3e84d16330.jpg,,
84-rdtx-tower-ex-menara-bank-danamon-mega-kuningan-rdtx-tower-20170222072038-20008,Media Library/Office Venue/84-rdtx-tower-ex-menara-bank-danamon-mega-kuningan-rdtx-tower-20170222072038-20008,1634,0,1,1,floorplan/84_rdtx-tower-ex-menara-bank-danamon-mega-kuningan-rdtx-tower_20170222072038_20008.jpg,floorplan,84_rdtx-tower-ex-menara-bank-danamon-mega-kuningan-rdtx-tower_20170222072038_20008.jpg,uploaded,54310,84_rdtx-tower-ex-menara-bank-danamon-mega-kuningan-rdtx-tower_20170222072038_20008.jpg,https://cdn-strapi.prod.99iddev.net/assets/84_rdtx_tower_ex_menara_bank_danamon_mega_kuningan_rdtx_tower_20170222072038_20008_db742ad61b.jpg,,
84-rdtx-tower-ex-menara-bank-danamon-mega-kuningan-rdtx-tower-20170222072039-22209,Media Library/Office Venue/84-rdtx-tower-ex-menara-bank-danamon-mega-kuningan-rdtx-tower-20170222072039-22209,1635,0,1,1,floorplan/84_rdtx-tower-ex-menara-bank-danamon-mega-kuningan-rdtx-tower_20170222072039_22209.jpg,floorplan,84_rdtx-tower-ex-menara-bank-danamon-mega-kuningan-rdtx-tower_20170222072039_22209.jpg,uploaded,54311,84_rdtx-tower-ex-menara-bank-danamon-mega-kuningan-rdtx-tower_20170222072039_22209.jpg,https://cdn-strapi.prod.99iddev.net/assets/84_rdtx_tower_ex_menara_bank_danamon_mega_kuningan_rdtx_tower_20170222072039_22209_dd35c2b035.jpg,,
84-rdtx-tower-ex-menara-bank-danamon-mega-kuningan-rdtx-tower-20170411094319-12139,Media Library/Office Venue/84-rdtx-tower-ex-menara-bank-danamon-mega-kuningan-rdtx-tower-20170411094319-12139,1636,0,1,1,interior/84_rdtx-tower-ex-menara-bank-danamon-mega-kuningan-rdtx-tower_20170411094319_12139.jpg,interior,84_rdtx-tower-ex-menara-bank-danamon-mega-kuningan-rdtx-tower_20170411094319_12139.jpg,uploaded,54312,84_rdtx-tower-ex-menara-bank-danamon-mega-kuningan-rdtx-tower_20170411094319_12139.jpg,https://cdn-strapi.prod.99iddev.net/assets/84_rdtx_tower_ex_menara_bank_danamon_mega_kuningan_rdtx_tower_20170411094319_12139_2f1bc74b55.jpg,,
84-rdtx-tower-ex-menara-bank-danamon-mega-kuningan-rdtx-tower-20170411094324-14532,Media Library/Office Venue/84-rdtx-tower-ex-menara-bank-danamon-mega-kuningan-rdtx-tower-20170411094324-14532,1637,0,1,1,interior/84_rdtx-tower-ex-menara-bank-danamon-mega-kuningan-rdtx-tower_20170411094324_14532.jpg,interior,84_rdtx-tower-ex-menara-bank-danamon-mega-kuningan-rdtx-tower_20170411094324_14532.jpg,uploaded,54313,84_rdtx-tower-ex-menara-bank-danamon-mega-kuningan-rdtx-tower_20170411094324_14532.jpg,https://cdn-strapi.prod.99iddev.net/assets/84_rdtx_tower_ex_menara_bank_danamon_mega_kuningan_rdtx_tower_20170411094324_14532_fbc43611a8.jpg,,
84-rdtx-tower-ex-menara-bank-danamon-mega-kuningan-rdtx-tower-20170411094330-18993,Media Library/Office Venue/84-rdtx-tower-ex-menara-bank-danamon-mega-kuningan-rdtx-tower-20170411094330-18993,1638,0,1,1,interior/84_rdtx-tower-ex-menara-bank-danamon-mega-kuningan-rdtx-tower_20170411094330_18993.jpg,interior,84_rdtx-tower-ex-menara-bank-danamon-mega-kuningan-rdtx-tower_20170411094330_18993.jpg,uploaded,54314,84_rdtx-tower-ex-menara-bank-danamon-mega-kuningan-rdtx-tower_20170411094330_18993.jpg,https://cdn-strapi.prod.99iddev.net/assets/84_rdtx_tower_ex_menara_bank_danamon_mega_kuningan_rdtx_tower_20170411094330_18993_6a64797078.jpg,,
84-rdtx-tower-ex-menara-bank-danamon-mega-kuningan-rdtx-tower-20170411094337-12000,Media Library/Office Venue/84-rdtx-tower-ex-menara-bank-danamon-mega-kuningan-rdtx-tower-20170411094337-12000,1639,0,1,1,interior/84_rdtx-tower-ex-menara-bank-danamon-mega-kuningan-rdtx-tower_20170411094337_12000.jpg,interior,84_rdtx-tower-ex-menara-bank-danamon-mega-kuningan-rdtx-tower_20170411094337_12000.jpg,uploaded,54315,84_rdtx-tower-ex-menara-bank-danamon-mega-kuningan-rdtx-tower_20170411094337_12000.jpg,https://cdn-strapi.prod.99iddev.net/assets/84_rdtx_tower_ex_menara_bank_danamon_mega_kuningan_rdtx_tower_20170411094337_12000_77da1fc332.jpg,,
84-rdtx-tower-ex-menara-bank-danamon-mega-kuningan-rdtx-tower-20170411094344-33883,Media Library/Office Venue/84-rdtx-tower-ex-menara-bank-danamon-mega-kuningan-rdtx-tower-20170411094344-33883,1640,0,1,1,interior/84_rdtx-tower-ex-menara-bank-danamon-mega-kuningan-rdtx-tower_20170411094344_33883.jpg,interior,84_rdtx-tower-ex-menara-bank-danamon-mega-kuningan-rdtx-tower_20170411094344_33883.jpg,uploaded,54316,84_rdtx-tower-ex-menara-bank-danamon-mega-kuningan-rdtx-tower_20170411094344_33883.jpg,https://cdn-strapi.prod.99iddev.net/assets/84_rdtx_tower_ex_menara_bank_danamon_mega_kuningan_rdtx_tower_20170411094344_33883_af94d693bf.jpg,,
87-anz-tower-anz-tower-20160914043659-79488,Media Library/Office Venue/87-anz-tower-anz-tower-20160914043659-79488,1641,0,1,1,exterior/87_anz-tower-anz-tower_20160914043659_79488.jpg,exterior,87_anz-tower-anz-tower_20160914043659_79488.jpg,uploaded,54317,87_anz-tower-anz-tower_20160914043659_79488.jpg,https://cdn-strapi.prod.99iddev.net/assets/87_anz_tower_anz_tower_20160914043659_79488_a358993e6c.jpg,,
87-anz-tower-anz-tower-20160914043700-19130,Media Library/Office Venue/87-anz-tower-anz-tower-20160914043700-19130,1642,0,1,1,exterior/87_anz-tower-anz-tower_20160914043700_19130.jpg,exterior,87_anz-tower-anz-tower_20160914043700_19130.jpg,uploaded,54318,87_anz-tower-anz-tower_20160914043700_19130.jpg,https://cdn-strapi.prod.99iddev.net/assets/87_anz_tower_anz_tower_20160914043700_19130_06f4553a3b.jpg,,
87-anz-tower-anz-tower-20160914043700-68800,Media Library/Office Venue/87-anz-tower-anz-tower-20160914043700-68800,1643,0,1,1,exterior/87_anz-tower-anz-tower_20160914043700_68800.jpg,exterior,87_anz-tower-anz-tower_20160914043700_68800.jpg,uploaded,54319,87_anz-tower-anz-tower_20160914043700_68800.jpg,https://cdn-strapi.prod.99iddev.net/assets/87_anz_tower_anz_tower_20160914043700_68800_02537fdf7f.jpg,,
87-anz-tower-anz-tower-20160914043700-87212,Media Library/Office Venue/87-anz-tower-anz-tower-20160914043700-87212,1644,0,1,1,exterior/87_anz-tower-anz-tower_20160914043700_87212.jpg,exterior,87_anz-tower-anz-tower_20160914043700_87212.jpg,uploaded,54320,87_anz-tower-anz-tower_20160914043700_87212.jpg,https://cdn-strapi.prod.99iddev.net/assets/87_anz_tower_anz_tower_20160914043700_87212_27711b6f71.jpg,,
87-anz-tower-anz-tower-20170214034818-33020,Media Library/Office Venue/87-anz-tower-anz-tower-20170214034818-33020,1645,0,1,1,interior/87_anz-tower-anz-tower_20170214034818_33020.jpg,interior,87_anz-tower-anz-tower_20170214034818_33020.jpg,uploaded,54321,87_anz-tower-anz-tower_20170214034818_33020.jpg,https://cdn-strapi.prod.99iddev.net/assets/87_anz_tower_anz_tower_20170214034818_33020_3bc6404b4c.jpg,,
87-anz-tower-anz-tower-20170214034818-38608,Media Library/Office Venue/87-anz-tower-anz-tower-20170214034818-38608,1646,0,1,1,interior/87_anz-tower-anz-tower_20170214034818_38608.jpg,interior,87_anz-tower-anz-tower_20170214034818_38608.jpg,uploaded,54322,87_anz-tower-anz-tower_20170214034818_38608.jpg,https://cdn-strapi.prod.99iddev.net/assets/87_anz_tower_anz_tower_20170214034818_38608_42f0ede8b9.jpg,,
87-anz-tower-anz-tower-20170214034819-32859,Media Library/Office Venue/87-anz-tower-anz-tower-20170214034819-32859,1647,0,1,1,interior/87_anz-tower-anz-tower_20170214034819_32859.jpg,interior,87_anz-tower-anz-tower_20170214034819_32859.jpg,uploaded,54323,87_anz-tower-anz-tower_20170214034819_32859.jpg,https://cdn-strapi.prod.99iddev.net/assets/87_anz_tower_anz_tower_20170214034819_32859_29c9e7adfe.jpg,,
87-anz-tower-anz-tower-20170214034820-34306,Media Library/Office Venue/87-anz-tower-anz-tower-20170214034820-34306,1648,0,1,1,interior/87_anz-tower-anz-tower_20170214034820_34306.jpg,interior,87_anz-tower-anz-tower_20170214034820_34306.jpg,uploaded,54324,87_anz-tower-anz-tower_20170214034820_34306.jpg,https://cdn-strapi.prod.99iddev.net/assets/87_anz_tower_anz_tower_20170214034820_34306_a0dc0404e3.jpg,,
87-anz-tower-anz-tower-20170214034820-46620,Media Library/Office Venue/87-anz-tower-anz-tower-20170214034820-46620,1649,0,1,1,interior/87_anz-tower-anz-tower_20170214034820_46620.jpg,interior,87_anz-tower-anz-tower_20170214034820_46620.jpg,uploaded,54325,87_anz-tower-anz-tower_20170214034820_46620.jpg,https://cdn-strapi.prod.99iddev.net/assets/87_anz_tower_anz_tower_20170214034820_46620_23e1488eb5.jpg,,
87-anz-tower-anz-tower-20170214034820-53929,Media Library/Office Venue/87-anz-tower-anz-tower-20170214034820-53929,1650,0,1,1,interior/87_anz-tower-anz-tower_20170214034820_53929.jpg,interior,87_anz-tower-anz-tower_20170214034820_53929.jpg,uploaded,54326,87_anz-tower-anz-tower_20170214034820_53929.jpg,https://cdn-strapi.prod.99iddev.net/assets/87_anz_tower_anz_tower_20170214034820_53929_e9c65fe46b.jpg,,
87-anz-tower-anz-tower-20170214034821-22807,Media Library/Office Venue/87-anz-tower-anz-tower-20170214034821-22807,1651,0,1,1,interior/87_anz-tower-anz-tower_20170214034821_22807.jpg,interior,87_anz-tower-anz-tower_20170214034821_22807.jpg,uploaded,54327,87_anz-tower-anz-tower_20170214034821_22807.jpg,https://cdn-strapi.prod.99iddev.net/assets/87_anz_tower_anz_tower_20170214034821_22807_4710dbf401.jpg,,
87-anz-tower-anz-tower-20170214034821-97259,Media Library/Office Venue/87-anz-tower-anz-tower-20170214034821-97259,1652,0,1,1,interior/87_anz-tower-anz-tower_20170214034821_97259.jpg,interior,87_anz-tower-anz-tower_20170214034821_97259.jpg,uploaded,54328,87_anz-tower-anz-tower_20170214034821_97259.jpg,https://cdn-strapi.prod.99iddev.net/assets/87_anz_tower_anz_tower_20170214034821_97259_f363c8ef8f.jpg,,
87-anz-tower-anz-tower-20170222072221-79152,Media Library/Office Venue/87-anz-tower-anz-tower-20170222072221-79152,1653,0,1,1,floorplan/87_anz-tower-anz-tower_20170222072221_79152.jpg,floorplan,87_anz-tower-anz-tower_20170222072221_79152.jpg,uploaded,54329,87_anz-tower-anz-tower_20170222072221_79152.jpg,https://cdn-strapi.prod.99iddev.net/assets/87_anz_tower_anz_tower_20170222072221_79152_dafd03acab.jpg,,
87-anz-tower-anz-tower-20170222074137-85645,Media Library/Office Venue/87-anz-tower-anz-tower-20170222074137-85645,1654,0,1,1,floorplan/87_anz-tower-anz-tower_20170222074137_85645.jpg,floorplan,87_anz-tower-anz-tower_20170222074137_85645.jpg,uploaded,54330,87_anz-tower-anz-tower_20170222074137_85645.jpg,https://cdn-strapi.prod.99iddev.net/assets/87_anz_tower_anz_tower_20170222074137_85645_caa79aeb50.jpg,,
87-anz-tower-anz-tower-20170913064739-55455,Media Library/Office Venue/87-anz-tower-anz-tower-20170913064739-55455,1655,0,1,1,interior/87_anz-tower-anz-tower_20170913064739_55455.jpg,interior,87_anz-tower-anz-tower_20170913064739_55455.jpg,uploaded,54331,87_anz-tower-anz-tower_20170913064739_55455.jpg,https://cdn-strapi.prod.99iddev.net/assets/87_anz_tower_anz_tower_20170913064739_55455_da78863428.jpg,,
87-anz-tower-anz-tower-20170913064740-65290,Media Library/Office Venue/87-anz-tower-anz-tower-20170913064740-65290,1656,0,1,1,interior/87_anz-tower-anz-tower_20170913064740_65290.jpg,interior,87_anz-tower-anz-tower_20170913064740_65290.jpg,uploaded,54332,87_anz-tower-anz-tower_20170913064740_65290.jpg,https://cdn-strapi.prod.99iddev.net/assets/87_anz_tower_anz_tower_20170913064740_65290_3f7a7f9566.jpg,,
87-anz-tower-anz-tower-20170913064743-91273,Media Library/Office Venue/87-anz-tower-anz-tower-20170913064743-91273,1657,0,1,1,interior/87_anz-tower-anz-tower_20170913064743_91273.jpg,interior,87_anz-tower-anz-tower_20170913064743_91273.jpg,uploaded,54333,87_anz-tower-anz-tower_20170913064743_91273.jpg,https://cdn-strapi.prod.99iddev.net/assets/87_anz_tower_anz_tower_20170913064743_91273_34dfddd3b3.jpg,,
94-gedung-bank-panin-gedung-bank-panin-senayan-20160914043853-78628,Media Library/Office Venue/94-gedung-bank-panin-gedung-bank-panin-senayan-20160914043853-78628,1658,0,1,1,exterior/94_gedung-bank-panin-gedung-bank-panin-senayan_20160914043853_78628.jpg,exterior,94_gedung-bank-panin-gedung-bank-panin-senayan_20160914043853_78628.jpg,uploaded,54334,94_gedung-bank-panin-gedung-bank-panin-senayan_20160914043853_78628.jpg,https://cdn-strapi.prod.99iddev.net/assets/94_gedung_bank_panin_gedung_bank_panin_senayan_20160914043853_78628_e001b29a76.jpg,,
95-gedung-bni-gedung-bni-1-20160914043846-14356,Media Library/Office Venue/95-gedung-bni-gedung-bni-1-20160914043846-14356,1659,0,1,1,exterior/95_gedung-bni-gedung-bni-1_20160914043846_14356.jpg,exterior,95_gedung-bni-gedung-bni-1_20160914043846_14356.jpg,uploaded,54335,95_gedung-bni-gedung-bni-1_20160914043846_14356.jpg,https://cdn-strapi.prod.99iddev.net/assets/95_gedung_bni_gedung_bni_1_20160914043846_14356_f78fbbab50.jpg,,
95-gedung-bni-gedung-bni-1-20160914043847-79026,Media Library/Office Venue/95-gedung-bni-gedung-bni-1-20160914043847-79026,1660,0,1,1,exterior/95_gedung-bni-gedung-bni-1_20160914043847_79026.jpg,exterior,95_gedung-bni-gedung-bni-1_20160914043847_79026.jpg,uploaded,54336,95_gedung-bni-gedung-bni-1_20160914043847_79026.jpg,https://cdn-strapi.prod.99iddev.net/assets/95_gedung_bni_gedung_bni_1_20160914043847_79026_eb821774fa.jpg,,
95-gedung-bni-gedung-bni-1-20160914043847-89384,Media Library/Office Venue/95-gedung-bni-gedung-bni-1-20160914043847-89384,1661,0,1,1,exterior/95_gedung-bni-gedung-bni-1_20160914043847_89384.jpg,exterior,95_gedung-bni-gedung-bni-1_20160914043847_89384.jpg,uploaded,54337,95_gedung-bni-gedung-bni-1_20160914043847_89384.jpg,https://cdn-strapi.prod.99iddev.net/assets/95_gedung_bni_gedung_bni_1_20160914043847_89384_a057453e0e.jpg,,
95-gedung-bni-gedung-bni-1-20180411084049-22326,Media Library/Office Venue/95-gedung-bni-gedung-bni-1-20180411084049-22326,1662,0,1,1,interior/95_gedung-bni-gedung-bni-1_20180411084049_22326.jpg,interior,95_gedung-bni-gedung-bni-1_20180411084049_22326.jpg,uploaded,54338,95_gedung-bni-gedung-bni-1_20180411084049_22326.jpg,https://cdn-strapi.prod.99iddev.net/assets/95_gedung_bni_gedung_bni_1_20180411084049_22326_9eb49825bd.jpg,,
95-gedung-bni-gedung-bni-1-20180411084049-68978,Media Library/Office Venue/95-gedung-bni-gedung-bni-1-20180411084049-68978,1663,0,1,1,interior/95_gedung-bni-gedung-bni-1_20180411084049_68978.jpg,interior,95_gedung-bni-gedung-bni-1_20180411084049_68978.jpg,uploaded,54339,95_gedung-bni-gedung-bni-1_20180411084049_68978.jpg,https://cdn-strapi.prod.99iddev.net/assets/95_gedung_bni_gedung_bni_1_20180411084049_68978_56bddd7921.jpg,,
95-gedung-bni-gedung-bni-1-20180411084050-19074,Media Library/Office Venue/95-gedung-bni-gedung-bni-1-20180411084050-19074,1664,0,1,1,interior/95_gedung-bni-gedung-bni-1_20180411084050_19074.jpg,interior,95_gedung-bni-gedung-bni-1_20180411084050_19074.jpg,uploaded,54340,95_gedung-bni-gedung-bni-1_20180411084050_19074.jpg,https://cdn-strapi.prod.99iddev.net/assets/95_gedung_bni_gedung_bni_1_20180411084050_19074_63b95a4bdd.jpg,,
95-gedung-bni-gedung-bni-1-20180411084051-25939,Media Library/Office Venue/95-gedung-bni-gedung-bni-1-20180411084051-25939,1665,0,1,1,interior/95_gedung-bni-gedung-bni-1_20180411084051_25939.jpg,interior,95_gedung-bni-gedung-bni-1_20180411084051_25939.jpg,uploaded,54341,95_gedung-bni-gedung-bni-1_20180411084051_25939.jpg,https://cdn-strapi.prod.99iddev.net/assets/95_gedung_bni_gedung_bni_1_20180411084051_25939_d0e95d93bc.jpg,,
95-gedung-bni-gedung-bni-1-20180411084051-75849,Media Library/Office Venue/95-gedung-bni-gedung-bni-1-20180411084051-75849,1666,0,1,1,interior/95_gedung-bni-gedung-bni-1_20180411084051_75849.jpg,interior,95_gedung-bni-gedung-bni-1_20180411084051_75849.jpg,uploaded,54342,95_gedung-bni-gedung-bni-1_20180411084051_75849.jpg,https://cdn-strapi.prod.99iddev.net/assets/95_gedung_bni_gedung_bni_1_20180411084051_75849_75500ff6c3.jpg,,
95-gedung-bni-gedung-bni-1-20180411084052-46429,Media Library/Office Venue/95-gedung-bni-gedung-bni-1-20180411084052-46429,1667,0,1,1,interior/95_gedung-bni-gedung-bni-1_20180411084052_46429.jpg,interior,95_gedung-bni-gedung-bni-1_20180411084052_46429.jpg,uploaded,54343,95_gedung-bni-gedung-bni-1_20180411084052_46429.jpg,https://cdn-strapi.prod.99iddev.net/assets/95_gedung_bni_gedung_bni_1_20180411084052_46429_9487b2bdcf.jpg,,
95-gedung-bni-gedung-bni-1-20180411084052-59565,Media Library/Office Venue/95-gedung-bni-gedung-bni-1-20180411084052-59565,1668,0,1,1,interior/95_gedung-bni-gedung-bni-1_20180411084052_59565.jpg,interior,95_gedung-bni-gedung-bni-1_20180411084052_59565.jpg,uploaded,54344,95_gedung-bni-gedung-bni-1_20180411084052_59565.jpg,https://cdn-strapi.prod.99iddev.net/assets/95_gedung_bni_gedung_bni_1_20180411084052_59565_0586e83699.jpg,,
95-gedung-bni-gedung-bni-1-20180411084053-31596,Media Library/Office Venue/95-gedung-bni-gedung-bni-1-20180411084053-31596,1669,0,1,1,interior/95_gedung-bni-gedung-bni-1_20180411084053_31596.jpg,interior,95_gedung-bni-gedung-bni-1_20180411084053_31596.jpg,uploaded,54345,95_gedung-bni-gedung-bni-1_20180411084053_31596.jpg,https://cdn-strapi.prod.99iddev.net/assets/95_gedung_bni_gedung_bni_1_20180411084053_31596_e8eccc718d.jpg,,
95-gedung-bni-gedung-bni-1-20180411084053-47626,Media Library/Office Venue/95-gedung-bni-gedung-bni-1-20180411084053-47626,1670,0,1,1,interior/95_gedung-bni-gedung-bni-1_20180411084053_47626.jpg,interior,95_gedung-bni-gedung-bni-1_20180411084053_47626.jpg,uploaded,54346,95_gedung-bni-gedung-bni-1_20180411084053_47626.jpg,https://cdn-strapi.prod.99iddev.net/assets/95_gedung_bni_gedung_bni_1_20180411084053_47626_49a3dd5442.jpg,,
95-gedung-bni-gedung-bni-1-20180411084053-99702,Media Library/Office Venue/95-gedung-bni-gedung-bni-1-20180411084053-99702,1671,0,1,1,interior/95_gedung-bni-gedung-bni-1_20180411084053_99702.jpg,interior,95_gedung-bni-gedung-bni-1_20180411084053_99702.jpg,uploaded,54347,95_gedung-bni-gedung-bni-1_20180411084053_99702.jpg,https://cdn-strapi.prod.99iddev.net/assets/95_gedung_bni_gedung_bni_1_20180411084053_99702_6613651bd1.jpg,,
103-international-financial-center-ifc-international-financial-center-tower-2-20170222072255-65340,Media Library/Office Venue/103-international-financial-center-ifc-international-financial-center-tower-2-20170222072255-65340,1672,0,1,1,floorplan/103_international-financial-center-ifc-international-financial-center-tower-2_20170222072255_65340.jpg,floorplan,103_international-financial-center-ifc-international-financial-center-tower-2_20170222072255_65340.jpg,uploaded,54348,103_international-financial-center-ifc-international-financial-center-tower-2_20170222072255_65340.jpg,https://cdn-strapi.prod.99iddev.net/assets/103_international_financial_center_ifc_international_financial_center_tower_2_20170222072255_65340_75eca7dc49.jpg,,
103-international-financial-center-ifc-international-financial-center-tower-2-20170222072256-69079,Media Library/Office Venue/103-international-financial-center-ifc-international-financial-center-tower-2-20170222072256-69079,1673,0,1,1,floorplan/103_international-financial-center-ifc-international-financial-center-tower-2_20170222072256_69079.jpg,floorplan,103_international-financial-center-ifc-international-financial-center-tower-2_20170222072256_69079.jpg,uploaded,54349,103_international-financial-center-ifc-international-financial-center-tower-2_20170222072256_69079.jpg,https://cdn-strapi.prod.99iddev.net/assets/103_international_financial_center_ifc_international_financial_center_tower_2_20170222072256_69079_f003c73f56.jpg,,
103-international-financial-center-ifc-international-financial-center-tower-2-20170222072256-99234,Media Library/Office Venue/103-international-financial-center-ifc-international-financial-center-tower-2-20170222072256-99234,1674,0,1,1,floorplan/103_international-financial-center-ifc-international-financial-center-tower-2_20170222072256_99234.jpg,floorplan,103_international-financial-center-ifc-international-financial-center-tower-2_20170222072256_99234.jpg,uploaded,54350,103_international-financial-center-ifc-international-financial-center-tower-2_20170222072256_99234.jpg,https://cdn-strapi.prod.99iddev.net/assets/103_international_financial_center_ifc_international_financial_center_tower_2_20170222072256_99234_7340af458a.jpg,,
103-international-financial-center-ifc-international-financial-center-tower-2-20170222074158-12417,Media Library/Office Venue/103-international-financial-center-ifc-international-financial-center-tower-2-20170222074158-12417,1675,0,1,1,floorplan/103_international-financial-center-ifc-international-financial-center-tower-2_20170222074158_12417.jpg,floorplan,103_international-financial-center-ifc-international-financial-center-tower-2_20170222074158_12417.jpg,uploaded,54351,103_international-financial-center-ifc-international-financial-center-tower-2_20170222074158_12417.jpg,https://cdn-strapi.prod.99iddev.net/assets/103_international_financial_center_ifc_international_financial_center_tower_2_20170222074158_12417_4aa38b4dff.jpg,,
103-international-financial-center-ifc-international-financial-center-tower-2-20170927092736-50906,Media Library/Office Venue/103-international-financial-center-ifc-international-financial-center-tower-2-20170927092736-50906,1676,0,1,1,interior/103_international-financial-center-ifc-international-financial-center-tower-2_20170927092736_50906.jpg,interior,103_international-financial-center-ifc-international-financial-center-tower-2_20170927092736_50906.jpg,uploaded,54352,103_international-financial-center-ifc-international-financial-center-tower-2_20170927092736_50906.jpg,https://cdn-strapi.prod.99iddev.net/assets/103_international_financial_center_ifc_international_financial_center_tower_2_20170927092736_50906_c7f97654d3.jpg,,
103-international-financial-center-ifc-international-financial-center-tower-2-20170927092739-52062,Media Library/Office Venue/103-international-financial-center-ifc-international-financial-center-tower-2-20170927092739-52062,1677,0,1,1,interior/103_international-financial-center-ifc-international-financial-center-tower-2_20170927092739_52062.jpg,interior,103_international-financial-center-ifc-international-financial-center-tower-2_20170927092739_52062.jpg,uploaded,54353,103_international-financial-center-ifc-international-financial-center-tower-2_20170927092739_52062.jpg,https://cdn-strapi.prod.99iddev.net/assets/103_international_financial_center_ifc_international_financial_center_tower_2_20170927092739_52062_12a20feafc.jpg,,
103-international-financial-center-ifc-international-financial-center-tower-2-20170927092741-52121,Media Library/Office Venue/103-international-financial-center-ifc-international-financial-center-tower-2-20170927092741-52121,1678,0,1,1,interior/103_international-financial-center-ifc-international-financial-center-tower-2_20170927092741_52121.jpg,interior,103_international-financial-center-ifc-international-financial-center-tower-2_20170927092741_52121.jpg,uploaded,54354,103_international-financial-center-ifc-international-financial-center-tower-2_20170927092741_52121.jpg,https://cdn-strapi.prod.99iddev.net/assets/103_international_financial_center_ifc_international_financial_center_tower_2_20170927092741_52121_814361293f.jpg,,
103-international-financial-center-ifc-international-financial-center-tower-2-20170927092742-58277,Media Library/Office Venue/103-international-financial-center-ifc-international-financial-center-tower-2-20170927092742-58277,1679,0,1,1,interior/103_international-financial-center-ifc-international-financial-center-tower-2_20170927092742_58277.jpg,interior,103_international-financial-center-ifc-international-financial-center-tower-2_20170927092742_58277.jpg,uploaded,54355,103_international-financial-center-ifc-international-financial-center-tower-2_20170927092742_58277.jpg,https://cdn-strapi.prod.99iddev.net/assets/103_international_financial_center_ifc_international_financial_center_tower_2_20170927092742_58277_91656542da.jpg,,
103-international-financial-center-ifc-international-financial-center-tower-2-20170927092745-65220,Media Library/Office Venue/103-international-financial-center-ifc-international-financial-center-tower-2-20170927092745-65220,1680,0,1,1,interior/103_international-financial-center-ifc-international-financial-center-tower-2_20170927092745_65220.jpg,interior,103_international-financial-center-ifc-international-financial-center-tower-2_20170927092745_65220.jpg,uploaded,54356,103_international-financial-center-ifc-international-financial-center-tower-2_20170927092745_65220.jpg,https://cdn-strapi.prod.99iddev.net/assets/103_international_financial_center_ifc_international_financial_center_tower_2_20170927092745_65220_48fec94cbe.jpg,,
103-international-financial-center-ifc-international-financial-center-tower-2-20170927092747-95816,Media Library/Office Venue/103-international-financial-center-ifc-international-financial-center-tower-2-20170927092747-95816,1681,0,1,1,interior/103_international-financial-center-ifc-international-financial-center-tower-2_20170927092747_95816.jpg,interior,103_international-financial-center-ifc-international-financial-center-tower-2_20170927092747_95816.jpg,uploaded,54357,103_international-financial-center-ifc-international-financial-center-tower-2_20170927092747_95816.jpg,https://cdn-strapi.prod.99iddev.net/assets/103_international_financial_center_ifc_international_financial_center_tower_2_20170927092747_95816_e33af61a67.jpg,,
103-international-financial-center-ifc-international-financial-center-tower-2-20170927092751-33369,Media Library/Office Venue/103-international-financial-center-ifc-international-financial-center-tower-2-20170927092751-33369,1682,0,1,1,interior/103_international-financial-center-ifc-international-financial-center-tower-2_20170927092751_33369.jpg,interior,103_international-financial-center-ifc-international-financial-center-tower-2_20170927092751_33369.jpg,uploaded,54358,103_international-financial-center-ifc-international-financial-center-tower-2_20170927092751_33369.jpg,https://cdn-strapi.prod.99iddev.net/assets/103_international_financial_center_ifc_international_financial_center_tower_2_20170927092751_33369_2cd01027b5.jpg,,
103-international-financial-center-ifc-international-financial-center-tower-2-20171212075847-43520,Media Library/Office Venue/103-international-financial-center-ifc-international-financial-center-tower-2-20171212075847-43520,1683,0,1,1,interior/103_international-financial-center-ifc-international-financial-center-tower-2_20171212075847_43520.jpg,interior,103_international-financial-center-ifc-international-financial-center-tower-2_20171212075847_43520.jpg,uploaded,54359,103_international-financial-center-ifc-international-financial-center-tower-2_20171212075847_43520.jpg,https://cdn-strapi.prod.99iddev.net/assets/103_international_financial_center_ifc_international_financial_center_tower_2_20171212075847_43520_c746dc58f4.jpg,,
103-international-financial-center-ifc-international-financial-center-tower-2-20171212075850-71869,Media Library/Office Venue/103-international-financial-center-ifc-international-financial-center-tower-2-20171212075850-71869,1684,0,1,1,interior/103_international-financial-center-ifc-international-financial-center-tower-2_20171212075850_71869.jpg,interior,103_international-financial-center-ifc-international-financial-center-tower-2_20171212075850_71869.jpg,uploaded,54360,103_international-financial-center-ifc-international-financial-center-tower-2_20171212075850_71869.jpg,https://cdn-strapi.prod.99iddev.net/assets/103_international_financial_center_ifc_international_financial_center_tower_2_20171212075850_71869_201eb85174.jpg,,
103-international-financial-center-ifc-international-financial-center-tower-2-20171212075852-89618,Media Library/Office Venue/103-international-financial-center-ifc-international-financial-center-tower-2-20171212075852-89618,1685,0,1,1,interior/103_international-financial-center-ifc-international-financial-center-tower-2_20171212075852_89618.jpg,interior,103_international-financial-center-ifc-international-financial-center-tower-2_20171212075852_89618.jpg,uploaded,54361,103_international-financial-center-ifc-international-financial-center-tower-2_20171212075852_89618.jpg,https://cdn-strapi.prod.99iddev.net/assets/103_international_financial_center_ifc_international_financial_center_tower_2_20171212075852_89618_a63b4eeae5.jpg,,
104-intiland-tower-intiland-tower-20180417040854-51898,Media Library/Office Venue/104-intiland-tower-intiland-tower-20180417040854-51898,1686,0,1,1,interior/104_intiland-tower-intiland-tower_20180417040854_51898.jpg,interior,104_intiland-tower-intiland-tower_20180417040854_51898.jpg,uploaded,54362,104_intiland-tower-intiland-tower_20180417040854_51898.jpg,https://cdn-strapi.prod.99iddev.net/assets/104_intiland_tower_intiland_tower_20180417040854_51898_95b8edefd6.jpg,,
104-intiland-tower-intiland-tower-20180417040854-58732,Media Library/Office Venue/104-intiland-tower-intiland-tower-20180417040854-58732,1687,0,1,1,interior/104_intiland-tower-intiland-tower_20180417040854_58732.jpg,interior,104_intiland-tower-intiland-tower_20180417040854_58732.jpg,uploaded,54363,104_intiland-tower-intiland-tower_20180417040854_58732.jpg,https://cdn-strapi.prod.99iddev.net/assets/104_intiland_tower_intiland_tower_20180417040854_58732_636046aef7.jpg,,
104-intiland-tower-intiland-tower-20180417040854-61182,Media Library/Office Venue/104-intiland-tower-intiland-tower-20180417040854-61182,1688,0,1,1,interior/104_intiland-tower-intiland-tower_20180417040854_61182.jpg,interior,104_intiland-tower-intiland-tower_20180417040854_61182.jpg,uploaded,54364,104_intiland-tower-intiland-tower_20180417040854_61182.jpg,https://cdn-strapi.prod.99iddev.net/assets/104_intiland_tower_intiland_tower_20180417040854_61182_97c104cb52.jpg,,
104-intiland-tower-intiland-tower-20180417040855-65322,Media Library/Office Venue/104-intiland-tower-intiland-tower-20180417040855-65322,1689,0,1,1,interior/104_intiland-tower-intiland-tower_20180417040855_65322.jpg,interior,104_intiland-tower-intiland-tower_20180417040855_65322.jpg,uploaded,54365,104_intiland-tower-intiland-tower_20180417040855_65322.jpg,https://cdn-strapi.prod.99iddev.net/assets/104_intiland_tower_intiland_tower_20180417040855_65322_3dd06891d7.jpg,,
104-intiland-tower-intiland-tower-20180417040855-96894,Media Library/Office Venue/104-intiland-tower-intiland-tower-20180417040855-96894,1690,0,1,1,interior/104_intiland-tower-intiland-tower_20180417040855_96894.jpg,interior,104_intiland-tower-intiland-tower_20180417040855_96894.jpg,uploaded,54366,104_intiland-tower-intiland-tower_20180417040855_96894.jpg,https://cdn-strapi.prod.99iddev.net/assets/104_intiland_tower_intiland_tower_20180417040855_96894_b3410fb409.jpg,,
104-intiland-tower-intiland-tower-20180417040856-51839,Media Library/Office Venue/104-intiland-tower-intiland-tower-20180417040856-51839,1691,0,1,1,interior/104_intiland-tower-intiland-tower_20180417040856_51839.jpg,interior,104_intiland-tower-intiland-tower_20180417040856_51839.jpg,uploaded,54367,104_intiland-tower-intiland-tower_20180417040856_51839.jpg,https://cdn-strapi.prod.99iddev.net/assets/104_intiland_tower_intiland_tower_20180417040856_51839_a2f4d77836.jpg,,
104-intiland-tower-intiland-tower-20180417040856-85623,Media Library/Office Venue/104-intiland-tower-intiland-tower-20180417040856-85623,1692,0,1,1,interior/104_intiland-tower-intiland-tower_20180417040856_85623.jpg,interior,104_intiland-tower-intiland-tower_20180417040856_85623.jpg,uploaded,54368,104_intiland-tower-intiland-tower_20180417040856_85623.jpg,https://cdn-strapi.prod.99iddev.net/assets/104_intiland_tower_intiland_tower_20180417040856_85623_8b332c69e7.jpg,,
104-intiland-tower-intiland-tower-20180417040856-91146,Media Library/Office Venue/104-intiland-tower-intiland-tower-20180417040856-91146,1693,0,1,1,interior/104_intiland-tower-intiland-tower_20180417040856_91146.jpg,interior,104_intiland-tower-intiland-tower_20180417040856_91146.jpg,uploaded,54369,104_intiland-tower-intiland-tower_20180417040856_91146.jpg,https://cdn-strapi.prod.99iddev.net/assets/104_intiland_tower_intiland_tower_20180417040856_91146_6e3b585af4.jpg,,
104-intiland-tower-intiland-tower-20180417040857-31115,Media Library/Office Venue/104-intiland-tower-intiland-tower-20180417040857-31115,1694,0,1,1,interior/104_intiland-tower-intiland-tower_20180417040857_31115.jpg,interior,104_intiland-tower-intiland-tower_20180417040857_31115.jpg,uploaded,54370,104_intiland-tower-intiland-tower_20180417040857_31115.jpg,https://cdn-strapi.prod.99iddev.net/assets/104_intiland_tower_intiland_tower_20180417040857_31115_5b8296b0ad.jpg,,
104-intiland-tower-intiland-tower-20180417040858-24768,Media Library/Office Venue/104-intiland-tower-intiland-tower-20180417040858-24768,1695,0,1,1,interior/104_intiland-tower-intiland-tower_20180417040858_24768.jpg,interior,104_intiland-tower-intiland-tower_20180417040858_24768.jpg,uploaded,54371,104_intiland-tower-intiland-tower_20180417040858_24768.jpg,https://cdn-strapi.prod.99iddev.net/assets/104_intiland_tower_intiland_tower_20180417040858_24768_679602d92c.jpg,,
104-intiland-tower-intiland-tower-20180417040858-88978,Media Library/Office Venue/104-intiland-tower-intiland-tower-20180417040858-88978,1696,0,1,1,interior/104_intiland-tower-intiland-tower_20180417040858_88978.jpg,interior,104_intiland-tower-intiland-tower_20180417040858_88978.jpg,uploaded,54372,104_intiland-tower-intiland-tower_20180417040858_88978.jpg,https://cdn-strapi.prod.99iddev.net/assets/104_intiland_tower_intiland_tower_20180417040858_88978_dbac4016a1.jpg,,
104-intiland-tower-intiland-tower-20180417040857314,Media Library/Office Venue/104-intiland-tower-intiland-tower-20180417040857314,1697,0,1,1,interior/104_intiland-tower-intiland-tower_20180417040857_29314.jpg,interior,104_intiland-tower-intiland-tower_20180417040857_29314.jpg,uploaded,54373,104_intiland-tower-intiland-tower_20180417040857_29314.jpg,https://cdn-strapi.prod.99iddev.net/assets/104_intiland_tower_intiland_tower_20180417040857_29314_d128608888.jpg,,
114-plaza-abda-ex-plaza-asia-plaza-abda-20160914044443-86388,Media Library/Office Venue/114-plaza-abda-ex-plaza-asia-plaza-abda-20160914044443-86388,1698,0,1,1,exterior/114_plaza-abda-ex-plaza-asia-plaza-abda_20160914044443_86388.jpg,exterior,114_plaza-abda-ex-plaza-asia-plaza-abda_20160914044443_86388.jpg,uploaded,54374,114_plaza-abda-ex-plaza-asia-plaza-abda_20160914044443_86388.jpg,https://cdn-strapi.prod.99iddev.net/assets/114_plaza_abda_ex_plaza_asia_plaza_abda_20160914044443_86388_9b13fe9286.jpg,,
114-plaza-abda-ex-plaza-asia-plaza-abda-20160914044444-75074,Media Library/Office Venue/114-plaza-abda-ex-plaza-asia-plaza-abda-20160914044444-75074,1699,0,1,1,exterior/114_plaza-abda-ex-plaza-asia-plaza-abda_20160914044444_75074.jpg,exterior,114_plaza-abda-ex-plaza-asia-plaza-abda_20160914044444_75074.jpg,uploaded,54375,114_plaza-abda-ex-plaza-asia-plaza-abda_20160914044444_75074.jpg,https://cdn-strapi.prod.99iddev.net/assets/114_plaza_abda_ex_plaza_asia_plaza_abda_20160914044444_75074_0157564586.jpg,,
114-plaza-abda-ex-plaza-asia-plaza-abda-20160914044444-88774,Media Library/Office Venue/114-plaza-abda-ex-plaza-asia-plaza-abda-20160914044444-88774,1700,0,1,1,exterior/114_plaza-abda-ex-plaza-asia-plaza-abda_20160914044444_88774.jpg,exterior,114_plaza-abda-ex-plaza-asia-plaza-abda_20160914044444_88774.jpg,uploaded,54376,114_plaza-abda-ex-plaza-asia-plaza-abda_20160914044444_88774.jpg,https://cdn-strapi.prod.99iddev.net/assets/114_plaza_abda_ex_plaza_asia_plaza_abda_20160914044444_88774_d2dd1a0d55.jpg,,
114-plaza-abda-ex-plaza-asia-plaza-abda-20160914044447-42550,Media Library/Office Venue/114-plaza-abda-ex-plaza-asia-plaza-abda-20160914044447-42550,1701,0,1,1,exterior/114_plaza-abda-ex-plaza-asia-plaza-abda_20160914044447_42550.jpg,exterior,114_plaza-abda-ex-plaza-asia-plaza-abda_20160914044447_42550.jpg,uploaded,54377,114_plaza-abda-ex-plaza-asia-plaza-abda_20160914044447_42550.jpg,https://cdn-strapi.prod.99iddev.net/assets/114_plaza_abda_ex_plaza_asia_plaza_abda_20160914044447_42550_c9d2cbdaf6.jpg,,
114-plaza-abda-ex-plaza-asia-plaza-abda-20170214035300-57516,Media Library/Office Venue/114-plaza-abda-ex-plaza-asia-plaza-abda-20170214035300-57516,1702,0,1,1,interior/114_plaza-abda-ex-plaza-asia-plaza-abda_20170214035300_57516.jpg,interior,114_plaza-abda-ex-plaza-asia-plaza-abda_20170214035300_57516.jpg,uploaded,54378,114_plaza-abda-ex-plaza-asia-plaza-abda_20170214035300_57516.jpg,https://cdn-strapi.prod.99iddev.net/assets/114_plaza_abda_ex_plaza_asia_plaza_abda_20170214035300_57516_c57fb2e4b6.jpg,,
114-plaza-abda-ex-plaza-asia-plaza-abda-20170214035300-66479,Media Library/Office Venue/114-plaza-abda-ex-plaza-asia-plaza-abda-20170214035300-66479,1703,0,1,1,interior/114_plaza-abda-ex-plaza-asia-plaza-abda_20170214035300_66479.jpg,interior,114_plaza-abda-ex-plaza-asia-plaza-abda_20170214035300_66479.jpg,uploaded,54379,114_plaza-abda-ex-plaza-asia-plaza-abda_20170214035300_66479.jpg,https://cdn-strapi.prod.99iddev.net/assets/114_plaza_abda_ex_plaza_asia_plaza_abda_20170214035300_66479_7c14bac088.jpg,,
114-plaza-abda-ex-plaza-asia-plaza-abda-20170214035301-31758,Media Library/Office Venue/114-plaza-abda-ex-plaza-asia-plaza-abda-20170214035301-31758,1704,0,1,1,interior/114_plaza-abda-ex-plaza-asia-plaza-abda_20170214035301_31758.jpg,interior,114_plaza-abda-ex-plaza-asia-plaza-abda_20170214035301_31758.jpg,uploaded,54380,114_plaza-abda-ex-plaza-asia-plaza-abda_20170214035301_31758.jpg,https://cdn-strapi.prod.99iddev.net/assets/114_plaza_abda_ex_plaza_asia_plaza_abda_20170214035301_31758_27a7059acb.jpg,,
114-plaza-abda-ex-plaza-asia-plaza-abda-20170214035301-39756,Media Library/Office Venue/114-plaza-abda-ex-plaza-asia-plaza-abda-20170214035301-39756,1705,0,1,1,interior/114_plaza-abda-ex-plaza-asia-plaza-abda_20170214035301_39756.jpg,interior,114_plaza-abda-ex-plaza-asia-plaza-abda_20170214035301_39756.jpg,uploaded,54381,114_plaza-abda-ex-plaza-asia-plaza-abda_20170214035301_39756.jpg,https://cdn-strapi.prod.99iddev.net/assets/114_plaza_abda_ex_plaza_asia_plaza_abda_20170214035301_39756_5d2419cf32.jpg,,
114-plaza-abda-ex-plaza-asia-plaza-abda-20170927093011-86034,Media Library/Office Venue/114-plaza-abda-ex-plaza-asia-plaza-abda-20170927093011-86034,1706,0,1,1,interior/114_plaza-abda-ex-plaza-asia-plaza-abda_20170927093011_86034.jpg,interior,114_plaza-abda-ex-plaza-asia-plaza-abda_20170927093011_86034.jpg,uploaded,54382,114_plaza-abda-ex-plaza-asia-plaza-abda_20170927093011_86034.jpg,https://cdn-strapi.prod.99iddev.net/assets/114_plaza_abda_ex_plaza_asia_plaza_abda_20170927093011_86034_82108a6857.jpg,,
114-plaza-abda-ex-plaza-asia-plaza-abda-20170927093012-35145,Media Library/Office Venue/114-plaza-abda-ex-plaza-asia-plaza-abda-20170927093012-35145,1707,0,1,1,interior/114_plaza-abda-ex-plaza-asia-plaza-abda_20170927093012_35145.jpg,interior,114_plaza-abda-ex-plaza-asia-plaza-abda_20170927093012_35145.jpg,uploaded,54383,114_plaza-abda-ex-plaza-asia-plaza-abda_20170927093012_35145.jpg,https://cdn-strapi.prod.99iddev.net/assets/114_plaza_abda_ex_plaza_asia_plaza_abda_20170927093012_35145_5a6ad88cc6.jpg,,
114-plaza-abda-ex-plaza-asia-plaza-abda-20170927093017-19825,Media Library/Office Venue/114-plaza-abda-ex-plaza-asia-plaza-abda-20170927093017-19825,1708,0,1,1,interior/114_plaza-abda-ex-plaza-asia-plaza-abda_20170927093017_19825.jpg,interior,114_plaza-abda-ex-plaza-asia-plaza-abda_20170927093017_19825.jpg,uploaded,54384,114_plaza-abda-ex-plaza-asia-plaza-abda_20170927093017_19825.jpg,https://cdn-strapi.prod.99iddev.net/assets/114_plaza_abda_ex_plaza_asia_plaza_abda_20170927093017_19825_3b6f43ec58.jpg,,
114-plaza-abda-ex-plaza-asia-plaza-abda-20170927093018-39770,Media Library/Office Venue/114-plaza-abda-ex-plaza-asia-plaza-abda-20170927093018-39770,1709,0,1,1,interior/114_plaza-abda-ex-plaza-asia-plaza-abda_20170927093018_39770.jpg,interior,114_plaza-abda-ex-plaza-asia-plaza-abda_20170927093018_39770.jpg,uploaded,54385,114_plaza-abda-ex-plaza-asia-plaza-abda_20170927093018_39770.jpg,https://cdn-strapi.prod.99iddev.net/assets/114_plaza_abda_ex_plaza_asia_plaza_abda_20170927093018_39770_c1436929ce.jpg,,
114-plaza-abda-ex-plaza-asia-plaza-abda-20170927093019-54722,Media Library/Office Venue/114-plaza-abda-ex-plaza-asia-plaza-abda-20170927093019-54722,1710,0,1,1,interior/114_plaza-abda-ex-plaza-asia-plaza-abda_20170927093019_54722.jpg,interior,114_plaza-abda-ex-plaza-asia-plaza-abda_20170927093019_54722.jpg,uploaded,54386,114_plaza-abda-ex-plaza-asia-plaza-abda_20170927093019_54722.jpg,https://cdn-strapi.prod.99iddev.net/assets/114_plaza_abda_ex_plaza_asia_plaza_abda_20170927093019_54722_290bf636bd.jpg,,
114-plaza-abda-ex-plaza-asia-plaza-abda-20170927093021-49529,Media Library/Office Venue/114-plaza-abda-ex-plaza-asia-plaza-abda-20170927093021-49529,1711,0,1,1,interior/114_plaza-abda-ex-plaza-asia-plaza-abda_20170927093021_49529.jpg,interior,114_plaza-abda-ex-plaza-asia-plaza-abda_20170927093021_49529.jpg,uploaded,54387,114_plaza-abda-ex-plaza-asia-plaza-abda_20170927093021_49529.jpg,https://cdn-strapi.prod.99iddev.net/assets/114_plaza_abda_ex_plaza_asia_plaza_abda_20170927093021_49529_33c5c37122.jpg,,
114-plaza-abda-ex-plaza-asia-plaza-abda-20171024022931-52376,Media Library/Office Venue/114-plaza-abda-ex-plaza-asia-plaza-abda-20171024022931-52376,1712,0,1,1,interior/114_plaza-abda-ex-plaza-asia-plaza-abda_20171024022931_52376.jpg,interior,114_plaza-abda-ex-plaza-asia-plaza-abda_20171024022931_52376.jpg,uploaded,54388,114_plaza-abda-ex-plaza-asia-plaza-abda_20171024022931_52376.jpg,https://cdn-strapi.prod.99iddev.net/assets/114_plaza_abda_ex_plaza_asia_plaza_abda_20171024022931_52376_dceec117e6.jpg,,
114-plaza-abda-ex-plaza-asia-plaza-abda-20171024022934-48804,Media Library/Office Venue/114-plaza-abda-ex-plaza-asia-plaza-abda-20171024022934-48804,1713,0,1,1,interior/114_plaza-abda-ex-plaza-asia-plaza-abda_20171024022934_48804.jpg,interior,114_plaza-abda-ex-plaza-asia-plaza-abda_20171024022934_48804.jpg,uploaded,54389,114_plaza-abda-ex-plaza-asia-plaza-abda_20171024022934_48804.jpg,https://cdn-strapi.prod.99iddev.net/assets/114_plaza_abda_ex_plaza_asia_plaza_abda_20171024022934_48804_ba6f0b51dc.jpg,,
114-plaza-abda-ex-plaza-asia-plaza-abda-20171212074631-94106,Media Library/Office Venue/114-plaza-abda-ex-plaza-asia-plaza-abda-20171212074631-94106,1714,0,1,1,exterior/114_plaza-abda-ex-plaza-asia-plaza-abda_20171212074631_94106.jpg,exterior,114_plaza-abda-ex-plaza-asia-plaza-abda_20171212074631_94106.jpg,uploaded,54390,114_plaza-abda-ex-plaza-asia-plaza-abda_20171212074631_94106.jpg,https://cdn-strapi.prod.99iddev.net/assets/114_plaza_abda_ex_plaza_asia_plaza_abda_20171212074631_94106_c6da6a3ac2.jpg,,
114-plaza-abda-ex-plaza-asia-plaza-abda-20171212074647-52661,Media Library/Office Venue/114-plaza-abda-ex-plaza-asia-plaza-abda-20171212074647-52661,1715,0,1,1,exterior/114_plaza-abda-ex-plaza-asia-plaza-abda_20171212074647_52661.jpg,exterior,114_plaza-abda-ex-plaza-asia-plaza-abda_20171212074647_52661.jpg,uploaded,54391,114_plaza-abda-ex-plaza-asia-plaza-abda_20171212074647_52661.jpg,https://cdn-strapi.prod.99iddev.net/assets/114_plaza_abda_ex_plaza_asia_plaza_abda_20171212074647_52661_32c4e68310.jpg,,
114-plaza-abda-ex-plaza-asia-plaza-abda-20171212074716-86803,Media Library/Office Venue/114-plaza-abda-ex-plaza-asia-plaza-abda-20171212074716-86803,1716,0,1,1,exterior/114_plaza-abda-ex-plaza-asia-plaza-abda_20171212074716_86803.jpg,exterior,114_plaza-abda-ex-plaza-asia-plaza-abda_20171212074716_86803.jpg,uploaded,54392,114_plaza-abda-ex-plaza-asia-plaza-abda_20171212074716_86803.jpg,https://cdn-strapi.prod.99iddev.net/assets/114_plaza_abda_ex_plaza_asia_plaza_abda_20171212074716_86803_d7e20f4cc8.jpg,,
114-plaza-abda-ex-plaza-asia-plaza-abda-20171212074721-89865,Media Library/Office Venue/114-plaza-abda-ex-plaza-asia-plaza-abda-20171212074721-89865,1717,0,1,1,exterior/114_plaza-abda-ex-plaza-asia-plaza-abda_20171212074721_89865.jpg,exterior,114_plaza-abda-ex-plaza-asia-plaza-abda_20171212074721_89865.jpg,uploaded,54393,114_plaza-abda-ex-plaza-asia-plaza-abda_20171212074721_89865.jpg,https://cdn-strapi.prod.99iddev.net/assets/114_plaza_abda_ex_plaza_asia_plaza_abda_20171212074721_89865_e72427e678.jpg,,
114-plaza-abda-ex-plaza-asia-plaza-abda-20180104023008-36901,Media Library/Office Venue/114-plaza-abda-ex-plaza-asia-plaza-abda-20180104023008-36901,1718,0,1,1,floorplan/114_plaza-abda-ex-plaza-asia-plaza-abda_20180104023008_36901.jpg,floorplan,114_plaza-abda-ex-plaza-asia-plaza-abda_20180104023008_36901.jpg,uploaded,54394,114_plaza-abda-ex-plaza-asia-plaza-abda_20180104023008_36901.jpg,https://cdn-strapi.prod.99iddev.net/assets/114_plaza_abda_ex_plaza_asia_plaza_abda_20180104023008_36901_a8a88a7839.jpg,,
114-plaza-abda-ex-plaza-asia-plaza-abda-20180104023010798,Media Library/Office Venue/114-plaza-abda-ex-plaza-asia-plaza-abda-20180104023010798,1719,0,1,1,floorplan/114_plaza-abda-ex-plaza-asia-plaza-abda_20180104023010_28798.jpg,floorplan,114_plaza-abda-ex-plaza-asia-plaza-abda_20180104023010_28798.jpg,uploaded,54395,114_plaza-abda-ex-plaza-asia-plaza-abda_20180104023010_28798.jpg,https://cdn-strapi.prod.99iddev.net/assets/114_plaza_abda_ex_plaza_asia_plaza_abda_20180104023010_28798_cd9d2a92fc.jpg,,
115-plaza-bapindo-citibank-tower-20160914044453-57168,Media Library/Office Venue/115-plaza-bapindo-citibank-tower-20160914044453-57168,1720,0,1,1,exterior/115_plaza-bapindo-citibank-tower_20160914044453_57168.jpg,exterior,115_plaza-bapindo-citibank-tower_20160914044453_57168.jpg,uploaded,54396,115_plaza-bapindo-citibank-tower_20160914044453_57168.jpg,https://cdn-strapi.prod.99iddev.net/assets/115_plaza_bapindo_citibank_tower_20160914044453_57168_720177f4cd.jpg,,
115-plaza-bapindo-citibank-tower-20160914044453-83519,Media Library/Office Venue/115-plaza-bapindo-citibank-tower-20160914044453-83519,1721,0,1,1,exterior/115_plaza-bapindo-citibank-tower_20160914044453_83519.jpg,exterior,115_plaza-bapindo-citibank-tower_20160914044453_83519.jpg,uploaded,54397,115_plaza-bapindo-citibank-tower_20160914044453_83519.jpg,https://cdn-strapi.prod.99iddev.net/assets/115_plaza_bapindo_citibank_tower_20160914044453_83519_3362d9595e.jpg,,
116-plaza-bapindo-mandiri-tower-20160914044453-48034,Media Library/Office Venue/116-plaza-bapindo-mandiri-tower-20160914044453-48034,1722,0,1,1,exterior/116_plaza-bapindo-mandiri-tower_20160914044453_48034.jpg,exterior,116_plaza-bapindo-mandiri-tower_20160914044453_48034.jpg,uploaded,54398,116_plaza-bapindo-mandiri-tower_20160914044453_48034.jpg,https://cdn-strapi.prod.99iddev.net/assets/116_plaza_bapindo_mandiri_tower_20160914044453_48034_59d9f20be1.jpg,,
116-plaza-bapindo-mandiri-tower-20160914044454-53370,Media Library/Office Venue/116-plaza-bapindo-mandiri-tower-20160914044454-53370,1723,0,1,1,exterior/116_plaza-bapindo-mandiri-tower_20160914044454_53370.jpg,exterior,116_plaza-bapindo-mandiri-tower_20160914044454_53370.jpg,uploaded,54399,116_plaza-bapindo-mandiri-tower_20160914044454_53370.jpg,https://cdn-strapi.prod.99iddev.net/assets/116_plaza_bapindo_mandiri_tower_20160914044454_53370_cb1bee7e8a.jpg,,
116-plaza-bapindo-mandiri-tower-20160914044454-60950,Media Library/Office Venue/116-plaza-bapindo-mandiri-tower-20160914044454-60950,1724,0,1,1,exterior/116_plaza-bapindo-mandiri-tower_20160914044454_60950.jpg,exterior,116_plaza-bapindo-mandiri-tower_20160914044454_60950.jpg,uploaded,54400,116_plaza-bapindo-mandiri-tower_20160914044454_60950.jpg,https://cdn-strapi.prod.99iddev.net/assets/116_plaza_bapindo_mandiri_tower_20160914044454_60950_f7e2d724fe.jpg,,
116-plaza-bapindo-mandiri-tower-20170705100745-60910,Media Library/Office Venue/116-plaza-bapindo-mandiri-tower-20170705100745-60910,1725,0,1,1,interior/116_plaza-bapindo-mandiri-tower_20170705100745_60910.jpg,interior,116_plaza-bapindo-mandiri-tower_20170705100745_60910.jpg,uploaded,54401,116_plaza-bapindo-mandiri-tower_20170705100745_60910.jpg,https://cdn-strapi.prod.99iddev.net/assets/116_plaza_bapindo_mandiri_tower_20170705100745_60910_96cfd32065.jpg,,
116-plaza-bapindo-mandiri-tower-20170705100751-58199,Media Library/Office Venue/116-plaza-bapindo-mandiri-tower-20170705100751-58199,1726,0,1,1,interior/116_plaza-bapindo-mandiri-tower_20170705100751_58199.jpg,interior,116_plaza-bapindo-mandiri-tower_20170705100751_58199.jpg,uploaded,54402,116_plaza-bapindo-mandiri-tower_20170705100751_58199.jpg,https://cdn-strapi.prod.99iddev.net/assets/116_plaza_bapindo_mandiri_tower_20170705100751_58199_789c856ac4.jpg,,
116-plaza-bapindo-mandiri-tower-20170705100758-75657,Media Library/Office Venue/116-plaza-bapindo-mandiri-tower-20170705100758-75657,1727,0,1,1,interior/116_plaza-bapindo-mandiri-tower_20170705100758_75657.jpg,interior,116_plaza-bapindo-mandiri-tower_20170705100758_75657.jpg,uploaded,54403,116_plaza-bapindo-mandiri-tower_20170705100758_75657.jpg,https://cdn-strapi.prod.99iddev.net/assets/116_plaza_bapindo_mandiri_tower_20170705100758_75657_0edeba250b.jpg,,
116-plaza-bapindo-mandiri-tower-20170705100803-33461,Media Library/Office Venue/116-plaza-bapindo-mandiri-tower-20170705100803-33461,1728,0,1,1,interior/116_plaza-bapindo-mandiri-tower_20170705100803_33461.jpg,interior,116_plaza-bapindo-mandiri-tower_20170705100803_33461.jpg,uploaded,54404,116_plaza-bapindo-mandiri-tower_20170705100803_33461.jpg,https://cdn-strapi.prod.99iddev.net/assets/116_plaza_bapindo_mandiri_tower_20170705100803_33461_fdbdc27c4c.jpg,,
116-plaza-bapindo-mandiri-tower-20170705100808-78569,Media Library/Office Venue/116-plaza-bapindo-mandiri-tower-20170705100808-78569,1729,0,1,1,interior/116_plaza-bapindo-mandiri-tower_20170705100808_78569.jpg,interior,116_plaza-bapindo-mandiri-tower_20170705100808_78569.jpg,uploaded,54405,116_plaza-bapindo-mandiri-tower_20170705100808_78569.jpg,https://cdn-strapi.prod.99iddev.net/assets/116_plaza_bapindo_mandiri_tower_20170705100808_78569_8ff6711819.jpg,,
116-plaza-bapindo-mandiri-tower-20170705100817-96299,Media Library/Office Venue/116-plaza-bapindo-mandiri-tower-20170705100817-96299,1730,0,1,1,interior/116_plaza-bapindo-mandiri-tower_20170705100817_96299.jpg,interior,116_plaza-bapindo-mandiri-tower_20170705100817_96299.jpg,uploaded,54406,116_plaza-bapindo-mandiri-tower_20170705100817_96299.jpg,https://cdn-strapi.prod.99iddev.net/assets/116_plaza_bapindo_mandiri_tower_20170705100817_96299_b1fcb98191.jpg,,
118-plaza-sentral-plaza-sentral-20180516065459-60230,Media Library/Office Venue/118-plaza-sentral-plaza-sentral-20180516065459-60230,1731,0,1,1,interior/118_plaza-sentral-plaza-sentral_20180516065459_60230.jpg,interior,118_plaza-sentral-plaza-sentral_20180516065459_60230.jpg,uploaded,54407,118_plaza-sentral-plaza-sentral_20180516065459_60230.jpg,https://cdn-strapi.prod.99iddev.net/assets/118_plaza_sentral_plaza_sentral_20180516065459_60230_763b0a4f0d.jpg,,
118-plaza-sentral-plaza-sentral-20180516065459-92112,Media Library/Office Venue/118-plaza-sentral-plaza-sentral-20180516065459-92112,1732,0,1,1,interior/118_plaza-sentral-plaza-sentral_20180516065459_92112.jpg,interior,118_plaza-sentral-plaza-sentral_20180516065459_92112.jpg,uploaded,54408,118_plaza-sentral-plaza-sentral_20180516065459_92112.jpg,https://cdn-strapi.prod.99iddev.net/assets/118_plaza_sentral_plaza_sentral_20180516065459_92112_ef6fb070c5.jpg,,
118-plaza-sentral-plaza-sentral-20180516065500-73697,Media Library/Office Venue/118-plaza-sentral-plaza-sentral-20180516065500-73697,1733,0,1,1,interior/118_plaza-sentral-plaza-sentral_20180516065500_73697.jpg,interior,118_plaza-sentral-plaza-sentral_20180516065500_73697.jpg,uploaded,54409,118_plaza-sentral-plaza-sentral_20180516065500_73697.jpg,https://cdn-strapi.prod.99iddev.net/assets/118_plaza_sentral_plaza_sentral_20180516065500_73697_b19ff65147.jpg,,
118-plaza-sentral-plaza-sentral-20180516065501-21339,Media Library/Office Venue/118-plaza-sentral-plaza-sentral-20180516065501-21339,1734,0,1,1,interior/118_plaza-sentral-plaza-sentral_20180516065501_21339.jpg,interior,118_plaza-sentral-plaza-sentral_20180516065501_21339.jpg,uploaded,54410,118_plaza-sentral-plaza-sentral_20180516065501_21339.jpg,https://cdn-strapi.prod.99iddev.net/assets/118_plaza_sentral_plaza_sentral_20180516065501_21339_efe3a31de5.jpg,,
118-plaza-sentral-plaza-sentral-20180516065502-31110,Media Library/Office Venue/118-plaza-sentral-plaza-sentral-20180516065502-31110,1735,0,1,1,interior/118_plaza-sentral-plaza-sentral_20180516065502_31110.jpg,interior,118_plaza-sentral-plaza-sentral_20180516065502_31110.jpg,uploaded,54411,118_plaza-sentral-plaza-sentral_20180516065502_31110.jpg,https://cdn-strapi.prod.99iddev.net/assets/118_plaza_sentral_plaza_sentral_20180516065502_31110_2b78efbc74.jpg,,
118-plaza-sentral-plaza-sentral-20180516065502-51301,Media Library/Office Venue/118-plaza-sentral-plaza-sentral-20180516065502-51301,1736,0,1,1,interior/118_plaza-sentral-plaza-sentral_20180516065502_51301.jpg,interior,118_plaza-sentral-plaza-sentral_20180516065502_51301.jpg,uploaded,54412,118_plaza-sentral-plaza-sentral_20180516065502_51301.jpg,https://cdn-strapi.prod.99iddev.net/assets/118_plaza_sentral_plaza_sentral_20180516065502_51301_676f1756eb.jpg,,
118-plaza-sentral-plaza-sentral-20180516065504-36479,Media Library/Office Venue/118-plaza-sentral-plaza-sentral-20180516065504-36479,1737,0,1,1,interior/118_plaza-sentral-plaza-sentral_20180516065504_36479.jpg,interior,118_plaza-sentral-plaza-sentral_20180516065504_36479.jpg,uploaded,54413,118_plaza-sentral-plaza-sentral_20180516065504_36479.jpg,https://cdn-strapi.prod.99iddev.net/assets/118_plaza_sentral_plaza_sentral_20180516065504_36479_ccbf9cc214.jpg,,
118-plaza-sentral-plaza-sentral-20180516065504-44222,Media Library/Office Venue/118-plaza-sentral-plaza-sentral-20180516065504-44222,1738,0,1,1,interior/118_plaza-sentral-plaza-sentral_20180516065504_44222.jpg,interior,118_plaza-sentral-plaza-sentral_20180516065504_44222.jpg,uploaded,54414,118_plaza-sentral-plaza-sentral_20180516065504_44222.jpg,https://cdn-strapi.prod.99iddev.net/assets/118_plaza_sentral_plaza_sentral_20180516065504_44222_1b8282fa2c.jpg,,
118-plaza-sentral-plaza-sentral-20180516065504-53621,Media Library/Office Venue/118-plaza-sentral-plaza-sentral-20180516065504-53621,1739,0,1,1,interior/118_plaza-sentral-plaza-sentral_20180516065504_53621.jpg,interior,118_plaza-sentral-plaza-sentral_20180516065504_53621.jpg,uploaded,54415,118_plaza-sentral-plaza-sentral_20180516065504_53621.jpg,https://cdn-strapi.prod.99iddev.net/assets/118_plaza_sentral_plaza_sentral_20180516065504_53621_2a9a295f2e.jpg,,
118-plaza-sentral-plaza-sentral-20180516065504-53836,Media Library/Office Venue/118-plaza-sentral-plaza-sentral-20180516065504-53836,1740,0,1,1,interior/118_plaza-sentral-plaza-sentral_20180516065504_53836.jpg,interior,118_plaza-sentral-plaza-sentral_20180516065504_53836.jpg,uploaded,54416,118_plaza-sentral-plaza-sentral_20180516065504_53836.jpg,https://cdn-strapi.prod.99iddev.net/assets/118_plaza_sentral_plaza_sentral_20180516065504_53836_e8b19d0d71.jpg,,
118-plaza-sentral-plaza-sentral-20180516065504-55298,Media Library/Office Venue/118-plaza-sentral-plaza-sentral-20180516065504-55298,1741,0,1,1,interior/118_plaza-sentral-plaza-sentral_20180516065504_55298.jpg,interior,118_plaza-sentral-plaza-sentral_20180516065504_55298.jpg,uploaded,54417,118_plaza-sentral-plaza-sentral_20180516065504_55298.jpg,https://cdn-strapi.prod.99iddev.net/assets/118_plaza_sentral_plaza_sentral_20180516065504_55298_124b446c28.jpg,,
118-plaza-sentral-plaza-sentral-20180516065506-27363,Media Library/Office Venue/118-plaza-sentral-plaza-sentral-20180516065506-27363,1742,0,1,1,interior/118_plaza-sentral-plaza-sentral_20180516065506_27363.jpg,interior,118_plaza-sentral-plaza-sentral_20180516065506_27363.jpg,uploaded,54418,118_plaza-sentral-plaza-sentral_20180516065506_27363.jpg,https://cdn-strapi.prod.99iddev.net/assets/118_plaza_sentral_plaza_sentral_20180516065506_27363_577b69a0b5.jpg,,
118-plaza-sentral-plaza-sentral-20180516065506-51984,Media Library/Office Venue/118-plaza-sentral-plaza-sentral-20180516065506-51984,1743,0,1,1,interior/118_plaza-sentral-plaza-sentral_20180516065506_51984.jpg,interior,118_plaza-sentral-plaza-sentral_20180516065506_51984.jpg,uploaded,54419,118_plaza-sentral-plaza-sentral_20180516065506_51984.jpg,https://cdn-strapi.prod.99iddev.net/assets/118_plaza_sentral_plaza_sentral_20180516065506_51984_78a7920da5.jpg,,
118-plaza-sentral-plaza-sentral-20180516065505300,Media Library/Office Venue/118-plaza-sentral-plaza-sentral-20180516065505300,1744,0,1,1,interior/118_plaza-sentral-plaza-sentral_20180516065505_28300.jpg,interior,118_plaza-sentral-plaza-sentral_20180516065505_28300.jpg,uploaded,54420,118_plaza-sentral-plaza-sentral_20180516065505_28300.jpg,https://cdn-strapi.prod.99iddev.net/assets/118_plaza_sentral_plaza_sentral_20180516065505_28300_9a16b6d5d0.jpg,,
119-prince-center-prince-center-20160914044510-58507,Media Library/Office Venue/119-prince-center-prince-center-20160914044510-58507,1745,0,1,1,exterior/119_prince-center-prince-center_20160914044510_58507.jpg,exterior,119_prince-center-prince-center_20160914044510_58507.jpg,uploaded,54421,119_prince-center-prince-center_20160914044510_58507.jpg,https://cdn-strapi.prod.99iddev.net/assets/119_prince_center_prince_center_20160914044510_58507_8fec300933.jpg,,
119-prince-center-prince-center-20160914044510-82997,Media Library/Office Venue/119-prince-center-prince-center-20160914044510-82997,1746,0,1,1,exterior/119_prince-center-prince-center_20160914044510_82997.jpg,exterior,119_prince-center-prince-center_20160914044510_82997.jpg,uploaded,54422,119_prince-center-prince-center_20160914044510_82997.jpg,https://cdn-strapi.prod.99iddev.net/assets/119_prince_center_prince_center_20160914044510_82997_9e69989c40.jpg,,
119-prince-center-prince-center-20160914044511-70488,Media Library/Office Venue/119-prince-center-prince-center-20160914044511-70488,1747,0,1,1,exterior/119_prince-center-prince-center_20160914044511_70488.jpg,exterior,119_prince-center-prince-center_20160914044511_70488.jpg,uploaded,54423,119_prince-center-prince-center_20160914044511_70488.jpg,https://cdn-strapi.prod.99iddev.net/assets/119_prince_center_prince_center_20160914044511_70488_1f39f03913.jpg,,
119-prince-center-prince-center-20170214033435-53015,Media Library/Office Venue/119-prince-center-prince-center-20170214033435-53015,1748,0,1,1,interior/119_prince-center-prince-center_20170214033435_53015.jpg,interior,119_prince-center-prince-center_20170214033435_53015.jpg,uploaded,54424,119_prince-center-prince-center_20170214033435_53015.jpg,https://cdn-strapi.prod.99iddev.net/assets/119_prince_center_prince_center_20170214033435_53015_a4f1f346db.jpg,,
119-prince-center-prince-center-20170214033436-56063,Media Library/Office Venue/119-prince-center-prince-center-20170214033436-56063,1749,0,1,1,interior/119_prince-center-prince-center_20170214033436_56063.jpg,interior,119_prince-center-prince-center_20170214033436_56063.jpg,uploaded,54425,119_prince-center-prince-center_20170214033436_56063.jpg,https://cdn-strapi.prod.99iddev.net/assets/119_prince_center_prince_center_20170214033436_56063_e89bae5fd0.jpg,,
119-prince-center-prince-center-20170214033437-33714,Media Library/Office Venue/119-prince-center-prince-center-20170214033437-33714,1750,0,1,1,interior/119_prince-center-prince-center_20170214033437_33714.jpg,interior,119_prince-center-prince-center_20170214033437_33714.jpg,uploaded,54426,119_prince-center-prince-center_20170214033437_33714.jpg,https://cdn-strapi.prod.99iddev.net/assets/119_prince_center_prince_center_20170214033437_33714_8576fa2c22.jpg,,
119-prince-center-prince-center-20170214033437-40039,Media Library/Office Venue/119-prince-center-prince-center-20170214033437-40039,1751,0,1,1,interior/119_prince-center-prince-center_20170214033437_40039.jpg,interior,119_prince-center-prince-center_20170214033437_40039.jpg,uploaded,54427,119_prince-center-prince-center_20170214033437_40039.jpg,https://cdn-strapi.prod.99iddev.net/assets/119_prince_center_prince_center_20170214033437_40039_1860712bed.jpg,,
119-prince-center-prince-center-20170214033438-24121,Media Library/Office Venue/119-prince-center-prince-center-20170214033438-24121,1752,0,1,1,interior/119_prince-center-prince-center_20170214033438_24121.jpg,interior,119_prince-center-prince-center_20170214033438_24121.jpg,uploaded,54428,119_prince-center-prince-center_20170214033438_24121.jpg,https://cdn-strapi.prod.99iddev.net/assets/119_prince_center_prince_center_20170214033438_24121_c94c6c62c1.jpg,,
119-prince-center-prince-center-20170214033438-77444,Media Library/Office Venue/119-prince-center-prince-center-20170214033438-77444,1753,0,1,1,interior/119_prince-center-prince-center_20170214033438_77444.jpg,interior,119_prince-center-prince-center_20170214033438_77444.jpg,uploaded,54429,119_prince-center-prince-center_20170214033438_77444.jpg,https://cdn-strapi.prod.99iddev.net/assets/119_prince_center_prince_center_20170214033438_77444_614b60eb7d.jpg,,
119-prince-center-prince-center-20170214033439-35215,Media Library/Office Venue/119-prince-center-prince-center-20170214033439-35215,1754,0,1,1,interior/119_prince-center-prince-center_20170214033439_35215.jpg,interior,119_prince-center-prince-center_20170214033439_35215.jpg,uploaded,54430,119_prince-center-prince-center_20170214033439_35215.jpg,https://cdn-strapi.prod.99iddev.net/assets/119_prince_center_prince_center_20170214033439_35215_5893e2954c.jpg,,
119-prince-center-prince-center-20170214033439-41928,Media Library/Office Venue/119-prince-center-prince-center-20170214033439-41928,1755,0,1,1,interior/119_prince-center-prince-center_20170214033439_41928.jpg,interior,119_prince-center-prince-center_20170214033439_41928.jpg,uploaded,54431,119_prince-center-prince-center_20170214033439_41928.jpg,https://cdn-strapi.prod.99iddev.net/assets/119_prince_center_prince_center_20170214033439_41928_8d2ea5db53.jpg,,
119-prince-center-prince-center-20170316041953-26937,Media Library/Office Venue/119-prince-center-prince-center-20170316041953-26937,1756,0,1,1,floorplan/119_prince-center-prince-center_20170316041953_26937.jpg,floorplan,119_prince-center-prince-center_20170316041953_26937.jpg,uploaded,54432,119_prince-center-prince-center_20170316041953_26937.jpg,https://cdn-strapi.prod.99iddev.net/assets/119_prince_center_prince_center_20170316041953_26937_a5f9f7e212.jpg,,
119-prince-center-prince-center-20170316042043-52454,Media Library/Office Venue/119-prince-center-prince-center-20170316042043-52454,1757,0,1,1,floorplan/119_prince-center-prince-center_20170316042043_52454.jpg,floorplan,119_prince-center-prince-center_20170316042043_52454.jpg,uploaded,54433,119_prince-center-prince-center_20170316042043_52454.jpg,https://cdn-strapi.prod.99iddev.net/assets/119_prince_center_prince_center_20170316042043_52454_8c75537275.jpg,,
119-prince-center-prince-center-20170316042044-49134,Media Library/Office Venue/119-prince-center-prince-center-20170316042044-49134,1758,0,1,1,floorplan/119_prince-center-prince-center_20170316042044_49134.jpg,floorplan,119_prince-center-prince-center_20170316042044_49134.jpg,uploaded,54434,119_prince-center-prince-center_20170316042044_49134.jpg,https://cdn-strapi.prod.99iddev.net/assets/119_prince_center_prince_center_20170316042044_49134_91f3492db4.jpg,,
129-sona-topas-tower-sona-topas-tower-20160914044612-80696,Media Library/Office Venue/129-sona-topas-tower-sona-topas-tower-20160914044612-80696,1759,0,1,1,exterior/129_sona-topas-tower-sona-topas-tower_20160914044612_80696.jpg,exterior,129_sona-topas-tower-sona-topas-tower_20160914044612_80696.jpg,uploaded,54435,129_sona-topas-tower-sona-topas-tower_20160914044612_80696.jpg,https://cdn-strapi.prod.99iddev.net/assets/129_sona_topas_tower_sona_topas_tower_20160914044612_80696_eff8fbfbbd.jpg,,
129-sona-topas-tower-sona-topas-tower-20160914044613-13525,Media Library/Office Venue/129-sona-topas-tower-sona-topas-tower-20160914044613-13525,1760,0,1,1,exterior/129_sona-topas-tower-sona-topas-tower_20160914044613_13525.jpg,exterior,129_sona-topas-tower-sona-topas-tower_20160914044613_13525.jpg,uploaded,54436,129_sona-topas-tower-sona-topas-tower_20160914044613_13525.jpg,https://cdn-strapi.prod.99iddev.net/assets/129_sona_topas_tower_sona_topas_tower_20160914044613_13525_7977e07a9b.jpg,,
137-wisma-gkbi-wisma-gkbi-20170320063337-49831,Media Library/Office Venue/137-wisma-gkbi-wisma-gkbi-20170320063337-49831,1761,0,1,1,interior/137_wisma-gkbi-wisma-gkbi_20170320063337_49831.jpg,interior,137_wisma-gkbi-wisma-gkbi_20170320063337_49831.jpg,uploaded,54437,137_wisma-gkbi-wisma-gkbi_20170320063337_49831.jpg,https://cdn-strapi.prod.99iddev.net/assets/137_wisma_gkbi_wisma_gkbi_20170320063337_49831_a49264579d.jpg,,
137-wisma-gkbi-wisma-gkbi-20170320063337-67842,Media Library/Office Venue/137-wisma-gkbi-wisma-gkbi-20170320063337-67842,1762,0,1,1,interior/137_wisma-gkbi-wisma-gkbi_20170320063337_67842.jpg,interior,137_wisma-gkbi-wisma-gkbi_20170320063337_67842.jpg,uploaded,54438,137_wisma-gkbi-wisma-gkbi_20170320063337_67842.jpg,https://cdn-strapi.prod.99iddev.net/assets/137_wisma_gkbi_wisma_gkbi_20170320063337_67842_d9c9641a3f.jpg,,
137-wisma-gkbi-wisma-gkbi-20170320063338-22207,Media Library/Office Venue/137-wisma-gkbi-wisma-gkbi-20170320063338-22207,1763,0,1,1,interior/137_wisma-gkbi-wisma-gkbi_20170320063338_22207.jpg,interior,137_wisma-gkbi-wisma-gkbi_20170320063338_22207.jpg,uploaded,54439,137_wisma-gkbi-wisma-gkbi_20170320063338_22207.jpg,https://cdn-strapi.prod.99iddev.net/assets/137_wisma_gkbi_wisma_gkbi_20170320063338_22207_3ac0661250.jpg,,
137-wisma-gkbi-wisma-gkbi-20170320063338-41530,Media Library/Office Venue/137-wisma-gkbi-wisma-gkbi-20170320063338-41530,1764,0,1,1,interior/137_wisma-gkbi-wisma-gkbi_20170320063338_41530.jpg,interior,137_wisma-gkbi-wisma-gkbi_20170320063338_41530.jpg,uploaded,54440,137_wisma-gkbi-wisma-gkbi_20170320063338_41530.jpg,https://cdn-strapi.prod.99iddev.net/assets/137_wisma_gkbi_wisma_gkbi_20170320063338_41530_85f656e724.jpg,,
137-wisma-gkbi-wisma-gkbi-20170320063339-89711,Media Library/Office Venue/137-wisma-gkbi-wisma-gkbi-20170320063339-89711,1765,0,1,1,interior/137_wisma-gkbi-wisma-gkbi_20170320063339_89711.jpg,interior,137_wisma-gkbi-wisma-gkbi_20170320063339_89711.jpg,uploaded,54441,137_wisma-gkbi-wisma-gkbi_20170320063339_89711.jpg,https://cdn-strapi.prod.99iddev.net/assets/137_wisma_gkbi_wisma_gkbi_20170320063339_89711_af3661b529.jpg,,
137-wisma-gkbi-wisma-gkbi-20170320063340-45523,Media Library/Office Venue/137-wisma-gkbi-wisma-gkbi-20170320063340-45523,1766,0,1,1,interior/137_wisma-gkbi-wisma-gkbi_20170320063340_45523.jpg,interior,137_wisma-gkbi-wisma-gkbi_20170320063340_45523.jpg,uploaded,54442,137_wisma-gkbi-wisma-gkbi_20170320063340_45523.jpg,https://cdn-strapi.prod.99iddev.net/assets/137_wisma_gkbi_wisma_gkbi_20170320063340_45523_03f7a4ef72.jpg,,
137-wisma-gkbi-wisma-gkbi-20170320063340-62945,Media Library/Office Venue/137-wisma-gkbi-wisma-gkbi-20170320063340-62945,1767,0,1,1,interior/137_wisma-gkbi-wisma-gkbi_20170320063340_62945.jpg,interior,137_wisma-gkbi-wisma-gkbi_20170320063340_62945.jpg,uploaded,54443,137_wisma-gkbi-wisma-gkbi_20170320063340_62945.jpg,https://cdn-strapi.prod.99iddev.net/assets/137_wisma_gkbi_wisma_gkbi_20170320063340_62945_67681aa18d.jpg,,
137-wisma-gkbi-wisma-gkbi-20170320063340-91939,Media Library/Office Venue/137-wisma-gkbi-wisma-gkbi-20170320063340-91939,1768,0,1,1,interior/137_wisma-gkbi-wisma-gkbi_20170320063340_91939.jpg,interior,137_wisma-gkbi-wisma-gkbi_20170320063340_91939.jpg,uploaded,54444,137_wisma-gkbi-wisma-gkbi_20170320063340_91939.jpg,https://cdn-strapi.prod.99iddev.net/assets/137_wisma_gkbi_wisma_gkbi_20170320063340_91939_e2c97f47e0.jpg,,
137-wisma-gkbi-wisma-gkbi-20170320063341-45331,Media Library/Office Venue/137-wisma-gkbi-wisma-gkbi-20170320063341-45331,1769,0,1,1,interior/137_wisma-gkbi-wisma-gkbi_20170320063341_45331.jpg,interior,137_wisma-gkbi-wisma-gkbi_20170320063341_45331.jpg,uploaded,54445,137_wisma-gkbi-wisma-gkbi_20170320063341_45331.jpg,https://cdn-strapi.prod.99iddev.net/assets/137_wisma_gkbi_wisma_gkbi_20170320063341_45331_ae80c17799.jpg,,
137-wisma-gkbi-wisma-gkbi-20170320063341-64503,Media Library/Office Venue/137-wisma-gkbi-wisma-gkbi-20170320063341-64503,1770,0,1,1,interior/137_wisma-gkbi-wisma-gkbi_20170320063341_64503.jpg,interior,137_wisma-gkbi-wisma-gkbi_20170320063341_64503.jpg,uploaded,54446,137_wisma-gkbi-wisma-gkbi_20170320063341_64503.jpg,https://cdn-strapi.prod.99iddev.net/assets/137_wisma_gkbi_wisma_gkbi_20170320063341_64503_7640bddda3.jpg,,
137-wisma-gkbi-wisma-gkbi-20170320063341-78741,Media Library/Office Venue/137-wisma-gkbi-wisma-gkbi-20170320063341-78741,1771,0,1,1,interior/137_wisma-gkbi-wisma-gkbi_20170320063341_78741.jpg,interior,137_wisma-gkbi-wisma-gkbi_20170320063341_78741.jpg,uploaded,54447,137_wisma-gkbi-wisma-gkbi_20170320063341_78741.jpg,https://cdn-strapi.prod.99iddev.net/assets/137_wisma_gkbi_wisma_gkbi_20170320063341_78741_91b261eb72.jpg,,
137-wisma-gkbi-wisma-gkbi-20170320063341-83490,Media Library/Office Venue/137-wisma-gkbi-wisma-gkbi-20170320063341-83490,1772,0,1,1,interior/137_wisma-gkbi-wisma-gkbi_20170320063341_83490.jpg,interior,137_wisma-gkbi-wisma-gkbi_20170320063341_83490.jpg,uploaded,54448,137_wisma-gkbi-wisma-gkbi_20170320063341_83490.jpg,https://cdn-strapi.prod.99iddev.net/assets/137_wisma_gkbi_wisma_gkbi_20170320063341_83490_dcb10db7e2.jpg,,
137-wisma-gkbi-wisma-gkbi-20170320063342-18299,Media Library/Office Venue/137-wisma-gkbi-wisma-gkbi-20170320063342-18299,1773,0,1,1,interior/137_wisma-gkbi-wisma-gkbi_20170320063342_18299.jpg,interior,137_wisma-gkbi-wisma-gkbi_20170320063342_18299.jpg,uploaded,54449,137_wisma-gkbi-wisma-gkbi_20170320063342_18299.jpg,https://cdn-strapi.prod.99iddev.net/assets/137_wisma_gkbi_wisma_gkbi_20170320063342_18299_0dda48160e.jpg,,
137-wisma-gkbi-wisma-gkbi-20170320063342-24907,Media Library/Office Venue/137-wisma-gkbi-wisma-gkbi-20170320063342-24907,1774,0,1,1,interior/137_wisma-gkbi-wisma-gkbi_20170320063342_24907.jpg,interior,137_wisma-gkbi-wisma-gkbi_20170320063342_24907.jpg,uploaded,54450,137_wisma-gkbi-wisma-gkbi_20170320063342_24907.jpg,https://cdn-strapi.prod.99iddev.net/assets/137_wisma_gkbi_wisma_gkbi_20170320063342_24907_cd2cc39342.jpg,,
137-wisma-gkbi-wisma-gkbi-20170320063342-41289,Media Library/Office Venue/137-wisma-gkbi-wisma-gkbi-20170320063342-41289,1775,0,1,1,interior/137_wisma-gkbi-wisma-gkbi_20170320063342_41289.jpg,interior,137_wisma-gkbi-wisma-gkbi_20170320063342_41289.jpg,uploaded,54451,137_wisma-gkbi-wisma-gkbi_20170320063342_41289.jpg,https://cdn-strapi.prod.99iddev.net/assets/137_wisma_gkbi_wisma_gkbi_20170320063342_41289_569862c1d2.jpg,,
137-wisma-gkbi-wisma-gkbi-20170320063342-86447,Media Library/Office Venue/137-wisma-gkbi-wisma-gkbi-20170320063342-86447,1776,0,1,1,interior/137_wisma-gkbi-wisma-gkbi_20170320063342_86447.jpg,interior,137_wisma-gkbi-wisma-gkbi_20170320063342_86447.jpg,uploaded,54452,137_wisma-gkbi-wisma-gkbi_20170320063342_86447.jpg,https://cdn-strapi.prod.99iddev.net/assets/137_wisma_gkbi_wisma_gkbi_20170320063342_86447_f33d830819.jpg,,
153-plaza-bank-index-ex-plaza-permata-plaza-bank-index-ex-plaza-permata-20201122162405-94130,Media Library/Office Venue/153-plaza-bank-index-ex-plaza-permata-plaza-bank-index-ex-plaza-permata-20201122162405-94130,1777,0,1,1,exterior/153_plaza-bank-index-ex-plaza-permata-plaza-bank-index-ex-plaza-permata_20201122162405_94130.jpg,exterior,153_plaza-bank-index-ex-plaza-permata-plaza-bank-index-ex-plaza-permata_20201122162405_94130.jpg,uploaded,54453,153_plaza-bank-index-ex-plaza-permata-plaza-bank-index-ex-plaza-permata_20201122162405_94130.jpg,https://cdn-strapi.prod.99iddev.net/assets/153_plaza_bank_index_ex_plaza_permata_plaza_bank_index_ex_plaza_permata_20201122162405_94130_5445b0ff11.jpg,,
153-plaza-permata-plaza-permata-20160914044502-64527,Media Library/Office Venue/153-plaza-permata-plaza-permata-20160914044502-64527,1778,0,1,1,exterior/153_plaza-permata-plaza-permata_20160914044502_64527.jpg,exterior,153_plaza-permata-plaza-permata_20160914044502_64527.jpg,uploaded,54454,153_plaza-permata-plaza-permata_20160914044502_64527.jpg,https://cdn-strapi.prod.99iddev.net/assets/153_plaza_permata_plaza_permata_20160914044502_64527_056226bb5a.jpg,,
153-plaza-permata-plaza-permata-20160914044503-57315,Media Library/Office Venue/153-plaza-permata-plaza-permata-20160914044503-57315,1779,0,1,1,exterior/153_plaza-permata-plaza-permata_20160914044503_57315.jpg,exterior,153_plaza-permata-plaza-permata_20160914044503_57315.jpg,uploaded,54455,153_plaza-permata-plaza-permata_20160914044503_57315.jpg,https://cdn-strapi.prod.99iddev.net/assets/153_plaza_permata_plaza_permata_20160914044503_57315_9da40fc33f.jpg,,
153-plaza-permata-plaza-permata-20160914044503-65591,Media Library/Office Venue/153-plaza-permata-plaza-permata-20160914044503-65591,1780,0,1,1,exterior/153_plaza-permata-plaza-permata_20160914044503_65591.jpg,exterior,153_plaza-permata-plaza-permata_20160914044503_65591.jpg,uploaded,54456,153_plaza-permata-plaza-permata_20160914044503_65591.jpg,https://cdn-strapi.prod.99iddev.net/assets/153_plaza_permata_plaza_permata_20160914044503_65591_41db079423.jpg,,
153-plaza-permata-plaza-permata-20160914044503-94154,Media Library/Office Venue/153-plaza-permata-plaza-permata-20160914044503-94154,1781,0,1,1,exterior/153_plaza-permata-plaza-permata_20160914044503_94154.jpg,exterior,153_plaza-permata-plaza-permata_20160914044503_94154.jpg,uploaded,54457,153_plaza-permata-plaza-permata_20160914044503_94154.jpg,https://cdn-strapi.prod.99iddev.net/assets/153_plaza_permata_plaza_permata_20160914044503_94154_afa5feecb7.jpg,,
153-plaza-permata-plaza-permata-20170727092651-33041,Media Library/Office Venue/153-plaza-permata-plaza-permata-20170727092651-33041,1782,0,1,1,interior/153_plaza-permata-plaza-permata_20170727092651_33041.jpg,interior,153_plaza-permata-plaza-permata_20170727092651_33041.jpg,uploaded,54458,153_plaza-permata-plaza-permata_20170727092651_33041.jpg,https://cdn-strapi.prod.99iddev.net/assets/153_plaza_permata_plaza_permata_20170727092651_33041_0aeb84d52d.jpg,,
153-plaza-permata-plaza-permata-20170727092654-73816,Media Library/Office Venue/153-plaza-permata-plaza-permata-20170727092654-73816,1783,0,1,1,interior/153_plaza-permata-plaza-permata_20170727092654_73816.jpg,interior,153_plaza-permata-plaza-permata_20170727092654_73816.jpg,uploaded,54459,153_plaza-permata-plaza-permata_20170727092654_73816.jpg,https://cdn-strapi.prod.99iddev.net/assets/153_plaza_permata_plaza_permata_20170727092654_73816_82e2fb4ba8.jpg,,
153-plaza-permata-plaza-permata-20170727092701-43594,Media Library/Office Venue/153-plaza-permata-plaza-permata-20170727092701-43594,1784,0,1,1,interior/153_plaza-permata-plaza-permata_20170727092701_43594.jpg,interior,153_plaza-permata-plaza-permata_20170727092701_43594.jpg,uploaded,54460,153_plaza-permata-plaza-permata_20170727092701_43594.jpg,https://cdn-strapi.prod.99iddev.net/assets/153_plaza_permata_plaza_permata_20170727092701_43594_edc3524d28.jpg,,
153-plaza-permata-plaza-permata-20170727092703-53676,Media Library/Office Venue/153-plaza-permata-plaza-permata-20170727092703-53676,1785,0,1,1,interior/153_plaza-permata-plaza-permata_20170727092703_53676.jpg,interior,153_plaza-permata-plaza-permata_20170727092703_53676.jpg,uploaded,54461,153_plaza-permata-plaza-permata_20170727092703_53676.jpg,https://cdn-strapi.prod.99iddev.net/assets/153_plaza_permata_plaza_permata_20170727092703_53676_acbafc431d.jpg,,
153-plaza-permata-plaza-permata-20170727092713-51067,Media Library/Office Venue/153-plaza-permata-plaza-permata-20170727092713-51067,1786,0,1,1,interior/153_plaza-permata-plaza-permata_20170727092713_51067.jpg,interior,153_plaza-permata-plaza-permata_20170727092713_51067.jpg,uploaded,54462,153_plaza-permata-plaza-permata_20170727092713_51067.jpg,https://cdn-strapi.prod.99iddev.net/assets/153_plaza_permata_plaza_permata_20170727092713_51067_685bb0a369.jpg,,
153-plaza-permata-plaza-permata-20170727092717-26953,Media Library/Office Venue/153-plaza-permata-plaza-permata-20170727092717-26953,1787,0,1,1,interior/153_plaza-permata-plaza-permata_20170727092717_26953.jpg,interior,153_plaza-permata-plaza-permata_20170727092717_26953.jpg,uploaded,54463,153_plaza-permata-plaza-permata_20170727092717_26953.jpg,https://cdn-strapi.prod.99iddev.net/assets/153_plaza_permata_plaza_permata_20170727092717_26953_ee77528bdc.jpg,,
153-plaza-permata-plaza-permata-20170727092719-10513,Media Library/Office Venue/153-plaza-permata-plaza-permata-20170727092719-10513,1788,0,1,1,interior/153_plaza-permata-plaza-permata_20170727092719_10513.jpg,interior,153_plaza-permata-plaza-permata_20170727092719_10513.jpg,uploaded,54464,153_plaza-permata-plaza-permata_20170727092719_10513.jpg,https://cdn-strapi.prod.99iddev.net/assets/153_plaza_permata_plaza_permata_20170727092719_10513_4ea48efe77.jpg,,
153-plaza-permata-plaza-permata-20170727092721-46939,Media Library/Office Venue/153-plaza-permata-plaza-permata-20170727092721-46939,1789,0,1,1,interior/153_plaza-permata-plaza-permata_20170727092721_46939.jpg,interior,153_plaza-permata-plaza-permata_20170727092721_46939.jpg,uploaded,54465,153_plaza-permata-plaza-permata_20170727092721_46939.jpg,https://cdn-strapi.prod.99iddev.net/assets/153_plaza_permata_plaza_permata_20170727092721_46939_b2b16688f7.jpg,,
153-plaza-permata-plaza-permata-20170727092724-81145,Media Library/Office Venue/153-plaza-permata-plaza-permata-20170727092724-81145,1790,0,1,1,interior/153_plaza-permata-plaza-permata_20170727092724_81145.jpg,interior,153_plaza-permata-plaza-permata_20170727092724_81145.jpg,uploaded,54466,153_plaza-permata-plaza-permata_20170727092724_81145.jpg,https://cdn-strapi.prod.99iddev.net/assets/153_plaza_permata_plaza_permata_20170727092724_81145_3dee9f8cc0.jpg,,
153-plaza-permata-plaza-permata-20170727092738-41252,Media Library/Office Venue/153-plaza-permata-plaza-permata-20170727092738-41252,1791,0,1,1,interior/153_plaza-permata-plaza-permata_20170727092738_41252.jpg,interior,153_plaza-permata-plaza-permata_20170727092738_41252.jpg,uploaded,54467,153_plaza-permata-plaza-permata_20170727092738_41252.jpg,https://cdn-strapi.prod.99iddev.net/assets/153_plaza_permata_plaza_permata_20170727092738_41252_a3a476e435.jpg,,
153-plaza-permata-plaza-permata-20170727092741-27623,Media Library/Office Venue/153-plaza-permata-plaza-permata-20170727092741-27623,1792,0,1,1,interior/153_plaza-permata-plaza-permata_20170727092741_27623.jpg,interior,153_plaza-permata-plaza-permata_20170727092741_27623.jpg,uploaded,54468,153_plaza-permata-plaza-permata_20170727092741_27623.jpg,https://cdn-strapi.prod.99iddev.net/assets/153_plaza_permata_plaza_permata_20170727092741_27623_aa6a062f3c.jpg,,
153-plaza-permata-plaza-permata-20170727092744-33287,Media Library/Office Venue/153-plaza-permata-plaza-permata-20170727092744-33287,1793,0,1,1,interior/153_plaza-permata-plaza-permata_20170727092744_33287.jpg,interior,153_plaza-permata-plaza-permata_20170727092744_33287.jpg,uploaded,54469,153_plaza-permata-plaza-permata_20170727092744_33287.jpg,https://cdn-strapi.prod.99iddev.net/assets/153_plaza_permata_plaza_permata_20170727092744_33287_5aad3abd2f.jpg,,
153-plaza-permata-plaza-permata-20170727092748-61449,Media Library/Office Venue/153-plaza-permata-plaza-permata-20170727092748-61449,1794,0,1,1,interior/153_plaza-permata-plaza-permata_20170727092748_61449.jpg,interior,153_plaza-permata-plaza-permata_20170727092748_61449.jpg,uploaded,54470,153_plaza-permata-plaza-permata_20170727092748_61449.jpg,https://cdn-strapi.prod.99iddev.net/assets/153_plaza_permata_plaza_permata_20170727092748_61449_10b10aeea2.jpg,,
153-plaza-permata-plaza-permata-20170727092752-68427,Media Library/Office Venue/153-plaza-permata-plaza-permata-20170727092752-68427,1795,0,1,1,interior/153_plaza-permata-plaza-permata_20170727092752_68427.jpg,interior,153_plaza-permata-plaza-permata_20170727092752_68427.jpg,uploaded,54471,153_plaza-permata-plaza-permata_20170727092752_68427.jpg,https://cdn-strapi.prod.99iddev.net/assets/153_plaza_permata_plaza_permata_20170727092752_68427_02ba318eee.jpg,,
153-plaza-permata-plaza-permata-20170727092806-94228,Media Library/Office Venue/153-plaza-permata-plaza-permata-20170727092806-94228,1796,0,1,1,interior/153_plaza-permata-plaza-permata_20170727092806_94228.jpg,interior,153_plaza-permata-plaza-permata_20170727092806_94228.jpg,uploaded,54472,153_plaza-permata-plaza-permata_20170727092806_94228.jpg,https://cdn-strapi.prod.99iddev.net/assets/153_plaza_permata_plaza_permata_20170727092806_94228_444d31a89b.jpg,,
153-plaza-permata-plaza-permata-20170727092810-89539,Media Library/Office Venue/153-plaza-permata-plaza-permata-20170727092810-89539,1797,0,1,1,interior/153_plaza-permata-plaza-permata_20170727092810_89539.jpg,interior,153_plaza-permata-plaza-permata_20170727092810_89539.jpg,uploaded,54473,153_plaza-permata-plaza-permata_20170727092810_89539.jpg,https://cdn-strapi.prod.99iddev.net/assets/153_plaza_permata_plaza_permata_20170727092810_89539_3c5ffb1436.jpg,,
153-plaza-permata-plaza-permata-20170727092813-63294,Media Library/Office Venue/153-plaza-permata-plaza-permata-20170727092813-63294,1798,0,1,1,interior/153_plaza-permata-plaza-permata_20170727092813_63294.jpg,interior,153_plaza-permata-plaza-permata_20170727092813_63294.jpg,uploaded,54474,153_plaza-permata-plaza-permata_20170727092813_63294.jpg,https://cdn-strapi.prod.99iddev.net/assets/153_plaza_permata_plaza_permata_20170727092813_63294_1100bc0bd5.jpg,,
153-plaza-permata-plaza-permata-20170727092817-50864,Media Library/Office Venue/153-plaza-permata-plaza-permata-20170727092817-50864,1799,0,1,1,interior/153_plaza-permata-plaza-permata_20170727092817_50864.jpg,interior,153_plaza-permata-plaza-permata_20170727092817_50864.jpg,uploaded,54475,153_plaza-permata-plaza-permata_20170727092817_50864.jpg,https://cdn-strapi.prod.99iddev.net/assets/153_plaza_permata_plaza_permata_20170727092817_50864_8b93517945.jpg,,
153-plaza-permata-plaza-permata-20170727092821-36546,Media Library/Office Venue/153-plaza-permata-plaza-permata-20170727092821-36546,1800,0,1,1,interior/153_plaza-permata-plaza-permata_20170727092821_36546.jpg,interior,153_plaza-permata-plaza-permata_20170727092821_36546.jpg,uploaded,54476,153_plaza-permata-plaza-permata_20170727092821_36546.jpg,https://cdn-strapi.prod.99iddev.net/assets/153_plaza_permata_plaza_permata_20170727092821_36546_a3a28addb0.jpg,,
153-plaza-permata-plaza-permata-20180413100204-31581,Media Library/Office Venue/153-plaza-permata-plaza-permata-20180413100204-31581,1801,0,1,1,exterior/153_plaza-permata-plaza-permata_20180413100204_31581.jpg,exterior,153_plaza-permata-plaza-permata_20180413100204_31581.jpg,uploaded,54477,153_plaza-permata-plaza-permata_20180413100204_31581.jpg,https://cdn-strapi.prod.99iddev.net/assets/153_plaza_permata_plaza_permata_20180413100204_31581_284b1c52bd.jpg,,
153-plaza-permata-plaza-permata-20180413100207-24986,Media Library/Office Venue/153-plaza-permata-plaza-permata-20180413100207-24986,1802,0,1,1,exterior/153_plaza-permata-plaza-permata_20180413100207_24986.jpg,exterior,153_plaza-permata-plaza-permata_20180413100207_24986.jpg,uploaded,54478,153_plaza-permata-plaza-permata_20180413100207_24986.jpg,https://cdn-strapi.prod.99iddev.net/assets/153_plaza_permata_plaza_permata_20180413100207_24986_6f436079e2.jpg,,
153-plaza-permata-plaza-permata-20180413100208-19482,Media Library/Office Venue/153-plaza-permata-plaza-permata-20180413100208-19482,1803,0,1,1,exterior/153_plaza-permata-plaza-permata_20180413100208_19482.jpg,exterior,153_plaza-permata-plaza-permata_20180413100208_19482.jpg,uploaded,54479,153_plaza-permata-plaza-permata_20180413100208_19482.jpg,https://cdn-strapi.prod.99iddev.net/assets/153_plaza_permata_plaza_permata_20180413100208_19482_b6117b4507.jpg,,
153-plaza-permata-plaza-permata-20180413100208-57772,Media Library/Office Venue/153-plaza-permata-plaza-permata-20180413100208-57772,1804,0,1,1,exterior/153_plaza-permata-plaza-permata_20180413100208_57772.jpg,exterior,153_plaza-permata-plaza-permata_20180413100208_57772.jpg,uploaded,54480,153_plaza-permata-plaza-permata_20180413100208_57772.jpg,https://cdn-strapi.prod.99iddev.net/assets/153_plaza_permata_plaza_permata_20180413100208_57772_d1341feea7.jpg,,
153-plaza-permata-plaza-permata-20170727092658230,Media Library/Office Venue/153-plaza-permata-plaza-permata-20170727092658230,1805,0,1,1,interior/153_plaza-permata-plaza-permata_20170727092658_29230.jpg,interior,153_plaza-permata-plaza-permata_20170727092658_29230.jpg,uploaded,54481,153_plaza-permata-plaza-permata_20170727092658_29230.jpg,https://cdn-strapi.prod.99iddev.net/assets/153_plaza_permata_plaza_permata_20170727092658_29230_921d4af9a1.jpg,,
164-blue-green-integrated-boutique-office-blue-green-office-tower-20160914095521-20321,Media Library/Office Venue/164-blue-green-integrated-boutique-office-blue-green-office-tower-20160914095521-20321,1806,0,1,1,exterior/164_blue-green-integrated-boutique-office-blue-green-office-tower_20160914095521_20321.jpg,exterior,164_blue-green-integrated-boutique-office-blue-green-office-tower_20160914095521_20321.jpg,uploaded,54482,164_blue-green-integrated-boutique-office-blue-green-office-tower_20160914095521_20321.jpg,https://cdn-strapi.prod.99iddev.net/assets/164_blue_green_integrated_boutique_office_blue_green_office_tower_20160914095521_20321_9504555662.jpg,,
164-blue-green-integrated-boutique-office-blue-green-office-tower-20181015023011-17772,Media Library/Office Venue/164-blue-green-integrated-boutique-office-blue-green-office-tower-20181015023011-17772,1807,0,1,1,interior/164_blue-green-integrated-boutique-office-blue-green-office-tower_20181015023011_17772.jpg,interior,164_blue-green-integrated-boutique-office-blue-green-office-tower_20181015023011_17772.jpg,uploaded,54483,164_blue-green-integrated-boutique-office-blue-green-office-tower_20181015023011_17772.jpg,https://cdn-strapi.prod.99iddev.net/assets/164_blue_green_integrated_boutique_office_blue_green_office_tower_20181015023011_17772_5dfdf60914.jpg,,
164-blue-green-integrated-boutique-office-blue-green-office-tower-20181015023011-27952,Media Library/Office Venue/164-blue-green-integrated-boutique-office-blue-green-office-tower-20181015023011-27952,1808,0,1,1,interior/164_blue-green-integrated-boutique-office-blue-green-office-tower_20181015023011_27952.jpg,interior,164_blue-green-integrated-boutique-office-blue-green-office-tower_20181015023011_27952.jpg,uploaded,54484,164_blue-green-integrated-boutique-office-blue-green-office-tower_20181015023011_27952.jpg,https://cdn-strapi.prod.99iddev.net/assets/164_blue_green_integrated_boutique_office_blue_green_office_tower_20181015023011_27952_993b6e63fa.jpg,,
164-blue-green-integrated-boutique-office-blue-green-office-tower-20181015023011-43878,Media Library/Office Venue/164-blue-green-integrated-boutique-office-blue-green-office-tower-20181015023011-43878,1809,0,1,1,interior/164_blue-green-integrated-boutique-office-blue-green-office-tower_20181015023011_43878.jpg,interior,164_blue-green-integrated-boutique-office-blue-green-office-tower_20181015023011_43878.jpg,uploaded,54485,164_blue-green-integrated-boutique-office-blue-green-office-tower_20181015023011_43878.jpg,https://cdn-strapi.prod.99iddev.net/assets/164_blue_green_integrated_boutique_office_blue_green_office_tower_20181015023011_43878_39ecc45ec2.jpg,,
164-blue-green-integrated-boutique-office-blue-green-office-tower-20181015023012-57803,Media Library/Office Venue/164-blue-green-integrated-boutique-office-blue-green-office-tower-20181015023012-57803,1810,0,1,1,interior/164_blue-green-integrated-boutique-office-blue-green-office-tower_20181015023012_57803.jpg,interior,164_blue-green-integrated-boutique-office-blue-green-office-tower_20181015023012_57803.jpg,uploaded,54486,164_blue-green-integrated-boutique-office-blue-green-office-tower_20181015023012_57803.jpg,https://cdn-strapi.prod.99iddev.net/assets/164_blue_green_integrated_boutique_office_blue_green_office_tower_20181015023012_57803_0be1c13115.jpg,,
164-blue-green-integrated-boutique-office-blue-green-office-tower-20181015023012-61727,Media Library/Office Venue/164-blue-green-integrated-boutique-office-blue-green-office-tower-20181015023012-61727,1811,0,1,1,interior/164_blue-green-integrated-boutique-office-blue-green-office-tower_20181015023012_61727.jpg,interior,164_blue-green-integrated-boutique-office-blue-green-office-tower_20181015023012_61727.jpg,uploaded,54487,164_blue-green-integrated-boutique-office-blue-green-office-tower_20181015023012_61727.jpg,https://cdn-strapi.prod.99iddev.net/assets/164_blue_green_integrated_boutique_office_blue_green_office_tower_20181015023012_61727_914e625993.jpg,,
164-blue-green-integrated-boutique-office-blue-green-office-tower-20181015023012-87492,Media Library/Office Venue/164-blue-green-integrated-boutique-office-blue-green-office-tower-20181015023012-87492,1812,0,1,1,interior/164_blue-green-integrated-boutique-office-blue-green-office-tower_20181015023012_87492.jpg,interior,164_blue-green-integrated-boutique-office-blue-green-office-tower_20181015023012_87492.jpg,uploaded,54488,164_blue-green-integrated-boutique-office-blue-green-office-tower_20181015023012_87492.jpg,https://cdn-strapi.prod.99iddev.net/assets/164_blue_green_integrated_boutique_office_blue_green_office_tower_20181015023012_87492_4ecf50e397.jpg,,
164-blue-green-integrated-boutique-office-blue-green-office-tower-20181015023012-90199,Media Library/Office Venue/164-blue-green-integrated-boutique-office-blue-green-office-tower-20181015023012-90199,1813,0,1,1,interior/164_blue-green-integrated-boutique-office-blue-green-office-tower_20181015023012_90199.jpg,interior,164_blue-green-integrated-boutique-office-blue-green-office-tower_20181015023012_90199.jpg,uploaded,54489,164_blue-green-integrated-boutique-office-blue-green-office-tower_20181015023012_90199.jpg,https://cdn-strapi.prod.99iddev.net/assets/164_blue_green_integrated_boutique_office_blue_green_office_tower_20181015023012_90199_877783c81c.jpg,,
164-blue-green-integrated-boutique-office-blue-green-office-tower-20181015023013-25244,Media Library/Office Venue/164-blue-green-integrated-boutique-office-blue-green-office-tower-20181015023013-25244,1814,0,1,1,interior/164_blue-green-integrated-boutique-office-blue-green-office-tower_20181015023013_25244.jpg,interior,164_blue-green-integrated-boutique-office-blue-green-office-tower_20181015023013_25244.jpg,uploaded,54490,164_blue-green-integrated-boutique-office-blue-green-office-tower_20181015023013_25244.jpg,https://cdn-strapi.prod.99iddev.net/assets/164_blue_green_integrated_boutique_office_blue_green_office_tower_20181015023013_25244_7260f37e9a.jpg,,
164-blue-green-integrated-boutique-office-blue-green-office-tower-20181015023013-27184,Media Library/Office Venue/164-blue-green-integrated-boutique-office-blue-green-office-tower-20181015023013-27184,1815,0,1,1,interior/164_blue-green-integrated-boutique-office-blue-green-office-tower_20181015023013_27184.jpg,interior,164_blue-green-integrated-boutique-office-blue-green-office-tower_20181015023013_27184.jpg,uploaded,54491,164_blue-green-integrated-boutique-office-blue-green-office-tower_20181015023013_27184.jpg,https://cdn-strapi.prod.99iddev.net/assets/164_blue_green_integrated_boutique_office_blue_green_office_tower_20181015023013_27184_7bec86c26e.jpg,,
164-blue-green-integrated-boutique-office-blue-green-office-tower-20181015023013-64084,Media Library/Office Venue/164-blue-green-integrated-boutique-office-blue-green-office-tower-20181015023013-64084,1816,0,1,1,interior/164_blue-green-integrated-boutique-office-blue-green-office-tower_20181015023013_64084.jpg,interior,164_blue-green-integrated-boutique-office-blue-green-office-tower_20181015023013_64084.jpg,uploaded,54492,164_blue-green-integrated-boutique-office-blue-green-office-tower_20181015023013_64084.jpg,https://cdn-strapi.prod.99iddev.net/assets/164_blue_green_integrated_boutique_office_blue_green_office_tower_20181015023013_64084_2789d68d2f.jpg,,
164-blue-green-integrated-boutique-office-blue-green-office-tower-20181015023013-64805,Media Library/Office Venue/164-blue-green-integrated-boutique-office-blue-green-office-tower-20181015023013-64805,1817,0,1,1,interior/164_blue-green-integrated-boutique-office-blue-green-office-tower_20181015023013_64805.jpg,interior,164_blue-green-integrated-boutique-office-blue-green-office-tower_20181015023013_64805.jpg,uploaded,54493,164_blue-green-integrated-boutique-office-blue-green-office-tower_20181015023013_64805.jpg,https://cdn-strapi.prod.99iddev.net/assets/164_blue_green_integrated_boutique_office_blue_green_office_tower_20181015023013_64805_3a1509267b.jpg,,
164-blue-green-integrated-boutique-office-blue-green-office-tower-20181015023013-69451,Media Library/Office Venue/164-blue-green-integrated-boutique-office-blue-green-office-tower-20181015023013-69451,1818,0,1,1,interior/164_blue-green-integrated-boutique-office-blue-green-office-tower_20181015023013_69451.jpg,interior,164_blue-green-integrated-boutique-office-blue-green-office-tower_20181015023013_69451.jpg,uploaded,54494,164_blue-green-integrated-boutique-office-blue-green-office-tower_20181015023013_69451.jpg,https://cdn-strapi.prod.99iddev.net/assets/164_blue_green_integrated_boutique_office_blue_green_office_tower_20181015023013_69451_026ae5af41.jpg,,
164-blue-green-integrated-boutique-office-blue-green-office-tower-20181015023013-77044,Media Library/Office Venue/164-blue-green-integrated-boutique-office-blue-green-office-tower-20181015023013-77044,1819,0,1,1,interior/164_blue-green-integrated-boutique-office-blue-green-office-tower_20181015023013_77044.jpg,interior,164_blue-green-integrated-boutique-office-blue-green-office-tower_20181015023013_77044.jpg,uploaded,54495,164_blue-green-integrated-boutique-office-blue-green-office-tower_20181015023013_77044.jpg,https://cdn-strapi.prod.99iddev.net/assets/164_blue_green_integrated_boutique_office_blue_green_office_tower_20181015023013_77044_661469edd1.jpg,,
164-blue-green-integrated-boutique-office-blue-green-office-tower-20181015023013-92523,Media Library/Office Venue/164-blue-green-integrated-boutique-office-blue-green-office-tower-20181015023013-92523,1820,0,1,1,interior/164_blue-green-integrated-boutique-office-blue-green-office-tower_20181015023013_92523.jpg,interior,164_blue-green-integrated-boutique-office-blue-green-office-tower_20181015023013_92523.jpg,uploaded,54496,164_blue-green-integrated-boutique-office-blue-green-office-tower_20181015023013_92523.jpg,https://cdn-strapi.prod.99iddev.net/assets/164_blue_green_integrated_boutique_office_blue_green_office_tower_20181015023013_92523_c5bf7a0cdf.jpg,,
164-blue-green-integrated-boutique-office-blue-green-office-tower-20181015023013-96545,Media Library/Office Venue/164-blue-green-integrated-boutique-office-blue-green-office-tower-20181015023013-96545,1821,0,1,1,interior/164_blue-green-integrated-boutique-office-blue-green-office-tower_20181015023013_96545.jpg,interior,164_blue-green-integrated-boutique-office-blue-green-office-tower_20181015023013_96545.jpg,uploaded,54497,164_blue-green-integrated-boutique-office-blue-green-office-tower_20181015023013_96545.jpg,https://cdn-strapi.prod.99iddev.net/assets/164_blue_green_integrated_boutique_office_blue_green_office_tower_20181015023013_96545_d8d019c413.jpg,,
164-blue-green-integrated-boutique-office-blue-green-office-tower-20181015023014-18370,Media Library/Office Venue/164-blue-green-integrated-boutique-office-blue-green-office-tower-20181015023014-18370,1822,0,1,1,interior/164_blue-green-integrated-boutique-office-blue-green-office-tower_20181015023014_18370.jpg,interior,164_blue-green-integrated-boutique-office-blue-green-office-tower_20181015023014_18370.jpg,uploaded,54498,164_blue-green-integrated-boutique-office-blue-green-office-tower_20181015023014_18370.jpg,https://cdn-strapi.prod.99iddev.net/assets/164_blue_green_integrated_boutique_office_blue_green_office_tower_20181015023014_18370_a4a7e48fd0.jpg,,
164-blue-green-integrated-boutique-office-blue-green-office-tower-20181015023014-38339,Media Library/Office Venue/164-blue-green-integrated-boutique-office-blue-green-office-tower-20181015023014-38339,1823,0,1,1,interior/164_blue-green-integrated-boutique-office-blue-green-office-tower_20181015023014_38339.jpg,interior,164_blue-green-integrated-boutique-office-blue-green-office-tower_20181015023014_38339.jpg,uploaded,54499,164_blue-green-integrated-boutique-office-blue-green-office-tower_20181015023014_38339.jpg,https://cdn-strapi.prod.99iddev.net/assets/164_blue_green_integrated_boutique_office_blue_green_office_tower_20181015023014_38339_66594949fe.jpg,,
164-blue-green-integrated-boutique-office-blue-green-office-tower-20181015023014-45287,Media Library/Office Venue/164-blue-green-integrated-boutique-office-blue-green-office-tower-20181015023014-45287,1824,0,1,1,interior/164_blue-green-integrated-boutique-office-blue-green-office-tower_20181015023014_45287.jpg,interior,164_blue-green-integrated-boutique-office-blue-green-office-tower_20181015023014_45287.jpg,uploaded,54500,164_blue-green-integrated-boutique-office-blue-green-office-tower_20181015023014_45287.jpg,https://cdn-strapi.prod.99iddev.net/assets/164_blue_green_integrated_boutique_office_blue_green_office_tower_20181015023014_45287_80a7542fe7.jpg,,
164-blue-green-integrated-boutique-office-blue-green-office-tower-20181015023014-63360,Media Library/Office Venue/164-blue-green-integrated-boutique-office-blue-green-office-tower-20181015023014-63360,1825,0,1,1,interior/164_blue-green-integrated-boutique-office-blue-green-office-tower_20181015023014_63360.jpg,interior,164_blue-green-integrated-boutique-office-blue-green-office-tower_20181015023014_63360.jpg,uploaded,54501,164_blue-green-integrated-boutique-office-blue-green-office-tower_20181015023014_63360.jpg,https://cdn-strapi.prod.99iddev.net/assets/164_blue_green_integrated_boutique_office_blue_green_office_tower_20181015023014_63360_8c4b9a8a08.jpg,,
164-blue-green-integrated-boutique-office-blue-green-office-tower-20181015023014-88203,Media Library/Office Venue/164-blue-green-integrated-boutique-office-blue-green-office-tower-20181015023014-88203,1826,0,1,1,interior/164_blue-green-integrated-boutique-office-blue-green-office-tower_20181015023014_88203.jpg,interior,164_blue-green-integrated-boutique-office-blue-green-office-tower_20181015023014_88203.jpg,uploaded,54502,164_blue-green-integrated-boutique-office-blue-green-office-tower_20181015023014_88203.jpg,https://cdn-strapi.prod.99iddev.net/assets/164_blue_green_integrated_boutique_office_blue_green_office_tower_20181015023014_88203_fb6b454375.jpg,,
164-blue-green-integrated-boutique-office-blue-green-office-tower-20181015045451-81655,Media Library/Office Venue/164-blue-green-integrated-boutique-office-blue-green-office-tower-20181015045451-81655,1827,0,1,1,floorplan/164_blue-green-integrated-boutique-office-blue-green-office-tower_20181015045451_81655.jpg,floorplan,164_blue-green-integrated-boutique-office-blue-green-office-tower_20181015045451_81655.jpg,uploaded,54503,164_blue-green-integrated-boutique-office-blue-green-office-tower_20181015045451_81655.jpg,https://cdn-strapi.prod.99iddev.net/assets/164_blue_green_integrated_boutique_office_blue_green_office_tower_20181015045451_81655_fe257d8219.jpg,,
165-gallery-west-gallery-west-20170222073357-87204,Media Library/Office Venue/165-gallery-west-gallery-west-20170222073357-87204,1828,0,1,1,floorplan/165_gallery-west-gallery-west_20170222073357_87204.jpg,floorplan,165_gallery-west-gallery-west_20170222073357_87204.jpg,uploaded,54504,165_gallery-west-gallery-west_20170222073357_87204.jpg,https://cdn-strapi.prod.99iddev.net/assets/165_gallery_west_gallery_west_20170222073357_87204_60155b06a5.jpg,,
165-gallery-west-gallery-west-20170222074746-45053,Media Library/Office Venue/165-gallery-west-gallery-west-20170222074746-45053,1829,0,1,1,floorplan/165_gallery-west-gallery-west_20170222074746_45053.jpg,floorplan,165_gallery-west-gallery-west_20170222074746_45053.jpg,uploaded,54505,165_gallery-west-gallery-west_20170222074746_45053.jpg,https://cdn-strapi.prod.99iddev.net/assets/165_gallery_west_gallery_west_20170222074746_45053_1df49905ab.jpg,,
165-gallery-west-gallery-west-20170222074747-23129,Media Library/Office Venue/165-gallery-west-gallery-west-20170222074747-23129,1830,0,1,1,floorplan/165_gallery-west-gallery-west_20170222074747_23129.jpg,floorplan,165_gallery-west-gallery-west_20170222074747_23129.jpg,uploaded,54506,165_gallery-west-gallery-west_20170222074747_23129.jpg,https://cdn-strapi.prod.99iddev.net/assets/165_gallery_west_gallery_west_20170222074747_23129_ee789144dd.jpg,,
165-gallery-west-gallery-west-20170222074747-98515,Media Library/Office Venue/165-gallery-west-gallery-west-20170222074747-98515,1831,0,1,1,floorplan/165_gallery-west-gallery-west_20170222074747_98515.jpg,floorplan,165_gallery-west-gallery-west_20170222074747_98515.jpg,uploaded,54507,165_gallery-west-gallery-west_20170222074747_98515.jpg,https://cdn-strapi.prod.99iddev.net/assets/165_gallery_west_gallery_west_20170222074747_98515_5972019b2d.jpg,,
165-gallery-west-gallery-west-20171024044014-78495,Media Library/Office Venue/165-gallery-west-gallery-west-20171024044014-78495,1832,0,1,1,interior/165_gallery-west-gallery-west_20171024044014_78495.jpg,interior,165_gallery-west-gallery-west_20171024044014_78495.jpg,uploaded,54508,165_gallery-west-gallery-west_20171024044014_78495.jpg,https://cdn-strapi.prod.99iddev.net/assets/165_gallery_west_gallery_west_20171024044014_78495_b96394c14e.jpg,,
165-gallery-west-gallery-west-20171024044016-43005,Media Library/Office Venue/165-gallery-west-gallery-west-20171024044016-43005,1833,0,1,1,interior/165_gallery-west-gallery-west_20171024044016_43005.jpg,interior,165_gallery-west-gallery-west_20171024044016_43005.jpg,uploaded,54509,165_gallery-west-gallery-west_20171024044016_43005.jpg,https://cdn-strapi.prod.99iddev.net/assets/165_gallery_west_gallery_west_20171024044016_43005_e08442bfca.jpg,,
165-gallery-west-gallery-west-20171024044019-89417,Media Library/Office Venue/165-gallery-west-gallery-west-20171024044019-89417,1834,0,1,1,interior/165_gallery-west-gallery-west_20171024044019_89417.jpg,interior,165_gallery-west-gallery-west_20171024044019_89417.jpg,uploaded,54510,165_gallery-west-gallery-west_20171024044019_89417.jpg,https://cdn-strapi.prod.99iddev.net/assets/165_gallery_west_gallery_west_20171024044019_89417_6b3c75f7d9.jpg,,
165-gallery-west-gallery-west-20171024044020-70257,Media Library/Office Venue/165-gallery-west-gallery-west-20171024044020-70257,1835,0,1,1,interior/165_gallery-west-gallery-west_20171024044020_70257.jpg,interior,165_gallery-west-gallery-west_20171024044020_70257.jpg,uploaded,54511,165_gallery-west-gallery-west_20171024044020_70257.jpg,https://cdn-strapi.prod.99iddev.net/assets/165_gallery_west_gallery_west_20171024044020_70257_a597a84fb7.jpg,,
165-gallery-west-gallery-west-20171212071654-37394,Media Library/Office Venue/165-gallery-west-gallery-west-20171212071654-37394,1836,0,1,1,exterior/165_gallery-west-gallery-west_20171212071654_37394.jpg,exterior,165_gallery-west-gallery-west_20171212071654_37394.jpg,uploaded,54512,165_gallery-west-gallery-west_20171212071654_37394.jpg,https://cdn-strapi.prod.99iddev.net/assets/165_gallery_west_gallery_west_20171212071654_37394_25338680d3.jpg,,
165-gallery-west-gallery-west-20171212071806-34106,Media Library/Office Venue/165-gallery-west-gallery-west-20171212071806-34106,1837,0,1,1,exterior/165_gallery-west-gallery-west_20171212071806_34106.jpg,exterior,165_gallery-west-gallery-west_20171212071806_34106.jpg,uploaded,54513,165_gallery-west-gallery-west_20171212071806_34106.jpg,https://cdn-strapi.prod.99iddev.net/assets/165_gallery_west_gallery_west_20171212071806_34106_43e89090b7.jpg,,
165-gallery-west-gallery-west-20171212072201-82505,Media Library/Office Venue/165-gallery-west-gallery-west-20171212072201-82505,1838,0,1,1,exterior/165_gallery-west-gallery-west_20171212072201_82505.jpg,exterior,165_gallery-west-gallery-west_20171212072201_82505.jpg,uploaded,54514,165_gallery-west-gallery-west_20171212072201_82505.jpg,https://cdn-strapi.prod.99iddev.net/assets/165_gallery_west_gallery_west_20171212072201_82505_c3aeb1ba7f.jpg,,
165-gallery-west-gallery-west-20171212072208-40376,Media Library/Office Venue/165-gallery-west-gallery-west-20171212072208-40376,1839,0,1,1,exterior/165_gallery-west-gallery-west_20171212072208_40376.jpg,exterior,165_gallery-west-gallery-west_20171212072208_40376.jpg,uploaded,54515,165_gallery-west-gallery-west_20171212072208_40376.jpg,https://cdn-strapi.prod.99iddev.net/assets/165_gallery_west_gallery_west_20171212072208_40376_9faef55c17.jpg,,
165-gallery-west-gallery-west-20171212072234-75380,Media Library/Office Venue/165-gallery-west-gallery-west-20171212072234-75380,1840,0,1,1,exterior/165_gallery-west-gallery-west_20171212072234_75380.jpg,exterior,165_gallery-west-gallery-west_20171212072234_75380.jpg,uploaded,54516,165_gallery-west-gallery-west_20171212072234_75380.jpg,https://cdn-strapi.prod.99iddev.net/assets/165_gallery_west_gallery_west_20171212072234_75380_c9b90e849e.jpg,,
165-gallery-west-gallery-west-20171212072243-93349,Media Library/Office Venue/165-gallery-west-gallery-west-20171212072243-93349,1841,0,1,1,exterior/165_gallery-west-gallery-west_20171212072243_93349.jpg,exterior,165_gallery-west-gallery-west_20171212072243_93349.jpg,uploaded,54517,165_gallery-west-gallery-west_20171212072243_93349.jpg,https://cdn-strapi.prod.99iddev.net/assets/165_gallery_west_gallery_west_20171212072243_93349_84f3af89ff.jpg,,
165-gallery-west-gallery-west-20171212072255-74473,Media Library/Office Venue/165-gallery-west-gallery-west-20171212072255-74473,1842,0,1,1,exterior/165_gallery-west-gallery-west_20171212072255_74473.jpg,exterior,165_gallery-west-gallery-west_20171212072255_74473.jpg,uploaded,54518,165_gallery-west-gallery-west_20171212072255_74473.jpg,https://cdn-strapi.prod.99iddev.net/assets/165_gallery_west_gallery_west_20171212072255_74473_f99b5ac34c.jpg,,
165-gallery-west-gallery-west-20180412062236-46754,Media Library/Office Venue/165-gallery-west-gallery-west-20180412062236-46754,1843,0,1,1,interior/165_gallery-west-gallery-west_20180412062236_46754.jpg,interior,165_gallery-west-gallery-west_20180412062236_46754.jpg,uploaded,54519,165_gallery-west-gallery-west_20180412062236_46754.jpg,https://cdn-strapi.prod.99iddev.net/assets/165_gallery_west_gallery_west_20180412062236_46754_c7866df727.jpg,,
165-gallery-west-gallery-west-20180412062236-52646,Media Library/Office Venue/165-gallery-west-gallery-west-20180412062236-52646,1844,0,1,1,interior/165_gallery-west-gallery-west_20180412062236_52646.jpg,interior,165_gallery-west-gallery-west_20180412062236_52646.jpg,uploaded,54520,165_gallery-west-gallery-west_20180412062236_52646.jpg,https://cdn-strapi.prod.99iddev.net/assets/165_gallery_west_gallery_west_20180412062236_52646_9b5bfed288.jpg,,
165-gallery-west-gallery-west-20180412062237-74543,Media Library/Office Venue/165-gallery-west-gallery-west-20180412062237-74543,1845,0,1,1,interior/165_gallery-west-gallery-west_20180412062237_74543.jpg,interior,165_gallery-west-gallery-west_20180412062237_74543.jpg,uploaded,54521,165_gallery-west-gallery-west_20180412062237_74543.jpg,https://cdn-strapi.prod.99iddev.net/assets/165_gallery_west_gallery_west_20180412062237_74543_af8350d30d.jpg,,
165-gallery-west-gallery-west-20180412062237-88028,Media Library/Office Venue/165-gallery-west-gallery-west-20180412062237-88028,1846,0,1,1,interior/165_gallery-west-gallery-west_20180412062237_88028.jpg,interior,165_gallery-west-gallery-west_20180412062237_88028.jpg,uploaded,54522,165_gallery-west-gallery-west_20180412062237_88028.jpg,https://cdn-strapi.prod.99iddev.net/assets/165_gallery_west_gallery_west_20180412062237_88028_95afc545b8.jpg,,
165-gallery-west-gallery-west-20180412062237-97471,Media Library/Office Venue/165-gallery-west-gallery-west-20180412062237-97471,1847,0,1,1,interior/165_gallery-west-gallery-west_20180412062237_97471.jpg,interior,165_gallery-west-gallery-west_20180412062237_97471.jpg,uploaded,54523,165_gallery-west-gallery-west_20180412062237_97471.jpg,https://cdn-strapi.prod.99iddev.net/assets/165_gallery_west_gallery_west_20180412062237_97471_6fd44c4a77.jpg,,
165-gallery-west-gallery-west-20180412062238-12810,Media Library/Office Venue/165-gallery-west-gallery-west-20180412062238-12810,1848,0,1,1,interior/165_gallery-west-gallery-west_20180412062238_12810.jpg,interior,165_gallery-west-gallery-west_20180412062238_12810.jpg,uploaded,54524,165_gallery-west-gallery-west_20180412062238_12810.jpg,https://cdn-strapi.prod.99iddev.net/assets/165_gallery_west_gallery_west_20180412062238_12810_b618e020bf.jpg,,
165-gallery-west-gallery-west-20180412062238-27394,Media Library/Office Venue/165-gallery-west-gallery-west-20180412062238-27394,1849,0,1,1,interior/165_gallery-west-gallery-west_20180412062238_27394.jpg,interior,165_gallery-west-gallery-west_20180412062238_27394.jpg,uploaded,54525,165_gallery-west-gallery-west_20180412062238_27394.jpg,https://cdn-strapi.prod.99iddev.net/assets/165_gallery_west_gallery_west_20180412062238_27394_1b48312062.jpg,,
165-gallery-west-gallery-west-20180412062239-35138,Media Library/Office Venue/165-gallery-west-gallery-west-20180412062239-35138,1850,0,1,1,interior/165_gallery-west-gallery-west_20180412062239_35138.jpg,interior,165_gallery-west-gallery-west_20180412062239_35138.jpg,uploaded,54526,165_gallery-west-gallery-west_20180412062239_35138.jpg,https://cdn-strapi.prod.99iddev.net/assets/165_gallery_west_gallery_west_20180412062239_35138_3fb6afee5c.jpg,,
165-gallery-west-gallery-west-20180412062239-58651,Media Library/Office Venue/165-gallery-west-gallery-west-20180412062239-58651,1851,0,1,1,interior/165_gallery-west-gallery-west_20180412062239_58651.jpg,interior,165_gallery-west-gallery-west_20180412062239_58651.jpg,uploaded,54527,165_gallery-west-gallery-west_20180412062239_58651.jpg,https://cdn-strapi.prod.99iddev.net/assets/165_gallery_west_gallery_west_20180412062239_58651_9218cd897b.jpg,,
165-gallery-west-gallery-west-20180412062240-69276,Media Library/Office Venue/165-gallery-west-gallery-west-20180412062240-69276,1852,0,1,1,interior/165_gallery-west-gallery-west_20180412062240_69276.jpg,interior,165_gallery-west-gallery-west_20180412062240_69276.jpg,uploaded,54528,165_gallery-west-gallery-west_20180412062240_69276.jpg,https://cdn-strapi.prod.99iddev.net/assets/165_gallery_west_gallery_west_20180412062240_69276_afd61c20fc.jpg,,
165-gallery-west-gallery-west-20180412062241-16144,Media Library/Office Venue/165-gallery-west-gallery-west-20180412062241-16144,1853,0,1,1,interior/165_gallery-west-gallery-west_20180412062241_16144.jpg,interior,165_gallery-west-gallery-west_20180412062241_16144.jpg,uploaded,54529,165_gallery-west-gallery-west_20180412062241_16144.jpg,https://cdn-strapi.prod.99iddev.net/assets/165_gallery_west_gallery_west_20180412062241_16144_b83a31454a.jpg,,
165-gallery-west-gallery-west-20180412062241-34223,Media Library/Office Venue/165-gallery-west-gallery-west-20180412062241-34223,1854,0,1,1,interior/165_gallery-west-gallery-west_20180412062241_34223.jpg,interior,165_gallery-west-gallery-west_20180412062241_34223.jpg,uploaded,54530,165_gallery-west-gallery-west_20180412062241_34223.jpg,https://cdn-strapi.prod.99iddev.net/assets/165_gallery_west_gallery_west_20180412062241_34223_918a42219e.jpg,,
165-gallery-west-gallery-west-20180412062242-24564,Media Library/Office Venue/165-gallery-west-gallery-west-20180412062242-24564,1855,0,1,1,interior/165_gallery-west-gallery-west_20180412062242_24564.jpg,interior,165_gallery-west-gallery-west_20180412062242_24564.jpg,uploaded,54531,165_gallery-west-gallery-west_20180412062242_24564.jpg,https://cdn-strapi.prod.99iddev.net/assets/165_gallery_west_gallery_west_20180412062242_24564_23c60859e5.jpg,,
165-gallery-west-gallery-west-20180412062242-63967,Media Library/Office Venue/165-gallery-west-gallery-west-20180412062242-63967,1856,0,1,1,interior/165_gallery-west-gallery-west_20180412062242_63967.jpg,interior,165_gallery-west-gallery-west_20180412062242_63967.jpg,uploaded,54532,165_gallery-west-gallery-west_20180412062242_63967.jpg,https://cdn-strapi.prod.99iddev.net/assets/165_gallery_west_gallery_west_20180412062242_63967_1d7d04415f.jpg,,
165-gallery-west-gallery-west-20180412062243-76905,Media Library/Office Venue/165-gallery-west-gallery-west-20180412062243-76905,1857,0,1,1,interior/165_gallery-west-gallery-west_20180412062243_76905.jpg,interior,165_gallery-west-gallery-west_20180412062243_76905.jpg,uploaded,54533,165_gallery-west-gallery-west_20180412062243_76905.jpg,https://cdn-strapi.prod.99iddev.net/assets/165_gallery_west_gallery_west_20180412062243_76905_fbf5882580.jpg,,
165-gallery-west-gallery-west-20180412062240166,Media Library/Office Venue/165-gallery-west-gallery-west-20180412062240166,1858,0,1,1,interior/165_gallery-west-gallery-west_20180412062240_29166.jpg,interior,165_gallery-west-gallery-west_20180412062240_29166.jpg,uploaded,54534,165_gallery-west-gallery-west_20180412062240_29166.jpg,https://cdn-strapi.prod.99iddev.net/assets/165_gallery_west_gallery_west_20180412062240_29166_518dce171b.jpg,,
166-gedung-graha-kencana-gedung-graha-kencana-20170712101433-72887,Media Library/Office Venue/166-gedung-graha-kencana-gedung-graha-kencana-20170712101433-72887,1859,0,1,1,interior/166_gedung-graha-kencana-gedung-graha-kencana_20170712101433_72887.jpg,interior,166_gedung-graha-kencana-gedung-graha-kencana_20170712101433_72887.jpg,uploaded,54535,166_gedung-graha-kencana-gedung-graha-kencana_20170712101433_72887.jpg,https://cdn-strapi.prod.99iddev.net/assets/166_gedung_graha_kencana_gedung_graha_kencana_20170712101433_72887_2ac9662493.jpg,,
166-gedung-graha-kencana-gedung-graha-kencana-20170712101436-35565,Media Library/Office Venue/166-gedung-graha-kencana-gedung-graha-kencana-20170712101436-35565,1860,0,1,1,interior/166_gedung-graha-kencana-gedung-graha-kencana_20170712101436_35565.jpg,interior,166_gedung-graha-kencana-gedung-graha-kencana_20170712101436_35565.jpg,uploaded,54536,166_gedung-graha-kencana-gedung-graha-kencana_20170712101436_35565.jpg,https://cdn-strapi.prod.99iddev.net/assets/166_gedung_graha_kencana_gedung_graha_kencana_20170712101436_35565_87a1d669fd.jpg,,
166-gedung-graha-kencana-gedung-graha-kencana-20170712101440-48194,Media Library/Office Venue/166-gedung-graha-kencana-gedung-graha-kencana-20170712101440-48194,1861,0,1,1,interior/166_gedung-graha-kencana-gedung-graha-kencana_20170712101440_48194.jpg,interior,166_gedung-graha-kencana-gedung-graha-kencana_20170712101440_48194.jpg,uploaded,54537,166_gedung-graha-kencana-gedung-graha-kencana_20170712101440_48194.jpg,https://cdn-strapi.prod.99iddev.net/assets/166_gedung_graha_kencana_gedung_graha_kencana_20170712101440_48194_6eeaf3316e.jpg,,
166-gedung-graha-kencana-gedung-graha-kencana-20170712101442-55273,Media Library/Office Venue/166-gedung-graha-kencana-gedung-graha-kencana-20170712101442-55273,1862,0,1,1,interior/166_gedung-graha-kencana-gedung-graha-kencana_20170712101442_55273.jpg,interior,166_gedung-graha-kencana-gedung-graha-kencana_20170712101442_55273.jpg,uploaded,54538,166_gedung-graha-kencana-gedung-graha-kencana_20170712101442_55273.jpg,https://cdn-strapi.prod.99iddev.net/assets/166_gedung_graha_kencana_gedung_graha_kencana_20170712101442_55273_bed2c5ac85.jpg,,
166-gedung-graha-kencana-gedung-graha-kencana-20170712101445-43612,Media Library/Office Venue/166-gedung-graha-kencana-gedung-graha-kencana-20170712101445-43612,1863,0,1,1,interior/166_gedung-graha-kencana-gedung-graha-kencana_20170712101445_43612.jpg,interior,166_gedung-graha-kencana-gedung-graha-kencana_20170712101445_43612.jpg,uploaded,54539,166_gedung-graha-kencana-gedung-graha-kencana_20170712101445_43612.jpg,https://cdn-strapi.prod.99iddev.net/assets/166_gedung_graha_kencana_gedung_graha_kencana_20170712101445_43612_88eb1cb73c.jpg,,
166-gedung-graha-kencana-gedung-graha-kencana-20170712101448-47438,Media Library/Office Venue/166-gedung-graha-kencana-gedung-graha-kencana-20170712101448-47438,1864,0,1,1,interior/166_gedung-graha-kencana-gedung-graha-kencana_20170712101448_47438.jpg,interior,166_gedung-graha-kencana-gedung-graha-kencana_20170712101448_47438.jpg,uploaded,54540,166_gedung-graha-kencana-gedung-graha-kencana_20170712101448_47438.jpg,https://cdn-strapi.prod.99iddev.net/assets/166_gedung_graha_kencana_gedung_graha_kencana_20170712101448_47438_7aa0691fb7.jpg,,
166-gedung-graha-kencana-gedung-graha-kencana-20170712101451-13439,Media Library/Office Venue/166-gedung-graha-kencana-gedung-graha-kencana-20170712101451-13439,1865,0,1,1,interior/166_gedung-graha-kencana-gedung-graha-kencana_20170712101451_13439.jpg,interior,166_gedung-graha-kencana-gedung-graha-kencana_20170712101451_13439.jpg,uploaded,54541,166_gedung-graha-kencana-gedung-graha-kencana_20170712101451_13439.jpg,https://cdn-strapi.prod.99iddev.net/assets/166_gedung_graha_kencana_gedung_graha_kencana_20170712101451_13439_b95a2b5899.jpg,,
166-gedung-graha-kencana-gedung-graha-kencana-20170712101453-46606,Media Library/Office Venue/166-gedung-graha-kencana-gedung-graha-kencana-20170712101453-46606,1866,0,1,1,interior/166_gedung-graha-kencana-gedung-graha-kencana_20170712101453_46606.jpg,interior,166_gedung-graha-kencana-gedung-graha-kencana_20170712101453_46606.jpg,uploaded,54542,166_gedung-graha-kencana-gedung-graha-kencana_20170712101453_46606.jpg,https://cdn-strapi.prod.99iddev.net/assets/166_gedung_graha_kencana_gedung_graha_kencana_20170712101453_46606_7bccd806b4.jpg,,
166-gedung-graha-kencana-gedung-graha-kencana-20170712101457-72860,Media Library/Office Venue/166-gedung-graha-kencana-gedung-graha-kencana-20170712101457-72860,1867,0,1,1,interior/166_gedung-graha-kencana-gedung-graha-kencana_20170712101457_72860.jpg,interior,166_gedung-graha-kencana-gedung-graha-kencana_20170712101457_72860.jpg,uploaded,54543,166_gedung-graha-kencana-gedung-graha-kencana_20170712101457_72860.jpg,https://cdn-strapi.prod.99iddev.net/assets/166_gedung_graha_kencana_gedung_graha_kencana_20170712101457_72860_0861fbab88.jpg,,
166-gedung-graha-kencana-gedung-graha-kencana-20170712101459-17114,Media Library/Office Venue/166-gedung-graha-kencana-gedung-graha-kencana-20170712101459-17114,1868,0,1,1,interior/166_gedung-graha-kencana-gedung-graha-kencana_20170712101459_17114.jpg,interior,166_gedung-graha-kencana-gedung-graha-kencana_20170712101459_17114.jpg,uploaded,54544,166_gedung-graha-kencana-gedung-graha-kencana_20170712101459_17114.jpg,https://cdn-strapi.prod.99iddev.net/assets/166_gedung_graha_kencana_gedung_graha_kencana_20170712101459_17114_2678b4ecaf.jpg,,
166-gedung-graha-kencana-gedung-graha-kencana-20170712101502-46592,Media Library/Office Venue/166-gedung-graha-kencana-gedung-graha-kencana-20170712101502-46592,1869,0,1,1,interior/166_gedung-graha-kencana-gedung-graha-kencana_20170712101502_46592.jpg,interior,166_gedung-graha-kencana-gedung-graha-kencana_20170712101502_46592.jpg,uploaded,54545,166_gedung-graha-kencana-gedung-graha-kencana_20170712101502_46592.jpg,https://cdn-strapi.prod.99iddev.net/assets/166_gedung_graha_kencana_gedung_graha_kencana_20170712101502_46592_941aa19e86.jpg,,
166-gedung-graha-kencana-gedung-graha-kencana-20170712101505-19085,Media Library/Office Venue/166-gedung-graha-kencana-gedung-graha-kencana-20170712101505-19085,1870,0,1,1,interior/166_gedung-graha-kencana-gedung-graha-kencana_20170712101505_19085.jpg,interior,166_gedung-graha-kencana-gedung-graha-kencana_20170712101505_19085.jpg,uploaded,54546,166_gedung-graha-kencana-gedung-graha-kencana_20170712101505_19085.jpg,https://cdn-strapi.prod.99iddev.net/assets/166_gedung_graha_kencana_gedung_graha_kencana_20170712101505_19085_5d80f5ab08.jpg,,
166-gedung-graha-kencana-gedung-graha-kencana-20170712101508-66047,Media Library/Office Venue/166-gedung-graha-kencana-gedung-graha-kencana-20170712101508-66047,1871,0,1,1,interior/166_gedung-graha-kencana-gedung-graha-kencana_20170712101508_66047.jpg,interior,166_gedung-graha-kencana-gedung-graha-kencana_20170712101508_66047.jpg,uploaded,54547,166_gedung-graha-kencana-gedung-graha-kencana_20170712101508_66047.jpg,https://cdn-strapi.prod.99iddev.net/assets/166_gedung_graha_kencana_gedung_graha_kencana_20170712101508_66047_b4cf05bd51.jpg,,
166-gedung-graha-kencana-gedung-graha-kencana-20170712101510-77793,Media Library/Office Venue/166-gedung-graha-kencana-gedung-graha-kencana-20170712101510-77793,1872,0,1,1,interior/166_gedung-graha-kencana-gedung-graha-kencana_20170712101510_77793.jpg,interior,166_gedung-graha-kencana-gedung-graha-kencana_20170712101510_77793.jpg,uploaded,54548,166_gedung-graha-kencana-gedung-graha-kencana_20170712101510_77793.jpg,https://cdn-strapi.prod.99iddev.net/assets/166_gedung_graha_kencana_gedung_graha_kencana_20170712101510_77793_e4cd5a4b96.jpg,,
166-gedung-graha-kencana-gedung-graha-kencana-20170712101514-93421,Media Library/Office Venue/166-gedung-graha-kencana-gedung-graha-kencana-20170712101514-93421,1873,0,1,1,interior/166_gedung-graha-kencana-gedung-graha-kencana_20170712101514_93421.jpg,interior,166_gedung-graha-kencana-gedung-graha-kencana_20170712101514_93421.jpg,uploaded,54549,166_gedung-graha-kencana-gedung-graha-kencana_20170712101514_93421.jpg,https://cdn-strapi.prod.99iddev.net/assets/166_gedung_graha_kencana_gedung_graha_kencana_20170712101514_93421_9d1683d022.jpg,,
166-gedung-graha-kencana-gedung-graha-kencana-20170712101518-11274,Media Library/Office Venue/166-gedung-graha-kencana-gedung-graha-kencana-20170712101518-11274,1874,0,1,1,interior/166_gedung-graha-kencana-gedung-graha-kencana_20170712101518_11274.jpg,interior,166_gedung-graha-kencana-gedung-graha-kencana_20170712101518_11274.jpg,uploaded,54550,166_gedung-graha-kencana-gedung-graha-kencana_20170712101518_11274.jpg,https://cdn-strapi.prod.99iddev.net/assets/166_gedung_graha_kencana_gedung_graha_kencana_20170712101518_11274_249b5bf73d.jpg,,
166-gedung-graha-kencana-gedung-graha-kencana-20170712101521-74034,Media Library/Office Venue/166-gedung-graha-kencana-gedung-graha-kencana-20170712101521-74034,1875,0,1,1,interior/166_gedung-graha-kencana-gedung-graha-kencana_20170712101521_74034.jpg,interior,166_gedung-graha-kencana-gedung-graha-kencana_20170712101521_74034.jpg,uploaded,54551,166_gedung-graha-kencana-gedung-graha-kencana_20170712101521_74034.jpg,https://cdn-strapi.prod.99iddev.net/assets/166_gedung_graha_kencana_gedung_graha_kencana_20170712101521_74034_77105155c8.jpg,,
166-gedung-graha-kencana-gedung-graha-kencana-20170712101524-76394,Media Library/Office Venue/166-gedung-graha-kencana-gedung-graha-kencana-20170712101524-76394,1876,0,1,1,interior/166_gedung-graha-kencana-gedung-graha-kencana_20170712101524_76394.jpg,interior,166_gedung-graha-kencana-gedung-graha-kencana_20170712101524_76394.jpg,uploaded,54552,166_gedung-graha-kencana-gedung-graha-kencana_20170712101524_76394.jpg,https://cdn-strapi.prod.99iddev.net/assets/166_gedung_graha_kencana_gedung_graha_kencana_20170712101524_76394_fc7226579c.jpg,,
166-gedung-graha-kencana-gedung-graha-kencana-20170712101527-44446,Media Library/Office Venue/166-gedung-graha-kencana-gedung-graha-kencana-20170712101527-44446,1877,0,1,1,interior/166_gedung-graha-kencana-gedung-graha-kencana_20170712101527_44446.jpg,interior,166_gedung-graha-kencana-gedung-graha-kencana_20170712101527_44446.jpg,uploaded,54553,166_gedung-graha-kencana-gedung-graha-kencana_20170712101527_44446.jpg,https://cdn-strapi.prod.99iddev.net/assets/166_gedung_graha_kencana_gedung_graha_kencana_20170712101527_44446_bff42f1ec2.jpg,,
166-gedung-graha-kencana-gedung-graha-kencana-20170712101530-41221,Media Library/Office Venue/166-gedung-graha-kencana-gedung-graha-kencana-20170712101530-41221,1878,0,1,1,interior/166_gedung-graha-kencana-gedung-graha-kencana_20170712101530_41221.jpg,interior,166_gedung-graha-kencana-gedung-graha-kencana_20170712101530_41221.jpg,uploaded,54554,166_gedung-graha-kencana-gedung-graha-kencana_20170712101530_41221.jpg,https://cdn-strapi.prod.99iddev.net/assets/166_gedung_graha_kencana_gedung_graha_kencana_20170712101530_41221_df9fc20f91.jpg,,
169-puri-indah-financial-tower-puri-indah-financial-tower-20170309102534-73852,Media Library/Office Venue/169-puri-indah-financial-tower-puri-indah-financial-tower-20170309102534-73852,1879,0,1,1,floorplan/169_puri-indah-financial-tower-puri-indah-financial-tower_20170309102534_73852.jpg,floorplan,169_puri-indah-financial-tower-puri-indah-financial-tower_20170309102534_73852.jpg,uploaded,54555,169_puri-indah-financial-tower-puri-indah-financial-tower_20170309102534_73852.jpg,https://cdn-strapi.prod.99iddev.net/assets/169_puri_indah_financial_tower_puri_indah_financial_tower_20170309102534_73852_c636b2c268.jpg,,
169-puri-indah-financial-tower-puri-indah-financial-tower-20180227073912-40224,Media Library/Office Venue/169-puri-indah-financial-tower-puri-indah-financial-tower-20180227073912-40224,1880,0,1,1,floorplan/169_puri-indah-financial-tower-puri-indah-financial-tower_20180227073912_40224.jpg,floorplan,169_puri-indah-financial-tower-puri-indah-financial-tower_20180227073912_40224.jpg,uploaded,54556,169_puri-indah-financial-tower-puri-indah-financial-tower_20180227073912_40224.jpg,https://cdn-strapi.prod.99iddev.net/assets/169_puri_indah_financial_tower_puri_indah_financial_tower_20180227073912_40224_8b6d85960e.jpg,,
169-puri-indah-financial-tower-puri-indah-financial-tower-20180227073913-46748,Media Library/Office Venue/169-puri-indah-financial-tower-puri-indah-financial-tower-20180227073913-46748,1881,0,1,1,floorplan/169_puri-indah-financial-tower-puri-indah-financial-tower_20180227073913_46748.jpg,floorplan,169_puri-indah-financial-tower-puri-indah-financial-tower_20180227073913_46748.jpg,uploaded,54557,169_puri-indah-financial-tower-puri-indah-financial-tower_20180227073913_46748.jpg,https://cdn-strapi.prod.99iddev.net/assets/169_puri_indah_financial_tower_puri_indah_financial_tower_20180227073913_46748_b108eea953.jpg,,
169-puri-indah-financial-tower-puri-indah-financial-tower-20180306030239-12615,Media Library/Office Venue/169-puri-indah-financial-tower-puri-indah-financial-tower-20180306030239-12615,1882,0,1,1,floorplan/169_puri-indah-financial-tower-puri-indah-financial-tower_20180306030239_12615.jpg,floorplan,169_puri-indah-financial-tower-puri-indah-financial-tower_20180306030239_12615.jpg,uploaded,54558,169_puri-indah-financial-tower-puri-indah-financial-tower_20180306030239_12615.jpg,https://cdn-strapi.prod.99iddev.net/assets/169_puri_indah_financial_tower_puri_indah_financial_tower_20180306030239_12615_0481fabcbf.jpg,,
169-puri-indah-financial-tower-puri-indah-financial-tower-20180306030239-50835,Media Library/Office Venue/169-puri-indah-financial-tower-puri-indah-financial-tower-20180306030239-50835,1883,0,1,1,floorplan/169_puri-indah-financial-tower-puri-indah-financial-tower_20180306030239_50835.jpg,floorplan,169_puri-indah-financial-tower-puri-indah-financial-tower_20180306030239_50835.jpg,uploaded,54559,169_puri-indah-financial-tower-puri-indah-financial-tower_20180306030239_50835.jpg,https://cdn-strapi.prod.99iddev.net/assets/169_puri_indah_financial_tower_puri_indah_financial_tower_20180306030239_50835_6e2a5885e6.jpg,,
169-puri-indah-financial-tower-puri-indah-financial-tower-20180524073954-35814,Media Library/Office Venue/169-puri-indah-financial-tower-puri-indah-financial-tower-20180524073954-35814,1884,0,1,1,floorplan/169_puri-indah-financial-tower-puri-indah-financial-tower_20180524073954_35814.jpg,floorplan,169_puri-indah-financial-tower-puri-indah-financial-tower_20180524073954_35814.jpg,uploaded,54560,169_puri-indah-financial-tower-puri-indah-financial-tower_20180524073954_35814.jpg,https://cdn-strapi.prod.99iddev.net/assets/169_puri_indah_financial_tower_puri_indah_financial_tower_20180524073954_35814_538cbceccd.jpg,,
169-puri-indah-financial-tower-puri-indah-financial-tower-20180524073954-66080,Media Library/Office Venue/169-puri-indah-financial-tower-puri-indah-financial-tower-20180524073954-66080,1885,0,1,1,floorplan/169_puri-indah-financial-tower-puri-indah-financial-tower_20180524073954_66080.jpg,floorplan,169_puri-indah-financial-tower-puri-indah-financial-tower_20180524073954_66080.jpg,uploaded,54561,169_puri-indah-financial-tower-puri-indah-financial-tower_20180524073954_66080.jpg,https://cdn-strapi.prod.99iddev.net/assets/169_puri_indah_financial_tower_puri_indah_financial_tower_20180524073954_66080_7852b18e8a.jpg,,
169-puri-indah-financial-tower-puri-indah-financial-tower-20180524073954-77285,Media Library/Office Venue/169-puri-indah-financial-tower-puri-indah-financial-tower-20180524073954-77285,1886,0,1,1,floorplan/169_puri-indah-financial-tower-puri-indah-financial-tower_20180524073954_77285.jpg,floorplan,169_puri-indah-financial-tower-puri-indah-financial-tower_20180524073954_77285.jpg,uploaded,54562,169_puri-indah-financial-tower-puri-indah-financial-tower_20180524073954_77285.jpg,https://cdn-strapi.prod.99iddev.net/assets/169_puri_indah_financial_tower_puri_indah_financial_tower_20180524073954_77285_7f277f0e45.jpg,,
173-menara-citicon-menara-citicon-20170214043001-42721,Media Library/Office Venue/173-menara-citicon-menara-citicon-20170214043001-42721,1887,0,1,1,interior/173_menara-citicon-menara-citicon_20170214043001_42721.jpg,interior,173_menara-citicon-menara-citicon_20170214043001_42721.jpg,uploaded,54563,173_menara-citicon-menara-citicon_20170214043001_42721.jpg,https://cdn-strapi.prod.99iddev.net/assets/173_menara_citicon_menara_citicon_20170214043001_42721_a2e294c75b.jpg,,
173-menara-citicon-menara-citicon-20170214043002-31366,Media Library/Office Venue/173-menara-citicon-menara-citicon-20170214043002-31366,1888,0,1,1,interior/173_menara-citicon-menara-citicon_20170214043002_31366.jpg,interior,173_menara-citicon-menara-citicon_20170214043002_31366.jpg,uploaded,54564,173_menara-citicon-menara-citicon_20170214043002_31366.jpg,https://cdn-strapi.prod.99iddev.net/assets/173_menara_citicon_menara_citicon_20170214043002_31366_1dcba57ca7.jpg,,
173-menara-citicon-menara-citicon-20170214043003-32501,Media Library/Office Venue/173-menara-citicon-menara-citicon-20170214043003-32501,1889,0,1,1,interior/173_menara-citicon-menara-citicon_20170214043003_32501.jpg,interior,173_menara-citicon-menara-citicon_20170214043003_32501.jpg,uploaded,54565,173_menara-citicon-menara-citicon_20170214043003_32501.jpg,https://cdn-strapi.prod.99iddev.net/assets/173_menara_citicon_menara_citicon_20170214043003_32501_1051c0c905.jpg,,
173-menara-citicon-menara-citicon-20170214043003-99301,Media Library/Office Venue/173-menara-citicon-menara-citicon-20170214043003-99301,1890,0,1,1,interior/173_menara-citicon-menara-citicon_20170214043003_99301.jpg,interior,173_menara-citicon-menara-citicon_20170214043003_99301.jpg,uploaded,54566,173_menara-citicon-menara-citicon_20170214043003_99301.jpg,https://cdn-strapi.prod.99iddev.net/assets/173_menara_citicon_menara_citicon_20170214043003_99301_089a2a3350.jpg,,
173-menara-citicon-menara-citicon-20170214043004-39095,Media Library/Office Venue/173-menara-citicon-menara-citicon-20170214043004-39095,1891,0,1,1,interior/173_menara-citicon-menara-citicon_20170214043004_39095.jpg,interior,173_menara-citicon-menara-citicon_20170214043004_39095.jpg,uploaded,54567,173_menara-citicon-menara-citicon_20170214043004_39095.jpg,https://cdn-strapi.prod.99iddev.net/assets/173_menara_citicon_menara_citicon_20170214043004_39095_68f7e2330c.jpg,,
173-menara-citicon-menara-citicon-20170214043004-94967,Media Library/Office Venue/173-menara-citicon-menara-citicon-20170214043004-94967,1892,0,1,1,interior/173_menara-citicon-menara-citicon_20170214043004_94967.jpg,interior,173_menara-citicon-menara-citicon_20170214043004_94967.jpg,uploaded,54568,173_menara-citicon-menara-citicon_20170214043004_94967.jpg,https://cdn-strapi.prod.99iddev.net/assets/173_menara_citicon_menara_citicon_20170214043004_94967_93c0959d83.jpg,,
173-menara-citicon-menara-citicon-20170214043005-45832,Media Library/Office Venue/173-menara-citicon-menara-citicon-20170214043005-45832,1893,0,1,1,interior/173_menara-citicon-menara-citicon_20170214043005_45832.jpg,interior,173_menara-citicon-menara-citicon_20170214043005_45832.jpg,uploaded,54569,173_menara-citicon-menara-citicon_20170214043005_45832.jpg,https://cdn-strapi.prod.99iddev.net/assets/173_menara_citicon_menara_citicon_20170214043005_45832_e3eda3f629.jpg,,
173-menara-citicon-menara-citicon-20170214043005-57608,Media Library/Office Venue/173-menara-citicon-menara-citicon-20170214043005-57608,1894,0,1,1,interior/173_menara-citicon-menara-citicon_20170214043005_57608.jpg,interior,173_menara-citicon-menara-citicon_20170214043005_57608.jpg,uploaded,54570,173_menara-citicon-menara-citicon_20170214043005_57608.jpg,https://cdn-strapi.prod.99iddev.net/assets/173_menara_citicon_menara_citicon_20170214043005_57608_9634dbf684.jpg,,
173-menara-citicon-menara-citicon-20170214043005-74787,Media Library/Office Venue/173-menara-citicon-menara-citicon-20170214043005-74787,1895,0,1,1,interior/173_menara-citicon-menara-citicon_20170214043005_74787.jpg,interior,173_menara-citicon-menara-citicon_20170214043005_74787.jpg,uploaded,54571,173_menara-citicon-menara-citicon_20170214043005_74787.jpg,https://cdn-strapi.prod.99iddev.net/assets/173_menara_citicon_menara_citicon_20170214043005_74787_23696cc75b.jpg,,
173-menara-citicon-menara-citicon-20170214043006-15814,Media Library/Office Venue/173-menara-citicon-menara-citicon-20170214043006-15814,1896,0,1,1,interior/173_menara-citicon-menara-citicon_20170214043006_15814.jpg,interior,173_menara-citicon-menara-citicon_20170214043006_15814.jpg,uploaded,54572,173_menara-citicon-menara-citicon_20170214043006_15814.jpg,https://cdn-strapi.prod.99iddev.net/assets/173_menara_citicon_menara_citicon_20170214043006_15814_94fb35c2bd.jpg,,
173-menara-citicon-menara-citicon-20170214043006-47103,Media Library/Office Venue/173-menara-citicon-menara-citicon-20170214043006-47103,1897,0,1,1,interior/173_menara-citicon-menara-citicon_20170214043006_47103.jpg,interior,173_menara-citicon-menara-citicon_20170214043006_47103.jpg,uploaded,54573,173_menara-citicon-menara-citicon_20170214043006_47103.jpg,https://cdn-strapi.prod.99iddev.net/assets/173_menara_citicon_menara_citicon_20170214043006_47103_c77e9cb6b6.jpg,,
173-menara-citicon-menara-citicon-20170214043006-68211,Media Library/Office Venue/173-menara-citicon-menara-citicon-20170214043006-68211,1898,0,1,1,interior/173_menara-citicon-menara-citicon_20170214043006_68211.jpg,interior,173_menara-citicon-menara-citicon_20170214043006_68211.jpg,uploaded,54574,173_menara-citicon-menara-citicon_20170214043006_68211.jpg,https://cdn-strapi.prod.99iddev.net/assets/173_menara_citicon_menara_citicon_20170214043006_68211_62633ba2f5.jpg,,
173-menara-citicon-menara-citicon-20170214043006-80962,Media Library/Office Venue/173-menara-citicon-menara-citicon-20170214043006-80962,1899,0,1,1,interior/173_menara-citicon-menara-citicon_20170214043006_80962.jpg,interior,173_menara-citicon-menara-citicon_20170214043006_80962.jpg,uploaded,54575,173_menara-citicon-menara-citicon_20170214043006_80962.jpg,https://cdn-strapi.prod.99iddev.net/assets/173_menara_citicon_menara_citicon_20170214043006_80962_677b38fd24.jpg,,
173-menara-citicon-menara-citicon-20170214043006-96565,Media Library/Office Venue/173-menara-citicon-menara-citicon-20170214043006-96565,1900,0,1,1,interior/173_menara-citicon-menara-citicon_20170214043006_96565.jpg,interior,173_menara-citicon-menara-citicon_20170214043006_96565.jpg,uploaded,54576,173_menara-citicon-menara-citicon_20170214043006_96565.jpg,https://cdn-strapi.prod.99iddev.net/assets/173_menara_citicon_menara_citicon_20170214043006_96565_ad6e97d475.jpg,,
173-menara-citicon-menara-citicon-20170214043444-47064,Media Library/Office Venue/173-menara-citicon-menara-citicon-20170214043444-47064,1901,0,1,1,interior/173_menara-citicon-menara-citicon_20170214043444_47064.jpg,interior,173_menara-citicon-menara-citicon_20170214043444_47064.jpg,uploaded,54577,173_menara-citicon-menara-citicon_20170214043444_47064.jpg,https://cdn-strapi.prod.99iddev.net/assets/173_menara_citicon_menara_citicon_20170214043444_47064_f456d9da6c.jpg,,
173-menara-citicon-menara-citicon-20170214043444-85291,Media Library/Office Venue/173-menara-citicon-menara-citicon-20170214043444-85291,1902,0,1,1,exterior/173_menara-citicon-menara-citicon_20170214043444_85291.jpg,exterior,173_menara-citicon-menara-citicon_20170214043444_85291.jpg,uploaded,54578,173_menara-citicon-menara-citicon_20170214043444_85291.jpg,https://cdn-strapi.prod.99iddev.net/assets/173_menara_citicon_menara_citicon_20170214043444_85291_0f988b5344.jpg,,
173-menara-citicon-menara-citicon-20170214043445-46094,Media Library/Office Venue/173-menara-citicon-menara-citicon-20170214043445-46094,1903,0,1,1,interior/173_menara-citicon-menara-citicon_20170214043445_46094.jpg,interior,173_menara-citicon-menara-citicon_20170214043445_46094.jpg,uploaded,54579,173_menara-citicon-menara-citicon_20170214043445_46094.jpg,https://cdn-strapi.prod.99iddev.net/assets/173_menara_citicon_menara_citicon_20170214043445_46094_01a570f8bd.jpg,,
177-wisma-slipi-wisma-slipi-20160914044835-36252,Media Library/Office Venue/177-wisma-slipi-wisma-slipi-20160914044835-36252,1904,0,1,1,exterior/177_wisma-slipi-wisma-slipi_20160914044835_36252.jpg,exterior,177_wisma-slipi-wisma-slipi_20160914044835_36252.jpg,uploaded,54580,177_wisma-slipi-wisma-slipi_20160914044835_36252.jpg,https://cdn-strapi.prod.99iddev.net/assets/177_wisma_slipi_wisma_slipi_20160914044835_36252_ae8c3a95b4.jpg,,
177-wisma-slipi-wisma-slipi-20160914044835-51226,Media Library/Office Venue/177-wisma-slipi-wisma-slipi-20160914044835-51226,1905,0,1,1,exterior/177_wisma-slipi-wisma-slipi_20160914044835_51226.jpg,exterior,177_wisma-slipi-wisma-slipi_20160914044835_51226.jpg,uploaded,54581,177_wisma-slipi-wisma-slipi_20160914044835_51226.jpg,https://cdn-strapi.prod.99iddev.net/assets/177_wisma_slipi_wisma_slipi_20160914044835_51226_b72459a26a.jpg,,
177-wisma-slipi-wisma-slipi-20160914044836-13919,Media Library/Office Venue/177-wisma-slipi-wisma-slipi-20160914044836-13919,1906,0,1,1,exterior/177_wisma-slipi-wisma-slipi_20160914044836_13919.jpg,exterior,177_wisma-slipi-wisma-slipi_20160914044836_13919.jpg,uploaded,54582,177_wisma-slipi-wisma-slipi_20160914044836_13919.jpg,https://cdn-strapi.prod.99iddev.net/assets/177_wisma_slipi_wisma_slipi_20160914044836_13919_f5d4a2d7c8.jpg,,
177-wisma-slipi-wisma-slipi-20160914044836-76587,Media Library/Office Venue/177-wisma-slipi-wisma-slipi-20160914044836-76587,1907,0,1,1,exterior/177_wisma-slipi-wisma-slipi_20160914044836_76587.jpg,exterior,177_wisma-slipi-wisma-slipi_20160914044836_76587.jpg,uploaded,54583,177_wisma-slipi-wisma-slipi_20160914044836_76587.jpg,https://cdn-strapi.prod.99iddev.net/assets/177_wisma_slipi_wisma_slipi_20160914044836_76587_60a71c335a.jpg,,
177-wisma-slipi-wisma-slipi-20160914044837-96217,Media Library/Office Venue/177-wisma-slipi-wisma-slipi-20160914044837-96217,1908,0,1,1,exterior/177_wisma-slipi-wisma-slipi_20160914044837_96217.jpg,exterior,177_wisma-slipi-wisma-slipi_20160914044837_96217.jpg,uploaded,54584,177_wisma-slipi-wisma-slipi_20160914044837_96217.jpg,https://cdn-strapi.prod.99iddev.net/assets/177_wisma_slipi_wisma_slipi_20160914044837_96217_c2ea61e61b.jpg,,
177-wisma-slipi-wisma-slipi-20170214043542-82932,Media Library/Office Venue/177-wisma-slipi-wisma-slipi-20170214043542-82932,1909,0,1,1,interior/177_wisma-slipi-wisma-slipi_20170214043542_82932.jpg,interior,177_wisma-slipi-wisma-slipi_20170214043542_82932.jpg,uploaded,54585,177_wisma-slipi-wisma-slipi_20170214043542_82932.jpg,https://cdn-strapi.prod.99iddev.net/assets/177_wisma_slipi_wisma_slipi_20170214043542_82932_d46b3e4fe5.jpg,,
177-wisma-slipi-wisma-slipi-20170214043543-22887,Media Library/Office Venue/177-wisma-slipi-wisma-slipi-20170214043543-22887,1910,0,1,1,interior/177_wisma-slipi-wisma-slipi_20170214043543_22887.jpg,interior,177_wisma-slipi-wisma-slipi_20170214043543_22887.jpg,uploaded,54586,177_wisma-slipi-wisma-slipi_20170214043543_22887.jpg,https://cdn-strapi.prod.99iddev.net/assets/177_wisma_slipi_wisma_slipi_20170214043543_22887_927db8c8d3.jpg,,
177-wisma-slipi-wisma-slipi-20170214043543-24524,Media Library/Office Venue/177-wisma-slipi-wisma-slipi-20170214043543-24524,1911,0,1,1,interior/177_wisma-slipi-wisma-slipi_20170214043543_24524.jpg,interior,177_wisma-slipi-wisma-slipi_20170214043543_24524.jpg,uploaded,54587,177_wisma-slipi-wisma-slipi_20170214043543_24524.jpg,https://cdn-strapi.prod.99iddev.net/assets/177_wisma_slipi_wisma_slipi_20170214043543_24524_87f6e92c05.jpg,,
177-wisma-slipi-wisma-slipi-20170214043544-27516,Media Library/Office Venue/177-wisma-slipi-wisma-slipi-20170214043544-27516,1912,0,1,1,interior/177_wisma-slipi-wisma-slipi_20170214043544_27516.jpg,interior,177_wisma-slipi-wisma-slipi_20170214043544_27516.jpg,uploaded,54588,177_wisma-slipi-wisma-slipi_20170214043544_27516.jpg,https://cdn-strapi.prod.99iddev.net/assets/177_wisma_slipi_wisma_slipi_20170214043544_27516_6c4c543f65.jpg,,
177-wisma-slipi-wisma-slipi-20170214043545-35035,Media Library/Office Venue/177-wisma-slipi-wisma-slipi-20170214043545-35035,1913,0,1,1,interior/177_wisma-slipi-wisma-slipi_20170214043545_35035.jpg,interior,177_wisma-slipi-wisma-slipi_20170214043545_35035.jpg,uploaded,54589,177_wisma-slipi-wisma-slipi_20170214043545_35035.jpg,https://cdn-strapi.prod.99iddev.net/assets/177_wisma_slipi_wisma_slipi_20170214043545_35035_744e6caea9.jpg,,
177-wisma-slipi-wisma-slipi-20170214043545-51744,Media Library/Office Venue/177-wisma-slipi-wisma-slipi-20170214043545-51744,1914,0,1,1,interior/177_wisma-slipi-wisma-slipi_20170214043545_51744.jpg,interior,177_wisma-slipi-wisma-slipi_20170214043545_51744.jpg,uploaded,54590,177_wisma-slipi-wisma-slipi_20170214043545_51744.jpg,https://cdn-strapi.prod.99iddev.net/assets/177_wisma_slipi_wisma_slipi_20170214043545_51744_3879115c57.jpg,,
177-wisma-slipi-wisma-slipi-20170214043545-98529,Media Library/Office Venue/177-wisma-slipi-wisma-slipi-20170214043545-98529,1915,0,1,1,interior/177_wisma-slipi-wisma-slipi_20170214043545_98529.jpg,interior,177_wisma-slipi-wisma-slipi_20170214043545_98529.jpg,uploaded,54591,177_wisma-slipi-wisma-slipi_20170214043545_98529.jpg,https://cdn-strapi.prod.99iddev.net/assets/177_wisma_slipi_wisma_slipi_20170214043545_98529_0b46f4df18.jpg,,
177-wisma-slipi-wisma-slipi-20170214043546-67350,Media Library/Office Venue/177-wisma-slipi-wisma-slipi-20170214043546-67350,1916,0,1,1,interior/177_wisma-slipi-wisma-slipi_20170214043546_67350.jpg,interior,177_wisma-slipi-wisma-slipi_20170214043546_67350.jpg,uploaded,54592,177_wisma-slipi-wisma-slipi_20170214043546_67350.jpg,https://cdn-strapi.prod.99iddev.net/assets/177_wisma_slipi_wisma_slipi_20170214043546_67350_d4fe1ddcc4.jpg,,
177-wisma-slipi-wisma-slipi-20170214043546362,Media Library/Office Venue/177-wisma-slipi-wisma-slipi-20170214043546362,1917,0,1,1,interior/177_wisma-slipi-wisma-slipi_20170214043546_28362.jpg,interior,177_wisma-slipi-wisma-slipi_20170214043546_28362.jpg,uploaded,54593,177_wisma-slipi-wisma-slipi_20170214043546_28362.jpg,https://cdn-strapi.prod.99iddev.net/assets/177_wisma_slipi_wisma_slipi_20170214043546_28362_20c68fff21.jpg,,
178-wisma-sejahtera-wisma-sejahtera-20180405025113-23958,Media Library/Office Venue/178-wisma-sejahtera-wisma-sejahtera-20180405025113-23958,1918,0,1,1,interior/178_wisma-sejahtera-wisma-sejahtera_20180405025113_23958.jpg,interior,178_wisma-sejahtera-wisma-sejahtera_20180405025113_23958.jpg,uploaded,54594,178_wisma-sejahtera-wisma-sejahtera_20180405025113_23958.jpg,https://cdn-strapi.prod.99iddev.net/assets/178_wisma_sejahtera_wisma_sejahtera_20180405025113_23958_f5ab99d85f.jpg,,
178-wisma-sejahtera-wisma-sejahtera-20180405025113-82397,Media Library/Office Venue/178-wisma-sejahtera-wisma-sejahtera-20180405025113-82397,1919,0,1,1,interior/178_wisma-sejahtera-wisma-sejahtera_20180405025113_82397.jpg,interior,178_wisma-sejahtera-wisma-sejahtera_20180405025113_82397.jpg,uploaded,54595,178_wisma-sejahtera-wisma-sejahtera_20180405025113_82397.jpg,https://cdn-strapi.prod.99iddev.net/assets/178_wisma_sejahtera_wisma_sejahtera_20180405025113_82397_51c4ec513d.jpg,,
178-wisma-sejahtera-wisma-sejahtera-20180405025114-12421,Media Library/Office Venue/178-wisma-sejahtera-wisma-sejahtera-20180405025114-12421,1920,0,1,1,interior/178_wisma-sejahtera-wisma-sejahtera_20180405025114_12421.jpg,interior,178_wisma-sejahtera-wisma-sejahtera_20180405025114_12421.jpg,uploaded,54596,178_wisma-sejahtera-wisma-sejahtera_20180405025114_12421.jpg,https://cdn-strapi.prod.99iddev.net/assets/178_wisma_sejahtera_wisma_sejahtera_20180405025114_12421_5736841002.jpg,,
178-wisma-sejahtera-wisma-sejahtera-20180405025114-33239,Media Library/Office Venue/178-wisma-sejahtera-wisma-sejahtera-20180405025114-33239,1921,0,1,1,interior/178_wisma-sejahtera-wisma-sejahtera_20180405025114_33239.jpg,interior,178_wisma-sejahtera-wisma-sejahtera_20180405025114_33239.jpg,uploaded,54597,178_wisma-sejahtera-wisma-sejahtera_20180405025114_33239.jpg,https://cdn-strapi.prod.99iddev.net/assets/178_wisma_sejahtera_wisma_sejahtera_20180405025114_33239_97d97cfdef.jpg,,
178-wisma-sejahtera-wisma-sejahtera-20180405025114-51592,Media Library/Office Venue/178-wisma-sejahtera-wisma-sejahtera-20180405025114-51592,1922,0,1,1,interior/178_wisma-sejahtera-wisma-sejahtera_20180405025114_51592.jpg,interior,178_wisma-sejahtera-wisma-sejahtera_20180405025114_51592.jpg,uploaded,54598,178_wisma-sejahtera-wisma-sejahtera_20180405025114_51592.jpg,https://cdn-strapi.prod.99iddev.net/assets/178_wisma_sejahtera_wisma_sejahtera_20180405025114_51592_4e803ef911.jpg,,
178-wisma-sejahtera-wisma-sejahtera-20180405025114-74740,Media Library/Office Venue/178-wisma-sejahtera-wisma-sejahtera-20180405025114-74740,1923,0,1,1,interior/178_wisma-sejahtera-wisma-sejahtera_20180405025114_74740.jpg,interior,178_wisma-sejahtera-wisma-sejahtera_20180405025114_74740.jpg,uploaded,54599,178_wisma-sejahtera-wisma-sejahtera_20180405025114_74740.jpg,https://cdn-strapi.prod.99iddev.net/assets/178_wisma_sejahtera_wisma_sejahtera_20180405025114_74740_708a891a16.jpg,,
178-wisma-sejahtera-wisma-sejahtera-20180405025115-53843,Media Library/Office Venue/178-wisma-sejahtera-wisma-sejahtera-20180405025115-53843,1924,0,1,1,interior/178_wisma-sejahtera-wisma-sejahtera_20180405025115_53843.jpg,interior,178_wisma-sejahtera-wisma-sejahtera_20180405025115_53843.jpg,uploaded,54600,178_wisma-sejahtera-wisma-sejahtera_20180405025115_53843.jpg,https://cdn-strapi.prod.99iddev.net/assets/178_wisma_sejahtera_wisma_sejahtera_20180405025115_53843_e7afb4ea8b.jpg,,
178-wisma-sejahtera-wisma-sejahtera-20180405025116-53576,Media Library/Office Venue/178-wisma-sejahtera-wisma-sejahtera-20180405025116-53576,1925,0,1,1,interior/178_wisma-sejahtera-wisma-sejahtera_20180405025116_53576.jpg,interior,178_wisma-sejahtera-wisma-sejahtera_20180405025116_53576.jpg,uploaded,54601,178_wisma-sejahtera-wisma-sejahtera_20180405025116_53576.jpg,https://cdn-strapi.prod.99iddev.net/assets/178_wisma_sejahtera_wisma_sejahtera_20180405025116_53576_c1c27eef3d.jpg,,
178-wisma-sejahtera-wisma-sejahtera-20180405025117-22088,Media Library/Office Venue/178-wisma-sejahtera-wisma-sejahtera-20180405025117-22088,1926,0,1,1,interior/178_wisma-sejahtera-wisma-sejahtera_20180405025117_22088.jpg,interior,178_wisma-sejahtera-wisma-sejahtera_20180405025117_22088.jpg,uploaded,54602,178_wisma-sejahtera-wisma-sejahtera_20180405025117_22088.jpg,https://cdn-strapi.prod.99iddev.net/assets/178_wisma_sejahtera_wisma_sejahtera_20180405025117_22088_efc1212bf0.jpg,,
178-wisma-sejahtera-wisma-sejahtera-20180405025117-27517,Media Library/Office Venue/178-wisma-sejahtera-wisma-sejahtera-20180405025117-27517,1927,0,1,1,interior/178_wisma-sejahtera-wisma-sejahtera_20180405025117_27517.jpg,interior,178_wisma-sejahtera-wisma-sejahtera_20180405025117_27517.jpg,uploaded,54603,178_wisma-sejahtera-wisma-sejahtera_20180405025117_27517.jpg,https://cdn-strapi.prod.99iddev.net/assets/178_wisma_sejahtera_wisma_sejahtera_20180405025117_27517_24d4c775fd.jpg,,
178-wisma-sejahtera-wisma-sejahtera-20180405025117-56382,Media Library/Office Venue/178-wisma-sejahtera-wisma-sejahtera-20180405025117-56382,1928,0,1,1,interior/178_wisma-sejahtera-wisma-sejahtera_20180405025117_56382.jpg,interior,178_wisma-sejahtera-wisma-sejahtera_20180405025117_56382.jpg,uploaded,54604,178_wisma-sejahtera-wisma-sejahtera_20180405025117_56382.jpg,https://cdn-strapi.prod.99iddev.net/assets/178_wisma_sejahtera_wisma_sejahtera_20180405025117_56382_3013acce5e.jpg,,
178-wisma-sejahtera-wisma-sejahtera-20180405025117-69762,Media Library/Office Venue/178-wisma-sejahtera-wisma-sejahtera-20180405025117-69762,1929,0,1,1,interior/178_wisma-sejahtera-wisma-sejahtera_20180405025117_69762.jpg,interior,178_wisma-sejahtera-wisma-sejahtera_20180405025117_69762.jpg,uploaded,54605,178_wisma-sejahtera-wisma-sejahtera_20180405025117_69762.jpg,https://cdn-strapi.prod.99iddev.net/assets/178_wisma_sejahtera_wisma_sejahtera_20180405025117_69762_bb3a2fc834.jpg,,
180-wisma-bsg-wisma-bsg-20170418100626-42481,Media Library/Office Venue/180-wisma-bsg-wisma-bsg-20170418100626-42481,1930,0,1,1,interior/180_wisma-bsg-wisma-bsg_20170418100626_42481.jpg,interior,180_wisma-bsg-wisma-bsg_20170418100626_42481.jpg,uploaded,54606,180_wisma-bsg-wisma-bsg_20170418100626_42481.jpg,https://cdn-strapi.prod.99iddev.net/assets/180_wisma_bsg_wisma_bsg_20170418100626_42481_b0b97bd37d.jpg,,
180-wisma-bsg-wisma-bsg-20170418100641-42959,Media Library/Office Venue/180-wisma-bsg-wisma-bsg-20170418100641-42959,1931,0,1,1,interior/180_wisma-bsg-wisma-bsg_20170418100641_42959.jpg,interior,180_wisma-bsg-wisma-bsg_20170418100641_42959.jpg,uploaded,54607,180_wisma-bsg-wisma-bsg_20170418100641_42959.jpg,https://cdn-strapi.prod.99iddev.net/assets/180_wisma_bsg_wisma_bsg_20170418100641_42959_0da7f35ac6.jpg,,
180-wisma-bsg-wisma-bsg-20170418100649-55671,Media Library/Office Venue/180-wisma-bsg-wisma-bsg-20170418100649-55671,1932,0,1,1,interior/180_wisma-bsg-wisma-bsg_20170418100649_55671.jpg,interior,180_wisma-bsg-wisma-bsg_20170418100649_55671.jpg,uploaded,54608,180_wisma-bsg-wisma-bsg_20170418100649_55671.jpg,https://cdn-strapi.prod.99iddev.net/assets/180_wisma_bsg_wisma_bsg_20170418100649_55671_0386ff45ff.jpg,,
180-wisma-bsg-wisma-bsg-20170418100655-76429,Media Library/Office Venue/180-wisma-bsg-wisma-bsg-20170418100655-76429,1933,0,1,1,interior/180_wisma-bsg-wisma-bsg_20170418100655_76429.jpg,interior,180_wisma-bsg-wisma-bsg_20170418100655_76429.jpg,uploaded,54609,180_wisma-bsg-wisma-bsg_20170418100655_76429.jpg,https://cdn-strapi.prod.99iddev.net/assets/180_wisma_bsg_wisma_bsg_20170418100655_76429_e7fd998d5b.jpg,,
180-wisma-bsg-wisma-bsg-20170418100707-34595,Media Library/Office Venue/180-wisma-bsg-wisma-bsg-20170418100707-34595,1934,0,1,1,interior/180_wisma-bsg-wisma-bsg_20170418100707_34595.jpg,interior,180_wisma-bsg-wisma-bsg_20170418100707_34595.jpg,uploaded,54610,180_wisma-bsg-wisma-bsg_20170418100707_34595.jpg,https://cdn-strapi.prod.99iddev.net/assets/180_wisma_bsg_wisma_bsg_20170418100707_34595_ed68d16dfe.jpg,,
180-wisma-bsg-wisma-bsg-20170418100728-37720,Media Library/Office Venue/180-wisma-bsg-wisma-bsg-20170418100728-37720,1935,0,1,1,interior/180_wisma-bsg-wisma-bsg_20170418100728_37720.jpg,interior,180_wisma-bsg-wisma-bsg_20170418100728_37720.jpg,uploaded,54611,180_wisma-bsg-wisma-bsg_20170418100728_37720.jpg,https://cdn-strapi.prod.99iddev.net/assets/180_wisma_bsg_wisma_bsg_20170418100728_37720_6a59b23db8.jpg,,
180-wisma-bsg-wisma-bsg-20170418100733-93532,Media Library/Office Venue/180-wisma-bsg-wisma-bsg-20170418100733-93532,1936,0,1,1,interior/180_wisma-bsg-wisma-bsg_20170418100733_93532.jpg,interior,180_wisma-bsg-wisma-bsg_20170418100733_93532.jpg,uploaded,54612,180_wisma-bsg-wisma-bsg_20170418100733_93532.jpg,https://cdn-strapi.prod.99iddev.net/assets/180_wisma_bsg_wisma_bsg_20170418100733_93532_5b8cb6fc91.jpg,,
180-wisma-bsg-wisma-bsg-20170418100739-32693,Media Library/Office Venue/180-wisma-bsg-wisma-bsg-20170418100739-32693,1937,0,1,1,interior/180_wisma-bsg-wisma-bsg_20170418100739_32693.jpg,interior,180_wisma-bsg-wisma-bsg_20170418100739_32693.jpg,uploaded,54613,180_wisma-bsg-wisma-bsg_20170418100739_32693.jpg,https://cdn-strapi.prod.99iddev.net/assets/180_wisma_bsg_wisma_bsg_20170418100739_32693_cd47ab4b01.jpg,,
180-wisma-bsg-wisma-bsg-20170418100820-86726,Media Library/Office Venue/180-wisma-bsg-wisma-bsg-20170418100820-86726,1938,0,1,1,interior/180_wisma-bsg-wisma-bsg_20170418100820_86726.jpg,interior,180_wisma-bsg-wisma-bsg_20170418100820_86726.jpg,uploaded,54614,180_wisma-bsg-wisma-bsg_20170418100820_86726.jpg,https://cdn-strapi.prod.99iddev.net/assets/180_wisma_bsg_wisma_bsg_20170418100820_86726_8068080db8.jpg,,
180-wisma-bsg-wisma-bsg-20170418100834-37114,Media Library/Office Venue/180-wisma-bsg-wisma-bsg-20170418100834-37114,1939,0,1,1,interior/180_wisma-bsg-wisma-bsg_20170418100834_37114.jpg,interior,180_wisma-bsg-wisma-bsg_20170418100834_37114.jpg,uploaded,54615,180_wisma-bsg-wisma-bsg_20170418100834_37114.jpg,https://cdn-strapi.prod.99iddev.net/assets/180_wisma_bsg_wisma_bsg_20170418100834_37114_997003db32.jpg,,
180-wisma-bsg-wisma-bsg-20170418100841-48631,Media Library/Office Venue/180-wisma-bsg-wisma-bsg-20170418100841-48631,1940,0,1,1,interior/180_wisma-bsg-wisma-bsg_20170418100841_48631.jpg,interior,180_wisma-bsg-wisma-bsg_20170418100841_48631.jpg,uploaded,54616,180_wisma-bsg-wisma-bsg_20170418100841_48631.jpg,https://cdn-strapi.prod.99iddev.net/assets/180_wisma_bsg_wisma_bsg_20170418100841_48631_d0add2f872.jpg,,
180-wisma-bsg-wisma-bsg-20170418100848-65685,Media Library/Office Venue/180-wisma-bsg-wisma-bsg-20170418100848-65685,1941,0,1,1,interior/180_wisma-bsg-wisma-bsg_20170418100848_65685.jpg,interior,180_wisma-bsg-wisma-bsg_20170418100848_65685.jpg,uploaded,54617,180_wisma-bsg-wisma-bsg_20170418100848_65685.jpg,https://cdn-strapi.prod.99iddev.net/assets/180_wisma_bsg_wisma_bsg_20170418100848_65685_3f09159c4e.jpg,,
180-wisma-bsg-wisma-bsg-20170418100857-41115,Media Library/Office Venue/180-wisma-bsg-wisma-bsg-20170418100857-41115,1942,0,1,1,interior/180_wisma-bsg-wisma-bsg_20170418100857_41115.jpg,interior,180_wisma-bsg-wisma-bsg_20170418100857_41115.jpg,uploaded,54618,180_wisma-bsg-wisma-bsg_20170418100857_41115.jpg,https://cdn-strapi.prod.99iddev.net/assets/180_wisma_bsg_wisma_bsg_20170418100857_41115_aeb56870ad.jpg,,
180-wisma-bsg-wisma-bsg-20170418100903-73687,Media Library/Office Venue/180-wisma-bsg-wisma-bsg-20170418100903-73687,1943,0,1,1,interior/180_wisma-bsg-wisma-bsg_20170418100903_73687.jpg,interior,180_wisma-bsg-wisma-bsg_20170418100903_73687.jpg,uploaded,54619,180_wisma-bsg-wisma-bsg_20170418100903_73687.jpg,https://cdn-strapi.prod.99iddev.net/assets/180_wisma_bsg_wisma_bsg_20170418100903_73687_c9c2a7a529.jpg,,
180-wisma-bsg-wisma-bsg-20170705093816-42356,Media Library/Office Venue/180-wisma-bsg-wisma-bsg-20170705093816-42356,1944,0,1,1,interior/180_wisma-bsg-wisma-bsg_20170705093816_42356.jpg,interior,180_wisma-bsg-wisma-bsg_20170705093816_42356.jpg,uploaded,54620,180_wisma-bsg-wisma-bsg_20170705093816_42356.jpg,https://cdn-strapi.prod.99iddev.net/assets/180_wisma_bsg_wisma_bsg_20170705093816_42356_4afe9db4fc.jpg,,
180-wisma-bsg-wisma-bsg-20170705093835-92559,Media Library/Office Venue/180-wisma-bsg-wisma-bsg-20170705093835-92559,1945,0,1,1,interior/180_wisma-bsg-wisma-bsg_20170705093835_92559.jpg,interior,180_wisma-bsg-wisma-bsg_20170705093835_92559.jpg,uploaded,54621,180_wisma-bsg-wisma-bsg_20170705093835_92559.jpg,https://cdn-strapi.prod.99iddev.net/assets/180_wisma_bsg_wisma_bsg_20170705093835_92559_af532d2c0f.jpg,,
180-wisma-bsg-wisma-bsg-20170705093841-91051,Media Library/Office Venue/180-wisma-bsg-wisma-bsg-20170705093841-91051,1946,0,1,1,interior/180_wisma-bsg-wisma-bsg_20170705093841_91051.jpg,interior,180_wisma-bsg-wisma-bsg_20170705093841_91051.jpg,uploaded,54622,180_wisma-bsg-wisma-bsg_20170705093841_91051.jpg,https://cdn-strapi.prod.99iddev.net/assets/180_wisma_bsg_wisma_bsg_20170705093841_91051_9777eb8e0f.jpg,,
180-wisma-bsg-wisma-bsg-20170705093846-51636,Media Library/Office Venue/180-wisma-bsg-wisma-bsg-20170705093846-51636,1947,0,1,1,interior/180_wisma-bsg-wisma-bsg_20170705093846_51636.jpg,interior,180_wisma-bsg-wisma-bsg_20170705093846_51636.jpg,uploaded,54623,180_wisma-bsg-wisma-bsg_20170705093846_51636.jpg,https://cdn-strapi.prod.99iddev.net/assets/180_wisma_bsg_wisma_bsg_20170705093846_51636_cdace2c6c2.jpg,,
180-wisma-bsg-wisma-bsg-20170705093856-48846,Media Library/Office Venue/180-wisma-bsg-wisma-bsg-20170705093856-48846,1948,0,1,1,interior/180_wisma-bsg-wisma-bsg_20170705093856_48846.jpg,interior,180_wisma-bsg-wisma-bsg_20170705093856_48846.jpg,uploaded,54624,180_wisma-bsg-wisma-bsg_20170705093856_48846.jpg,https://cdn-strapi.prod.99iddev.net/assets/180_wisma_bsg_wisma_bsg_20170705093856_48846_a350fd6a5a.jpg,,
180-wisma-bsg-wisma-bsg-20170418100634198,Media Library/Office Venue/180-wisma-bsg-wisma-bsg-20170418100634198,1949,0,1,1,interior/180_wisma-bsg-wisma-bsg_20170418100634_29198.jpg,interior,180_wisma-bsg-wisma-bsg_20170418100634_29198.jpg,uploaded,54625,180_wisma-bsg-wisma-bsg_20170418100634_29198.jpg,https://cdn-strapi.prod.99iddev.net/assets/180_wisma_bsg_wisma_bsg_20170418100634_29198_f12e64dd2a.jpg,,
186-mnc-tower-mnc-tower-20170214042302-45059,Media Library/Office Venue/186-mnc-tower-mnc-tower-20170214042302-45059,1950,0,1,1,interior/186_mnc-tower-mnc-tower_20170214042302_45059.jpg,interior,186_mnc-tower-mnc-tower_20170214042302_45059.jpg,uploaded,54626,186_mnc-tower-mnc-tower_20170214042302_45059.jpg,https://cdn-strapi.prod.99iddev.net/assets/186_mnc_tower_mnc_tower_20170214042302_45059_ecb039bb53.jpg,,
186-mnc-tower-mnc-tower-20170214042304-10917,Media Library/Office Venue/186-mnc-tower-mnc-tower-20170214042304-10917,1951,0,1,1,interior/186_mnc-tower-mnc-tower_20170214042304_10917.jpg,interior,186_mnc-tower-mnc-tower_20170214042304_10917.jpg,uploaded,54627,186_mnc-tower-mnc-tower_20170214042304_10917.jpg,https://cdn-strapi.prod.99iddev.net/assets/186_mnc_tower_mnc_tower_20170214042304_10917_ec97760808.jpg,,
186-mnc-tower-mnc-tower-20170214042305-53404,Media Library/Office Venue/186-mnc-tower-mnc-tower-20170214042305-53404,1952,0,1,1,interior/186_mnc-tower-mnc-tower_20170214042305_53404.jpg,interior,186_mnc-tower-mnc-tower_20170214042305_53404.jpg,uploaded,54628,186_mnc-tower-mnc-tower_20170214042305_53404.jpg,https://cdn-strapi.prod.99iddev.net/assets/186_mnc_tower_mnc_tower_20170214042305_53404_f2c411aff0.jpg,,
186-mnc-tower-mnc-tower-20170214042304540,Media Library/Office Venue/186-mnc-tower-mnc-tower-20170214042304540,1953,0,1,1,interior/186_mnc-tower-mnc-tower_20170214042304_29540.jpg,interior,186_mnc-tower-mnc-tower_20170214042304_29540.jpg,uploaded,54629,186_mnc-tower-mnc-tower_20170214042304_29540.jpg,https://cdn-strapi.prod.99iddev.net/assets/186_mnc_tower_mnc_tower_20170214042304_29540_9af2c32953.jpg,,
187-wisma-bisnis-indonesia-wisma-bisnis-indonesia-20160914044750-26763,Media Library/Office Venue/187-wisma-bisnis-indonesia-wisma-bisnis-indonesia-20160914044750-26763,1954,0,1,1,exterior/187_wisma-bisnis-indonesia-wisma-bisnis-indonesia_20160914044750_26763.jpg,exterior,187_wisma-bisnis-indonesia-wisma-bisnis-indonesia_20160914044750_26763.jpg,uploaded,54630,187_wisma-bisnis-indonesia-wisma-bisnis-indonesia_20160914044750_26763.jpg,https://cdn-strapi.prod.99iddev.net/assets/187_wisma_bisnis_indonesia_wisma_bisnis_indonesia_20160914044750_26763_2fe38e11bd.jpg,,
187-wisma-bisnis-indonesia-wisma-bisnis-indonesia-20160914044750-86954,Media Library/Office Venue/187-wisma-bisnis-indonesia-wisma-bisnis-indonesia-20160914044750-86954,1955,0,1,1,exterior/187_wisma-bisnis-indonesia-wisma-bisnis-indonesia_20160914044750_86954.jpg,exterior,187_wisma-bisnis-indonesia-wisma-bisnis-indonesia_20160914044750_86954.jpg,uploaded,54631,187_wisma-bisnis-indonesia-wisma-bisnis-indonesia_20160914044750_86954.jpg,https://cdn-strapi.prod.99iddev.net/assets/187_wisma_bisnis_indonesia_wisma_bisnis_indonesia_20160914044750_86954_daae724d16.jpg,,
187-wisma-bisnis-indonesia-wisma-bisnis-indonesia-20170214041529-77974,Media Library/Office Venue/187-wisma-bisnis-indonesia-wisma-bisnis-indonesia-20170214041529-77974,1956,0,1,1,interior/187_wisma-bisnis-indonesia-wisma-bisnis-indonesia_20170214041529_77974.jpg,interior,187_wisma-bisnis-indonesia-wisma-bisnis-indonesia_20170214041529_77974.jpg,uploaded,54632,187_wisma-bisnis-indonesia-wisma-bisnis-indonesia_20170214041529_77974.jpg,https://cdn-strapi.prod.99iddev.net/assets/187_wisma_bisnis_indonesia_wisma_bisnis_indonesia_20170214041529_77974_f5cf0797b3.jpg,,
187-wisma-bisnis-indonesia-wisma-bisnis-indonesia-20170214041530-48853,Media Library/Office Venue/187-wisma-bisnis-indonesia-wisma-bisnis-indonesia-20170214041530-48853,1957,0,1,1,interior/187_wisma-bisnis-indonesia-wisma-bisnis-indonesia_20170214041530_48853.jpg,interior,187_wisma-bisnis-indonesia-wisma-bisnis-indonesia_20170214041530_48853.jpg,uploaded,54633,187_wisma-bisnis-indonesia-wisma-bisnis-indonesia_20170214041530_48853.jpg,https://cdn-strapi.prod.99iddev.net/assets/187_wisma_bisnis_indonesia_wisma_bisnis_indonesia_20170214041530_48853_334cf7559d.jpg,,
187-wisma-bisnis-indonesia-wisma-bisnis-indonesia-20170214041530-51241,Media Library/Office Venue/187-wisma-bisnis-indonesia-wisma-bisnis-indonesia-20170214041530-51241,1958,0,1,1,interior/187_wisma-bisnis-indonesia-wisma-bisnis-indonesia_20170214041530_51241.jpg,interior,187_wisma-bisnis-indonesia-wisma-bisnis-indonesia_20170214041530_51241.jpg,uploaded,54634,187_wisma-bisnis-indonesia-wisma-bisnis-indonesia_20170214041530_51241.jpg,https://cdn-strapi.prod.99iddev.net/assets/187_wisma_bisnis_indonesia_wisma_bisnis_indonesia_20170214041530_51241_cb1c1e3c6f.jpg,,
187-wisma-bisnis-indonesia-wisma-bisnis-indonesia-20170214041531-27401,Media Library/Office Venue/187-wisma-bisnis-indonesia-wisma-bisnis-indonesia-20170214041531-27401,1959,0,1,1,interior/187_wisma-bisnis-indonesia-wisma-bisnis-indonesia_20170214041531_27401.jpg,interior,187_wisma-bisnis-indonesia-wisma-bisnis-indonesia_20170214041531_27401.jpg,uploaded,54635,187_wisma-bisnis-indonesia-wisma-bisnis-indonesia_20170214041531_27401.jpg,https://cdn-strapi.prod.99iddev.net/assets/187_wisma_bisnis_indonesia_wisma_bisnis_indonesia_20170214041531_27401_8ded3df95d.jpg,,
187-wisma-bisnis-indonesia-wisma-bisnis-indonesia-20170214041531-67236,Media Library/Office Venue/187-wisma-bisnis-indonesia-wisma-bisnis-indonesia-20170214041531-67236,1960,0,1,1,interior/187_wisma-bisnis-indonesia-wisma-bisnis-indonesia_20170214041531_67236.jpg,interior,187_wisma-bisnis-indonesia-wisma-bisnis-indonesia_20170214041531_67236.jpg,uploaded,54636,187_wisma-bisnis-indonesia-wisma-bisnis-indonesia_20170214041531_67236.jpg,https://cdn-strapi.prod.99iddev.net/assets/187_wisma_bisnis_indonesia_wisma_bisnis_indonesia_20170214041531_67236_f9d8e10767.jpg,,
187-wisma-bisnis-indonesia-wisma-bisnis-indonesia-20170214041531336,Media Library/Office Venue/187-wisma-bisnis-indonesia-wisma-bisnis-indonesia-20170214041531336,1961,0,1,1,interior/187_wisma-bisnis-indonesia-wisma-bisnis-indonesia_20170214041531_29336.jpg,interior,187_wisma-bisnis-indonesia-wisma-bisnis-indonesia_20170214041531_29336.jpg,uploaded,54637,187_wisma-bisnis-indonesia-wisma-bisnis-indonesia_20170214041531_29336.jpg,https://cdn-strapi.prod.99iddev.net/assets/187_wisma_bisnis_indonesia_wisma_bisnis_indonesia_20170214041531_29336_54d023cdb6.jpg,,
188-gedung-arva-gedung-arva-20160914043846-94733,Media Library/Office Venue/188-gedung-arva-gedung-arva-20160914043846-94733,1962,0,1,1,exterior/188_gedung-arva-gedung-arva_20160914043846_94733.jpg,exterior,188_gedung-arva-gedung-arva_20160914043846_94733.jpg,uploaded,54638,188_gedung-arva-gedung-arva_20160914043846_94733.jpg,https://cdn-strapi.prod.99iddev.net/assets/188_gedung_arva_gedung_arva_20160914043846_94733_ae10e275dd.jpg,,
188-gedung-arva-gedung-arva-20180411083507-70846,Media Library/Office Venue/188-gedung-arva-gedung-arva-20180411083507-70846,1963,0,1,1,interior/188_gedung-arva-gedung-arva_20180411083507_70846.jpg,interior,188_gedung-arva-gedung-arva_20180411083507_70846.jpg,uploaded,54639,188_gedung-arva-gedung-arva_20180411083507_70846.jpg,https://cdn-strapi.prod.99iddev.net/assets/188_gedung_arva_gedung_arva_20180411083507_70846_83cffdaffa.jpg,,
188-gedung-arva-gedung-arva-20180411083508-45582,Media Library/Office Venue/188-gedung-arva-gedung-arva-20180411083508-45582,1964,0,1,1,interior/188_gedung-arva-gedung-arva_20180411083508_45582.jpg,interior,188_gedung-arva-gedung-arva_20180411083508_45582.jpg,uploaded,54640,188_gedung-arva-gedung-arva_20180411083508_45582.jpg,https://cdn-strapi.prod.99iddev.net/assets/188_gedung_arva_gedung_arva_20180411083508_45582_e49e50d523.jpg,,
188-gedung-arva-gedung-arva-20180411083508-55672,Media Library/Office Venue/188-gedung-arva-gedung-arva-20180411083508-55672,1965,0,1,1,interior/188_gedung-arva-gedung-arva_20180411083508_55672.jpg,interior,188_gedung-arva-gedung-arva_20180411083508_55672.jpg,uploaded,54641,188_gedung-arva-gedung-arva_20180411083508_55672.jpg,https://cdn-strapi.prod.99iddev.net/assets/188_gedung_arva_gedung_arva_20180411083508_55672_ee360b69b7.jpg,,
188-gedung-arva-gedung-arva-20180411083508-88974,Media Library/Office Venue/188-gedung-arva-gedung-arva-20180411083508-88974,1966,0,1,1,interior/188_gedung-arva-gedung-arva_20180411083508_88974.jpg,interior,188_gedung-arva-gedung-arva_20180411083508_88974.jpg,uploaded,54642,188_gedung-arva-gedung-arva_20180411083508_88974.jpg,https://cdn-strapi.prod.99iddev.net/assets/188_gedung_arva_gedung_arva_20180411083508_88974_df03370f42.jpg,,
188-gedung-arva-gedung-arva-20180411083509-50074,Media Library/Office Venue/188-gedung-arva-gedung-arva-20180411083509-50074,1967,0,1,1,interior/188_gedung-arva-gedung-arva_20180411083509_50074.jpg,interior,188_gedung-arva-gedung-arva_20180411083509_50074.jpg,uploaded,54643,188_gedung-arva-gedung-arva_20180411083509_50074.jpg,https://cdn-strapi.prod.99iddev.net/assets/188_gedung_arva_gedung_arva_20180411083509_50074_7e9c699615.jpg,,
188-gedung-arva-gedung-arva-20180411083509-87884,Media Library/Office Venue/188-gedung-arva-gedung-arva-20180411083509-87884,1968,0,1,1,interior/188_gedung-arva-gedung-arva_20180411083509_87884.jpg,interior,188_gedung-arva-gedung-arva_20180411083509_87884.jpg,uploaded,54644,188_gedung-arva-gedung-arva_20180411083509_87884.jpg,https://cdn-strapi.prod.99iddev.net/assets/188_gedung_arva_gedung_arva_20180411083509_87884_19d1096e80.jpg,,
188-gedung-arva-gedung-arva-20180411083510-89373,Media Library/Office Venue/188-gedung-arva-gedung-arva-20180411083510-89373,1969,0,1,1,interior/188_gedung-arva-gedung-arva_20180411083510_89373.jpg,interior,188_gedung-arva-gedung-arva_20180411083510_89373.jpg,uploaded,54645,188_gedung-arva-gedung-arva_20180411083510_89373.jpg,https://cdn-strapi.prod.99iddev.net/assets/188_gedung_arva_gedung_arva_20180411083510_89373_8f36bc85a7.jpg,,
188-gedung-arva-gedung-arva-20180411083511-73500,Media Library/Office Venue/188-gedung-arva-gedung-arva-20180411083511-73500,1970,0,1,1,interior/188_gedung-arva-gedung-arva_20180411083511_73500.jpg,interior,188_gedung-arva-gedung-arva_20180411083511_73500.jpg,uploaded,54646,188_gedung-arva-gedung-arva_20180411083511_73500.jpg,https://cdn-strapi.prod.99iddev.net/assets/188_gedung_arva_gedung_arva_20180411083511_73500_09c2e5c817.jpg,,
188-gedung-arva-gedung-arva-20180411083511-96452,Media Library/Office Venue/188-gedung-arva-gedung-arva-20180411083511-96452,1971,0,1,1,interior/188_gedung-arva-gedung-arva_20180411083511_96452.jpg,interior,188_gedung-arva-gedung-arva_20180411083511_96452.jpg,uploaded,54647,188_gedung-arva-gedung-arva_20180411083511_96452.jpg,https://cdn-strapi.prod.99iddev.net/assets/188_gedung_arva_gedung_arva_20180411083511_96452_544f2fc837.jpg,,
188-gedung-arva-gedung-arva-20180411083512-33304,Media Library/Office Venue/188-gedung-arva-gedung-arva-20180411083512-33304,1972,0,1,1,interior/188_gedung-arva-gedung-arva_20180411083512_33304.jpg,interior,188_gedung-arva-gedung-arva_20180411083512_33304.jpg,uploaded,54648,188_gedung-arva-gedung-arva_20180411083512_33304.jpg,https://cdn-strapi.prod.99iddev.net/assets/188_gedung_arva_gedung_arva_20180411083512_33304_158a430471.jpg,,
188-gedung-arva-gedung-arva-20180411083512-76651,Media Library/Office Venue/188-gedung-arva-gedung-arva-20180411083512-76651,1973,0,1,1,interior/188_gedung-arva-gedung-arva_20180411083512_76651.jpg,interior,188_gedung-arva-gedung-arva_20180411083512_76651.jpg,uploaded,54649,188_gedung-arva-gedung-arva_20180411083512_76651.jpg,https://cdn-strapi.prod.99iddev.net/assets/188_gedung_arva_gedung_arva_20180411083512_76651_7df4577a79.jpg,,
188-gedung-arva-gedung-arva-20180411083512-89209,Media Library/Office Venue/188-gedung-arva-gedung-arva-20180411083512-89209,1974,0,1,1,interior/188_gedung-arva-gedung-arva_20180411083512_89209.jpg,interior,188_gedung-arva-gedung-arva_20180411083512_89209.jpg,uploaded,54650,188_gedung-arva-gedung-arva_20180411083512_89209.jpg,https://cdn-strapi.prod.99iddev.net/assets/188_gedung_arva_gedung_arva_20180411083512_89209_9f28b54f78.jpg,,
188-gedung-arva-gedung-arva-20180411083513-91382,Media Library/Office Venue/188-gedung-arva-gedung-arva-20180411083513-91382,1975,0,1,1,interior/188_gedung-arva-gedung-arva_20180411083513_91382.jpg,interior,188_gedung-arva-gedung-arva_20180411083513_91382.jpg,uploaded,54651,188_gedung-arva-gedung-arva_20180411083513_91382.jpg,https://cdn-strapi.prod.99iddev.net/assets/188_gedung_arva_gedung_arva_20180411083513_91382_8f2221c587.jpg,,
194-lembaga-alkitab-indonesia-bible-center-lembaga-alkitab-indonesia-bible-center-20170125084027-14587,Media Library/Office Venue/194-lembaga-alkitab-indonesia-bible-center-lembaga-alkitab-indonesia-bible-center-20170125084027-14587,1976,0,1,1,exterior/194_lembaga-alkitab-indonesia-bible-center-lembaga-alkitab-indonesia-bible-center_20170125084027_14587.jpg,exterior,194_lembaga-alkitab-indonesia-bible-center-lembaga-alkitab-indonesia-bible-center_20170125084027_14587.jpg,uploaded,54652,194_lembaga-alkitab-indonesia-bible-center-lembaga-alkitab-indonesia-bible-center_20170125084027_14587.jpg,https://cdn-strapi.prod.99iddev.net/assets/194_lembaga_alkitab_indonesia_bible_center_lembaga_alkitab_indonesia_bible_center_20170125084027_14587_699523182e.jpg,,
194-lembaga-alkitab-indonesia-bible-center-lembaga-alkitab-indonesia-bible-center-20170125084029-84655,Media Library/Office Venue/194-lembaga-alkitab-indonesia-bible-center-lembaga-alkitab-indonesia-bible-center-20170125084029-84655,1977,0,1,1,exterior/194_lembaga-alkitab-indonesia-bible-center-lembaga-alkitab-indonesia-bible-center_20170125084029_84655.jpg,exterior,194_lembaga-alkitab-indonesia-bible-center-lembaga-alkitab-indonesia-bible-center_20170125084029_84655.jpg,uploaded,54653,194_lembaga-alkitab-indonesia-bible-center-lembaga-alkitab-indonesia-bible-center_20170125084029_84655.jpg,https://cdn-strapi.prod.99iddev.net/assets/194_lembaga_alkitab_indonesia_bible_center_lembaga_alkitab_indonesia_bible_center_20170125084029_84655_e2766aacfe.jpg,,
194-lembaga-alkitab-indonesia-bible-center-lembaga-alkitab-indonesia-bible-center-20170125084032-55677,Media Library/Office Venue/194-lembaga-alkitab-indonesia-bible-center-lembaga-alkitab-indonesia-bible-center-20170125084032-55677,1978,0,1,1,exterior/194_lembaga-alkitab-indonesia-bible-center-lembaga-alkitab-indonesia-bible-center_20170125084032_55677.jpg,exterior,194_lembaga-alkitab-indonesia-bible-center-lembaga-alkitab-indonesia-bible-center_20170125084032_55677.jpg,uploaded,54654,194_lembaga-alkitab-indonesia-bible-center-lembaga-alkitab-indonesia-bible-center_20170125084032_55677.jpg,https://cdn-strapi.prod.99iddev.net/assets/194_lembaga_alkitab_indonesia_bible_center_lembaga_alkitab_indonesia_bible_center_20170125084032_55677_1717e41b85.jpg,,
194-lembaga-alkitab-indonesia-bible-center-lembaga-alkitab-indonesia-bible-center-20170125084032-93838,Media Library/Office Venue/194-lembaga-alkitab-indonesia-bible-center-lembaga-alkitab-indonesia-bible-center-20170125084032-93838,1979,0,1,1,exterior/194_lembaga-alkitab-indonesia-bible-center-lembaga-alkitab-indonesia-bible-center_20170125084032_93838.jpg,exterior,194_lembaga-alkitab-indonesia-bible-center-lembaga-alkitab-indonesia-bible-center_20170125084032_93838.jpg,uploaded,54655,194_lembaga-alkitab-indonesia-bible-center-lembaga-alkitab-indonesia-bible-center_20170125084032_93838.jpg,https://cdn-strapi.prod.99iddev.net/assets/194_lembaga_alkitab_indonesia_bible_center_lembaga_alkitab_indonesia_bible_center_20170125084032_93838_225875cc58.jpg,,
194-lembaga-alkitab-indonesia-bible-center-lembaga-alkitab-indonesia-bible-center-20170523094403-14246,Media Library/Office Venue/194-lembaga-alkitab-indonesia-bible-center-lembaga-alkitab-indonesia-bible-center-20170523094403-14246,1980,0,1,1,interior/194_lembaga-alkitab-indonesia-bible-center-lembaga-alkitab-indonesia-bible-center_20170523094403_14246.jpg,interior,194_lembaga-alkitab-indonesia-bible-center-lembaga-alkitab-indonesia-bible-center_20170523094403_14246.jpg,uploaded,54656,194_lembaga-alkitab-indonesia-bible-center-lembaga-alkitab-indonesia-bible-center_20170523094403_14246.jpg,https://cdn-strapi.prod.99iddev.net/assets/194_lembaga_alkitab_indonesia_bible_center_lembaga_alkitab_indonesia_bible_center_20170523094403_14246_b113c43187.jpg,,
194-lembaga-alkitab-indonesia-bible-center-lembaga-alkitab-indonesia-bible-center-20170523094416-69775,Media Library/Office Venue/194-lembaga-alkitab-indonesia-bible-center-lembaga-alkitab-indonesia-bible-center-20170523094416-69775,1981,0,1,1,interior/194_lembaga-alkitab-indonesia-bible-center-lembaga-alkitab-indonesia-bible-center_20170523094416_69775.jpg,interior,194_lembaga-alkitab-indonesia-bible-center-lembaga-alkitab-indonesia-bible-center_20170523094416_69775.jpg,uploaded,54657,194_lembaga-alkitab-indonesia-bible-center-lembaga-alkitab-indonesia-bible-center_20170523094416_69775.jpg,https://cdn-strapi.prod.99iddev.net/assets/194_lembaga_alkitab_indonesia_bible_center_lembaga_alkitab_indonesia_bible_center_20170523094416_69775_17b2691ad3.jpg,,
194-lembaga-alkitab-indonesia-bible-center-lembaga-alkitab-indonesia-bible-center-20170523094427-44371,Media Library/Office Venue/194-lembaga-alkitab-indonesia-bible-center-lembaga-alkitab-indonesia-bible-center-20170523094427-44371,1982,0,1,1,interior/194_lembaga-alkitab-indonesia-bible-center-lembaga-alkitab-indonesia-bible-center_20170523094427_44371.jpg,interior,194_lembaga-alkitab-indonesia-bible-center-lembaga-alkitab-indonesia-bible-center_20170523094427_44371.jpg,uploaded,54658,194_lembaga-alkitab-indonesia-bible-center-lembaga-alkitab-indonesia-bible-center_20170523094427_44371.jpg,https://cdn-strapi.prod.99iddev.net/assets/194_lembaga_alkitab_indonesia_bible_center_lembaga_alkitab_indonesia_bible_center_20170523094427_44371_4d093019fb.jpg,,
194-lembaga-alkitab-indonesia-bible-center-lembaga-alkitab-indonesia-bible-center-20170523094448-66781,Media Library/Office Venue/194-lembaga-alkitab-indonesia-bible-center-lembaga-alkitab-indonesia-bible-center-20170523094448-66781,1983,0,1,1,interior/194_lembaga-alkitab-indonesia-bible-center-lembaga-alkitab-indonesia-bible-center_20170523094448_66781.jpg,interior,194_lembaga-alkitab-indonesia-bible-center-lembaga-alkitab-indonesia-bible-center_20170523094448_66781.jpg,uploaded,54659,194_lembaga-alkitab-indonesia-bible-center-lembaga-alkitab-indonesia-bible-center_20170523094448_66781.jpg,https://cdn-strapi.prod.99iddev.net/assets/194_lembaga_alkitab_indonesia_bible_center_lembaga_alkitab_indonesia_bible_center_20170523094448_66781_76af170f4a.jpg,,
194-lembaga-alkitab-indonesia-bible-center-lembaga-alkitab-indonesia-bible-center-20170523094459-74218,Media Library/Office Venue/194-lembaga-alkitab-indonesia-bible-center-lembaga-alkitab-indonesia-bible-center-20170523094459-74218,1984,0,1,1,interior/194_lembaga-alkitab-indonesia-bible-center-lembaga-alkitab-indonesia-bible-center_20170523094459_74218.jpg,interior,194_lembaga-alkitab-indonesia-bible-center-lembaga-alkitab-indonesia-bible-center_20170523094459_74218.jpg,uploaded,54660,194_lembaga-alkitab-indonesia-bible-center-lembaga-alkitab-indonesia-bible-center_20170523094459_74218.jpg,https://cdn-strapi.prod.99iddev.net/assets/194_lembaga_alkitab_indonesia_bible_center_lembaga_alkitab_indonesia_bible_center_20170523094459_74218_2affaf77d7.jpg,,
194-lembaga-alkitab-indonesia-bible-center-lembaga-alkitab-indonesia-bible-center-20170523094519-18306,Media Library/Office Venue/194-lembaga-alkitab-indonesia-bible-center-lembaga-alkitab-indonesia-bible-center-20170523094519-18306,1985,0,1,1,interior/194_lembaga-alkitab-indonesia-bible-center-lembaga-alkitab-indonesia-bible-center_20170523094519_18306.jpg,interior,194_lembaga-alkitab-indonesia-bible-center-lembaga-alkitab-indonesia-bible-center_20170523094519_18306.jpg,uploaded,54661,194_lembaga-alkitab-indonesia-bible-center-lembaga-alkitab-indonesia-bible-center_20170523094519_18306.jpg,https://cdn-strapi.prod.99iddev.net/assets/194_lembaga_alkitab_indonesia_bible_center_lembaga_alkitab_indonesia_bible_center_20170523094519_18306_6f45ffc6b0.jpg,,
194-lembaga-alkitab-indonesia-bible-center-lembaga-alkitab-indonesia-bible-center-20170523094528-23821,Media Library/Office Venue/194-lembaga-alkitab-indonesia-bible-center-lembaga-alkitab-indonesia-bible-center-20170523094528-23821,1986,0,1,1,interior/194_lembaga-alkitab-indonesia-bible-center-lembaga-alkitab-indonesia-bible-center_20170523094528_23821.jpg,interior,194_lembaga-alkitab-indonesia-bible-center-lembaga-alkitab-indonesia-bible-center_20170523094528_23821.jpg,uploaded,54662,194_lembaga-alkitab-indonesia-bible-center-lembaga-alkitab-indonesia-bible-center_20170523094528_23821.jpg,https://cdn-strapi.prod.99iddev.net/assets/194_lembaga_alkitab_indonesia_bible_center_lembaga_alkitab_indonesia_bible_center_20170523094528_23821_3f7c043fcb.jpg,,
194-lembaga-alkitab-indonesia-bible-center-lembaga-alkitab-indonesia-bible-center-20170523094548-56706,Media Library/Office Venue/194-lembaga-alkitab-indonesia-bible-center-lembaga-alkitab-indonesia-bible-center-20170523094548-56706,1987,0,1,1,interior/194_lembaga-alkitab-indonesia-bible-center-lembaga-alkitab-indonesia-bible-center_20170523094548_56706.jpg,interior,194_lembaga-alkitab-indonesia-bible-center-lembaga-alkitab-indonesia-bible-center_20170523094548_56706.jpg,uploaded,54663,194_lembaga-alkitab-indonesia-bible-center-lembaga-alkitab-indonesia-bible-center_20170523094548_56706.jpg,https://cdn-strapi.prod.99iddev.net/assets/194_lembaga_alkitab_indonesia_bible_center_lembaga_alkitab_indonesia_bible_center_20170523094548_56706_ebe8248bf2.jpg,,
194-lembaga-alkitab-indonesia-bible-center-lembaga-alkitab-indonesia-bible-center-20170523094607-62847,Media Library/Office Venue/194-lembaga-alkitab-indonesia-bible-center-lembaga-alkitab-indonesia-bible-center-20170523094607-62847,1988,0,1,1,interior/194_lembaga-alkitab-indonesia-bible-center-lembaga-alkitab-indonesia-bible-center_20170523094607_62847.jpg,interior,194_lembaga-alkitab-indonesia-bible-center-lembaga-alkitab-indonesia-bible-center_20170523094607_62847.jpg,uploaded,54664,194_lembaga-alkitab-indonesia-bible-center-lembaga-alkitab-indonesia-bible-center_20170523094607_62847.jpg,https://cdn-strapi.prod.99iddev.net/assets/194_lembaga_alkitab_indonesia_bible_center_lembaga_alkitab_indonesia_bible_center_20170523094607_62847_9a7fb80231.jpg,,
194-lembaga-alkitab-indonesia-bible-center-lembaga-alkitab-indonesia-bible-center-20170523094615-95936,Media Library/Office Venue/194-lembaga-alkitab-indonesia-bible-center-lembaga-alkitab-indonesia-bible-center-20170523094615-95936,1989,0,1,1,interior/194_lembaga-alkitab-indonesia-bible-center-lembaga-alkitab-indonesia-bible-center_20170523094615_95936.jpg,interior,194_lembaga-alkitab-indonesia-bible-center-lembaga-alkitab-indonesia-bible-center_20170523094615_95936.jpg,uploaded,54665,194_lembaga-alkitab-indonesia-bible-center-lembaga-alkitab-indonesia-bible-center_20170523094615_95936.jpg,https://cdn-strapi.prod.99iddev.net/assets/194_lembaga_alkitab_indonesia_bible_center_lembaga_alkitab_indonesia_bible_center_20170523094615_95936_f7250fb444.jpg,,
194-lembaga-alkitab-indonesia-bible-center-lembaga-alkitab-indonesia-bible-center-20170523094621-81278,Media Library/Office Venue/194-lembaga-alkitab-indonesia-bible-center-lembaga-alkitab-indonesia-bible-center-20170523094621-81278,1990,0,1,1,interior/194_lembaga-alkitab-indonesia-bible-center-lembaga-alkitab-indonesia-bible-center_20170523094621_81278.jpg,interior,194_lembaga-alkitab-indonesia-bible-center-lembaga-alkitab-indonesia-bible-center_20170523094621_81278.jpg,uploaded,54666,194_lembaga-alkitab-indonesia-bible-center-lembaga-alkitab-indonesia-bible-center_20170523094621_81278.jpg,https://cdn-strapi.prod.99iddev.net/assets/194_lembaga_alkitab_indonesia_bible_center_lembaga_alkitab_indonesia_bible_center_20170523094621_81278_01a9b72cc3.jpg,,
194-lembaga-alkitab-indonesia-bible-center-lembaga-alkitab-indonesia-bible-center-20170523094628-48603,Media Library/Office Venue/194-lembaga-alkitab-indonesia-bible-center-lembaga-alkitab-indonesia-bible-center-20170523094628-48603,1991,0,1,1,interior/194_lembaga-alkitab-indonesia-bible-center-lembaga-alkitab-indonesia-bible-center_20170523094628_48603.jpg,interior,194_lembaga-alkitab-indonesia-bible-center-lembaga-alkitab-indonesia-bible-center_20170523094628_48603.jpg,uploaded,54667,194_lembaga-alkitab-indonesia-bible-center-lembaga-alkitab-indonesia-bible-center_20170523094628_48603.jpg,https://cdn-strapi.prod.99iddev.net/assets/194_lembaga_alkitab_indonesia_bible_center_lembaga_alkitab_indonesia_bible_center_20170523094628_48603_30b8365cb8.jpg,,
194-lembaga-alkitab-indonesia-bible-center-lembaga-alkitab-indonesia-bible-center-20170523094633-32976,Media Library/Office Venue/194-lembaga-alkitab-indonesia-bible-center-lembaga-alkitab-indonesia-bible-center-20170523094633-32976,1992,0,1,1,interior/194_lembaga-alkitab-indonesia-bible-center-lembaga-alkitab-indonesia-bible-center_20170523094633_32976.jpg,interior,194_lembaga-alkitab-indonesia-bible-center-lembaga-alkitab-indonesia-bible-center_20170523094633_32976.jpg,uploaded,54668,194_lembaga-alkitab-indonesia-bible-center-lembaga-alkitab-indonesia-bible-center_20170523094633_32976.jpg,https://cdn-strapi.prod.99iddev.net/assets/194_lembaga_alkitab_indonesia_bible_center_lembaga_alkitab_indonesia_bible_center_20170523094633_32976_a85e338525.jpg,,
194-lembaga-alkitab-indonesia-bible-center-lembaga-alkitab-indonesia-bible-center-20170523094641-25685,Media Library/Office Venue/194-lembaga-alkitab-indonesia-bible-center-lembaga-alkitab-indonesia-bible-center-20170523094641-25685,1993,0,1,1,interior/194_lembaga-alkitab-indonesia-bible-center-lembaga-alkitab-indonesia-bible-center_20170523094641_25685.jpg,interior,194_lembaga-alkitab-indonesia-bible-center-lembaga-alkitab-indonesia-bible-center_20170523094641_25685.jpg,uploaded,54669,194_lembaga-alkitab-indonesia-bible-center-lembaga-alkitab-indonesia-bible-center_20170523094641_25685.jpg,https://cdn-strapi.prod.99iddev.net/assets/194_lembaga_alkitab_indonesia_bible_center_lembaga_alkitab_indonesia_bible_center_20170523094641_25685_4431743da7.jpg,,
194-lembaga-alkitab-indonesia-bible-center-lembaga-alkitab-indonesia-bible-center-20170523094436113,Media Library/Office Venue/194-lembaga-alkitab-indonesia-bible-center-lembaga-alkitab-indonesia-bible-center-20170523094436113,1994,0,1,1,interior/194_lembaga-alkitab-indonesia-bible-center-lembaga-alkitab-indonesia-bible-center_20170523094436_29113.jpg,interior,194_lembaga-alkitab-indonesia-bible-center-lembaga-alkitab-indonesia-bible-center_20170523094436_29113.jpg,uploaded,54670,194_lembaga-alkitab-indonesia-bible-center-lembaga-alkitab-indonesia-bible-center_20170523094436_29113.jpg,https://cdn-strapi.prod.99iddev.net/assets/194_lembaga_alkitab_indonesia_bible_center_lembaga_alkitab_indonesia_bible_center_20170523094436_29113_9424826d1d.jpg,,
201-alamanda-tower-alamanda-tower-20190215024013-13092,Media Library/Office Venue/201-alamanda-tower-alamanda-tower-20190215024013-13092,1995,0,1,1,interior/201_alamanda-tower-alamanda-tower_20190215024013_13092.jpg,interior,201_alamanda-tower-alamanda-tower_20190215024013_13092.jpg,uploaded,54671,201_alamanda-tower-alamanda-tower_20190215024013_13092.jpg,https://cdn-strapi.prod.99iddev.net/assets/201_alamanda_tower_alamanda_tower_20190215024013_13092_bc65d6529b.jpg,,
201-alamanda-tower-alamanda-tower-20190215024013-53086,Media Library/Office Venue/201-alamanda-tower-alamanda-tower-20190215024013-53086,1996,0,1,1,interior/201_alamanda-tower-alamanda-tower_20190215024013_53086.jpg,interior,201_alamanda-tower-alamanda-tower_20190215024013_53086.jpg,uploaded,54672,201_alamanda-tower-alamanda-tower_20190215024013_53086.jpg,https://cdn-strapi.prod.99iddev.net/assets/201_alamanda_tower_alamanda_tower_20190215024013_53086_36748620b6.jpg,,
201-alamanda-tower-alamanda-tower-20190215024013-54286,Media Library/Office Venue/201-alamanda-tower-alamanda-tower-20190215024013-54286,1997,0,1,1,interior/201_alamanda-tower-alamanda-tower_20190215024013_54286.jpg,interior,201_alamanda-tower-alamanda-tower_20190215024013_54286.jpg,uploaded,54673,201_alamanda-tower-alamanda-tower_20190215024013_54286.jpg,https://cdn-strapi.prod.99iddev.net/assets/201_alamanda_tower_alamanda_tower_20190215024013_54286_2494994e11.jpg,,
201-alamanda-tower-alamanda-tower-20190215024013-76774,Media Library/Office Venue/201-alamanda-tower-alamanda-tower-20190215024013-76774,1998,0,1,1,interior/201_alamanda-tower-alamanda-tower_20190215024013_76774.jpg,interior,201_alamanda-tower-alamanda-tower_20190215024013_76774.jpg,uploaded,54674,201_alamanda-tower-alamanda-tower_20190215024013_76774.jpg,https://cdn-strapi.prod.99iddev.net/assets/201_alamanda_tower_alamanda_tower_20190215024013_76774_80d3bbd3e6.jpg,,
201-alamanda-tower-alamanda-tower-20190215024014-17972,Media Library/Office Venue/201-alamanda-tower-alamanda-tower-20190215024014-17972,1999,0,1,1,interior/201_alamanda-tower-alamanda-tower_20190215024014_17972.jpg,interior,201_alamanda-tower-alamanda-tower_20190215024014_17972.jpg,uploaded,54675,201_alamanda-tower-alamanda-tower_20190215024014_17972.jpg,https://cdn-strapi.prod.99iddev.net/assets/201_alamanda_tower_alamanda_tower_20190215024014_17972_46b0b05cd4.jpg,,
201-alamanda-tower-alamanda-tower-20190215024014-26386,Media Library/Office Venue/201-alamanda-tower-alamanda-tower-20190215024014-26386,2000,0,1,1,interior/201_alamanda-tower-alamanda-tower_20190215024014_26386.jpg,interior,201_alamanda-tower-alamanda-tower_20190215024014_26386.jpg,uploaded,54676,201_alamanda-tower-alamanda-tower_20190215024014_26386.jpg,https://cdn-strapi.prod.99iddev.net/assets/201_alamanda_tower_alamanda_tower_20190215024014_26386_7a1083f1c0.jpg,,
201-alamanda-tower-alamanda-tower-20190215024014-37329,Media Library/Office Venue/201-alamanda-tower-alamanda-tower-20190215024014-37329,2001,0,1,1,interior/201_alamanda-tower-alamanda-tower_20190215024014_37329.jpg,interior,201_alamanda-tower-alamanda-tower_20190215024014_37329.jpg,uploaded,54677,201_alamanda-tower-alamanda-tower_20190215024014_37329.jpg,https://cdn-strapi.prod.99iddev.net/assets/201_alamanda_tower_alamanda_tower_20190215024014_37329_93aebcf363.jpg,,
201-alamanda-tower-alamanda-tower-20190215024014-39802,Media Library/Office Venue/201-alamanda-tower-alamanda-tower-20190215024014-39802,2002,0,1,1,interior/201_alamanda-tower-alamanda-tower_20190215024014_39802.jpg,interior,201_alamanda-tower-alamanda-tower_20190215024014_39802.jpg,uploaded,54678,201_alamanda-tower-alamanda-tower_20190215024014_39802.jpg,https://cdn-strapi.prod.99iddev.net/assets/201_alamanda_tower_alamanda_tower_20190215024014_39802_3649f8e29a.jpg,,
201-alamanda-tower-alamanda-tower-20190215024014-48098,Media Library/Office Venue/201-alamanda-tower-alamanda-tower-20190215024014-48098,2003,0,1,1,interior/201_alamanda-tower-alamanda-tower_20190215024014_48098.jpg,interior,201_alamanda-tower-alamanda-tower_20190215024014_48098.jpg,uploaded,54679,201_alamanda-tower-alamanda-tower_20190215024014_48098.jpg,https://cdn-strapi.prod.99iddev.net/assets/201_alamanda_tower_alamanda_tower_20190215024014_48098_7c3e0484fa.jpg,,
201-alamanda-tower-alamanda-tower-20190215024014-83153,Media Library/Office Venue/201-alamanda-tower-alamanda-tower-20190215024014-83153,2004,0,1,1,interior/201_alamanda-tower-alamanda-tower_20190215024014_83153.jpg,interior,201_alamanda-tower-alamanda-tower_20190215024014_83153.jpg,uploaded,54680,201_alamanda-tower-alamanda-tower_20190215024014_83153.jpg,https://cdn-strapi.prod.99iddev.net/assets/201_alamanda_tower_alamanda_tower_20190215024014_83153_1e6a31836a.jpg,,
201-alamanda-tower-alamanda-tower-20190215024015-58879,Media Library/Office Venue/201-alamanda-tower-alamanda-tower-20190215024015-58879,2005,0,1,1,interior/201_alamanda-tower-alamanda-tower_20190215024015_58879.jpg,interior,201_alamanda-tower-alamanda-tower_20190215024015_58879.jpg,uploaded,54681,201_alamanda-tower-alamanda-tower_20190215024015_58879.jpg,https://cdn-strapi.prod.99iddev.net/assets/201_alamanda_tower_alamanda_tower_20190215024015_58879_e1afa74abb.jpg,,
201-alamanda-tower-alamanda-tower-20190215024015-78222,Media Library/Office Venue/201-alamanda-tower-alamanda-tower-20190215024015-78222,2006,0,1,1,interior/201_alamanda-tower-alamanda-tower_20190215024015_78222.jpg,interior,201_alamanda-tower-alamanda-tower_20190215024015_78222.jpg,uploaded,54682,201_alamanda-tower-alamanda-tower_20190215024015_78222.jpg,https://cdn-strapi.prod.99iddev.net/assets/201_alamanda_tower_alamanda_tower_20190215024015_78222_202a9b050c.jpg,,
201-alamanda-tower-alamanda-tower-20190215024015-82258,Media Library/Office Venue/201-alamanda-tower-alamanda-tower-20190215024015-82258,2007,0,1,1,interior/201_alamanda-tower-alamanda-tower_20190215024015_82258.jpg,interior,201_alamanda-tower-alamanda-tower_20190215024015_82258.jpg,uploaded,54683,201_alamanda-tower-alamanda-tower_20190215024015_82258.jpg,https://cdn-strapi.prod.99iddev.net/assets/201_alamanda_tower_alamanda_tower_20190215024015_82258_2984e101f7.jpg,,
201-alamanda-tower-alamanda-tower-20190215024015-89842,Media Library/Office Venue/201-alamanda-tower-alamanda-tower-20190215024015-89842,2008,0,1,1,interior/201_alamanda-tower-alamanda-tower_20190215024015_89842.jpg,interior,201_alamanda-tower-alamanda-tower_20190215024015_89842.jpg,uploaded,54684,201_alamanda-tower-alamanda-tower_20190215024015_89842.jpg,https://cdn-strapi.prod.99iddev.net/assets/201_alamanda_tower_alamanda_tower_20190215024015_89842_7806f8444a.jpg,,
201-alamanda-tower-alamanda-tower-20190215024015-95428,Media Library/Office Venue/201-alamanda-tower-alamanda-tower-20190215024015-95428,2009,0,1,1,interior/201_alamanda-tower-alamanda-tower_20190215024015_95428.jpg,interior,201_alamanda-tower-alamanda-tower_20190215024015_95428.jpg,uploaded,54685,201_alamanda-tower-alamanda-tower_20190215024015_95428.jpg,https://cdn-strapi.prod.99iddev.net/assets/201_alamanda_tower_alamanda_tower_20190215024015_95428_a398b84075.jpg,,
201-alamanda-tower-alamanda-tower-20190215024016-37721,Media Library/Office Venue/201-alamanda-tower-alamanda-tower-20190215024016-37721,2010,0,1,1,interior/201_alamanda-tower-alamanda-tower_20190215024016_37721.jpg,interior,201_alamanda-tower-alamanda-tower_20190215024016_37721.jpg,uploaded,54686,201_alamanda-tower-alamanda-tower_20190215024016_37721.jpg,https://cdn-strapi.prod.99iddev.net/assets/201_alamanda_tower_alamanda_tower_20190215024016_37721_832f04fac1.jpg,,
201-alamanda-tower-alamanda-tower-20190215024016-61135,Media Library/Office Venue/201-alamanda-tower-alamanda-tower-20190215024016-61135,2011,0,1,1,interior/201_alamanda-tower-alamanda-tower_20190215024016_61135.jpg,interior,201_alamanda-tower-alamanda-tower_20190215024016_61135.jpg,uploaded,54687,201_alamanda-tower-alamanda-tower_20190215024016_61135.jpg,https://cdn-strapi.prod.99iddev.net/assets/201_alamanda_tower_alamanda_tower_20190215024016_61135_fe8f0e4605.jpg,,
201-alamanda-tower-alamanda-tower-20190215024016-90316,Media Library/Office Venue/201-alamanda-tower-alamanda-tower-20190215024016-90316,2012,0,1,1,interior/201_alamanda-tower-alamanda-tower_20190215024016_90316.jpg,interior,201_alamanda-tower-alamanda-tower_20190215024016_90316.jpg,uploaded,54688,201_alamanda-tower-alamanda-tower_20190215024016_90316.jpg,https://cdn-strapi.prod.99iddev.net/assets/201_alamanda_tower_alamanda_tower_20190215024016_90316_1c83c81352.jpg,,
201-alamanda-tower-alamanda-tower-20190215024015615,Media Library/Office Venue/201-alamanda-tower-alamanda-tower-20190215024015615,2013,0,1,1,interior/201_alamanda-tower-alamanda-tower_20190215024015_29615.jpg,interior,201_alamanda-tower-alamanda-tower_20190215024015_29615.jpg,uploaded,54689,201_alamanda-tower-alamanda-tower_20190215024015_29615.jpg,https://cdn-strapi.prod.99iddev.net/assets/201_alamanda_tower_alamanda_tower_20190215024015_29615_d2e2b60c1d.jpg,,
201-alamanda-tower-alamanda-tower-20190215024016974,Media Library/Office Venue/201-alamanda-tower-alamanda-tower-20190215024016974,2014,0,1,1,interior/201_alamanda-tower-alamanda-tower_20190215024016_28974.jpg,interior,201_alamanda-tower-alamanda-tower_20190215024016_28974.jpg,uploaded,54690,201_alamanda-tower-alamanda-tower_20190215024016_28974.jpg,https://cdn-strapi.prod.99iddev.net/assets/201_alamanda_tower_alamanda_tower_20190215024016_28974_71277dca6b.jpg,,
206-cibis-business-park-cibis-nine-20170330025700-11747,Media Library/Office Venue/206-cibis-business-park-cibis-nine-20170330025700-11747,2015,0,1,1,exterior/206_cibis-business-park-cibis-nine_20170330025700_11747.jpg,exterior,206_cibis-business-park-cibis-nine_20170330025700_11747.jpg,uploaded,54691,206_cibis-business-park-cibis-nine_20170330025700_11747.jpg,https://cdn-strapi.prod.99iddev.net/assets/206_cibis_business_park_cibis_nine_20170330025700_11747_d2b3293b00.jpg,,
206-cibis-tower-9-cibis-tower-9-20170125075337-94014,Media Library/Office Venue/206-cibis-tower-9-cibis-tower-9-20170125075337-94014,2016,0,1,1,exterior/206_cibis-tower-9-cibis-tower-9_20170125075337_94014.jpg,exterior,206_cibis-tower-9-cibis-tower-9_20170125075337_94014.jpg,uploaded,54692,206_cibis-tower-9-cibis-tower-9_20170125075337_94014.jpg,https://cdn-strapi.prod.99iddev.net/assets/206_cibis_tower_9_cibis_tower_9_20170125075337_94014_3670dd26cd.jpg,,
206-cibis-tower-9-cibis-tower-9-20170125075338-89827,Media Library/Office Venue/206-cibis-tower-9-cibis-tower-9-20170125075338-89827,2017,0,1,1,exterior/206_cibis-tower-9-cibis-tower-9_20170125075338_89827.jpg,exterior,206_cibis-tower-9-cibis-tower-9_20170125075338_89827.jpg,uploaded,54693,206_cibis-tower-9-cibis-tower-9_20170125075338_89827.jpg,https://cdn-strapi.prod.99iddev.net/assets/206_cibis_tower_9_cibis_tower_9_20170125075338_89827_1239a06430.jpg,,
206-cibis-tower-cibis-tower-20160914043744-86524,Media Library/Office Venue/206-cibis-tower-cibis-tower-20160914043744-86524,2018,0,1,1,exterior/206_cibis-tower-cibis-tower_20160914043744_86524.jpg,exterior,206_cibis-tower-cibis-tower_20160914043744_86524.jpg,uploaded,54694,206_cibis-tower-cibis-tower_20160914043744_86524.jpg,https://cdn-strapi.prod.99iddev.net/assets/206_cibis_tower_cibis_tower_20160914043744_86524_3116506f23.jpg,,
215-manhattan-square-manhattan-square-tower-1-20160914044139-70087,Media Library/Office Venue/215-manhattan-square-manhattan-square-tower-1-20160914044139-70087,2019,0,1,1,exterior/215_manhattan-square-manhattan-square-tower-1_20160914044139_70087.jpg,exterior,215_manhattan-square-manhattan-square-tower-1_20160914044139_70087.jpg,uploaded,54695,215_manhattan-square-manhattan-square-tower-1_20160914044139_70087.jpg,https://cdn-strapi.prod.99iddev.net/assets/215_manhattan_square_manhattan_square_tower_1_20160914044139_70087_d023af75c8.jpg,,
215-manhattan-square-manhattan-square-tower-1-20160914044139-86578,Media Library/Office Venue/215-manhattan-square-manhattan-square-tower-1-20160914044139-86578,2020,0,1,1,exterior/215_manhattan-square-manhattan-square-tower-1_20160914044139_86578.jpg,exterior,215_manhattan-square-manhattan-square-tower-1_20160914044139_86578.jpg,uploaded,54696,215_manhattan-square-manhattan-square-tower-1_20160914044139_86578.jpg,https://cdn-strapi.prod.99iddev.net/assets/215_manhattan_square_manhattan_square_tower_1_20160914044139_86578_83d8bd3741.jpg,,
215-manhattan-square-manhattan-square-tower-1-20160914044140-41658,Media Library/Office Venue/215-manhattan-square-manhattan-square-tower-1-20160914044140-41658,2021,0,1,1,exterior/215_manhattan-square-manhattan-square-tower-1_20160914044140_41658.jpg,exterior,215_manhattan-square-manhattan-square-tower-1_20160914044140_41658.jpg,uploaded,54697,215_manhattan-square-manhattan-square-tower-1_20160914044140_41658.jpg,https://cdn-strapi.prod.99iddev.net/assets/215_manhattan_square_manhattan_square_tower_1_20160914044140_41658_9efcb3680f.jpg,,
215-manhattan-square-manhattan-square-tower-1-20160914044140-54220,Media Library/Office Venue/215-manhattan-square-manhattan-square-tower-1-20160914044140-54220,2022,0,1,1,exterior/215_manhattan-square-manhattan-square-tower-1_20160914044140_54220.jpg,exterior,215_manhattan-square-manhattan-square-tower-1_20160914044140_54220.jpg,uploaded,54698,215_manhattan-square-manhattan-square-tower-1_20160914044140_54220.jpg,https://cdn-strapi.prod.99iddev.net/assets/215_manhattan_square_manhattan_square_tower_1_20160914044140_54220_8d02edb141.jpg,,
215-manhattan-square-manhattan-square-tower-1-20160914044140-74554,Media Library/Office Venue/215-manhattan-square-manhattan-square-tower-1-20160914044140-74554,2023,0,1,1,exterior/215_manhattan-square-manhattan-square-tower-1_20160914044140_74554.jpg,exterior,215_manhattan-square-manhattan-square-tower-1_20160914044140_74554.jpg,uploaded,54699,215_manhattan-square-manhattan-square-tower-1_20160914044140_74554.jpg,https://cdn-strapi.prod.99iddev.net/assets/215_manhattan_square_manhattan_square_tower_1_20160914044140_74554_293f80ef8c.jpg,,
215-manhattan-square-manhattan-square-tower-1-20160914044141-75869,Media Library/Office Venue/215-manhattan-square-manhattan-square-tower-1-20160914044141-75869,2024,0,1,1,exterior/215_manhattan-square-manhattan-square-tower-1_20160914044141_75869.jpg,exterior,215_manhattan-square-manhattan-square-tower-1_20160914044141_75869.jpg,uploaded,54700,215_manhattan-square-manhattan-square-tower-1_20160914044141_75869.jpg,https://cdn-strapi.prod.99iddev.net/assets/215_manhattan_square_manhattan_square_tower_1_20160914044141_75869_f95096afc6.jpg,,
215-manhattan-square-manhattan-square-tower-1-20160914044141-81290,Media Library/Office Venue/215-manhattan-square-manhattan-square-tower-1-20160914044141-81290,2025,0,1,1,exterior/215_manhattan-square-manhattan-square-tower-1_20160914044141_81290.jpg,exterior,215_manhattan-square-manhattan-square-tower-1_20160914044141_81290.jpg,uploaded,54701,215_manhattan-square-manhattan-square-tower-1_20160914044141_81290.jpg,https://cdn-strapi.prod.99iddev.net/assets/215_manhattan_square_manhattan_square_tower_1_20160914044141_81290_bcf9e136ff.jpg,,
217-menara-citibank-pondok-indah-menara-citibank-pondok-indah-20170125085017-49275,Media Library/Office Venue/217-menara-citibank-pondok-indah-menara-citibank-pondok-indah-20170125085017-49275,2026,0,1,1,exterior/217_menara-citibank-pondok-indah-menara-citibank-pondok-indah_20170125085017_49275.jpg,exterior,217_menara-citibank-pondok-indah-menara-citibank-pondok-indah_20170125085017_49275.jpg,uploaded,54702,217_menara-citibank-pondok-indah-menara-citibank-pondok-indah_20170125085017_49275.jpg,https://cdn-strapi.prod.99iddev.net/assets/217_menara_citibank_pondok_indah_menara_citibank_pondok_indah_20170125085017_49275_09bdae9239.jpg,,
217-menara-citibank-pondok-indah-menara-citibank-pondok-indah-20170125085018-76846,Media Library/Office Venue/217-menara-citibank-pondok-indah-menara-citibank-pondok-indah-20170125085018-76846,2027,0,1,1,exterior/217_menara-citibank-pondok-indah-menara-citibank-pondok-indah_20170125085018_76846.jpg,exterior,217_menara-citibank-pondok-indah-menara-citibank-pondok-indah_20170125085018_76846.jpg,uploaded,54703,217_menara-citibank-pondok-indah-menara-citibank-pondok-indah_20170125085018_76846.jpg,https://cdn-strapi.prod.99iddev.net/assets/217_menara_citibank_pondok_indah_menara_citibank_pondok_indah_20170125085018_76846_a11c37d701.jpg,,
217-menara-citibank-pondok-indah-menara-citibank-pondok-indah-20170125085019-22426,Media Library/Office Venue/217-menara-citibank-pondok-indah-menara-citibank-pondok-indah-20170125085019-22426,2028,0,1,1,exterior/217_menara-citibank-pondok-indah-menara-citibank-pondok-indah_20170125085019_22426.jpg,exterior,217_menara-citibank-pondok-indah-menara-citibank-pondok-indah_20170125085019_22426.jpg,uploaded,54704,217_menara-citibank-pondok-indah-menara-citibank-pondok-indah_20170125085019_22426.jpg,https://cdn-strapi.prod.99iddev.net/assets/217_menara_citibank_pondok_indah_menara_citibank_pondok_indah_20170125085019_22426_88b4be9d26.jpg,,
217-menara-citibank-pondok-indah-menara-citibank-pondok-indah-20170125085019-92993,Media Library/Office Venue/217-menara-citibank-pondok-indah-menara-citibank-pondok-indah-20170125085019-92993,2029,0,1,1,exterior/217_menara-citibank-pondok-indah-menara-citibank-pondok-indah_20170125085019_92993.jpg,exterior,217_menara-citibank-pondok-indah-menara-citibank-pondok-indah_20170125085019_92993.jpg,uploaded,54705,217_menara-citibank-pondok-indah-menara-citibank-pondok-indah_20170125085019_92993.jpg,https://cdn-strapi.prod.99iddev.net/assets/217_menara_citibank_pondok_indah_menara_citibank_pondok_indah_20170125085019_92993_79ce12dce7.jpg,,
217-menara-citibank-pondok-indah-menara-citibank-pondok-indah-20170512044741-67490,Media Library/Office Venue/217-menara-citibank-pondok-indah-menara-citibank-pondok-indah-20170512044741-67490,2030,0,1,1,exterior/217_menara-citibank-pondok-indah-menara-citibank-pondok-indah_20170512044741_67490.jpg,exterior,217_menara-citibank-pondok-indah-menara-citibank-pondok-indah_20170512044741_67490.jpg,uploaded,54706,217_menara-citibank-pondok-indah-menara-citibank-pondok-indah_20170512044741_67490.jpg,https://cdn-strapi.prod.99iddev.net/assets/217_menara_citibank_pondok_indah_menara_citibank_pondok_indah_20170512044741_67490_865f2f0f13.jpg,,
217-menara-citibank-pondok-indah-menara-citibank-pondok-indah-20180105102118-79071,Media Library/Office Venue/217-menara-citibank-pondok-indah-menara-citibank-pondok-indah-20180105102118-79071,2031,0,1,1,interior/217_menara-citibank-pondok-indah-menara-citibank-pondok-indah_20180105102118_79071.jpg,interior,217_menara-citibank-pondok-indah-menara-citibank-pondok-indah_20180105102118_79071.jpg,uploaded,54707,217_menara-citibank-pondok-indah-menara-citibank-pondok-indah_20180105102118_79071.jpg,https://cdn-strapi.prod.99iddev.net/assets/217_menara_citibank_pondok_indah_menara_citibank_pondok_indah_20180105102118_79071_8e95ccc42e.jpg,,
217-menara-citibank-pondok-indah-menara-citibank-pondok-indah-20180105102120-13959,Media Library/Office Venue/217-menara-citibank-pondok-indah-menara-citibank-pondok-indah-20180105102120-13959,2032,0,1,1,interior/217_menara-citibank-pondok-indah-menara-citibank-pondok-indah_20180105102120_13959.jpg,interior,217_menara-citibank-pondok-indah-menara-citibank-pondok-indah_20180105102120_13959.jpg,uploaded,54708,217_menara-citibank-pondok-indah-menara-citibank-pondok-indah_20180105102120_13959.jpg,https://cdn-strapi.prod.99iddev.net/assets/217_menara_citibank_pondok_indah_menara_citibank_pondok_indah_20180105102120_13959_d8816510c1.jpg,,
217-menara-citibank-pondok-indah-menara-citibank-pondok-indah-20180105102123-55531,Media Library/Office Venue/217-menara-citibank-pondok-indah-menara-citibank-pondok-indah-20180105102123-55531,2033,0,1,1,interior/217_menara-citibank-pondok-indah-menara-citibank-pondok-indah_20180105102123_55531.jpg,interior,217_menara-citibank-pondok-indah-menara-citibank-pondok-indah_20180105102123_55531.jpg,uploaded,54709,217_menara-citibank-pondok-indah-menara-citibank-pondok-indah_20180105102123_55531.jpg,https://cdn-strapi.prod.99iddev.net/assets/217_menara_citibank_pondok_indah_menara_citibank_pondok_indah_20180105102123_55531_ed4dea38e1.jpg,,
217-menara-citibank-pondok-indah-menara-citibank-pondok-indah-20180105102126-41667,Media Library/Office Venue/217-menara-citibank-pondok-indah-menara-citibank-pondok-indah-20180105102126-41667,2034,0,1,1,interior/217_menara-citibank-pondok-indah-menara-citibank-pondok-indah_20180105102126_41667.jpg,interior,217_menara-citibank-pondok-indah-menara-citibank-pondok-indah_20180105102126_41667.jpg,uploaded,54710,217_menara-citibank-pondok-indah-menara-citibank-pondok-indah_20180105102126_41667.jpg,https://cdn-strapi.prod.99iddev.net/assets/217_menara_citibank_pondok_indah_menara_citibank_pondok_indah_20180105102126_41667_1703a59d65.jpg,,
217-menara-citibank-pondok-indah-menara-citibank-pondok-indah-20180105102128-57129,Media Library/Office Venue/217-menara-citibank-pondok-indah-menara-citibank-pondok-indah-20180105102128-57129,2035,0,1,1,interior/217_menara-citibank-pondok-indah-menara-citibank-pondok-indah_20180105102128_57129.jpg,interior,217_menara-citibank-pondok-indah-menara-citibank-pondok-indah_20180105102128_57129.jpg,uploaded,54711,217_menara-citibank-pondok-indah-menara-citibank-pondok-indah_20180105102128_57129.jpg,https://cdn-strapi.prod.99iddev.net/assets/217_menara_citibank_pondok_indah_menara_citibank_pondok_indah_20180105102128_57129_bb483bb134.jpg,,
217-menara-citibank-pondok-indah-menara-citibank-pondok-indah-20180105102130-51602,Media Library/Office Venue/217-menara-citibank-pondok-indah-menara-citibank-pondok-indah-20180105102130-51602,2036,0,1,1,interior/217_menara-citibank-pondok-indah-menara-citibank-pondok-indah_20180105102130_51602.jpg,interior,217_menara-citibank-pondok-indah-menara-citibank-pondok-indah_20180105102130_51602.jpg,uploaded,54712,217_menara-citibank-pondok-indah-menara-citibank-pondok-indah_20180105102130_51602.jpg,https://cdn-strapi.prod.99iddev.net/assets/217_menara_citibank_pondok_indah_menara_citibank_pondok_indah_20180105102130_51602_019256ac4b.jpg,,
217-menara-citibank-pondok-indah-menara-citibank-pondok-indah-20180105102132-53348,Media Library/Office Venue/217-menara-citibank-pondok-indah-menara-citibank-pondok-indah-20180105102132-53348,2037,0,1,1,interior/217_menara-citibank-pondok-indah-menara-citibank-pondok-indah_20180105102132_53348.jpg,interior,217_menara-citibank-pondok-indah-menara-citibank-pondok-indah_20180105102132_53348.jpg,uploaded,54713,217_menara-citibank-pondok-indah-menara-citibank-pondok-indah_20180105102132_53348.jpg,https://cdn-strapi.prod.99iddev.net/assets/217_menara_citibank_pondok_indah_menara_citibank_pondok_indah_20180105102132_53348_d590cb82d2.jpg,,
217-menara-citibank-pondok-indah-menara-citibank-pondok-indah-20180105102134-44134,Media Library/Office Venue/217-menara-citibank-pondok-indah-menara-citibank-pondok-indah-20180105102134-44134,2038,0,1,1,interior/217_menara-citibank-pondok-indah-menara-citibank-pondok-indah_20180105102134_44134.jpg,interior,217_menara-citibank-pondok-indah-menara-citibank-pondok-indah_20180105102134_44134.jpg,uploaded,54714,217_menara-citibank-pondok-indah-menara-citibank-pondok-indah_20180105102134_44134.jpg,https://cdn-strapi.prod.99iddev.net/assets/217_menara_citibank_pondok_indah_menara_citibank_pondok_indah_20180105102134_44134_58e0618f0e.jpg,,
217-menara-citibank-pondok-indah-menara-citibank-pondok-indah-20180105102136-99777,Media Library/Office Venue/217-menara-citibank-pondok-indah-menara-citibank-pondok-indah-20180105102136-99777,2039,0,1,1,interior/217_menara-citibank-pondok-indah-menara-citibank-pondok-indah_20180105102136_99777.jpg,interior,217_menara-citibank-pondok-indah-menara-citibank-pondok-indah_20180105102136_99777.jpg,uploaded,54715,217_menara-citibank-pondok-indah-menara-citibank-pondok-indah_20180105102136_99777.jpg,https://cdn-strapi.prod.99iddev.net/assets/217_menara_citibank_pondok_indah_menara_citibank_pondok_indah_20180105102136_99777_c53d1fc5c7.jpg,,
217-menara-citibank-pondok-indah-menara-citibank-pondok-indah-20180105102138-22776,Media Library/Office Venue/217-menara-citibank-pondok-indah-menara-citibank-pondok-indah-20180105102138-22776,2040,0,1,1,interior/217_menara-citibank-pondok-indah-menara-citibank-pondok-indah_20180105102138_22776.jpg,interior,217_menara-citibank-pondok-indah-menara-citibank-pondok-indah_20180105102138_22776.jpg,uploaded,54716,217_menara-citibank-pondok-indah-menara-citibank-pondok-indah_20180105102138_22776.jpg,https://cdn-strapi.prod.99iddev.net/assets/217_menara_citibank_pondok_indah_menara_citibank_pondok_indah_20180105102138_22776_f6757719da.jpg,,
217-menara-citibank-pondok-indah-menara-citibank-pondok-indah-20180105102140-34116,Media Library/Office Venue/217-menara-citibank-pondok-indah-menara-citibank-pondok-indah-20180105102140-34116,2041,0,1,1,interior/217_menara-citibank-pondok-indah-menara-citibank-pondok-indah_20180105102140_34116.jpg,interior,217_menara-citibank-pondok-indah-menara-citibank-pondok-indah_20180105102140_34116.jpg,uploaded,54717,217_menara-citibank-pondok-indah-menara-citibank-pondok-indah_20180105102140_34116.jpg,https://cdn-strapi.prod.99iddev.net/assets/217_menara_citibank_pondok_indah_menara_citibank_pondok_indah_20180105102140_34116_acad15a543.jpg,,
217-menara-citibank-pondok-indah-menara-citibank-pondok-indah-20180105102143-94246,Media Library/Office Venue/217-menara-citibank-pondok-indah-menara-citibank-pondok-indah-20180105102143-94246,2042,0,1,1,interior/217_menara-citibank-pondok-indah-menara-citibank-pondok-indah_20180105102143_94246.jpg,interior,217_menara-citibank-pondok-indah-menara-citibank-pondok-indah_20180105102143_94246.jpg,uploaded,54718,217_menara-citibank-pondok-indah-menara-citibank-pondok-indah_20180105102143_94246.jpg,https://cdn-strapi.prod.99iddev.net/assets/217_menara_citibank_pondok_indah_menara_citibank_pondok_indah_20180105102143_94246_b954deea38.jpg,,
217-menara-citibank-pondok-indah-menara-citibank-pondok-indah-20180105102154-31996,Media Library/Office Venue/217-menara-citibank-pondok-indah-menara-citibank-pondok-indah-20180105102154-31996,2043,0,1,1,interior/217_menara-citibank-pondok-indah-menara-citibank-pondok-indah_20180105102154_31996.jpg,interior,217_menara-citibank-pondok-indah-menara-citibank-pondok-indah_20180105102154_31996.jpg,uploaded,54719,217_menara-citibank-pondok-indah-menara-citibank-pondok-indah_20180105102154_31996.jpg,https://cdn-strapi.prod.99iddev.net/assets/217_menara_citibank_pondok_indah_menara_citibank_pondok_indah_20180105102154_31996_c353e6bdf8.jpg,,
217-menara-citibank-pondok-indah-menara-citibank-pondok-indah-20180105102156-79603,Media Library/Office Venue/217-menara-citibank-pondok-indah-menara-citibank-pondok-indah-20180105102156-79603,2044,0,1,1,interior/217_menara-citibank-pondok-indah-menara-citibank-pondok-indah_20180105102156_79603.jpg,interior,217_menara-citibank-pondok-indah-menara-citibank-pondok-indah_20180105102156_79603.jpg,uploaded,54720,217_menara-citibank-pondok-indah-menara-citibank-pondok-indah_20180105102156_79603.jpg,https://cdn-strapi.prod.99iddev.net/assets/217_menara_citibank_pondok_indah_menara_citibank_pondok_indah_20180105102156_79603_2810e14ae1.jpg,,
217-menara-citibank-pondok-indah-menara-citibank-pondok-indah-20180105102158-80770,Media Library/Office Venue/217-menara-citibank-pondok-indah-menara-citibank-pondok-indah-20180105102158-80770,2045,0,1,1,interior/217_menara-citibank-pondok-indah-menara-citibank-pondok-indah_20180105102158_80770.jpg,interior,217_menara-citibank-pondok-indah-menara-citibank-pondok-indah_20180105102158_80770.jpg,uploaded,54721,217_menara-citibank-pondok-indah-menara-citibank-pondok-indah_20180105102158_80770.jpg,https://cdn-strapi.prod.99iddev.net/assets/217_menara_citibank_pondok_indah_menara_citibank_pondok_indah_20180105102158_80770_258a385fce.jpg,,
217-menara-citibank-pondok-indah-menara-citibank-pondok-indah-20180201101543-17589,Media Library/Office Venue/217-menara-citibank-pondok-indah-menara-citibank-pondok-indah-20180201101543-17589,2046,0,1,1,interior/217_menara-citibank-pondok-indah-menara-citibank-pondok-indah_20180201101543_17589.jpg,interior,217_menara-citibank-pondok-indah-menara-citibank-pondok-indah_20180201101543_17589.jpg,uploaded,54722,217_menara-citibank-pondok-indah-menara-citibank-pondok-indah_20180201101543_17589.jpg,https://cdn-strapi.prod.99iddev.net/assets/217_menara_citibank_pondok_indah_menara_citibank_pondok_indah_20180201101543_17589_b4073dc0ff.jpg,,
217-menara-citibank-pondok-indah-menara-citibank-pondok-indah-20180201101547-77964,Media Library/Office Venue/217-menara-citibank-pondok-indah-menara-citibank-pondok-indah-20180201101547-77964,2047,0,1,1,interior/217_menara-citibank-pondok-indah-menara-citibank-pondok-indah_20180201101547_77964.jpg,interior,217_menara-citibank-pondok-indah-menara-citibank-pondok-indah_20180201101547_77964.jpg,uploaded,54723,217_menara-citibank-pondok-indah-menara-citibank-pondok-indah_20180201101547_77964.jpg,https://cdn-strapi.prod.99iddev.net/assets/217_menara_citibank_pondok_indah_menara_citibank_pondok_indah_20180201101547_77964_e9bc14c91e.jpg,,
219-oleos-2-oleos-2-20160914044340-56707,Media Library/Office Venue/219-oleos-2-oleos-2-20160914044340-56707,2048,0,1,1,exterior/219_oleos-2-oleos-2_20160914044340_56707.jpg,exterior,219_oleos-2-oleos-2_20160914044340_56707.jpg,uploaded,54724,219_oleos-2-oleos-2_20160914044340_56707.jpg,https://cdn-strapi.prod.99iddev.net/assets/219_oleos_2_oleos_2_20160914044340_56707_35888e6acd.jpg,,
219-oleos-2-oleos-2-20160914044340-77745,Media Library/Office Venue/219-oleos-2-oleos-2-20160914044340-77745,2049,0,1,1,exterior/219_oleos-2-oleos-2_20160914044340_77745.jpg,exterior,219_oleos-2-oleos-2_20160914044340_77745.jpg,uploaded,54725,219_oleos-2-oleos-2_20160914044340_77745.jpg,https://cdn-strapi.prod.99iddev.net/assets/219_oleos_2_oleos_2_20160914044340_77745_b7613e80be.jpg,,
219-oleos-2-oleos-2-20160914044341-76017,Media Library/Office Venue/219-oleos-2-oleos-2-20160914044341-76017,2050,0,1,1,exterior/219_oleos-2-oleos-2_20160914044341_76017.jpg,exterior,219_oleos-2-oleos-2_20160914044341_76017.jpg,uploaded,54726,219_oleos-2-oleos-2_20160914044341_76017.jpg,https://cdn-strapi.prod.99iddev.net/assets/219_oleos_2_oleos_2_20160914044341_76017_92e320fe4b.jpg,,
219-oleos-2-oleos-2-20160914044341-76406,Media Library/Office Venue/219-oleos-2-oleos-2-20160914044341-76406,2051,0,1,1,exterior/219_oleos-2-oleos-2_20160914044341_76406.jpg,exterior,219_oleos-2-oleos-2_20160914044341_76406.jpg,uploaded,54727,219_oleos-2-oleos-2_20160914044341_76406.jpg,https://cdn-strapi.prod.99iddev.net/assets/219_oleos_2_oleos_2_20160914044341_76406_5dc8f772d5.jpg,,
219-oleos-2-oleos-2-20170222074943-17380,Media Library/Office Venue/219-oleos-2-oleos-2-20170222074943-17380,2052,0,1,1,floorplan/219_oleos-2-oleos-2_20170222074943_17380.jpg,floorplan,219_oleos-2-oleos-2_20170222074943_17380.jpg,uploaded,54728,219_oleos-2-oleos-2_20170222074943_17380.jpg,https://cdn-strapi.prod.99iddev.net/assets/219_oleos_2_oleos_2_20170222074943_17380_da6dacea7d.jpg,,
219-oleos-2-oleos-2-20170222074943-63799,Media Library/Office Venue/219-oleos-2-oleos-2-20170222074943-63799,2053,0,1,1,floorplan/219_oleos-2-oleos-2_20170222074943_63799.jpg,floorplan,219_oleos-2-oleos-2_20170222074943_63799.jpg,uploaded,54729,219_oleos-2-oleos-2_20170222074943_63799.jpg,https://cdn-strapi.prod.99iddev.net/assets/219_oleos_2_oleos_2_20170222074943_63799_66584fcaba.jpg,,
219-oleos-2-oleos-2-20180124100238-78155,Media Library/Office Venue/219-oleos-2-oleos-2-20180124100238-78155,2054,0,1,1,floorplan/219_oleos-2-oleos-2_20180124100238_78155.jpg,floorplan,219_oleos-2-oleos-2_20180124100238_78155.jpg,uploaded,54730,219_oleos-2-oleos-2_20180124100238_78155.jpg,https://cdn-strapi.prod.99iddev.net/assets/219_oleos_2_oleos_2_20180124100238_78155_a9a9a99c58.jpg,,
219-oleos-2-oleos-2-20180124100241-62682,Media Library/Office Venue/219-oleos-2-oleos-2-20180124100241-62682,2055,0,1,1,floorplan/219_oleos-2-oleos-2_20180124100241_62682.jpg,floorplan,219_oleos-2-oleos-2_20180124100241_62682.jpg,uploaded,54731,219_oleos-2-oleos-2_20180124100241_62682.jpg,https://cdn-strapi.prod.99iddev.net/assets/219_oleos_2_oleos_2_20180124100241_62682_2d04e28b0c.jpg,,
228-plaza-alstom-plaza-alstom-20160914044449-15229,Media Library/Office Venue/228-plaza-alstom-plaza-alstom-20160914044449-15229,2056,0,1,1,exterior/228_plaza-alstom-plaza-alstom_20160914044449_15229.jpg,exterior,228_plaza-alstom-plaza-alstom_20160914044449_15229.jpg,uploaded,54732,228_plaza-alstom-plaza-alstom_20160914044449_15229.jpg,https://cdn-strapi.prod.99iddev.net/assets/228_plaza_alstom_plaza_alstom_20160914044449_15229_3c2b9b1447.jpg,,
228-plaza-alstom-plaza-alstom-20160914044449-35388,Media Library/Office Venue/228-plaza-alstom-plaza-alstom-20160914044449-35388,2057,0,1,1,exterior/228_plaza-alstom-plaza-alstom_20160914044449_35388.jpg,exterior,228_plaza-alstom-plaza-alstom_20160914044449_35388.jpg,uploaded,54733,228_plaza-alstom-plaza-alstom_20160914044449_35388.jpg,https://cdn-strapi.prod.99iddev.net/assets/228_plaza_alstom_plaza_alstom_20160914044449_35388_c1ecdd51b8.jpg,,
228-plaza-simatupang-ex-plaza-alstom-plaza-simatupang-ex-plaza-alstom-20180502074706-30567,Media Library/Office Venue/228-plaza-simatupang-ex-plaza-alstom-plaza-simatupang-ex-plaza-alstom-20180502074706-30567,2058,0,1,1,interior/228_plaza-simatupang-ex-plaza-alstom-plaza-simatupang-ex-plaza-alstom_20180502074706_30567.jpg,interior,228_plaza-simatupang-ex-plaza-alstom-plaza-simatupang-ex-plaza-alstom_20180502074706_30567.jpg,uploaded,54734,228_plaza-simatupang-ex-plaza-alstom-plaza-simatupang-ex-plaza-alstom_20180502074706_30567.jpg,https://cdn-strapi.prod.99iddev.net/assets/228_plaza_simatupang_ex_plaza_alstom_plaza_simatupang_ex_plaza_alstom_20180502074706_30567_a739ed2738.jpg,,
228-plaza-simatupang-ex-plaza-alstom-plaza-simatupang-ex-plaza-alstom-20180502074707-26096,Media Library/Office Venue/228-plaza-simatupang-ex-plaza-alstom-plaza-simatupang-ex-plaza-alstom-20180502074707-26096,2059,0,1,1,interior/228_plaza-simatupang-ex-plaza-alstom-plaza-simatupang-ex-plaza-alstom_20180502074707_26096.jpg,interior,228_plaza-simatupang-ex-plaza-alstom-plaza-simatupang-ex-plaza-alstom_20180502074707_26096.jpg,uploaded,54735,228_plaza-simatupang-ex-plaza-alstom-plaza-simatupang-ex-plaza-alstom_20180502074707_26096.jpg,https://cdn-strapi.prod.99iddev.net/assets/228_plaza_simatupang_ex_plaza_alstom_plaza_simatupang_ex_plaza_alstom_20180502074707_26096_cafa454f77.jpg,,
228-plaza-simatupang-ex-plaza-alstom-plaza-simatupang-ex-plaza-alstom-20180502074708-22280,Media Library/Office Venue/228-plaza-simatupang-ex-plaza-alstom-plaza-simatupang-ex-plaza-alstom-20180502074708-22280,2060,0,1,1,interior/228_plaza-simatupang-ex-plaza-alstom-plaza-simatupang-ex-plaza-alstom_20180502074708_22280.jpg,interior,228_plaza-simatupang-ex-plaza-alstom-plaza-simatupang-ex-plaza-alstom_20180502074708_22280.jpg,uploaded,54736,228_plaza-simatupang-ex-plaza-alstom-plaza-simatupang-ex-plaza-alstom_20180502074708_22280.jpg,https://cdn-strapi.prod.99iddev.net/assets/228_plaza_simatupang_ex_plaza_alstom_plaza_simatupang_ex_plaza_alstom_20180502074708_22280_7ade91d795.jpg,,
228-plaza-simatupang-ex-plaza-alstom-plaza-simatupang-ex-plaza-alstom-20180502074708-24939,Media Library/Office Venue/228-plaza-simatupang-ex-plaza-alstom-plaza-simatupang-ex-plaza-alstom-20180502074708-24939,2061,0,1,1,interior/228_plaza-simatupang-ex-plaza-alstom-plaza-simatupang-ex-plaza-alstom_20180502074708_24939.jpg,interior,228_plaza-simatupang-ex-plaza-alstom-plaza-simatupang-ex-plaza-alstom_20180502074708_24939.jpg,uploaded,54737,228_plaza-simatupang-ex-plaza-alstom-plaza-simatupang-ex-plaza-alstom_20180502074708_24939.jpg,https://cdn-strapi.prod.99iddev.net/assets/228_plaza_simatupang_ex_plaza_alstom_plaza_simatupang_ex_plaza_alstom_20180502074708_24939_584c10cb4c.jpg,,
228-plaza-simatupang-ex-plaza-alstom-plaza-simatupang-ex-plaza-alstom-20180502074708-31308,Media Library/Office Venue/228-plaza-simatupang-ex-plaza-alstom-plaza-simatupang-ex-plaza-alstom-20180502074708-31308,2062,0,1,1,interior/228_plaza-simatupang-ex-plaza-alstom-plaza-simatupang-ex-plaza-alstom_20180502074708_31308.jpg,interior,228_plaza-simatupang-ex-plaza-alstom-plaza-simatupang-ex-plaza-alstom_20180502074708_31308.jpg,uploaded,54738,228_plaza-simatupang-ex-plaza-alstom-plaza-simatupang-ex-plaza-alstom_20180502074708_31308.jpg,https://cdn-strapi.prod.99iddev.net/assets/228_plaza_simatupang_ex_plaza_alstom_plaza_simatupang_ex_plaza_alstom_20180502074708_31308_2615be32a5.jpg,,
228-plaza-simatupang-ex-plaza-alstom-plaza-simatupang-ex-plaza-alstom-20180502074709-18247,Media Library/Office Venue/228-plaza-simatupang-ex-plaza-alstom-plaza-simatupang-ex-plaza-alstom-20180502074709-18247,2063,0,1,1,interior/228_plaza-simatupang-ex-plaza-alstom-plaza-simatupang-ex-plaza-alstom_20180502074709_18247.jpg,interior,228_plaza-simatupang-ex-plaza-alstom-plaza-simatupang-ex-plaza-alstom_20180502074709_18247.jpg,uploaded,54739,228_plaza-simatupang-ex-plaza-alstom-plaza-simatupang-ex-plaza-alstom_20180502074709_18247.jpg,https://cdn-strapi.prod.99iddev.net/assets/228_plaza_simatupang_ex_plaza_alstom_plaza_simatupang_ex_plaza_alstom_20180502074709_18247_b52033c928.jpg,,
228-plaza-simatupang-ex-plaza-alstom-plaza-simatupang-ex-plaza-alstom-20180502074709-24384,Media Library/Office Venue/228-plaza-simatupang-ex-plaza-alstom-plaza-simatupang-ex-plaza-alstom-20180502074709-24384,2064,0,1,1,interior/228_plaza-simatupang-ex-plaza-alstom-plaza-simatupang-ex-plaza-alstom_20180502074709_24384.jpg,interior,228_plaza-simatupang-ex-plaza-alstom-plaza-simatupang-ex-plaza-alstom_20180502074709_24384.jpg,uploaded,54740,228_plaza-simatupang-ex-plaza-alstom-plaza-simatupang-ex-plaza-alstom_20180502074709_24384.jpg,https://cdn-strapi.prod.99iddev.net/assets/228_plaza_simatupang_ex_plaza_alstom_plaza_simatupang_ex_plaza_alstom_20180502074709_24384_e5cbabbc98.jpg,,
228-plaza-simatupang-ex-plaza-alstom-plaza-simatupang-ex-plaza-alstom-20180502074709-52256,Media Library/Office Venue/228-plaza-simatupang-ex-plaza-alstom-plaza-simatupang-ex-plaza-alstom-20180502074709-52256,2065,0,1,1,interior/228_plaza-simatupang-ex-plaza-alstom-plaza-simatupang-ex-plaza-alstom_20180502074709_52256.jpg,interior,228_plaza-simatupang-ex-plaza-alstom-plaza-simatupang-ex-plaza-alstom_20180502074709_52256.jpg,uploaded,54741,228_plaza-simatupang-ex-plaza-alstom-plaza-simatupang-ex-plaza-alstom_20180502074709_52256.jpg,https://cdn-strapi.prod.99iddev.net/assets/228_plaza_simatupang_ex_plaza_alstom_plaza_simatupang_ex_plaza_alstom_20180502074709_52256_d620a50fbe.jpg,,
228-plaza-simatupang-ex-plaza-alstom-plaza-simatupang-ex-plaza-alstom-20180502074710-91091,Media Library/Office Venue/228-plaza-simatupang-ex-plaza-alstom-plaza-simatupang-ex-plaza-alstom-20180502074710-91091,2066,0,1,1,interior/228_plaza-simatupang-ex-plaza-alstom-plaza-simatupang-ex-plaza-alstom_20180502074710_91091.jpg,interior,228_plaza-simatupang-ex-plaza-alstom-plaza-simatupang-ex-plaza-alstom_20180502074710_91091.jpg,uploaded,54742,228_plaza-simatupang-ex-plaza-alstom-plaza-simatupang-ex-plaza-alstom_20180502074710_91091.jpg,https://cdn-strapi.prod.99iddev.net/assets/228_plaza_simatupang_ex_plaza_alstom_plaza_simatupang_ex_plaza_alstom_20180502074710_91091_145816d4ac.jpg,,
228-plaza-simatupang-ex-plaza-alstom-plaza-simatupang-ex-plaza-alstom-20180502074710-95667,Media Library/Office Venue/228-plaza-simatupang-ex-plaza-alstom-plaza-simatupang-ex-plaza-alstom-20180502074710-95667,2067,0,1,1,interior/228_plaza-simatupang-ex-plaza-alstom-plaza-simatupang-ex-plaza-alstom_20180502074710_95667.jpg,interior,228_plaza-simatupang-ex-plaza-alstom-plaza-simatupang-ex-plaza-alstom_20180502074710_95667.jpg,uploaded,54743,228_plaza-simatupang-ex-plaza-alstom-plaza-simatupang-ex-plaza-alstom_20180502074710_95667.jpg,https://cdn-strapi.prod.99iddev.net/assets/228_plaza_simatupang_ex_plaza_alstom_plaza_simatupang_ex_plaza_alstom_20180502074710_95667_4ba44eb1cb.jpg,,
228-plaza-simatupang-ex-plaza-alstom-plaza-simatupang-ex-plaza-alstom-20180502074711-77081,Media Library/Office Venue/228-plaza-simatupang-ex-plaza-alstom-plaza-simatupang-ex-plaza-alstom-20180502074711-77081,2068,0,1,1,interior/228_plaza-simatupang-ex-plaza-alstom-plaza-simatupang-ex-plaza-alstom_20180502074711_77081.jpg,interior,228_plaza-simatupang-ex-plaza-alstom-plaza-simatupang-ex-plaza-alstom_20180502074711_77081.jpg,uploaded,54744,228_plaza-simatupang-ex-plaza-alstom-plaza-simatupang-ex-plaza-alstom_20180502074711_77081.jpg,https://cdn-strapi.prod.99iddev.net/assets/228_plaza_simatupang_ex_plaza_alstom_plaza_simatupang_ex_plaza_alstom_20180502074711_77081_24e8982bf8.jpg,,
228-plaza-simatupang-ex-plaza-alstom-plaza-simatupang-ex-plaza-alstom-20180502074712-21025,Media Library/Office Venue/228-plaza-simatupang-ex-plaza-alstom-plaza-simatupang-ex-plaza-alstom-20180502074712-21025,2069,0,1,1,interior/228_plaza-simatupang-ex-plaza-alstom-plaza-simatupang-ex-plaza-alstom_20180502074712_21025.jpg,interior,228_plaza-simatupang-ex-plaza-alstom-plaza-simatupang-ex-plaza-alstom_20180502074712_21025.jpg,uploaded,54745,228_plaza-simatupang-ex-plaza-alstom-plaza-simatupang-ex-plaza-alstom_20180502074712_21025.jpg,https://cdn-strapi.prod.99iddev.net/assets/228_plaza_simatupang_ex_plaza_alstom_plaza_simatupang_ex_plaza_alstom_20180502074712_21025_75fe88eac2.jpg,,
228-plaza-simatupang-ex-plaza-alstom-plaza-simatupang-ex-plaza-alstom-20180502074712-40635,Media Library/Office Venue/228-plaza-simatupang-ex-plaza-alstom-plaza-simatupang-ex-plaza-alstom-20180502074712-40635,2070,0,1,1,interior/228_plaza-simatupang-ex-plaza-alstom-plaza-simatupang-ex-plaza-alstom_20180502074712_40635.jpg,interior,228_plaza-simatupang-ex-plaza-alstom-plaza-simatupang-ex-plaza-alstom_20180502074712_40635.jpg,uploaded,54746,228_plaza-simatupang-ex-plaza-alstom-plaza-simatupang-ex-plaza-alstom_20180502074712_40635.jpg,https://cdn-strapi.prod.99iddev.net/assets/228_plaza_simatupang_ex_plaza_alstom_plaza_simatupang_ex_plaza_alstom_20180502074712_40635_ab208f06f1.jpg,,
228-plaza-simatupang-ex-plaza-alstom-plaza-simatupang-ex-plaza-alstom-20180502074712-50202,Media Library/Office Venue/228-plaza-simatupang-ex-plaza-alstom-plaza-simatupang-ex-plaza-alstom-20180502074712-50202,2071,0,1,1,interior/228_plaza-simatupang-ex-plaza-alstom-plaza-simatupang-ex-plaza-alstom_20180502074712_50202.jpg,interior,228_plaza-simatupang-ex-plaza-alstom-plaza-simatupang-ex-plaza-alstom_20180502074712_50202.jpg,uploaded,54747,228_plaza-simatupang-ex-plaza-alstom-plaza-simatupang-ex-plaza-alstom_20180502074712_50202.jpg,https://cdn-strapi.prod.99iddev.net/assets/228_plaza_simatupang_ex_plaza_alstom_plaza_simatupang_ex_plaza_alstom_20180502074712_50202_5b0a84f6b7.jpg,,
228-plaza-simatupang-ex-plaza-alstom-plaza-simatupang-ex-plaza-alstom-20180502074712-89144,Media Library/Office Venue/228-plaza-simatupang-ex-plaza-alstom-plaza-simatupang-ex-plaza-alstom-20180502074712-89144,2072,0,1,1,interior/228_plaza-simatupang-ex-plaza-alstom-plaza-simatupang-ex-plaza-alstom_20180502074712_89144.jpg,interior,228_plaza-simatupang-ex-plaza-alstom-plaza-simatupang-ex-plaza-alstom_20180502074712_89144.jpg,uploaded,54748,228_plaza-simatupang-ex-plaza-alstom-plaza-simatupang-ex-plaza-alstom_20180502074712_89144.jpg,https://cdn-strapi.prod.99iddev.net/assets/228_plaza_simatupang_ex_plaza_alstom_plaza_simatupang_ex_plaza_alstom_20180502074712_89144_d8e7844ed8.jpg,,
228-plaza-simatupang-ex-plaza-alstom-plaza-simatupang-ex-plaza-alstom-20180502074714-17381,Media Library/Office Venue/228-plaza-simatupang-ex-plaza-alstom-plaza-simatupang-ex-plaza-alstom-20180502074714-17381,2073,0,1,1,interior/228_plaza-simatupang-ex-plaza-alstom-plaza-simatupang-ex-plaza-alstom_20180502074714_17381.jpg,interior,228_plaza-simatupang-ex-plaza-alstom-plaza-simatupang-ex-plaza-alstom_20180502074714_17381.jpg,uploaded,54749,228_plaza-simatupang-ex-plaza-alstom-plaza-simatupang-ex-plaza-alstom_20180502074714_17381.jpg,https://cdn-strapi.prod.99iddev.net/assets/228_plaza_simatupang_ex_plaza_alstom_plaza_simatupang_ex_plaza_alstom_20180502074714_17381_4ce05a52f5.jpg,,
228-plaza-simatupang-ex-plaza-alstom-plaza-simatupang-ex-plaza-alstom-20180502074714-22169,Media Library/Office Venue/228-plaza-simatupang-ex-plaza-alstom-plaza-simatupang-ex-plaza-alstom-20180502074714-22169,2074,0,1,1,interior/228_plaza-simatupang-ex-plaza-alstom-plaza-simatupang-ex-plaza-alstom_20180502074714_22169.jpg,interior,228_plaza-simatupang-ex-plaza-alstom-plaza-simatupang-ex-plaza-alstom_20180502074714_22169.jpg,uploaded,54750,228_plaza-simatupang-ex-plaza-alstom-plaza-simatupang-ex-plaza-alstom_20180502074714_22169.jpg,https://cdn-strapi.prod.99iddev.net/assets/228_plaza_simatupang_ex_plaza_alstom_plaza_simatupang_ex_plaza_alstom_20180502074714_22169_0f3cf23922.jpg,,
228-plaza-simatupang-ex-plaza-alstom-plaza-simatupang-ex-plaza-alstom-20180502074714-35978,Media Library/Office Venue/228-plaza-simatupang-ex-plaza-alstom-plaza-simatupang-ex-plaza-alstom-20180502074714-35978,2075,0,1,1,interior/228_plaza-simatupang-ex-plaza-alstom-plaza-simatupang-ex-plaza-alstom_20180502074714_35978.jpg,interior,228_plaza-simatupang-ex-plaza-alstom-plaza-simatupang-ex-plaza-alstom_20180502074714_35978.jpg,uploaded,54751,228_plaza-simatupang-ex-plaza-alstom-plaza-simatupang-ex-plaza-alstom_20180502074714_35978.jpg,https://cdn-strapi.prod.99iddev.net/assets/228_plaza_simatupang_ex_plaza_alstom_plaza_simatupang_ex_plaza_alstom_20180502074714_35978_b9c7ecf6a2.jpg,,
228-plaza-simatupang-ex-plaza-alstom-plaza-simatupang-ex-plaza-alstom-20180502074714-92782,Media Library/Office Venue/228-plaza-simatupang-ex-plaza-alstom-plaza-simatupang-ex-plaza-alstom-20180502074714-92782,2076,0,1,1,interior/228_plaza-simatupang-ex-plaza-alstom-plaza-simatupang-ex-plaza-alstom_20180502074714_92782.jpg,interior,228_plaza-simatupang-ex-plaza-alstom-plaza-simatupang-ex-plaza-alstom_20180502074714_92782.jpg,uploaded,54752,228_plaza-simatupang-ex-plaza-alstom-plaza-simatupang-ex-plaza-alstom_20180502074714_92782.jpg,https://cdn-strapi.prod.99iddev.net/assets/228_plaza_simatupang_ex_plaza_alstom_plaza_simatupang_ex_plaza_alstom_20180502074714_92782_9fa2279ecf.jpg,,
228-plaza-simatupang-ex-plaza-alstom-plaza-simatupang-ex-plaza-alstom-20180502074714-97408,Media Library/Office Venue/228-plaza-simatupang-ex-plaza-alstom-plaza-simatupang-ex-plaza-alstom-20180502074714-97408,2077,0,1,1,interior/228_plaza-simatupang-ex-plaza-alstom-plaza-simatupang-ex-plaza-alstom_20180502074714_97408.jpg,interior,228_plaza-simatupang-ex-plaza-alstom-plaza-simatupang-ex-plaza-alstom_20180502074714_97408.jpg,uploaded,54753,228_plaza-simatupang-ex-plaza-alstom-plaza-simatupang-ex-plaza-alstom_20180502074714_97408.jpg,https://cdn-strapi.prod.99iddev.net/assets/228_plaza_simatupang_ex_plaza_alstom_plaza_simatupang_ex_plaza_alstom_20180502074714_97408_43941eb917.jpg,,
228-plaza-simatupang-ex-plaza-alstom-plaza-simatupang-ex-plaza-alstom-20180718035334-90331,Media Library/Office Venue/228-plaza-simatupang-ex-plaza-alstom-plaza-simatupang-ex-plaza-alstom-20180718035334-90331,2078,0,1,1,floorplan/228_plaza-simatupang-ex-plaza-alstom-plaza-simatupang-ex-plaza-alstom_20180718035334_90331.jpg,floorplan,228_plaza-simatupang-ex-plaza-alstom-plaza-simatupang-ex-plaza-alstom_20180718035334_90331.jpg,uploaded,54754,228_plaza-simatupang-ex-plaza-alstom-plaza-simatupang-ex-plaza-alstom_20180718035334_90331.jpg,https://cdn-strapi.prod.99iddev.net/assets/228_plaza_simatupang_ex_plaza_alstom_plaza_simatupang_ex_plaza_alstom_20180718035334_90331_32140aa7c1.jpg,,
236-south-quarter-south-quarter-tower-a-20170404102548-12001,Media Library/Office Venue/236-south-quarter-south-quarter-tower-a-20170404102548-12001,2079,0,1,1,interior/236_south-quarter-south-quarter-tower-a_20170404102548_12001.jpg,interior,236_south-quarter-south-quarter-tower-a_20170404102548_12001.jpg,uploaded,54755,236_south-quarter-south-quarter-tower-a_20170404102548_12001.jpg,https://cdn-strapi.prod.99iddev.net/assets/236_south_quarter_south_quarter_tower_a_20170404102548_12001_52824db316.jpg,,
236-south-quarter-south-quarter-tower-a-20170404102549-60099,Media Library/Office Venue/236-south-quarter-south-quarter-tower-a-20170404102549-60099,2080,0,1,1,interior/236_south-quarter-south-quarter-tower-a_20170404102549_60099.jpg,interior,236_south-quarter-south-quarter-tower-a_20170404102549_60099.jpg,uploaded,54756,236_south-quarter-south-quarter-tower-a_20170404102549_60099.jpg,https://cdn-strapi.prod.99iddev.net/assets/236_south_quarter_south_quarter_tower_a_20170404102549_60099_e11b38a40e.jpg,,
236-south-quarter-south-quarter-tower-a-20170404102549-66769,Media Library/Office Venue/236-south-quarter-south-quarter-tower-a-20170404102549-66769,2081,0,1,1,interior/236_south-quarter-south-quarter-tower-a_20170404102549_66769.jpg,interior,236_south-quarter-south-quarter-tower-a_20170404102549_66769.jpg,uploaded,54757,236_south-quarter-south-quarter-tower-a_20170404102549_66769.jpg,https://cdn-strapi.prod.99iddev.net/assets/236_south_quarter_south_quarter_tower_a_20170404102549_66769_20de01fc1e.jpg,,
236-south-quarter-south-quarter-tower-a-20170404102550-46883,Media Library/Office Venue/236-south-quarter-south-quarter-tower-a-20170404102550-46883,2082,0,1,1,interior/236_south-quarter-south-quarter-tower-a_20170404102550_46883.jpg,interior,236_south-quarter-south-quarter-tower-a_20170404102550_46883.jpg,uploaded,54758,236_south-quarter-south-quarter-tower-a_20170404102550_46883.jpg,https://cdn-strapi.prod.99iddev.net/assets/236_south_quarter_south_quarter_tower_a_20170404102550_46883_24efce9162.jpg,,
236-south-quarter-south-quarter-tower-a-20170404102550-62622,Media Library/Office Venue/236-south-quarter-south-quarter-tower-a-20170404102550-62622,2083,0,1,1,interior/236_south-quarter-south-quarter-tower-a_20170404102550_62622.jpg,interior,236_south-quarter-south-quarter-tower-a_20170404102550_62622.jpg,uploaded,54759,236_south-quarter-south-quarter-tower-a_20170404102550_62622.jpg,https://cdn-strapi.prod.99iddev.net/assets/236_south_quarter_south_quarter_tower_a_20170404102550_62622_8dd68a6c12.jpg,,
236-south-quarter-south-quarter-tower-a-20170404102551-91283,Media Library/Office Venue/236-south-quarter-south-quarter-tower-a-20170404102551-91283,2084,0,1,1,interior/236_south-quarter-south-quarter-tower-a_20170404102551_91283.jpg,interior,236_south-quarter-south-quarter-tower-a_20170404102551_91283.jpg,uploaded,54760,236_south-quarter-south-quarter-tower-a_20170404102551_91283.jpg,https://cdn-strapi.prod.99iddev.net/assets/236_south_quarter_south_quarter_tower_a_20170404102551_91283_48750e812f.jpg,,
236-south-quarter-south-quarter-tower-a-20170404102553-83502,Media Library/Office Venue/236-south-quarter-south-quarter-tower-a-20170404102553-83502,2085,0,1,1,interior/236_south-quarter-south-quarter-tower-a_20170404102553_83502.jpg,interior,236_south-quarter-south-quarter-tower-a_20170404102553_83502.jpg,uploaded,54761,236_south-quarter-south-quarter-tower-a_20170404102553_83502.jpg,https://cdn-strapi.prod.99iddev.net/assets/236_south_quarter_south_quarter_tower_a_20170404102553_83502_bda799bdf9.jpg,,
236-south-quarter-south-quarter-tower-a-20170927093518-69035,Media Library/Office Venue/236-south-quarter-south-quarter-tower-a-20170927093518-69035,2086,0,1,1,interior/236_south-quarter-south-quarter-tower-a_20170927093518_69035.jpg,interior,236_south-quarter-south-quarter-tower-a_20170927093518_69035.jpg,uploaded,54762,236_south-quarter-south-quarter-tower-a_20170927093518_69035.jpg,https://cdn-strapi.prod.99iddev.net/assets/236_south_quarter_south_quarter_tower_a_20170927093518_69035_6e2acc8aa6.jpg,,
236-south-quarter-south-quarter-tower-a-20170927093520-38567,Media Library/Office Venue/236-south-quarter-south-quarter-tower-a-20170927093520-38567,2087,0,1,1,interior/236_south-quarter-south-quarter-tower-a_20170927093520_38567.jpg,interior,236_south-quarter-south-quarter-tower-a_20170927093520_38567.jpg,uploaded,54763,236_south-quarter-south-quarter-tower-a_20170927093520_38567.jpg,https://cdn-strapi.prod.99iddev.net/assets/236_south_quarter_south_quarter_tower_a_20170927093520_38567_c8bf6e6070.jpg,,
236-south-quarter-south-quarter-tower-a-20170927093522-40710,Media Library/Office Venue/236-south-quarter-south-quarter-tower-a-20170927093522-40710,2088,0,1,1,interior/236_south-quarter-south-quarter-tower-a_20170927093522_40710.jpg,interior,236_south-quarter-south-quarter-tower-a_20170927093522_40710.jpg,uploaded,54764,236_south-quarter-south-quarter-tower-a_20170927093522_40710.jpg,https://cdn-strapi.prod.99iddev.net/assets/236_south_quarter_south_quarter_tower_a_20170927093522_40710_261cb75ace.jpg,,
236-south-quarter-south-quarter-tower-a-20180316083808-11640,Media Library/Office Venue/236-south-quarter-south-quarter-tower-a-20180316083808-11640,2089,0,1,1,interior/236_south-quarter-south-quarter-tower-a_20180316083808_11640.jpg,interior,236_south-quarter-south-quarter-tower-a_20180316083808_11640.jpg,uploaded,54765,236_south-quarter-south-quarter-tower-a_20180316083808_11640.jpg,https://cdn-strapi.prod.99iddev.net/assets/236_south_quarter_south_quarter_tower_a_20180316083808_11640_dff12b7a1e.jpg,,
236-south-quarter-south-quarter-tower-a-20180316083858-42548,Media Library/Office Venue/236-south-quarter-south-quarter-tower-a-20180316083858-42548,2090,0,1,1,interior/236_south-quarter-south-quarter-tower-a_20180316083858_42548.jpg,interior,236_south-quarter-south-quarter-tower-a_20180316083858_42548.jpg,uploaded,54766,236_south-quarter-south-quarter-tower-a_20180316083858_42548.jpg,https://cdn-strapi.prod.99iddev.net/assets/236_south_quarter_south_quarter_tower_a_20180316083858_42548_9cfde4bb04.jpg,,
236-south-quarter-south-quarter-tower-a-20180316083945-85119,Media Library/Office Venue/236-south-quarter-south-quarter-tower-a-20180316083945-85119,2091,0,1,1,interior/236_south-quarter-south-quarter-tower-a_20180316083945_85119.jpg,interior,236_south-quarter-south-quarter-tower-a_20180316083945_85119.jpg,uploaded,54767,236_south-quarter-south-quarter-tower-a_20180316083945_85119.jpg,https://cdn-strapi.prod.99iddev.net/assets/236_south_quarter_south_quarter_tower_a_20180316083945_85119_c417837ee4.jpg,,
236-south-quarter-south-quarter-tower-a-20180316084033-96095,Media Library/Office Venue/236-south-quarter-south-quarter-tower-a-20180316084033-96095,2092,0,1,1,interior/236_south-quarter-south-quarter-tower-a_20180316084033_96095.jpg,interior,236_south-quarter-south-quarter-tower-a_20180316084033_96095.jpg,uploaded,54768,236_south-quarter-south-quarter-tower-a_20180316084033_96095.jpg,https://cdn-strapi.prod.99iddev.net/assets/236_south_quarter_south_quarter_tower_a_20180316084033_96095_a65d8e4716.jpg,,
236-south-quarter-south-quarter-tower-a-20180316084152-47509,Media Library/Office Venue/236-south-quarter-south-quarter-tower-a-20180316084152-47509,2093,0,1,1,interior/236_south-quarter-south-quarter-tower-a_20180316084152_47509.jpg,interior,236_south-quarter-south-quarter-tower-a_20180316084152_47509.jpg,uploaded,54769,236_south-quarter-south-quarter-tower-a_20180316084152_47509.jpg,https://cdn-strapi.prod.99iddev.net/assets/236_south_quarter_south_quarter_tower_a_20180316084152_47509_b2151c906b.jpg,,
236-south-quarter-south-quarter-tower-a-20180316084345-18820,Media Library/Office Venue/236-south-quarter-south-quarter-tower-a-20180316084345-18820,2094,0,1,1,interior/236_south-quarter-south-quarter-tower-a_20180316084345_18820.jpg,interior,236_south-quarter-south-quarter-tower-a_20180316084345_18820.jpg,uploaded,54770,236_south-quarter-south-quarter-tower-a_20180316084345_18820.jpg,https://cdn-strapi.prod.99iddev.net/assets/236_south_quarter_south_quarter_tower_a_20180316084345_18820_9377ba621d.jpg,,
236-south-quarter-south-quarter-tower-a-20180316084346-61644,Media Library/Office Venue/236-south-quarter-south-quarter-tower-a-20180316084346-61644,2095,0,1,1,interior/236_south-quarter-south-quarter-tower-a_20180316084346_61644.jpg,interior,236_south-quarter-south-quarter-tower-a_20180316084346_61644.jpg,uploaded,54771,236_south-quarter-south-quarter-tower-a_20180316084346_61644.jpg,https://cdn-strapi.prod.99iddev.net/assets/236_south_quarter_south_quarter_tower_a_20180316084346_61644_0060cc81dc.jpg,,
236-south-quarter-south-quarter-tower-a-20180316084346-75971,Media Library/Office Venue/236-south-quarter-south-quarter-tower-a-20180316084346-75971,2096,0,1,1,interior/236_south-quarter-south-quarter-tower-a_20180316084346_75971.jpg,interior,236_south-quarter-south-quarter-tower-a_20180316084346_75971.jpg,uploaded,54772,236_south-quarter-south-quarter-tower-a_20180316084346_75971.jpg,https://cdn-strapi.prod.99iddev.net/assets/236_south_quarter_south_quarter_tower_a_20180316084346_75971_cc61400719.jpg,,
236-south-quarter-south-quarter-tower-a-20180316084347-30849,Media Library/Office Venue/236-south-quarter-south-quarter-tower-a-20180316084347-30849,2097,0,1,1,interior/236_south-quarter-south-quarter-tower-a_20180316084347_30849.jpg,interior,236_south-quarter-south-quarter-tower-a_20180316084347_30849.jpg,uploaded,54773,236_south-quarter-south-quarter-tower-a_20180316084347_30849.jpg,https://cdn-strapi.prod.99iddev.net/assets/236_south_quarter_south_quarter_tower_a_20180316084347_30849_5c91d1eae0.jpg,,
236-south-quarter-south-quarter-tower-a-20180316084348-68281,Media Library/Office Venue/236-south-quarter-south-quarter-tower-a-20180316084348-68281,2098,0,1,1,interior/236_south-quarter-south-quarter-tower-a_20180316084348_68281.jpg,interior,236_south-quarter-south-quarter-tower-a_20180316084348_68281.jpg,uploaded,54774,236_south-quarter-south-quarter-tower-a_20180316084348_68281.jpg,https://cdn-strapi.prod.99iddev.net/assets/236_south_quarter_south_quarter_tower_a_20180316084348_68281_92e310a201.jpg,,
240-talavera-talavera-office-park-20160914085421-32491,Media Library/Office Venue/240-talavera-talavera-office-park-20160914085421-32491,2099,0,1,1,exterior/240_talavera-talavera-office-park_20160914085421_32491.jpg,exterior,240_talavera-talavera-office-park_20160914085421_32491.jpg,uploaded,54775,240_talavera-talavera-office-park_20160914085421_32491.jpg,https://cdn-strapi.prod.99iddev.net/assets/240_talavera_talavera_office_park_20160914085421_32491_28a3ba25f8.jpg,,
240-talavera-talavera-office-park-20160914085422-15746,Media Library/Office Venue/240-talavera-talavera-office-park-20160914085422-15746,2100,0,1,1,exterior/240_talavera-talavera-office-park_20160914085422_15746.jpg,exterior,240_talavera-talavera-office-park_20160914085422_15746.jpg,uploaded,54776,240_talavera-talavera-office-park_20160914085422_15746.jpg,https://cdn-strapi.prod.99iddev.net/assets/240_talavera_talavera_office_park_20160914085422_15746_3fbd0b87d6.jpg,,
240-talavera-talavera-office-park-20160914085423-19475,Media Library/Office Venue/240-talavera-talavera-office-park-20160914085423-19475,2101,0,1,1,exterior/240_talavera-talavera-office-park_20160914085423_19475.jpg,exterior,240_talavera-talavera-office-park_20160914085423_19475.jpg,uploaded,54777,240_talavera-talavera-office-park_20160914085423_19475.jpg,https://cdn-strapi.prod.99iddev.net/assets/240_talavera_talavera_office_park_20160914085423_19475_3546ad6369.jpg,,
240-talavera-talavera-office-park-20160914085423-52248,Media Library/Office Venue/240-talavera-talavera-office-park-20160914085423-52248,2102,0,1,1,exterior/240_talavera-talavera-office-park_20160914085423_52248.jpg,exterior,240_talavera-talavera-office-park_20160914085423_52248.jpg,uploaded,54778,240_talavera-talavera-office-park_20160914085423_52248.jpg,https://cdn-strapi.prod.99iddev.net/assets/240_talavera_talavera_office_park_20160914085423_52248_7f65861a2a.jpg,,
240-talavera-talavera-office-park-20170316042132-26335,Media Library/Office Venue/240-talavera-talavera-office-park-20170316042132-26335,2103,0,1,1,floorplan/240_talavera-talavera-office-park_20170316042132_26335.jpg,floorplan,240_talavera-talavera-office-park_20170316042132_26335.jpg,uploaded,54779,240_talavera-talavera-office-park_20170316042132_26335.jpg,https://cdn-strapi.prod.99iddev.net/assets/240_talavera_talavera_office_park_20170316042132_26335_b6664e362a.jpg,,
240-talavera-talavera-office-park-20170316042132-86738,Media Library/Office Venue/240-talavera-talavera-office-park-20170316042132-86738,2104,0,1,1,floorplan/240_talavera-talavera-office-park_20170316042132_86738.jpg,floorplan,240_talavera-talavera-office-park_20170316042132_86738.jpg,uploaded,54780,240_talavera-talavera-office-park_20170316042132_86738.jpg,https://cdn-strapi.prod.99iddev.net/assets/240_talavera_talavera_office_park_20170316042132_86738_0b47f38fd8.jpg,,
240-talavera-talavera-office-park-20180104030209-48255,Media Library/Office Venue/240-talavera-talavera-office-park-20180104030209-48255,2105,0,1,1,floorplan/240_talavera-talavera-office-park_20180104030209_48255.jpg,floorplan,240_talavera-talavera-office-park_20180104030209_48255.jpg,uploaded,54781,240_talavera-talavera-office-park_20180104030209_48255.jpg,https://cdn-strapi.prod.99iddev.net/assets/240_talavera_talavera_office_park_20180104030209_48255_34a48a8610.jpg,,
240-talavera-talavera-office-park-20180130072029-82187,Media Library/Office Venue/240-talavera-talavera-office-park-20180130072029-82187,2106,0,1,1,exterior/240_talavera-talavera-office-park_20180130072029_82187.jpg,exterior,240_talavera-talavera-office-park_20180130072029_82187.jpg,uploaded,54782,240_talavera-talavera-office-park_20180130072029_82187.jpg,https://cdn-strapi.prod.99iddev.net/assets/240_talavera_talavera_office_park_20180130072029_82187_6db309ef9a.jpg,,
240-talavera-talavera-office-park-20180130072032-13331,Media Library/Office Venue/240-talavera-talavera-office-park-20180130072032-13331,2107,0,1,1,exterior/240_talavera-talavera-office-park_20180130072032_13331.jpg,exterior,240_talavera-talavera-office-park_20180130072032_13331.jpg,uploaded,54783,240_talavera-talavera-office-park_20180130072032_13331.jpg,https://cdn-strapi.prod.99iddev.net/assets/240_talavera_talavera_office_park_20180130072032_13331_1839105ca9.jpg,,
240-talavera-talavera-office-park-20180706090904-51156,Media Library/Office Venue/240-talavera-talavera-office-park-20180706090904-51156,2108,0,1,1,interior/240_talavera-talavera-office-park_20180706090904_51156.jpg,interior,240_talavera-talavera-office-park_20180706090904_51156.jpg,uploaded,54784,240_talavera-talavera-office-park_20180706090904_51156.jpg,https://cdn-strapi.prod.99iddev.net/assets/240_talavera_talavera_office_park_20180706090904_51156_c991ceb1b9.jpg,,
240-talavera-talavera-office-park-20180706090904-67686,Media Library/Office Venue/240-talavera-talavera-office-park-20180706090904-67686,2109,0,1,1,interior/240_talavera-talavera-office-park_20180706090904_67686.jpg,interior,240_talavera-talavera-office-park_20180706090904_67686.jpg,uploaded,54785,240_talavera-talavera-office-park_20180706090904_67686.jpg,https://cdn-strapi.prod.99iddev.net/assets/240_talavera_talavera_office_park_20180706090904_67686_b415f8fdce.jpg,,
240-talavera-talavera-office-park-20180706090904-78386,Media Library/Office Venue/240-talavera-talavera-office-park-20180706090904-78386,2110,0,1,1,interior/240_talavera-talavera-office-park_20180706090904_78386.jpg,interior,240_talavera-talavera-office-park_20180706090904_78386.jpg,uploaded,54786,240_talavera-talavera-office-park_20180706090904_78386.jpg,https://cdn-strapi.prod.99iddev.net/assets/240_talavera_talavera_office_park_20180706090904_78386_97d98d58a6.jpg,,
240-talavera-talavera-office-park-20180706090905-13210,Media Library/Office Venue/240-talavera-talavera-office-park-20180706090905-13210,2111,0,1,1,interior/240_talavera-talavera-office-park_20180706090905_13210.jpg,interior,240_talavera-talavera-office-park_20180706090905_13210.jpg,uploaded,54787,240_talavera-talavera-office-park_20180706090905_13210.jpg,https://cdn-strapi.prod.99iddev.net/assets/240_talavera_talavera_office_park_20180706090905_13210_617731de62.jpg,,
240-talavera-talavera-office-park-20180706090905-54210,Media Library/Office Venue/240-talavera-talavera-office-park-20180706090905-54210,2112,0,1,1,interior/240_talavera-talavera-office-park_20180706090905_54210.jpg,interior,240_talavera-talavera-office-park_20180706090905_54210.jpg,uploaded,54788,240_talavera-talavera-office-park_20180706090905_54210.jpg,https://cdn-strapi.prod.99iddev.net/assets/240_talavera_talavera_office_park_20180706090905_54210_4e0522f599.jpg,,
240-talavera-talavera-office-park-20180706090905-59409,Media Library/Office Venue/240-talavera-talavera-office-park-20180706090905-59409,2113,0,1,1,interior/240_talavera-talavera-office-park_20180706090905_59409.jpg,interior,240_talavera-talavera-office-park_20180706090905_59409.jpg,uploaded,54789,240_talavera-talavera-office-park_20180706090905_59409.jpg,https://cdn-strapi.prod.99iddev.net/assets/240_talavera_talavera_office_park_20180706090905_59409_58520683d3.jpg,,
240-talavera-talavera-office-park-20180706090905-68492,Media Library/Office Venue/240-talavera-talavera-office-park-20180706090905-68492,2114,0,1,1,interior/240_talavera-talavera-office-park_20180706090905_68492.jpg,interior,240_talavera-talavera-office-park_20180706090905_68492.jpg,uploaded,54790,240_talavera-talavera-office-park_20180706090905_68492.jpg,https://cdn-strapi.prod.99iddev.net/assets/240_talavera_talavera_office_park_20180706090905_68492_32bcd1dcc3.jpg,,
240-talavera-talavera-office-park-20180706090906-45503,Media Library/Office Venue/240-talavera-talavera-office-park-20180706090906-45503,2115,0,1,1,interior/240_talavera-talavera-office-park_20180706090906_45503.jpg,interior,240_talavera-talavera-office-park_20180706090906_45503.jpg,uploaded,54791,240_talavera-talavera-office-park_20180706090906_45503.jpg,https://cdn-strapi.prod.99iddev.net/assets/240_talavera_talavera_office_park_20180706090906_45503_994f554ff6.jpg,,
240-talavera-talavera-office-park-20180706090906-94657,Media Library/Office Venue/240-talavera-talavera-office-park-20180706090906-94657,2116,0,1,1,interior/240_talavera-talavera-office-park_20180706090906_94657.jpg,interior,240_talavera-talavera-office-park_20180706090906_94657.jpg,uploaded,54792,240_talavera-talavera-office-park_20180706090906_94657.jpg,https://cdn-strapi.prod.99iddev.net/assets/240_talavera_talavera_office_park_20180706090906_94657_2e3102f359.jpg,,
240-talavera-talavera-office-park-20180706090906-99808,Media Library/Office Venue/240-talavera-talavera-office-park-20180706090906-99808,2117,0,1,1,interior/240_talavera-talavera-office-park_20180706090906_99808.jpg,interior,240_talavera-talavera-office-park_20180706090906_99808.jpg,uploaded,54793,240_talavera-talavera-office-park_20180706090906_99808.jpg,https://cdn-strapi.prod.99iddev.net/assets/240_talavera_talavera_office_park_20180706090906_99808_baa1fe92dd.jpg,,
240-talavera-talavera-office-park-20180706090907-26265,Media Library/Office Venue/240-talavera-talavera-office-park-20180706090907-26265,2118,0,1,1,interior/240_talavera-talavera-office-park_20180706090907_26265.jpg,interior,240_talavera-talavera-office-park_20180706090907_26265.jpg,uploaded,54794,240_talavera-talavera-office-park_20180706090907_26265.jpg,https://cdn-strapi.prod.99iddev.net/assets/240_talavera_talavera_office_park_20180706090907_26265_b1a5470d64.jpg,,
240-talavera-talavera-office-park-20180706090907-30209,Media Library/Office Venue/240-talavera-talavera-office-park-20180706090907-30209,2119,0,1,1,interior/240_talavera-talavera-office-park_20180706090907_30209.jpg,interior,240_talavera-talavera-office-park_20180706090907_30209.jpg,uploaded,54795,240_talavera-talavera-office-park_20180706090907_30209.jpg,https://cdn-strapi.prod.99iddev.net/assets/240_talavera_talavera_office_park_20180706090907_30209_c391c8b235.jpg,,
240-talavera-talavera-office-park-20180706090907-34193,Media Library/Office Venue/240-talavera-talavera-office-park-20180706090907-34193,2120,0,1,1,interior/240_talavera-talavera-office-park_20180706090907_34193.jpg,interior,240_talavera-talavera-office-park_20180706090907_34193.jpg,uploaded,54796,240_talavera-talavera-office-park_20180706090907_34193.jpg,https://cdn-strapi.prod.99iddev.net/assets/240_talavera_talavera_office_park_20180706090907_34193_1b9f8d1e24.jpg,,
240-talavera-talavera-office-park-20180706090907-43160,Media Library/Office Venue/240-talavera-talavera-office-park-20180706090907-43160,2121,0,1,1,interior/240_talavera-talavera-office-park_20180706090907_43160.jpg,interior,240_talavera-talavera-office-park_20180706090907_43160.jpg,uploaded,54797,240_talavera-talavera-office-park_20180706090907_43160.jpg,https://cdn-strapi.prod.99iddev.net/assets/240_talavera_talavera_office_park_20180706090907_43160_f23d4949c7.jpg,,
240-talavera-talavera-office-park-20180706090907-78652,Media Library/Office Venue/240-talavera-talavera-office-park-20180706090907-78652,2122,0,1,1,interior/240_talavera-talavera-office-park_20180706090907_78652.jpg,interior,240_talavera-talavera-office-park_20180706090907_78652.jpg,uploaded,54798,240_talavera-talavera-office-park_20180706090907_78652.jpg,https://cdn-strapi.prod.99iddev.net/assets/240_talavera_talavera_office_park_20180706090907_78652_da4451e3b3.jpg,,
240-talavera-talavera-office-park-20180706090908-22728,Media Library/Office Venue/240-talavera-talavera-office-park-20180706090908-22728,2123,0,1,1,interior/240_talavera-talavera-office-park_20180706090908_22728.jpg,interior,240_talavera-talavera-office-park_20180706090908_22728.jpg,uploaded,54799,240_talavera-talavera-office-park_20180706090908_22728.jpg,https://cdn-strapi.prod.99iddev.net/assets/240_talavera_talavera_office_park_20180706090908_22728_684031fb22.jpg,,
240-talavera-talavera-office-park-20180706090908-92668,Media Library/Office Venue/240-talavera-talavera-office-park-20180706090908-92668,2124,0,1,1,interior/240_talavera-talavera-office-park_20180706090908_92668.jpg,interior,240_talavera-talavera-office-park_20180706090908_92668.jpg,uploaded,54800,240_talavera-talavera-office-park_20180706090908_92668.jpg,https://cdn-strapi.prod.99iddev.net/assets/240_talavera_talavera_office_park_20180706090908_92668_d845bdfc73.jpg,,
248-kota-kasablanka-88-kasablanka-tower-a-20170214042618-46442,Media Library/Office Venue/248-kota-kasablanka-88-kasablanka-tower-a-20170214042618-46442,2125,0,1,1,interior/248_kota-kasablanka-88-kasablanka-tower-a_20170214042618_46442.jpg,interior,248_kota-kasablanka-88-kasablanka-tower-a_20170214042618_46442.jpg,uploaded,54801,248_kota-kasablanka-88-kasablanka-tower-a_20170214042618_46442.jpg,https://cdn-strapi.prod.99iddev.net/assets/248_kota_kasablanka_88_kasablanka_tower_a_20170214042618_46442_3b9a8fb7d8.jpg,,
248-kota-kasablanka-88-kasablanka-tower-a-20170214042619-49347,Media Library/Office Venue/248-kota-kasablanka-88-kasablanka-tower-a-20170214042619-49347,2126,0,1,1,interior/248_kota-kasablanka-88-kasablanka-tower-a_20170214042619_49347.jpg,interior,248_kota-kasablanka-88-kasablanka-tower-a_20170214042619_49347.jpg,uploaded,54802,248_kota-kasablanka-88-kasablanka-tower-a_20170214042619_49347.jpg,https://cdn-strapi.prod.99iddev.net/assets/248_kota_kasablanka_88_kasablanka_tower_a_20170214042619_49347_c27b11c8eb.jpg,,
248-kota-kasablanka-88-kasablanka-tower-a-20170214042620-87185,Media Library/Office Venue/248-kota-kasablanka-88-kasablanka-tower-a-20170214042620-87185,2127,0,1,1,interior/248_kota-kasablanka-88-kasablanka-tower-a_20170214042620_87185.jpg,interior,248_kota-kasablanka-88-kasablanka-tower-a_20170214042620_87185.jpg,uploaded,54803,248_kota-kasablanka-88-kasablanka-tower-a_20170214042620_87185.jpg,https://cdn-strapi.prod.99iddev.net/assets/248_kota_kasablanka_88_kasablanka_tower_a_20170214042620_87185_24296e1a23.jpg,,
248-kota-kasablanka-88-kasablanka-tower-a-20170214042621-54857,Media Library/Office Venue/248-kota-kasablanka-88-kasablanka-tower-a-20170214042621-54857,2128,0,1,1,interior/248_kota-kasablanka-88-kasablanka-tower-a_20170214042621_54857.jpg,interior,248_kota-kasablanka-88-kasablanka-tower-a_20170214042621_54857.jpg,uploaded,54804,248_kota-kasablanka-88-kasablanka-tower-a_20170214042621_54857.jpg,https://cdn-strapi.prod.99iddev.net/assets/248_kota_kasablanka_88_kasablanka_tower_a_20170214042621_54857_4472157260.jpg,,
248-kota-kasablanka-88-kasablanka-tower-a-20170214042622-58204,Media Library/Office Venue/248-kota-kasablanka-88-kasablanka-tower-a-20170214042622-58204,2129,0,1,1,interior/248_kota-kasablanka-88-kasablanka-tower-a_20170214042622_58204.jpg,interior,248_kota-kasablanka-88-kasablanka-tower-a_20170214042622_58204.jpg,uploaded,54805,248_kota-kasablanka-88-kasablanka-tower-a_20170214042622_58204.jpg,https://cdn-strapi.prod.99iddev.net/assets/248_kota_kasablanka_88_kasablanka_tower_a_20170214042622_58204_1e8f87ac7b.jpg,,
248-kota-kasablanka-88-kasablanka-tower-a-20170214042622-99132,Media Library/Office Venue/248-kota-kasablanka-88-kasablanka-tower-a-20170214042622-99132,2130,0,1,1,interior/248_kota-kasablanka-88-kasablanka-tower-a_20170214042622_99132.jpg,interior,248_kota-kasablanka-88-kasablanka-tower-a_20170214042622_99132.jpg,uploaded,54806,248_kota-kasablanka-88-kasablanka-tower-a_20170214042622_99132.jpg,https://cdn-strapi.prod.99iddev.net/assets/248_kota_kasablanka_88_kasablanka_tower_a_20170214042622_99132_70118865c8.jpg,,
248-kota-kasablanka-88-kasablanka-tower-a-20170214042623-23856,Media Library/Office Venue/248-kota-kasablanka-88-kasablanka-tower-a-20170214042623-23856,2131,0,1,1,interior/248_kota-kasablanka-88-kasablanka-tower-a_20170214042623_23856.jpg,interior,248_kota-kasablanka-88-kasablanka-tower-a_20170214042623_23856.jpg,uploaded,54807,248_kota-kasablanka-88-kasablanka-tower-a_20170214042623_23856.jpg,https://cdn-strapi.prod.99iddev.net/assets/248_kota_kasablanka_88_kasablanka_tower_a_20170214042623_23856_6cfb904d32.jpg,,
248-kota-kasablanka-88-kasablanka-tower-a-20170214042623-44751,Media Library/Office Venue/248-kota-kasablanka-88-kasablanka-tower-a-20170214042623-44751,2132,0,1,1,interior/248_kota-kasablanka-88-kasablanka-tower-a_20170214042623_44751.jpg,interior,248_kota-kasablanka-88-kasablanka-tower-a_20170214042623_44751.jpg,uploaded,54808,248_kota-kasablanka-88-kasablanka-tower-a_20170214042623_44751.jpg,https://cdn-strapi.prod.99iddev.net/assets/248_kota_kasablanka_88_kasablanka_tower_a_20170214042623_44751_468a1cc472.jpg,,
248-kota-kasablanka-88-kasablanka-tower-a-20170214042623-59319,Media Library/Office Venue/248-kota-kasablanka-88-kasablanka-tower-a-20170214042623-59319,2133,0,1,1,interior/248_kota-kasablanka-88-kasablanka-tower-a_20170214042623_59319.jpg,interior,248_kota-kasablanka-88-kasablanka-tower-a_20170214042623_59319.jpg,uploaded,54809,248_kota-kasablanka-88-kasablanka-tower-a_20170214042623_59319.jpg,https://cdn-strapi.prod.99iddev.net/assets/248_kota_kasablanka_88_kasablanka_tower_a_20170214042623_59319_83481d59e6.jpg,,
248-kota-kasablanka-88-kasablanka-tower-a-20170214042623-61601,Media Library/Office Venue/248-kota-kasablanka-88-kasablanka-tower-a-20170214042623-61601,2134,0,1,1,interior/248_kota-kasablanka-88-kasablanka-tower-a_20170214042623_61601.jpg,interior,248_kota-kasablanka-88-kasablanka-tower-a_20170214042623_61601.jpg,uploaded,54810,248_kota-kasablanka-88-kasablanka-tower-a_20170214042623_61601.jpg,https://cdn-strapi.prod.99iddev.net/assets/248_kota_kasablanka_88_kasablanka_tower_a_20170214042623_61601_5338467272.jpg,,
248-kota-kasablanka-88-kasablanka-tower-a-20170214042624-47835,Media Library/Office Venue/248-kota-kasablanka-88-kasablanka-tower-a-20170214042624-47835,2135,0,1,1,interior/248_kota-kasablanka-88-kasablanka-tower-a_20170214042624_47835.jpg,interior,248_kota-kasablanka-88-kasablanka-tower-a_20170214042624_47835.jpg,uploaded,54811,248_kota-kasablanka-88-kasablanka-tower-a_20170214042624_47835.jpg,https://cdn-strapi.prod.99iddev.net/assets/248_kota_kasablanka_88_kasablanka_tower_a_20170214042624_47835_b0a8e21663.jpg,,
248-kota-kasablanka-88-kasablanka-tower-a-20170214042625-12353,Media Library/Office Venue/248-kota-kasablanka-88-kasablanka-tower-a-20170214042625-12353,2136,0,1,1,interior/248_kota-kasablanka-88-kasablanka-tower-a_20170214042625_12353.jpg,interior,248_kota-kasablanka-88-kasablanka-tower-a_20170214042625_12353.jpg,uploaded,54812,248_kota-kasablanka-88-kasablanka-tower-a_20170214042625_12353.jpg,https://cdn-strapi.prod.99iddev.net/assets/248_kota_kasablanka_88_kasablanka_tower_a_20170214042625_12353_a98fc6db1b.jpg,,
248-kota-kasablanka-88-kasablanka-tower-a-20170214042625-83286,Media Library/Office Venue/248-kota-kasablanka-88-kasablanka-tower-a-20170214042625-83286,2137,0,1,1,interior/248_kota-kasablanka-88-kasablanka-tower-a_20170214042625_83286.jpg,interior,248_kota-kasablanka-88-kasablanka-tower-a_20170214042625_83286.jpg,uploaded,54813,248_kota-kasablanka-88-kasablanka-tower-a_20170214042625_83286.jpg,https://cdn-strapi.prod.99iddev.net/assets/248_kota_kasablanka_88_kasablanka_tower_a_20170214042625_83286_a37d0381ce.jpg,,
249-kota-kasablanka-88-kota-kasablanka-tower-b-prudential-center-20170214042814-31852,Media Library/Office Venue/249-kota-kasablanka-88-kota-kasablanka-tower-b-prudential-center-20170214042814-31852,2138,0,1,1,interior/249_kota-kasablanka-88-kota-kasablanka-tower-b-prudential-center_20170214042814_31852.jpg,interior,249_kota-kasablanka-88-kota-kasablanka-tower-b-prudential-center_20170214042814_31852.jpg,uploaded,54814,249_kota-kasablanka-88-kota-kasablanka-tower-b-prudential-center_20170214042814_31852.jpg,https://cdn-strapi.prod.99iddev.net/assets/249_kota_kasablanka_88_kota_kasablanka_tower_b_prudential_center_20170214042814_31852_f26d45182a.jpg,,
249-kota-kasablanka-88-kota-kasablanka-tower-b-prudential-center-20170214042814-33941,Media Library/Office Venue/249-kota-kasablanka-88-kota-kasablanka-tower-b-prudential-center-20170214042814-33941,2139,0,1,1,interior/249_kota-kasablanka-88-kota-kasablanka-tower-b-prudential-center_20170214042814_33941.jpg,interior,249_kota-kasablanka-88-kota-kasablanka-tower-b-prudential-center_20170214042814_33941.jpg,uploaded,54815,249_kota-kasablanka-88-kota-kasablanka-tower-b-prudential-center_20170214042814_33941.jpg,https://cdn-strapi.prod.99iddev.net/assets/249_kota_kasablanka_88_kota_kasablanka_tower_b_prudential_center_20170214042814_33941_3acba38095.jpg,,
249-kota-kasablanka-88-kota-kasablanka-tower-b-prudential-center-20170214042815-24026,Media Library/Office Venue/249-kota-kasablanka-88-kota-kasablanka-tower-b-prudential-center-20170214042815-24026,2140,0,1,1,interior/249_kota-kasablanka-88-kota-kasablanka-tower-b-prudential-center_20170214042815_24026.jpg,interior,249_kota-kasablanka-88-kota-kasablanka-tower-b-prudential-center_20170214042815_24026.jpg,uploaded,54816,249_kota-kasablanka-88-kota-kasablanka-tower-b-prudential-center_20170214042815_24026.jpg,https://cdn-strapi.prod.99iddev.net/assets/249_kota_kasablanka_88_kota_kasablanka_tower_b_prudential_center_20170214042815_24026_1f4d7f4640.jpg,,
249-kota-kasablanka-88-kota-kasablanka-tower-b-prudential-center-20170214042815-68757,Media Library/Office Venue/249-kota-kasablanka-88-kota-kasablanka-tower-b-prudential-center-20170214042815-68757,2141,0,1,1,interior/249_kota-kasablanka-88-kota-kasablanka-tower-b-prudential-center_20170214042815_68757.jpg,interior,249_kota-kasablanka-88-kota-kasablanka-tower-b-prudential-center_20170214042815_68757.jpg,uploaded,54817,249_kota-kasablanka-88-kota-kasablanka-tower-b-prudential-center_20170214042815_68757.jpg,https://cdn-strapi.prod.99iddev.net/assets/249_kota_kasablanka_88_kota_kasablanka_tower_b_prudential_center_20170214042815_68757_cd63a02ac2.jpg,,
249-kota-kasablanka-88-kota-kasablanka-tower-b-prudential-center-20170222073232-53985,Media Library/Office Venue/249-kota-kasablanka-88-kota-kasablanka-tower-b-prudential-center-20170222073232-53985,2142,0,1,1,floorplan/249_kota-kasablanka-88-kota-kasablanka-tower-b-prudential-center_20170222073232_53985.jpg,floorplan,249_kota-kasablanka-88-kota-kasablanka-tower-b-prudential-center_20170222073232_53985.jpg,uploaded,54818,249_kota-kasablanka-88-kota-kasablanka-tower-b-prudential-center_20170222073232_53985.jpg,https://cdn-strapi.prod.99iddev.net/assets/249_kota_kasablanka_88_kota_kasablanka_tower_b_prudential_center_20170222073232_53985_9323a29668.jpg,,
249-kota-kasablanka-88-kota-kasablanka-tower-b-prudential-center-20180202021158-22255,Media Library/Office Venue/249-kota-kasablanka-88-kota-kasablanka-tower-b-prudential-center-20180202021158-22255,2143,0,1,1,floorplan/249_kota-kasablanka-88-kota-kasablanka-tower-b-prudential-center_20180202021158_22255.jpg,floorplan,249_kota-kasablanka-88-kota-kasablanka-tower-b-prudential-center_20180202021158_22255.jpg,uploaded,54819,249_kota-kasablanka-88-kota-kasablanka-tower-b-prudential-center_20180202021158_22255.jpg,https://cdn-strapi.prod.99iddev.net/assets/249_kota_kasablanka_88_kota_kasablanka_tower_b_prudential_center_20180202021158_22255_88895e3f61.jpg,,
249-kota-kasablanka-88-kota-kasablanka-tower-b-prudential-center-20180507095401-21415,Media Library/Office Venue/249-kota-kasablanka-88-kota-kasablanka-tower-b-prudential-center-20180507095401-21415,2144,0,1,1,interior/249_kota-kasablanka-88-kota-kasablanka-tower-b-prudential-center_20180507095401_21415.jpg,interior,249_kota-kasablanka-88-kota-kasablanka-tower-b-prudential-center_20180507095401_21415.jpg,uploaded,54820,249_kota-kasablanka-88-kota-kasablanka-tower-b-prudential-center_20180507095401_21415.jpg,https://cdn-strapi.prod.99iddev.net/assets/249_kota_kasablanka_88_kota_kasablanka_tower_b_prudential_center_20180507095401_21415_fd5ca0b1e1.jpg,,
249-kota-kasablanka-88-kota-kasablanka-tower-b-prudential-center-20180507095402-46781,Media Library/Office Venue/249-kota-kasablanka-88-kota-kasablanka-tower-b-prudential-center-20180507095402-46781,2145,0,1,1,interior/249_kota-kasablanka-88-kota-kasablanka-tower-b-prudential-center_20180507095402_46781.jpg,interior,249_kota-kasablanka-88-kota-kasablanka-tower-b-prudential-center_20180507095402_46781.jpg,uploaded,54821,249_kota-kasablanka-88-kota-kasablanka-tower-b-prudential-center_20180507095402_46781.jpg,https://cdn-strapi.prod.99iddev.net/assets/249_kota_kasablanka_88_kota_kasablanka_tower_b_prudential_center_20180507095402_46781_3c9495995f.jpg,,
249-kota-kasablanka-88-kota-kasablanka-tower-b-prudential-center-20180507095402-48035,Media Library/Office Venue/249-kota-kasablanka-88-kota-kasablanka-tower-b-prudential-center-20180507095402-48035,2146,0,1,1,interior/249_kota-kasablanka-88-kota-kasablanka-tower-b-prudential-center_20180507095402_48035.jpg,interior,249_kota-kasablanka-88-kota-kasablanka-tower-b-prudential-center_20180507095402_48035.jpg,uploaded,54822,249_kota-kasablanka-88-kota-kasablanka-tower-b-prudential-center_20180507095402_48035.jpg,https://cdn-strapi.prod.99iddev.net/assets/249_kota_kasablanka_88_kota_kasablanka_tower_b_prudential_center_20180507095402_48035_e0f678ba58.jpg,,
249-kota-kasablanka-88-kota-kasablanka-tower-b-prudential-center-20180507095402-63038,Media Library/Office Venue/249-kota-kasablanka-88-kota-kasablanka-tower-b-prudential-center-20180507095402-63038,2147,0,1,1,interior/249_kota-kasablanka-88-kota-kasablanka-tower-b-prudential-center_20180507095402_63038.jpg,interior,249_kota-kasablanka-88-kota-kasablanka-tower-b-prudential-center_20180507095402_63038.jpg,uploaded,54823,249_kota-kasablanka-88-kota-kasablanka-tower-b-prudential-center_20180507095402_63038.jpg,https://cdn-strapi.prod.99iddev.net/assets/249_kota_kasablanka_88_kota_kasablanka_tower_b_prudential_center_20180507095402_63038_c9f5dd9590.jpg,,
249-kota-kasablanka-88-kota-kasablanka-tower-b-prudential-center-20180507095403-21559,Media Library/Office Venue/249-kota-kasablanka-88-kota-kasablanka-tower-b-prudential-center-20180507095403-21559,2148,0,1,1,interior/249_kota-kasablanka-88-kota-kasablanka-tower-b-prudential-center_20180507095403_21559.jpg,interior,249_kota-kasablanka-88-kota-kasablanka-tower-b-prudential-center_20180507095403_21559.jpg,uploaded,54824,249_kota-kasablanka-88-kota-kasablanka-tower-b-prudential-center_20180507095403_21559.jpg,https://cdn-strapi.prod.99iddev.net/assets/249_kota_kasablanka_88_kota_kasablanka_tower_b_prudential_center_20180507095403_21559_0e842c1cf2.jpg,,
249-kota-kasablanka-88-kota-kasablanka-tower-b-prudential-center-20180507095403-68553,Media Library/Office Venue/249-kota-kasablanka-88-kota-kasablanka-tower-b-prudential-center-20180507095403-68553,2149,0,1,1,interior/249_kota-kasablanka-88-kota-kasablanka-tower-b-prudential-center_20180507095403_68553.jpg,interior,249_kota-kasablanka-88-kota-kasablanka-tower-b-prudential-center_20180507095403_68553.jpg,uploaded,54825,249_kota-kasablanka-88-kota-kasablanka-tower-b-prudential-center_20180507095403_68553.jpg,https://cdn-strapi.prod.99iddev.net/assets/249_kota_kasablanka_88_kota_kasablanka_tower_b_prudential_center_20180507095403_68553_38b63075fd.jpg,,
249-kota-kasablanka-88-kota-kasablanka-tower-b-prudential-center-20180507095404-40804,Media Library/Office Venue/249-kota-kasablanka-88-kota-kasablanka-tower-b-prudential-center-20180507095404-40804,2150,0,1,1,interior/249_kota-kasablanka-88-kota-kasablanka-tower-b-prudential-center_20180507095404_40804.jpg,interior,249_kota-kasablanka-88-kota-kasablanka-tower-b-prudential-center_20180507095404_40804.jpg,uploaded,54826,249_kota-kasablanka-88-kota-kasablanka-tower-b-prudential-center_20180507095404_40804.jpg,https://cdn-strapi.prod.99iddev.net/assets/249_kota_kasablanka_88_kota_kasablanka_tower_b_prudential_center_20180507095404_40804_74d963c4e8.jpg,,
249-kota-kasablanka-88-kota-kasablanka-tower-b-prudential-center-20180507095404-84756,Media Library/Office Venue/249-kota-kasablanka-88-kota-kasablanka-tower-b-prudential-center-20180507095404-84756,2151,0,1,1,interior/249_kota-kasablanka-88-kota-kasablanka-tower-b-prudential-center_20180507095404_84756.jpg,interior,249_kota-kasablanka-88-kota-kasablanka-tower-b-prudential-center_20180507095404_84756.jpg,uploaded,54827,249_kota-kasablanka-88-kota-kasablanka-tower-b-prudential-center_20180507095404_84756.jpg,https://cdn-strapi.prod.99iddev.net/assets/249_kota_kasablanka_88_kota_kasablanka_tower_b_prudential_center_20180507095404_84756_112db10793.jpg,,
249-kota-kasablanka-88-kota-kasablanka-tower-prudential-center-20160914090630-48987,Media Library/Office Venue/249-kota-kasablanka-88-kota-kasablanka-tower-prudential-center-20160914090630-48987,2152,0,1,1,exterior/249_kota-kasablanka-88-kota-kasablanka-tower-prudential-center_20160914090630_48987.jpg,exterior,249_kota-kasablanka-88-kota-kasablanka-tower-prudential-center_20160914090630_48987.jpg,uploaded,54828,249_kota-kasablanka-88-kota-kasablanka-tower-prudential-center_20160914090630_48987.jpg,https://cdn-strapi.prod.99iddev.net/assets/249_kota_kasablanka_88_kota_kasablanka_tower_prudential_center_20160914090630_48987_e3525056bf.jpg,,
249-kota-kasablanka-88-kota-kasablanka-tower-prudential-center-20160914090631-13773,Media Library/Office Venue/249-kota-kasablanka-88-kota-kasablanka-tower-prudential-center-20160914090631-13773,2153,0,1,1,exterior/249_kota-kasablanka-88-kota-kasablanka-tower-prudential-center_20160914090631_13773.jpg,exterior,249_kota-kasablanka-88-kota-kasablanka-tower-prudential-center_20160914090631_13773.jpg,uploaded,54829,249_kota-kasablanka-88-kota-kasablanka-tower-prudential-center_20160914090631_13773.jpg,https://cdn-strapi.prod.99iddev.net/assets/249_kota_kasablanka_88_kota_kasablanka_tower_prudential_center_20160914090631_13773_d63b267e00.jpg,,
249-kota-kasablanka-88-kota-kasablanka-tower-prudential-center-20160914090631-63918,Media Library/Office Venue/249-kota-kasablanka-88-kota-kasablanka-tower-prudential-center-20160914090631-63918,2154,0,1,1,exterior/249_kota-kasablanka-88-kota-kasablanka-tower-prudential-center_20160914090631_63918.jpg,exterior,249_kota-kasablanka-88-kota-kasablanka-tower-prudential-center_20160914090631_63918.jpg,uploaded,54830,249_kota-kasablanka-88-kota-kasablanka-tower-prudential-center_20160914090631_63918.jpg,https://cdn-strapi.prod.99iddev.net/assets/249_kota_kasablanka_88_kota_kasablanka_tower_prudential_center_20160914090631_63918_7317265d67.jpg,,
249-kota-kasablanka-88-kota-kasablanka-tower-prudential-center-20160914090633-53821,Media Library/Office Venue/249-kota-kasablanka-88-kota-kasablanka-tower-prudential-center-20160914090633-53821,2155,0,1,1,exterior/249_kota-kasablanka-88-kota-kasablanka-tower-prudential-center_20160914090633_53821.jpg,exterior,249_kota-kasablanka-88-kota-kasablanka-tower-prudential-center_20160914090633_53821.jpg,uploaded,54831,249_kota-kasablanka-88-kota-kasablanka-tower-prudential-center_20160914090633_53821.jpg,https://cdn-strapi.prod.99iddev.net/assets/249_kota_kasablanka_88_kota_kasablanka_tower_prudential_center_20160914090633_53821_983a6e9516.jpg,,
249-kota-kasablanka-88-kota-kasablanka-tower-prudential-center-20160914090634-13708,Media Library/Office Venue/249-kota-kasablanka-88-kota-kasablanka-tower-prudential-center-20160914090634-13708,2156,0,1,1,exterior/249_kota-kasablanka-88-kota-kasablanka-tower-prudential-center_20160914090634_13708.jpg,exterior,249_kota-kasablanka-88-kota-kasablanka-tower-prudential-center_20160914090634_13708.jpg,uploaded,54832,249_kota-kasablanka-88-kota-kasablanka-tower-prudential-center_20160914090634_13708.jpg,https://cdn-strapi.prod.99iddev.net/assets/249_kota_kasablanka_88_kota_kasablanka_tower_prudential_center_20160914090634_13708_6627b0e94f.jpg,,
253-gandaria-8-gandaria-8-20160914043840-96867,Media Library/Office Venue/253-gandaria-8-gandaria-8-20160914043840-96867,2157,0,1,1,exterior/253_gandaria-8-gandaria-8_20160914043840_96867.jpg,exterior,253_gandaria-8-gandaria-8_20160914043840_96867.jpg,uploaded,54833,253_gandaria-8-gandaria-8_20160914043840_96867.jpg,https://cdn-strapi.prod.99iddev.net/assets/253_gandaria_8_gandaria_8_20160914043840_96867_fc6d0aeca5.jpg,,
253-gandaria-8-gandaria-8-20160914043841-24249,Media Library/Office Venue/253-gandaria-8-gandaria-8-20160914043841-24249,2158,0,1,1,exterior/253_gandaria-8-gandaria-8_20160914043841_24249.jpg,exterior,253_gandaria-8-gandaria-8_20160914043841_24249.jpg,uploaded,54834,253_gandaria-8-gandaria-8_20160914043841_24249.jpg,https://cdn-strapi.prod.99iddev.net/assets/253_gandaria_8_gandaria_8_20160914043841_24249_c2504ac0a6.jpg,,
253-gandaria-8-gandaria-8-20160914043841-55872,Media Library/Office Venue/253-gandaria-8-gandaria-8-20160914043841-55872,2159,0,1,1,exterior/253_gandaria-8-gandaria-8_20160914043841_55872.jpg,exterior,253_gandaria-8-gandaria-8_20160914043841_55872.jpg,uploaded,54835,253_gandaria-8-gandaria-8_20160914043841_55872.jpg,https://cdn-strapi.prod.99iddev.net/assets/253_gandaria_8_gandaria_8_20160914043841_55872_bc6997e7cf.jpg,,
253-gandaria-8-gandaria-8-20170331101833-22568,Media Library/Office Venue/253-gandaria-8-gandaria-8-20170331101833-22568,2160,0,1,1,interior/253_gandaria-8-gandaria-8_20170331101833_22568.jpg,interior,253_gandaria-8-gandaria-8_20170331101833_22568.jpg,uploaded,54836,253_gandaria-8-gandaria-8_20170331101833_22568.jpg,https://cdn-strapi.prod.99iddev.net/assets/253_gandaria_8_gandaria_8_20170331101833_22568_f8fd51c9fe.jpg,,
253-gandaria-8-gandaria-8-20170331101834-57905,Media Library/Office Venue/253-gandaria-8-gandaria-8-20170331101834-57905,2161,0,1,1,interior/253_gandaria-8-gandaria-8_20170331101834_57905.jpg,interior,253_gandaria-8-gandaria-8_20170331101834_57905.jpg,uploaded,54837,253_gandaria-8-gandaria-8_20170331101834_57905.jpg,https://cdn-strapi.prod.99iddev.net/assets/253_gandaria_8_gandaria_8_20170331101834_57905_ab4469b1b9.jpg,,
253-gandaria-8-gandaria-8-20170331101834-93245,Media Library/Office Venue/253-gandaria-8-gandaria-8-20170331101834-93245,2162,0,1,1,interior/253_gandaria-8-gandaria-8_20170331101834_93245.jpg,interior,253_gandaria-8-gandaria-8_20170331101834_93245.jpg,uploaded,54838,253_gandaria-8-gandaria-8_20170331101834_93245.jpg,https://cdn-strapi.prod.99iddev.net/assets/253_gandaria_8_gandaria_8_20170331101834_93245_dd0eefca06.jpg,,
253-gandaria-8-gandaria-8-20170331101835-20171,Media Library/Office Venue/253-gandaria-8-gandaria-8-20170331101835-20171,2163,0,1,1,interior/253_gandaria-8-gandaria-8_20170331101835_20171.jpg,interior,253_gandaria-8-gandaria-8_20170331101835_20171.jpg,uploaded,54839,253_gandaria-8-gandaria-8_20170331101835_20171.jpg,https://cdn-strapi.prod.99iddev.net/assets/253_gandaria_8_gandaria_8_20170331101835_20171_d1e958f439.jpg,,
253-gandaria-8-gandaria-8-20170331101835-25466,Media Library/Office Venue/253-gandaria-8-gandaria-8-20170331101835-25466,2164,0,1,1,interior/253_gandaria-8-gandaria-8_20170331101835_25466.jpg,interior,253_gandaria-8-gandaria-8_20170331101835_25466.jpg,uploaded,54840,253_gandaria-8-gandaria-8_20170331101835_25466.jpg,https://cdn-strapi.prod.99iddev.net/assets/253_gandaria_8_gandaria_8_20170331101835_25466_423d47cb8f.jpg,,
253-gandaria-8-gandaria-8-20170331101836-20073,Media Library/Office Venue/253-gandaria-8-gandaria-8-20170331101836-20073,2165,0,1,1,interior/253_gandaria-8-gandaria-8_20170331101836_20073.jpg,interior,253_gandaria-8-gandaria-8_20170331101836_20073.jpg,uploaded,54841,253_gandaria-8-gandaria-8_20170331101836_20073.jpg,https://cdn-strapi.prod.99iddev.net/assets/253_gandaria_8_gandaria_8_20170331101836_20073_1697ec4528.jpg,,
253-gandaria-8-gandaria-8-20170331101836-73191,Media Library/Office Venue/253-gandaria-8-gandaria-8-20170331101836-73191,2166,0,1,1,interior/253_gandaria-8-gandaria-8_20170331101836_73191.jpg,interior,253_gandaria-8-gandaria-8_20170331101836_73191.jpg,uploaded,54842,253_gandaria-8-gandaria-8_20170331101836_73191.jpg,https://cdn-strapi.prod.99iddev.net/assets/253_gandaria_8_gandaria_8_20170331101836_73191_a7005b1387.jpg,,
253-gandaria-8-gandaria-8-20170331101836-90929,Media Library/Office Venue/253-gandaria-8-gandaria-8-20170331101836-90929,2167,0,1,1,interior/253_gandaria-8-gandaria-8_20170331101836_90929.jpg,interior,253_gandaria-8-gandaria-8_20170331101836_90929.jpg,uploaded,54843,253_gandaria-8-gandaria-8_20170331101836_90929.jpg,https://cdn-strapi.prod.99iddev.net/assets/253_gandaria_8_gandaria_8_20170331101836_90929_3faa388750.jpg,,
253-gandaria-8-gandaria-8-20170331101837-24493,Media Library/Office Venue/253-gandaria-8-gandaria-8-20170331101837-24493,2168,0,1,1,interior/253_gandaria-8-gandaria-8_20170331101837_24493.jpg,interior,253_gandaria-8-gandaria-8_20170331101837_24493.jpg,uploaded,54844,253_gandaria-8-gandaria-8_20170331101837_24493.jpg,https://cdn-strapi.prod.99iddev.net/assets/253_gandaria_8_gandaria_8_20170331101837_24493_7e9cfd79d6.jpg,,
256-one-wolter-place-one-wolter-place-20160914044346-10312,Media Library/Office Venue/256-one-wolter-place-one-wolter-place-20160914044346-10312,2169,0,1,1,exterior/256_one-wolter-place-one-wolter-place_20160914044346_10312.jpg,exterior,256_one-wolter-place-one-wolter-place_20160914044346_10312.jpg,uploaded,54845,256_one-wolter-place-one-wolter-place_20160914044346_10312.jpg,https://cdn-strapi.prod.99iddev.net/assets/256_one_wolter_place_one_wolter_place_20160914044346_10312_6815a7eb97.jpg,,
256-one-wolter-place-one-wolter-place-20160914044346-52374,Media Library/Office Venue/256-one-wolter-place-one-wolter-place-20160914044346-52374,2170,0,1,1,exterior/256_one-wolter-place-one-wolter-place_20160914044346_52374.jpg,exterior,256_one-wolter-place-one-wolter-place_20160914044346_52374.jpg,uploaded,54846,256_one-wolter-place-one-wolter-place_20160914044346_52374.jpg,https://cdn-strapi.prod.99iddev.net/assets/256_one_wolter_place_one_wolter_place_20160914044346_52374_99617ac06c.jpg,,
256-one-wolter-place-one-wolter-place-20160914044347-82101,Media Library/Office Venue/256-one-wolter-place-one-wolter-place-20160914044347-82101,2171,0,1,1,exterior/256_one-wolter-place-one-wolter-place_20160914044347_82101.jpg,exterior,256_one-wolter-place-one-wolter-place_20160914044347_82101.jpg,uploaded,54847,256_one-wolter-place-one-wolter-place_20160914044347_82101.jpg,https://cdn-strapi.prod.99iddev.net/assets/256_one_wolter_place_one_wolter_place_20160914044347_82101_14d4b31806.jpg,,
256-one-wolter-place-one-wolter-place-20170214042725-76656,Media Library/Office Venue/256-one-wolter-place-one-wolter-place-20170214042725-76656,2172,0,1,1,interior/256_one-wolter-place-one-wolter-place_20170214042725_76656.jpg,interior,256_one-wolter-place-one-wolter-place_20170214042725_76656.jpg,uploaded,54848,256_one-wolter-place-one-wolter-place_20170214042725_76656.jpg,https://cdn-strapi.prod.99iddev.net/assets/256_one_wolter_place_one_wolter_place_20170214042725_76656_7c12b91041.jpg,,
256-one-wolter-place-one-wolter-place-20170214042726-14007,Media Library/Office Venue/256-one-wolter-place-one-wolter-place-20170214042726-14007,2173,0,1,1,interior/256_one-wolter-place-one-wolter-place_20170214042726_14007.jpg,interior,256_one-wolter-place-one-wolter-place_20170214042726_14007.jpg,uploaded,54849,256_one-wolter-place-one-wolter-place_20170214042726_14007.jpg,https://cdn-strapi.prod.99iddev.net/assets/256_one_wolter_place_one_wolter_place_20170214042726_14007_f54262e686.jpg,,
256-one-wolter-place-one-wolter-place-20170214042726-79894,Media Library/Office Venue/256-one-wolter-place-one-wolter-place-20170214042726-79894,2174,0,1,1,interior/256_one-wolter-place-one-wolter-place_20170214042726_79894.jpg,interior,256_one-wolter-place-one-wolter-place_20170214042726_79894.jpg,uploaded,54850,256_one-wolter-place-one-wolter-place_20170214042726_79894.jpg,https://cdn-strapi.prod.99iddev.net/assets/256_one_wolter_place_one_wolter_place_20170214042726_79894_52dcf0df76.jpg,,
256-one-wolter-place-one-wolter-place-20170214042727-34358,Media Library/Office Venue/256-one-wolter-place-one-wolter-place-20170214042727-34358,2175,0,1,1,interior/256_one-wolter-place-one-wolter-place_20170214042727_34358.jpg,interior,256_one-wolter-place-one-wolter-place_20170214042727_34358.jpg,uploaded,54851,256_one-wolter-place-one-wolter-place_20170214042727_34358.jpg,https://cdn-strapi.prod.99iddev.net/assets/256_one_wolter_place_one_wolter_place_20170214042727_34358_72878036ba.jpg,,
256-one-wolter-place-one-wolter-place-20170214042727-84385,Media Library/Office Venue/256-one-wolter-place-one-wolter-place-20170214042727-84385,2176,0,1,1,interior/256_one-wolter-place-one-wolter-place_20170214042727_84385.jpg,interior,256_one-wolter-place-one-wolter-place_20170214042727_84385.jpg,uploaded,54852,256_one-wolter-place-one-wolter-place_20170214042727_84385.jpg,https://cdn-strapi.prod.99iddev.net/assets/256_one_wolter_place_one_wolter_place_20170214042727_84385_dd109e6906.jpg,,
256-one-wolter-place-one-wolter-place-20170214042728-67628,Media Library/Office Venue/256-one-wolter-place-one-wolter-place-20170214042728-67628,2177,0,1,1,interior/256_one-wolter-place-one-wolter-place_20170214042728_67628.jpg,interior,256_one-wolter-place-one-wolter-place_20170214042728_67628.jpg,uploaded,54853,256_one-wolter-place-one-wolter-place_20170214042728_67628.jpg,https://cdn-strapi.prod.99iddev.net/assets/256_one_wolter_place_one_wolter_place_20170214042728_67628_fecd84df72.jpg,,
256-one-wolter-place-one-wolter-place-20170214042728-88031,Media Library/Office Venue/256-one-wolter-place-one-wolter-place-20170214042728-88031,2178,0,1,1,interior/256_one-wolter-place-one-wolter-place_20170214042728_88031.jpg,interior,256_one-wolter-place-one-wolter-place_20170214042728_88031.jpg,uploaded,54854,256_one-wolter-place-one-wolter-place_20170214042728_88031.jpg,https://cdn-strapi.prod.99iddev.net/assets/256_one_wolter_place_one_wolter_place_20170214042728_88031_9bfc2c0663.jpg,,
256-one-wolter-place-one-wolter-place-20170214042728-89292,Media Library/Office Venue/256-one-wolter-place-one-wolter-place-20170214042728-89292,2179,0,1,1,interior/256_one-wolter-place-one-wolter-place_20170214042728_89292.jpg,interior,256_one-wolter-place-one-wolter-place_20170214042728_89292.jpg,uploaded,54855,256_one-wolter-place-one-wolter-place_20170214042728_89292.jpg,https://cdn-strapi.prod.99iddev.net/assets/256_one_wolter_place_one_wolter_place_20170214042728_89292_5a1665c6e2.jpg,,
256-one-wolter-place-one-wolter-place-20170214042729-21536,Media Library/Office Venue/256-one-wolter-place-one-wolter-place-20170214042729-21536,2180,0,1,1,interior/256_one-wolter-place-one-wolter-place_20170214042729_21536.jpg,interior,256_one-wolter-place-one-wolter-place_20170214042729_21536.jpg,uploaded,54856,256_one-wolter-place-one-wolter-place_20170214042729_21536.jpg,https://cdn-strapi.prod.99iddev.net/assets/256_one_wolter_place_one_wolter_place_20170214042729_21536_c1d2b7e75c.jpg,,
256-one-wolter-place-one-wolter-place-20170316041850-48051,Media Library/Office Venue/256-one-wolter-place-one-wolter-place-20170316041850-48051,2181,0,1,1,floorplan/256_one-wolter-place-one-wolter-place_20170316041850_48051.jpg,floorplan,256_one-wolter-place-one-wolter-place_20170316041850_48051.jpg,uploaded,54857,256_one-wolter-place-one-wolter-place_20170316041850_48051.jpg,https://cdn-strapi.prod.99iddev.net/assets/256_one_wolter_place_one_wolter_place_20170316041850_48051_24c41c47e6.jpg,,
256-one-wolter-place-one-wolter-place-20170411041522-92329,Media Library/Office Venue/256-one-wolter-place-one-wolter-place-20170411041522-92329,2182,0,1,1,interior/256_one-wolter-place-one-wolter-place_20170411041522_92329.jpg,interior,256_one-wolter-place-one-wolter-place_20170411041522_92329.jpg,uploaded,54858,256_one-wolter-place-one-wolter-place_20170411041522_92329.jpg,https://cdn-strapi.prod.99iddev.net/assets/256_one_wolter_place_one_wolter_place_20170411041522_92329_bb4efd7fca.jpg,,
256-one-wolter-place-one-wolter-place-20170411041529-34460,Media Library/Office Venue/256-one-wolter-place-one-wolter-place-20170411041529-34460,2183,0,1,1,interior/256_one-wolter-place-one-wolter-place_20170411041529_34460.jpg,interior,256_one-wolter-place-one-wolter-place_20170411041529_34460.jpg,uploaded,54859,256_one-wolter-place-one-wolter-place_20170411041529_34460.jpg,https://cdn-strapi.prod.99iddev.net/assets/256_one_wolter_place_one_wolter_place_20170411041529_34460_a22c4d4178.jpg,,
256-one-wolter-place-one-wolter-place-20170411041537-20501,Media Library/Office Venue/256-one-wolter-place-one-wolter-place-20170411041537-20501,2184,0,1,1,interior/256_one-wolter-place-one-wolter-place_20170411041537_20501.jpg,interior,256_one-wolter-place-one-wolter-place_20170411041537_20501.jpg,uploaded,54860,256_one-wolter-place-one-wolter-place_20170411041537_20501.jpg,https://cdn-strapi.prod.99iddev.net/assets/256_one_wolter_place_one_wolter_place_20170411041537_20501_6103c9242f.jpg,,
256-one-wolter-place-one-wolter-place-20180718045833-38089,Media Library/Office Venue/256-one-wolter-place-one-wolter-place-20180718045833-38089,2185,0,1,1,interior/256_one-wolter-place-one-wolter-place_20180718045833_38089.jpg,interior,256_one-wolter-place-one-wolter-place_20180718045833_38089.jpg,uploaded,54861,256_one-wolter-place-one-wolter-place_20180718045833_38089.jpg,https://cdn-strapi.prod.99iddev.net/assets/256_one_wolter_place_one_wolter_place_20180718045833_38089_1d266d65ca.jpg,,
256-one-wolter-place-one-wolter-place-20180718045834-13802,Media Library/Office Venue/256-one-wolter-place-one-wolter-place-20180718045834-13802,2186,0,1,1,interior/256_one-wolter-place-one-wolter-place_20180718045834_13802.jpg,interior,256_one-wolter-place-one-wolter-place_20180718045834_13802.jpg,uploaded,54862,256_one-wolter-place-one-wolter-place_20180718045834_13802.jpg,https://cdn-strapi.prod.99iddev.net/assets/256_one_wolter_place_one_wolter_place_20180718045834_13802_1c2fe0216c.jpg,,
256-one-wolter-place-one-wolter-place-20180718045834-57942,Media Library/Office Venue/256-one-wolter-place-one-wolter-place-20180718045834-57942,2187,0,1,1,interior/256_one-wolter-place-one-wolter-place_20180718045834_57942.jpg,interior,256_one-wolter-place-one-wolter-place_20180718045834_57942.jpg,uploaded,54863,256_one-wolter-place-one-wolter-place_20180718045834_57942.jpg,https://cdn-strapi.prod.99iddev.net/assets/256_one_wolter_place_one_wolter_place_20180718045834_57942_d7cde6d784.jpg,,
256-one-wolter-place-one-wolter-place-20180718045835-21544,Media Library/Office Venue/256-one-wolter-place-one-wolter-place-20180718045835-21544,2188,0,1,1,interior/256_one-wolter-place-one-wolter-place_20180718045835_21544.jpg,interior,256_one-wolter-place-one-wolter-place_20180718045835_21544.jpg,uploaded,54864,256_one-wolter-place-one-wolter-place_20180718045835_21544.jpg,https://cdn-strapi.prod.99iddev.net/assets/256_one_wolter_place_one_wolter_place_20180718045835_21544_0bd5ccd4f4.jpg,,
256-one-wolter-place-one-wolter-place-20180718045835-30475,Media Library/Office Venue/256-one-wolter-place-one-wolter-place-20180718045835-30475,2189,0,1,1,interior/256_one-wolter-place-one-wolter-place_20180718045835_30475.jpg,interior,256_one-wolter-place-one-wolter-place_20180718045835_30475.jpg,uploaded,54865,256_one-wolter-place-one-wolter-place_20180718045835_30475.jpg,https://cdn-strapi.prod.99iddev.net/assets/256_one_wolter_place_one_wolter_place_20180718045835_30475_ee77381d85.jpg,,
256-one-wolter-place-one-wolter-place-20180718045835-76085,Media Library/Office Venue/256-one-wolter-place-one-wolter-place-20180718045835-76085,2190,0,1,1,interior/256_one-wolter-place-one-wolter-place_20180718045835_76085.jpg,interior,256_one-wolter-place-one-wolter-place_20180718045835_76085.jpg,uploaded,54866,256_one-wolter-place-one-wolter-place_20180718045835_76085.jpg,https://cdn-strapi.prod.99iddev.net/assets/256_one_wolter_place_one_wolter_place_20180718045835_76085_f76638b11d.jpg,,
256-one-wolter-place-one-wolter-place-20180718045836-90923,Media Library/Office Venue/256-one-wolter-place-one-wolter-place-20180718045836-90923,2191,0,1,1,interior/256_one-wolter-place-one-wolter-place_20180718045836_90923.jpg,interior,256_one-wolter-place-one-wolter-place_20180718045836_90923.jpg,uploaded,54867,256_one-wolter-place-one-wolter-place_20180718045836_90923.jpg,https://cdn-strapi.prod.99iddev.net/assets/256_one_wolter_place_one_wolter_place_20180718045836_90923_8b1ac0eb5f.jpg,,
256-one-wolter-place-one-wolter-place-20180718045835421,Media Library/Office Venue/256-one-wolter-place-one-wolter-place-20180718045835421,2192,0,1,1,interior/256_one-wolter-place-one-wolter-place_20180718045835_28421.jpg,interior,256_one-wolter-place-one-wolter-place_20180718045835_28421.jpg,uploaded,54868,256_one-wolter-place-one-wolter-place_20180718045835_28421.jpg,https://cdn-strapi.prod.99iddev.net/assets/256_one_wolter_place_one_wolter_place_20180718045835_28421_f576467528.jpg,,
260-wisma-kemang-wisma-kemang-20170214042846-41373,Media Library/Office Venue/260-wisma-kemang-wisma-kemang-20170214042846-41373,2193,0,1,1,interior/260_wisma-kemang-wisma-kemang_20170214042846_41373.jpg,interior,260_wisma-kemang-wisma-kemang_20170214042846_41373.jpg,uploaded,54869,260_wisma-kemang-wisma-kemang_20170214042846_41373.jpg,https://cdn-strapi.prod.99iddev.net/assets/260_wisma_kemang_wisma_kemang_20170214042846_41373_78359528c5.jpg,,
260-wisma-kemang-wisma-kemang-20170214042847-18389,Media Library/Office Venue/260-wisma-kemang-wisma-kemang-20170214042847-18389,2194,0,1,1,interior/260_wisma-kemang-wisma-kemang_20170214042847_18389.jpg,interior,260_wisma-kemang-wisma-kemang_20170214042847_18389.jpg,uploaded,54870,260_wisma-kemang-wisma-kemang_20170214042847_18389.jpg,https://cdn-strapi.prod.99iddev.net/assets/260_wisma_kemang_wisma_kemang_20170214042847_18389_fe462e6e5d.jpg,,
260-wisma-kemang-wisma-kemang-20170214042847-92991,Media Library/Office Venue/260-wisma-kemang-wisma-kemang-20170214042847-92991,2195,0,1,1,interior/260_wisma-kemang-wisma-kemang_20170214042847_92991.jpg,interior,260_wisma-kemang-wisma-kemang_20170214042847_92991.jpg,uploaded,54871,260_wisma-kemang-wisma-kemang_20170214042847_92991.jpg,https://cdn-strapi.prod.99iddev.net/assets/260_wisma_kemang_wisma_kemang_20170214042847_92991_0fa3ae4c87.jpg,,
260-wisma-kemang-wisma-kemang-20170214042847-97695,Media Library/Office Venue/260-wisma-kemang-wisma-kemang-20170214042847-97695,2196,0,1,1,interior/260_wisma-kemang-wisma-kemang_20170214042847_97695.jpg,interior,260_wisma-kemang-wisma-kemang_20170214042847_97695.jpg,uploaded,54872,260_wisma-kemang-wisma-kemang_20170214042847_97695.jpg,https://cdn-strapi.prod.99iddev.net/assets/260_wisma_kemang_wisma_kemang_20170214042847_97695_93f6ed0549.jpg,,
260-wisma-kemang-wisma-kemang-20170214042848-43973,Media Library/Office Venue/260-wisma-kemang-wisma-kemang-20170214042848-43973,2197,0,1,1,interior/260_wisma-kemang-wisma-kemang_20170214042848_43973.jpg,interior,260_wisma-kemang-wisma-kemang_20170214042848_43973.jpg,uploaded,54873,260_wisma-kemang-wisma-kemang_20170214042848_43973.jpg,https://cdn-strapi.prod.99iddev.net/assets/260_wisma_kemang_wisma_kemang_20170214042848_43973_788bbc930d.jpg,,
260-wisma-kemang-wisma-kemang-20170214042848-70179,Media Library/Office Venue/260-wisma-kemang-wisma-kemang-20170214042848-70179,2198,0,1,1,interior/260_wisma-kemang-wisma-kemang_20170214042848_70179.jpg,interior,260_wisma-kemang-wisma-kemang_20170214042848_70179.jpg,uploaded,54874,260_wisma-kemang-wisma-kemang_20170214042848_70179.jpg,https://cdn-strapi.prod.99iddev.net/assets/260_wisma_kemang_wisma_kemang_20170214042848_70179_6d79d92939.jpg,,
260-wisma-kemang-wisma-kemang-20170214042848-82205,Media Library/Office Venue/260-wisma-kemang-wisma-kemang-20170214042848-82205,2199,0,1,1,interior/260_wisma-kemang-wisma-kemang_20170214042848_82205.jpg,interior,260_wisma-kemang-wisma-kemang_20170214042848_82205.jpg,uploaded,54875,260_wisma-kemang-wisma-kemang_20170214042848_82205.jpg,https://cdn-strapi.prod.99iddev.net/assets/260_wisma_kemang_wisma_kemang_20170214042848_82205_131562338c.jpg,,
260-wisma-kemang-wisma-kemang-20170214042849-95612,Media Library/Office Venue/260-wisma-kemang-wisma-kemang-20170214042849-95612,2200,0,1,1,interior/260_wisma-kemang-wisma-kemang_20170214042849_95612.jpg,interior,260_wisma-kemang-wisma-kemang_20170214042849_95612.jpg,uploaded,54876,260_wisma-kemang-wisma-kemang_20170214042849_95612.jpg,https://cdn-strapi.prod.99iddev.net/assets/260_wisma_kemang_wisma_kemang_20170214042849_95612_d0a2eccb2e.jpg,,
264-wisma-korindo-wisma-korindo-20160914044804-51129,Media Library/Office Venue/264-wisma-korindo-wisma-korindo-20160914044804-51129,2201,0,1,1,exterior/264_wisma-korindo-wisma-korindo_20160914044804_51129.jpg,exterior,264_wisma-korindo-wisma-korindo_20160914044804_51129.jpg,uploaded,54877,264_wisma-korindo-wisma-korindo_20160914044804_51129.jpg,https://cdn-strapi.prod.99iddev.net/assets/264_wisma_korindo_wisma_korindo_20160914044804_51129_c258cef46e.jpg,,
264-wisma-korindo-wisma-korindo-20160914044804-53547,Media Library/Office Venue/264-wisma-korindo-wisma-korindo-20160914044804-53547,2202,0,1,1,exterior/264_wisma-korindo-wisma-korindo_20160914044804_53547.jpg,exterior,264_wisma-korindo-wisma-korindo_20160914044804_53547.jpg,uploaded,54878,264_wisma-korindo-wisma-korindo_20160914044804_53547.jpg,https://cdn-strapi.prod.99iddev.net/assets/264_wisma_korindo_wisma_korindo_20160914044804_53547_145c53c77a.jpg,,
264-wisma-korindo-wisma-korindo-20160914044805-53782,Media Library/Office Venue/264-wisma-korindo-wisma-korindo-20160914044805-53782,2203,0,1,1,exterior/264_wisma-korindo-wisma-korindo_20160914044805_53782.jpg,exterior,264_wisma-korindo-wisma-korindo_20160914044805_53782.jpg,uploaded,54879,264_wisma-korindo-wisma-korindo_20160914044805_53782.jpg,https://cdn-strapi.prod.99iddev.net/assets/264_wisma_korindo_wisma_korindo_20160914044805_53782_fa38d4fef7.jpg,,
264-wisma-korindo-wisma-korindo-20160914044805-64157,Media Library/Office Venue/264-wisma-korindo-wisma-korindo-20160914044805-64157,2204,0,1,1,exterior/264_wisma-korindo-wisma-korindo_20160914044805_64157.jpg,exterior,264_wisma-korindo-wisma-korindo_20160914044805_64157.jpg,uploaded,54880,264_wisma-korindo-wisma-korindo_20160914044805_64157.jpg,https://cdn-strapi.prod.99iddev.net/assets/264_wisma_korindo_wisma_korindo_20160914044805_64157_887f2a9fe9.jpg,,
264-wisma-korindo-wisma-korindo-20170309104318-35600,Media Library/Office Venue/264-wisma-korindo-wisma-korindo-20170309104318-35600,2205,0,1,1,floorplan/264_wisma-korindo-wisma-korindo_20170309104318_35600.jpg,floorplan,264_wisma-korindo-wisma-korindo_20170309104318_35600.jpg,uploaded,54881,264_wisma-korindo-wisma-korindo_20170309104318_35600.jpg,https://cdn-strapi.prod.99iddev.net/assets/264_wisma_korindo_wisma_korindo_20170309104318_35600_b81594e9dc.jpg,,
264-wisma-korindo-wisma-korindo-20170309104318-65649,Media Library/Office Venue/264-wisma-korindo-wisma-korindo-20170309104318-65649,2206,0,1,1,floorplan/264_wisma-korindo-wisma-korindo_20170309104318_65649.jpg,floorplan,264_wisma-korindo-wisma-korindo_20170309104318_65649.jpg,uploaded,54882,264_wisma-korindo-wisma-korindo_20170309104318_65649.jpg,https://cdn-strapi.prod.99iddev.net/assets/264_wisma_korindo_wisma_korindo_20170309104318_65649_7c6e7d715a.jpg,,
264-wisma-korindo-wisma-korindo-20170309104319-70999,Media Library/Office Venue/264-wisma-korindo-wisma-korindo-20170309104319-70999,2207,0,1,1,floorplan/264_wisma-korindo-wisma-korindo_20170309104319_70999.jpg,floorplan,264_wisma-korindo-wisma-korindo_20170309104319_70999.jpg,uploaded,54883,264_wisma-korindo-wisma-korindo_20170309104319_70999.jpg,https://cdn-strapi.prod.99iddev.net/assets/264_wisma_korindo_wisma_korindo_20170309104319_70999_2980c0a1cc.jpg,,
264-wisma-korindo-wisma-korindo-20171212092810-17167,Media Library/Office Venue/264-wisma-korindo-wisma-korindo-20171212092810-17167,2208,0,1,1,floorplan/264_wisma-korindo-wisma-korindo_20171212092810_17167.jpg,floorplan,264_wisma-korindo-wisma-korindo_20171212092810_17167.jpg,uploaded,54884,264_wisma-korindo-wisma-korindo_20171212092810_17167.jpg,https://cdn-strapi.prod.99iddev.net/assets/264_wisma_korindo_wisma_korindo_20171212092810_17167_7723e4ba1e.jpg,,
264-wisma-korindo-wisma-korindo-20180105101954-86636,Media Library/Office Venue/264-wisma-korindo-wisma-korindo-20180105101954-86636,2209,0,1,1,interior/264_wisma-korindo-wisma-korindo_20180105101954_86636.jpg,interior,264_wisma-korindo-wisma-korindo_20180105101954_86636.jpg,uploaded,54885,264_wisma-korindo-wisma-korindo_20180105101954_86636.jpg,https://cdn-strapi.prod.99iddev.net/assets/264_wisma_korindo_wisma_korindo_20180105101954_86636_bf08829509.jpg,,
264-wisma-korindo-wisma-korindo-20180105101956-42175,Media Library/Office Venue/264-wisma-korindo-wisma-korindo-20180105101956-42175,2210,0,1,1,interior/264_wisma-korindo-wisma-korindo_20180105101956_42175.jpg,interior,264_wisma-korindo-wisma-korindo_20180105101956_42175.jpg,uploaded,54886,264_wisma-korindo-wisma-korindo_20180105101956_42175.jpg,https://cdn-strapi.prod.99iddev.net/assets/264_wisma_korindo_wisma_korindo_20180105101956_42175_5d8bb00122.jpg,,
264-wisma-korindo-wisma-korindo-20180105101958-50157,Media Library/Office Venue/264-wisma-korindo-wisma-korindo-20180105101958-50157,2211,0,1,1,interior/264_wisma-korindo-wisma-korindo_20180105101958_50157.jpg,interior,264_wisma-korindo-wisma-korindo_20180105101958_50157.jpg,uploaded,54887,264_wisma-korindo-wisma-korindo_20180105101958_50157.jpg,https://cdn-strapi.prod.99iddev.net/assets/264_wisma_korindo_wisma_korindo_20180105101958_50157_ea092820f2.jpg,,
264-wisma-korindo-wisma-korindo-20180105102000-79431,Media Library/Office Venue/264-wisma-korindo-wisma-korindo-20180105102000-79431,2212,0,1,1,interior/264_wisma-korindo-wisma-korindo_20180105102000_79431.jpg,interior,264_wisma-korindo-wisma-korindo_20180105102000_79431.jpg,uploaded,54888,264_wisma-korindo-wisma-korindo_20180105102000_79431.jpg,https://cdn-strapi.prod.99iddev.net/assets/264_wisma_korindo_wisma_korindo_20180105102000_79431_05ff330d97.jpg,,
264-wisma-korindo-wisma-korindo-20180105102002-64506,Media Library/Office Venue/264-wisma-korindo-wisma-korindo-20180105102002-64506,2213,0,1,1,interior/264_wisma-korindo-wisma-korindo_20180105102002_64506.jpg,interior,264_wisma-korindo-wisma-korindo_20180105102002_64506.jpg,uploaded,54889,264_wisma-korindo-wisma-korindo_20180105102002_64506.jpg,https://cdn-strapi.prod.99iddev.net/assets/264_wisma_korindo_wisma_korindo_20180105102002_64506_3e58241e45.jpg,,
264-wisma-korindo-wisma-korindo-20180105102004-45521,Media Library/Office Venue/264-wisma-korindo-wisma-korindo-20180105102004-45521,2214,0,1,1,interior/264_wisma-korindo-wisma-korindo_20180105102004_45521.jpg,interior,264_wisma-korindo-wisma-korindo_20180105102004_45521.jpg,uploaded,54890,264_wisma-korindo-wisma-korindo_20180105102004_45521.jpg,https://cdn-strapi.prod.99iddev.net/assets/264_wisma_korindo_wisma_korindo_20180105102004_45521_652b338f0d.jpg,,
264-wisma-korindo-wisma-korindo-20180105102005-33373,Media Library/Office Venue/264-wisma-korindo-wisma-korindo-20180105102005-33373,2215,0,1,1,interior/264_wisma-korindo-wisma-korindo_20180105102005_33373.jpg,interior,264_wisma-korindo-wisma-korindo_20180105102005_33373.jpg,uploaded,54891,264_wisma-korindo-wisma-korindo_20180105102005_33373.jpg,https://cdn-strapi.prod.99iddev.net/assets/264_wisma_korindo_wisma_korindo_20180105102005_33373_192b13d3ef.jpg,,
264-wisma-korindo-wisma-korindo-20180105102007-71859,Media Library/Office Venue/264-wisma-korindo-wisma-korindo-20180105102007-71859,2216,0,1,1,interior/264_wisma-korindo-wisma-korindo_20180105102007_71859.jpg,interior,264_wisma-korindo-wisma-korindo_20180105102007_71859.jpg,uploaded,54892,264_wisma-korindo-wisma-korindo_20180105102007_71859.jpg,https://cdn-strapi.prod.99iddev.net/assets/264_wisma_korindo_wisma_korindo_20180105102007_71859_8b36e1e887.jpg,,
264-wisma-korindo-wisma-korindo-20180105102009-79904,Media Library/Office Venue/264-wisma-korindo-wisma-korindo-20180105102009-79904,2217,0,1,1,interior/264_wisma-korindo-wisma-korindo_20180105102009_79904.jpg,interior,264_wisma-korindo-wisma-korindo_20180105102009_79904.jpg,uploaded,54893,264_wisma-korindo-wisma-korindo_20180105102009_79904.jpg,https://cdn-strapi.prod.99iddev.net/assets/264_wisma_korindo_wisma_korindo_20180105102009_79904_e3555bae73.jpg,,
264-wisma-korindo-wisma-korindo-20180105102011-98898,Media Library/Office Venue/264-wisma-korindo-wisma-korindo-20180105102011-98898,2218,0,1,1,interior/264_wisma-korindo-wisma-korindo_20180105102011_98898.jpg,interior,264_wisma-korindo-wisma-korindo_20180105102011_98898.jpg,uploaded,54894,264_wisma-korindo-wisma-korindo_20180105102011_98898.jpg,https://cdn-strapi.prod.99iddev.net/assets/264_wisma_korindo_wisma_korindo_20180105102011_98898_90ba3175f5.jpg,,
264-wisma-korindo-wisma-korindo-20180105102012-82571,Media Library/Office Venue/264-wisma-korindo-wisma-korindo-20180105102012-82571,2219,0,1,1,interior/264_wisma-korindo-wisma-korindo_20180105102012_82571.jpg,interior,264_wisma-korindo-wisma-korindo_20180105102012_82571.jpg,uploaded,54895,264_wisma-korindo-wisma-korindo_20180105102012_82571.jpg,https://cdn-strapi.prod.99iddev.net/assets/264_wisma_korindo_wisma_korindo_20180105102012_82571_b3fd41b38e.jpg,,
264-wisma-korindo-wisma-korindo-20180105102014-39457,Media Library/Office Venue/264-wisma-korindo-wisma-korindo-20180105102014-39457,2220,0,1,1,interior/264_wisma-korindo-wisma-korindo_20180105102014_39457.jpg,interior,264_wisma-korindo-wisma-korindo_20180105102014_39457.jpg,uploaded,54896,264_wisma-korindo-wisma-korindo_20180105102014_39457.jpg,https://cdn-strapi.prod.99iddev.net/assets/264_wisma_korindo_wisma_korindo_20180105102014_39457_f2f411d887.jpg,,
264-wisma-korindo-wisma-korindo-20180105102015-24969,Media Library/Office Venue/264-wisma-korindo-wisma-korindo-20180105102015-24969,2221,0,1,1,interior/264_wisma-korindo-wisma-korindo_20180105102015_24969.jpg,interior,264_wisma-korindo-wisma-korindo_20180105102015_24969.jpg,uploaded,54897,264_wisma-korindo-wisma-korindo_20180105102015_24969.jpg,https://cdn-strapi.prod.99iddev.net/assets/264_wisma_korindo_wisma_korindo_20180105102015_24969_629805889c.jpg,,
264-wisma-korindo-wisma-korindo-20180105102018-61500,Media Library/Office Venue/264-wisma-korindo-wisma-korindo-20180105102018-61500,2222,0,1,1,interior/264_wisma-korindo-wisma-korindo_20180105102018_61500.jpg,interior,264_wisma-korindo-wisma-korindo_20180105102018_61500.jpg,uploaded,54898,264_wisma-korindo-wisma-korindo_20180105102018_61500.jpg,https://cdn-strapi.prod.99iddev.net/assets/264_wisma_korindo_wisma_korindo_20180105102018_61500_5a9e4c66d7.jpg,,
264-wisma-korindo-wisma-korindo-20180105102020-83976,Media Library/Office Venue/264-wisma-korindo-wisma-korindo-20180105102020-83976,2223,0,1,1,interior/264_wisma-korindo-wisma-korindo_20180105102020_83976.jpg,interior,264_wisma-korindo-wisma-korindo_20180105102020_83976.jpg,uploaded,54899,264_wisma-korindo-wisma-korindo_20180105102020_83976.jpg,https://cdn-strapi.prod.99iddev.net/assets/264_wisma_korindo_wisma_korindo_20180105102020_83976_6e4179db66.jpg,,
264-wisma-korindo-wisma-korindo-20180105102021-22606,Media Library/Office Venue/264-wisma-korindo-wisma-korindo-20180105102021-22606,2224,0,1,1,interior/264_wisma-korindo-wisma-korindo_20180105102021_22606.jpg,interior,264_wisma-korindo-wisma-korindo_20180105102021_22606.jpg,uploaded,54900,264_wisma-korindo-wisma-korindo_20180105102021_22606.jpg,https://cdn-strapi.prod.99iddev.net/assets/264_wisma_korindo_wisma_korindo_20180105102021_22606_8ca716ee53.jpg,,
264-wisma-korindo-wisma-korindo-20180105102023-76744,Media Library/Office Venue/264-wisma-korindo-wisma-korindo-20180105102023-76744,2225,0,1,1,interior/264_wisma-korindo-wisma-korindo_20180105102023_76744.jpg,interior,264_wisma-korindo-wisma-korindo_20180105102023_76744.jpg,uploaded,54901,264_wisma-korindo-wisma-korindo_20180105102023_76744.jpg,https://cdn-strapi.prod.99iddev.net/assets/264_wisma_korindo_wisma_korindo_20180105102023_76744_8a7dd9539b.jpg,,
264-wisma-korindo-wisma-korindo-20180327100638-69782,Media Library/Office Venue/264-wisma-korindo-wisma-korindo-20180327100638-69782,2226,0,1,1,interior/264_wisma-korindo-wisma-korindo_20180327100638_69782.jpg,interior,264_wisma-korindo-wisma-korindo_20180327100638_69782.jpg,uploaded,54902,264_wisma-korindo-wisma-korindo_20180327100638_69782.jpg,https://cdn-strapi.prod.99iddev.net/assets/264_wisma_korindo_wisma_korindo_20180327100638_69782_ac4878ebf6.jpg,,
264-wisma-korindo-wisma-korindo-20180327100638-72887,Media Library/Office Venue/264-wisma-korindo-wisma-korindo-20180327100638-72887,2227,0,1,1,interior/264_wisma-korindo-wisma-korindo_20180327100638_72887.jpg,interior,264_wisma-korindo-wisma-korindo_20180327100638_72887.jpg,uploaded,54903,264_wisma-korindo-wisma-korindo_20180327100638_72887.jpg,https://cdn-strapi.prod.99iddev.net/assets/264_wisma_korindo_wisma_korindo_20180327100638_72887_551a66b8b7.jpg,,
264-wisma-korindo-wisma-korindo-20180327100639-92073,Media Library/Office Venue/264-wisma-korindo-wisma-korindo-20180327100639-92073,2228,0,1,1,interior/264_wisma-korindo-wisma-korindo_20180327100639_92073.jpg,interior,264_wisma-korindo-wisma-korindo_20180327100639_92073.jpg,uploaded,54904,264_wisma-korindo-wisma-korindo_20180327100639_92073.jpg,https://cdn-strapi.prod.99iddev.net/assets/264_wisma_korindo_wisma_korindo_20180327100639_92073_83e35733d7.jpg,,
267-gedung-mutiara-gedung-mutiara-20160914043912-22015,Media Library/Office Venue/267-gedung-mutiara-gedung-mutiara-20160914043912-22015,2229,0,1,1,exterior/267_gedung-mutiara-gedung-mutiara_20160914043912_22015.jpg,exterior,267_gedung-mutiara-gedung-mutiara_20160914043912_22015.jpg,uploaded,54905,267_gedung-mutiara-gedung-mutiara_20160914043912_22015.jpg,https://cdn-strapi.prod.99iddev.net/assets/267_gedung_mutiara_gedung_mutiara_20160914043912_22015_aa9e03a8e8.jpg,,
267-gedung-mutiara-gedung-mutiara-20160914043912-35709,Media Library/Office Venue/267-gedung-mutiara-gedung-mutiara-20160914043912-35709,2230,0,1,1,exterior/267_gedung-mutiara-gedung-mutiara_20160914043912_35709.jpg,exterior,267_gedung-mutiara-gedung-mutiara_20160914043912_35709.jpg,uploaded,54906,267_gedung-mutiara-gedung-mutiara_20160914043912_35709.jpg,https://cdn-strapi.prod.99iddev.net/assets/267_gedung_mutiara_gedung_mutiara_20160914043912_35709_332d596de5.jpg,,
274-graha-kirana-graha-kirana-20160914044001-54341,Media Library/Office Venue/274-graha-kirana-graha-kirana-20160914044001-54341,2231,0,1,1,exterior/274_graha-kirana-graha-kirana_20160914044001_54341.jpg,exterior,274_graha-kirana-graha-kirana_20160914044001_54341.jpg,uploaded,54907,274_graha-kirana-graha-kirana_20160914044001_54341.jpg,https://cdn-strapi.prod.99iddev.net/assets/274_graha_kirana_graha_kirana_20160914044001_54341_bb0f51b7b3.jpg,,
274-graha-kirana-graha-kirana-20160914044002-47849,Media Library/Office Venue/274-graha-kirana-graha-kirana-20160914044002-47849,2232,0,1,1,exterior/274_graha-kirana-graha-kirana_20160914044002_47849.jpg,exterior,274_graha-kirana-graha-kirana_20160914044002_47849.jpg,uploaded,54908,274_graha-kirana-graha-kirana_20160914044002_47849.jpg,https://cdn-strapi.prod.99iddev.net/assets/274_graha_kirana_graha_kirana_20160914044002_47849_3470918e74.jpg,,
274-graha-kirana-graha-kirana-20170331115413-77255,Media Library/Office Venue/274-graha-kirana-graha-kirana-20170331115413-77255,2233,0,1,1,floorplan/274_graha-kirana-graha-kirana_20170331115413_77255.jpg,floorplan,274_graha-kirana-graha-kirana_20170331115413_77255.jpg,uploaded,54909,274_graha-kirana-graha-kirana_20170331115413_77255.jpg,https://cdn-strapi.prod.99iddev.net/assets/274_graha_kirana_graha_kirana_20170331115413_77255_efe8aea637.jpg,,
274-graha-kirana-graha-kirana-20171017062448-81258,Media Library/Office Venue/274-graha-kirana-graha-kirana-20171017062448-81258,2234,0,1,1,interior/274_graha-kirana-graha-kirana_20171017062448_81258.jpg,interior,274_graha-kirana-graha-kirana_20171017062448_81258.jpg,uploaded,54910,274_graha-kirana-graha-kirana_20171017062448_81258.jpg,https://cdn-strapi.prod.99iddev.net/assets/274_graha_kirana_graha_kirana_20171017062448_81258_d7f923bca5.jpg,,
274-graha-kirana-graha-kirana-20171017062451-89715,Media Library/Office Venue/274-graha-kirana-graha-kirana-20171017062451-89715,2235,0,1,1,interior/274_graha-kirana-graha-kirana_20171017062451_89715.jpg,interior,274_graha-kirana-graha-kirana_20171017062451_89715.jpg,uploaded,54911,274_graha-kirana-graha-kirana_20171017062451_89715.jpg,https://cdn-strapi.prod.99iddev.net/assets/274_graha_kirana_graha_kirana_20171017062451_89715_d293e872f4.jpg,,
274-graha-kirana-graha-kirana-20171017062513-53542,Media Library/Office Venue/274-graha-kirana-graha-kirana-20171017062513-53542,2236,0,1,1,interior/274_graha-kirana-graha-kirana_20171017062513_53542.jpg,interior,274_graha-kirana-graha-kirana_20171017062513_53542.jpg,uploaded,54912,274_graha-kirana-graha-kirana_20171017062513_53542.jpg,https://cdn-strapi.prod.99iddev.net/assets/274_graha_kirana_graha_kirana_20171017062513_53542_fa8dc0e018.jpg,,
274-graha-kirana-graha-kirana-20171017062516-67223,Media Library/Office Venue/274-graha-kirana-graha-kirana-20171017062516-67223,2237,0,1,1,interior/274_graha-kirana-graha-kirana_20171017062516_67223.jpg,interior,274_graha-kirana-graha-kirana_20171017062516_67223.jpg,uploaded,54913,274_graha-kirana-graha-kirana_20171017062516_67223.jpg,https://cdn-strapi.prod.99iddev.net/assets/274_graha_kirana_graha_kirana_20171017062516_67223_0fe7843e88.jpg,,
274-graha-kirana-graha-kirana-20171017062517-63349,Media Library/Office Venue/274-graha-kirana-graha-kirana-20171017062517-63349,2238,0,1,1,interior/274_graha-kirana-graha-kirana_20171017062517_63349.jpg,interior,274_graha-kirana-graha-kirana_20171017062517_63349.jpg,uploaded,54914,274_graha-kirana-graha-kirana_20171017062517_63349.jpg,https://cdn-strapi.prod.99iddev.net/assets/274_graha_kirana_graha_kirana_20171017062517_63349_c07d46fa16.jpg,,
274-graha-kirana-graha-kirana-20171017062519-33958,Media Library/Office Venue/274-graha-kirana-graha-kirana-20171017062519-33958,2239,0,1,1,interior/274_graha-kirana-graha-kirana_20171017062519_33958.jpg,interior,274_graha-kirana-graha-kirana_20171017062519_33958.jpg,uploaded,54915,274_graha-kirana-graha-kirana_20171017062519_33958.jpg,https://cdn-strapi.prod.99iddev.net/assets/274_graha_kirana_graha_kirana_20171017062519_33958_03e7252410.jpg,,
274-graha-kirana-graha-kirana-20171017062521-99389,Media Library/Office Venue/274-graha-kirana-graha-kirana-20171017062521-99389,2240,0,1,1,interior/274_graha-kirana-graha-kirana_20171017062521_99389.jpg,interior,274_graha-kirana-graha-kirana_20171017062521_99389.jpg,uploaded,54916,274_graha-kirana-graha-kirana_20171017062521_99389.jpg,https://cdn-strapi.prod.99iddev.net/assets/274_graha_kirana_graha_kirana_20171017062521_99389_7c00c2d9f2.jpg,,
274-graha-kirana-graha-kirana-20171017062522-43200,Media Library/Office Venue/274-graha-kirana-graha-kirana-20171017062522-43200,2241,0,1,1,interior/274_graha-kirana-graha-kirana_20171017062522_43200.jpg,interior,274_graha-kirana-graha-kirana_20171017062522_43200.jpg,uploaded,54917,274_graha-kirana-graha-kirana_20171017062522_43200.jpg,https://cdn-strapi.prod.99iddev.net/assets/274_graha_kirana_graha_kirana_20171017062522_43200_8cf3bc042b.jpg,,
274-graha-kirana-graha-kirana-20171017062524-16016,Media Library/Office Venue/274-graha-kirana-graha-kirana-20171017062524-16016,2242,0,1,1,interior/274_graha-kirana-graha-kirana_20171017062524_16016.jpg,interior,274_graha-kirana-graha-kirana_20171017062524_16016.jpg,uploaded,54918,274_graha-kirana-graha-kirana_20171017062524_16016.jpg,https://cdn-strapi.prod.99iddev.net/assets/274_graha_kirana_graha_kirana_20171017062524_16016_e1c09cf090.jpg,,
274-graha-kirana-graha-kirana-20171017062526-36910,Media Library/Office Venue/274-graha-kirana-graha-kirana-20171017062526-36910,2243,0,1,1,interior/274_graha-kirana-graha-kirana_20171017062526_36910.jpg,interior,274_graha-kirana-graha-kirana_20171017062526_36910.jpg,uploaded,54919,274_graha-kirana-graha-kirana_20171017062526_36910.jpg,https://cdn-strapi.prod.99iddev.net/assets/274_graha_kirana_graha_kirana_20171017062526_36910_fa1cae5a26.jpg,,
274-graha-kirana-graha-kirana-20171017062537-90702,Media Library/Office Venue/274-graha-kirana-graha-kirana-20171017062537-90702,2244,0,1,1,interior/274_graha-kirana-graha-kirana_20171017062537_90702.jpg,interior,274_graha-kirana-graha-kirana_20171017062537_90702.jpg,uploaded,54920,274_graha-kirana-graha-kirana_20171017062537_90702.jpg,https://cdn-strapi.prod.99iddev.net/assets/274_graha_kirana_graha_kirana_20171017062537_90702_6974d97cd0.jpg,,
274-graha-kirana-graha-kirana-20171017062539-91773,Media Library/Office Venue/274-graha-kirana-graha-kirana-20171017062539-91773,2245,0,1,1,interior/274_graha-kirana-graha-kirana_20171017062539_91773.jpg,interior,274_graha-kirana-graha-kirana_20171017062539_91773.jpg,uploaded,54921,274_graha-kirana-graha-kirana_20171017062539_91773.jpg,https://cdn-strapi.prod.99iddev.net/assets/274_graha_kirana_graha_kirana_20171017062539_91773_b6c905169e.jpg,,
274-graha-kirana-graha-kirana-20171017062541-90177,Media Library/Office Venue/274-graha-kirana-graha-kirana-20171017062541-90177,2246,0,1,1,interior/274_graha-kirana-graha-kirana_20171017062541_90177.jpg,interior,274_graha-kirana-graha-kirana_20171017062541_90177.jpg,uploaded,54922,274_graha-kirana-graha-kirana_20171017062541_90177.jpg,https://cdn-strapi.prod.99iddev.net/assets/274_graha_kirana_graha_kirana_20171017062541_90177_68bdad28de.jpg,,
274-graha-kirana-graha-kirana-20171017062542-56120,Media Library/Office Venue/274-graha-kirana-graha-kirana-20171017062542-56120,2247,0,1,1,interior/274_graha-kirana-graha-kirana_20171017062542_56120.jpg,interior,274_graha-kirana-graha-kirana_20171017062542_56120.jpg,uploaded,54923,274_graha-kirana-graha-kirana_20171017062542_56120.jpg,https://cdn-strapi.prod.99iddev.net/assets/274_graha_kirana_graha_kirana_20171017062542_56120_2d5c9eaab9.jpg,,
274-graha-kirana-graha-kirana-20171017062544-97460,Media Library/Office Venue/274-graha-kirana-graha-kirana-20171017062544-97460,2248,0,1,1,interior/274_graha-kirana-graha-kirana_20171017062544_97460.jpg,interior,274_graha-kirana-graha-kirana_20171017062544_97460.jpg,uploaded,54924,274_graha-kirana-graha-kirana_20171017062544_97460.jpg,https://cdn-strapi.prod.99iddev.net/assets/274_graha_kirana_graha_kirana_20171017062544_97460_517a54be39.jpg,,
274-graha-kirana-graha-kirana-20171017062545-62066,Media Library/Office Venue/274-graha-kirana-graha-kirana-20171017062545-62066,2249,0,1,1,interior/274_graha-kirana-graha-kirana_20171017062545_62066.jpg,interior,274_graha-kirana-graha-kirana_20171017062545_62066.jpg,uploaded,54925,274_graha-kirana-graha-kirana_20171017062545_62066.jpg,https://cdn-strapi.prod.99iddev.net/assets/274_graha_kirana_graha_kirana_20171017062545_62066_a6735509ad.jpg,,
274-graha-kirana-graha-kirana-20171017062546-98388,Media Library/Office Venue/274-graha-kirana-graha-kirana-20171017062546-98388,2250,0,1,1,interior/274_graha-kirana-graha-kirana_20171017062546_98388.jpg,interior,274_graha-kirana-graha-kirana_20171017062546_98388.jpg,uploaded,54926,274_graha-kirana-graha-kirana_20171017062546_98388.jpg,https://cdn-strapi.prod.99iddev.net/assets/274_graha_kirana_graha_kirana_20171017062546_98388_d43c489e46.jpg,,
274-graha-kirana-graha-kirana-20171017062548-20792,Media Library/Office Venue/274-graha-kirana-graha-kirana-20171017062548-20792,2251,0,1,1,interior/274_graha-kirana-graha-kirana_20171017062548_20792.jpg,interior,274_graha-kirana-graha-kirana_20171017062548_20792.jpg,uploaded,54927,274_graha-kirana-graha-kirana_20171017062548_20792.jpg,https://cdn-strapi.prod.99iddev.net/assets/274_graha_kirana_graha_kirana_20171017062548_20792_83b06d0290.jpg,,
274-graha-kirana-graha-kirana-20171017062554-96294,Media Library/Office Venue/274-graha-kirana-graha-kirana-20171017062554-96294,2252,0,1,1,interior/274_graha-kirana-graha-kirana_20171017062554_96294.jpg,interior,274_graha-kirana-graha-kirana_20171017062554_96294.jpg,uploaded,54928,274_graha-kirana-graha-kirana_20171017062554_96294.jpg,https://cdn-strapi.prod.99iddev.net/assets/274_graha_kirana_graha_kirana_20171017062554_96294_53a8f85ecb.jpg,,
274-graha-kirana-graha-kirana-20171017062556-84530,Media Library/Office Venue/274-graha-kirana-graha-kirana-20171017062556-84530,2253,0,1,1,interior/274_graha-kirana-graha-kirana_20171017062556_84530.jpg,interior,274_graha-kirana-graha-kirana_20171017062556_84530.jpg,uploaded,54929,274_graha-kirana-graha-kirana_20171017062556_84530.jpg,https://cdn-strapi.prod.99iddev.net/assets/274_graha_kirana_graha_kirana_20171017062556_84530_16bc103e26.jpg,,
275-graha-rekso-graha-rekso-20180920091013-49246,Media Library/Office Venue/275-graha-rekso-graha-rekso-20180920091013-49246,2254,0,1,1,interior/275_graha-rekso-graha-rekso_20180920091013_49246.jpg,interior,275_graha-rekso-graha-rekso_20180920091013_49246.jpg,uploaded,54930,275_graha-rekso-graha-rekso_20180920091013_49246.jpg,https://cdn-strapi.prod.99iddev.net/assets/275_graha_rekso_graha_rekso_20180920091013_49246_d0557ecbc7.jpg,,
275-graha-rekso-graha-rekso-20180920091013-53944,Media Library/Office Venue/275-graha-rekso-graha-rekso-20180920091013-53944,2255,0,1,1,interior/275_graha-rekso-graha-rekso_20180920091013_53944.jpg,interior,275_graha-rekso-graha-rekso_20180920091013_53944.jpg,uploaded,54931,275_graha-rekso-graha-rekso_20180920091013_53944.jpg,https://cdn-strapi.prod.99iddev.net/assets/275_graha_rekso_graha_rekso_20180920091013_53944_ec9338e8e2.jpg,,
275-graha-rekso-graha-rekso-20180920091013-92715,Media Library/Office Venue/275-graha-rekso-graha-rekso-20180920091013-92715,2256,0,1,1,interior/275_graha-rekso-graha-rekso_20180920091013_92715.jpg,interior,275_graha-rekso-graha-rekso_20180920091013_92715.jpg,uploaded,54932,275_graha-rekso-graha-rekso_20180920091013_92715.jpg,https://cdn-strapi.prod.99iddev.net/assets/275_graha_rekso_graha_rekso_20180920091013_92715_f7e85a609a.jpg,,
275-graha-rekso-graha-rekso-20180920091014-16610,Media Library/Office Venue/275-graha-rekso-graha-rekso-20180920091014-16610,2257,0,1,1,interior/275_graha-rekso-graha-rekso_20180920091014_16610.jpg,interior,275_graha-rekso-graha-rekso_20180920091014_16610.jpg,uploaded,54933,275_graha-rekso-graha-rekso_20180920091014_16610.jpg,https://cdn-strapi.prod.99iddev.net/assets/275_graha_rekso_graha_rekso_20180920091014_16610_41858de270.jpg,,
275-graha-rekso-graha-rekso-20180920091014-72477,Media Library/Office Venue/275-graha-rekso-graha-rekso-20180920091014-72477,2258,0,1,1,interior/275_graha-rekso-graha-rekso_20180920091014_72477.jpg,interior,275_graha-rekso-graha-rekso_20180920091014_72477.jpg,uploaded,54934,275_graha-rekso-graha-rekso_20180920091014_72477.jpg,https://cdn-strapi.prod.99iddev.net/assets/275_graha_rekso_graha_rekso_20180920091014_72477_9e1709cfb2.jpg,,
275-graha-rekso-graha-rekso-20180920091014-86173,Media Library/Office Venue/275-graha-rekso-graha-rekso-20180920091014-86173,2259,0,1,1,interior/275_graha-rekso-graha-rekso_20180920091014_86173.jpg,interior,275_graha-rekso-graha-rekso_20180920091014_86173.jpg,uploaded,54935,275_graha-rekso-graha-rekso_20180920091014_86173.jpg,https://cdn-strapi.prod.99iddev.net/assets/275_graha_rekso_graha_rekso_20180920091014_86173_db60695a06.jpg,,
275-graha-rekso-graha-rekso-20180920091015-32644,Media Library/Office Venue/275-graha-rekso-graha-rekso-20180920091015-32644,2260,0,1,1,interior/275_graha-rekso-graha-rekso_20180920091015_32644.jpg,interior,275_graha-rekso-graha-rekso_20180920091015_32644.jpg,uploaded,54936,275_graha-rekso-graha-rekso_20180920091015_32644.jpg,https://cdn-strapi.prod.99iddev.net/assets/275_graha_rekso_graha_rekso_20180920091015_32644_bd778df68b.jpg,,
275-graha-rekso-graha-rekso-20180920091015-41373,Media Library/Office Venue/275-graha-rekso-graha-rekso-20180920091015-41373,2261,0,1,1,interior/275_graha-rekso-graha-rekso_20180920091015_41373.jpg,interior,275_graha-rekso-graha-rekso_20180920091015_41373.jpg,uploaded,54937,275_graha-rekso-graha-rekso_20180920091015_41373.jpg,https://cdn-strapi.prod.99iddev.net/assets/275_graha_rekso_graha_rekso_20180920091015_41373_84c95e4147.jpg,,
275-graha-rekso-graha-rekso-20180920091015-91471,Media Library/Office Venue/275-graha-rekso-graha-rekso-20180920091015-91471,2262,0,1,1,interior/275_graha-rekso-graha-rekso_20180920091015_91471.jpg,interior,275_graha-rekso-graha-rekso_20180920091015_91471.jpg,uploaded,54938,275_graha-rekso-graha-rekso_20180920091015_91471.jpg,https://cdn-strapi.prod.99iddev.net/assets/275_graha_rekso_graha_rekso_20180920091015_91471_0705491e06.jpg,,
275-graha-rekso-graha-rekso-20180920091016-36747,Media Library/Office Venue/275-graha-rekso-graha-rekso-20180920091016-36747,2263,0,1,1,interior/275_graha-rekso-graha-rekso_20180920091016_36747.jpg,interior,275_graha-rekso-graha-rekso_20180920091016_36747.jpg,uploaded,54939,275_graha-rekso-graha-rekso_20180920091016_36747.jpg,https://cdn-strapi.prod.99iddev.net/assets/275_graha_rekso_graha_rekso_20180920091016_36747_82292f72e0.jpg,,
275-graha-rekso-graha-rekso-20180920091016-91736,Media Library/Office Venue/275-graha-rekso-graha-rekso-20180920091016-91736,2264,0,1,1,interior/275_graha-rekso-graha-rekso_20180920091016_91736.jpg,interior,275_graha-rekso-graha-rekso_20180920091016_91736.jpg,uploaded,54940,275_graha-rekso-graha-rekso_20180920091016_91736.jpg,https://cdn-strapi.prod.99iddev.net/assets/275_graha_rekso_graha_rekso_20180920091016_91736_8608114410.jpg,,
275-graha-rekso-graha-rekso-20180920091017-92332,Media Library/Office Venue/275-graha-rekso-graha-rekso-20180920091017-92332,2265,0,1,1,interior/275_graha-rekso-graha-rekso_20180920091017_92332.jpg,interior,275_graha-rekso-graha-rekso_20180920091017_92332.jpg,uploaded,54941,275_graha-rekso-graha-rekso_20180920091017_92332.jpg,https://cdn-strapi.prod.99iddev.net/assets/275_graha_rekso_graha_rekso_20180920091017_92332_f1cb890318.jpg,,
275-graha-rekso-graha-rekso-20180920091017-94792,Media Library/Office Venue/275-graha-rekso-graha-rekso-20180920091017-94792,2266,0,1,1,interior/275_graha-rekso-graha-rekso_20180920091017_94792.jpg,interior,275_graha-rekso-graha-rekso_20180920091017_94792.jpg,uploaded,54942,275_graha-rekso-graha-rekso_20180920091017_94792.jpg,https://cdn-strapi.prod.99iddev.net/assets/275_graha_rekso_graha_rekso_20180920091017_94792_a890bc672f.jpg,,
275-graha-rekso-graha-rekso-20180920091017-96433,Media Library/Office Venue/275-graha-rekso-graha-rekso-20180920091017-96433,2267,0,1,1,interior/275_graha-rekso-graha-rekso_20180920091017_96433.jpg,interior,275_graha-rekso-graha-rekso_20180920091017_96433.jpg,uploaded,54943,275_graha-rekso-graha-rekso_20180920091017_96433.jpg,https://cdn-strapi.prod.99iddev.net/assets/275_graha_rekso_graha_rekso_20180920091017_96433_5f34ff7875.jpg,,
275-graha-rekso-graha-rekso-20180920091018-19872,Media Library/Office Venue/275-graha-rekso-graha-rekso-20180920091018-19872,2268,0,1,1,interior/275_graha-rekso-graha-rekso_20180920091018_19872.jpg,interior,275_graha-rekso-graha-rekso_20180920091018_19872.jpg,uploaded,54944,275_graha-rekso-graha-rekso_20180920091018_19872.jpg,https://cdn-strapi.prod.99iddev.net/assets/275_graha_rekso_graha_rekso_20180920091018_19872_fa6eae90c3.jpg,,
275-graha-rekso-graha-rekso-20180920091018-38604,Media Library/Office Venue/275-graha-rekso-graha-rekso-20180920091018-38604,2269,0,1,1,interior/275_graha-rekso-graha-rekso_20180920091018_38604.jpg,interior,275_graha-rekso-graha-rekso_20180920091018_38604.jpg,uploaded,54945,275_graha-rekso-graha-rekso_20180920091018_38604.jpg,https://cdn-strapi.prod.99iddev.net/assets/275_graha_rekso_graha_rekso_20180920091018_38604_e92ecb9b44.jpg,,
275-graha-rekso-graha-rekso-20180920091018-43178,Media Library/Office Venue/275-graha-rekso-graha-rekso-20180920091018-43178,2270,0,1,1,interior/275_graha-rekso-graha-rekso_20180920091018_43178.jpg,interior,275_graha-rekso-graha-rekso_20180920091018_43178.jpg,uploaded,54946,275_graha-rekso-graha-rekso_20180920091018_43178.jpg,https://cdn-strapi.prod.99iddev.net/assets/275_graha_rekso_graha_rekso_20180920091018_43178_33df1600cc.jpg,,
275-graha-rekso-graha-rekso-20180920091018-68936,Media Library/Office Venue/275-graha-rekso-graha-rekso-20180920091018-68936,2271,0,1,1,interior/275_graha-rekso-graha-rekso_20180920091018_68936.jpg,interior,275_graha-rekso-graha-rekso_20180920091018_68936.jpg,uploaded,54947,275_graha-rekso-graha-rekso_20180920091018_68936.jpg,https://cdn-strapi.prod.99iddev.net/assets/275_graha_rekso_graha_rekso_20180920091018_68936_d9ee7ed7d6.jpg,,
275-graha-rekso-graha-rekso-20180920091018-84508,Media Library/Office Venue/275-graha-rekso-graha-rekso-20180920091018-84508,2272,0,1,1,interior/275_graha-rekso-graha-rekso_20180920091018_84508.jpg,interior,275_graha-rekso-graha-rekso_20180920091018_84508.jpg,uploaded,54948,275_graha-rekso-graha-rekso_20180920091018_84508.jpg,https://cdn-strapi.prod.99iddev.net/assets/275_graha_rekso_graha_rekso_20180920091018_84508_121e825cbd.jpg,,
275-graha-rekso-graha-rekso-20180920091018-92137,Media Library/Office Venue/275-graha-rekso-graha-rekso-20180920091018-92137,2273,0,1,1,interior/275_graha-rekso-graha-rekso_20180920091018_92137.jpg,interior,275_graha-rekso-graha-rekso_20180920091018_92137.jpg,uploaded,54949,275_graha-rekso-graha-rekso_20180920091018_92137.jpg,https://cdn-strapi.prod.99iddev.net/assets/275_graha_rekso_graha_rekso_20180920091018_92137_dfc6cd9465.jpg,,
277-kirana-two-kirana-two-20170331113416-75758,Media Library/Office Venue/277-kirana-two-kirana-two-20170331113416-75758,2274,0,1,1,interior/277_kirana-two-kirana-two_20170331113416_75758.jpg,interior,277_kirana-two-kirana-two_20170331113416_75758.jpg,uploaded,54950,277_kirana-two-kirana-two_20170331113416_75758.jpg,https://cdn-strapi.prod.99iddev.net/assets/277_kirana_two_kirana_two_20170331113416_75758_0c39ea66ac.jpg,,
277-kirana-two-kirana-two-20170404074849-67541,Media Library/Office Venue/277-kirana-two-kirana-two-20170404074849-67541,2275,0,1,1,interior/277_kirana-two-kirana-two_20170404074849_67541.jpeg,interior,277_kirana-two-kirana-two_20170404074849_67541.jpeg,uploaded,54951,277_kirana-two-kirana-two_20170404074849_67541.jpeg,https://cdn-strapi.prod.99iddev.net/assets/277_kirana_two_kirana_two_20170404074849_67541_7b8845d4f1.jpeg,,
277-kirana-two-kirana-two-20170404090026-93440,Media Library/Office Venue/277-kirana-two-kirana-two-20170404090026-93440,2276,0,1,1,interior/277_kirana-two-kirana-two_20170404090026_93440.jpeg,interior,277_kirana-two-kirana-two_20170404090026_93440.jpeg,uploaded,54952,277_kirana-two-kirana-two_20170404090026_93440.jpeg,https://cdn-strapi.prod.99iddev.net/assets/277_kirana_two_kirana_two_20170404090026_93440_6f1d3de101.jpeg,,
277-kirana-two-kirana-two-20170404090027-78127,Media Library/Office Venue/277-kirana-two-kirana-two-20170404090027-78127,2277,0,1,1,interior/277_kirana-two-kirana-two_20170404090027_78127.jpeg,interior,277_kirana-two-kirana-two_20170404090027_78127.jpeg,uploaded,54953,277_kirana-two-kirana-two_20170404090027_78127.jpeg,https://cdn-strapi.prod.99iddev.net/assets/277_kirana_two_kirana_two_20170404090027_78127_87cf6ceefe.jpeg,,
277-kirana-two-kirana-two-20170404090027-98256,Media Library/Office Venue/277-kirana-two-kirana-two-20170404090027-98256,2278,0,1,1,interior/277_kirana-two-kirana-two_20170404090027_98256.jpeg,interior,277_kirana-two-kirana-two_20170404090027_98256.jpeg,uploaded,54954,277_kirana-two-kirana-two_20170404090027_98256.jpeg,https://cdn-strapi.prod.99iddev.net/assets/277_kirana_two_kirana_two_20170404090027_98256_571f1afc5b.jpeg,,
277-kirana-two-kirana-two-20170404090028-15257,Media Library/Office Venue/277-kirana-two-kirana-two-20170404090028-15257,2279,0,1,1,interior/277_kirana-two-kirana-two_20170404090028_15257.jpeg,interior,277_kirana-two-kirana-two_20170404090028_15257.jpeg,uploaded,54955,277_kirana-two-kirana-two_20170404090028_15257.jpeg,https://cdn-strapi.prod.99iddev.net/assets/277_kirana_two_kirana_two_20170404090028_15257_921e2a5d78.jpeg,,
277-kirana-two-kirana-two-20170404090028-72921,Media Library/Office Venue/277-kirana-two-kirana-two-20170404090028-72921,2280,0,1,1,interior/277_kirana-two-kirana-two_20170404090028_72921.jpeg,interior,277_kirana-two-kirana-two_20170404090028_72921.jpeg,uploaded,54956,277_kirana-two-kirana-two_20170404090028_72921.jpeg,https://cdn-strapi.prod.99iddev.net/assets/277_kirana_two_kirana_two_20170404090028_72921_f399477bed.jpeg,,
277-kirana-two-kirana-two-20170404090028-93181,Media Library/Office Venue/277-kirana-two-kirana-two-20170404090028-93181,2281,0,1,1,interior/277_kirana-two-kirana-two_20170404090028_93181.jpeg,interior,277_kirana-two-kirana-two_20170404090028_93181.jpeg,uploaded,54957,277_kirana-two-kirana-two_20170404090028_93181.jpeg,https://cdn-strapi.prod.99iddev.net/assets/277_kirana_two_kirana_two_20170404090028_93181_09df62e0d9.jpeg,,
277-kirana-two-kirana-two-20170404090029-35922,Media Library/Office Venue/277-kirana-two-kirana-two-20170404090029-35922,2282,0,1,1,interior/277_kirana-two-kirana-two_20170404090029_35922.jpeg,interior,277_kirana-two-kirana-two_20170404090029_35922.jpeg,uploaded,54958,277_kirana-two-kirana-two_20170404090029_35922.jpeg,https://cdn-strapi.prod.99iddev.net/assets/277_kirana_two_kirana_two_20170404090029_35922_5f7d4dbef1.jpeg,,
277-kirana-two-kirana-two-20170404090029-53440,Media Library/Office Venue/277-kirana-two-kirana-two-20170404090029-53440,2283,0,1,1,interior/277_kirana-two-kirana-two_20170404090029_53440.jpeg,interior,277_kirana-two-kirana-two_20170404090029_53440.jpeg,uploaded,54959,277_kirana-two-kirana-two_20170404090029_53440.jpeg,https://cdn-strapi.prod.99iddev.net/assets/277_kirana_two_kirana_two_20170404090029_53440_0df25eeecd.jpeg,,
277-kirana-two-kirana-two-20170404090030-33887,Media Library/Office Venue/277-kirana-two-kirana-two-20170404090030-33887,2284,0,1,1,interior/277_kirana-two-kirana-two_20170404090030_33887.jpeg,interior,277_kirana-two-kirana-two_20170404090030_33887.jpeg,uploaded,54960,277_kirana-two-kirana-two_20170404090030_33887.jpeg,https://cdn-strapi.prod.99iddev.net/assets/277_kirana_two_kirana_two_20170404090030_33887_54255a6e4b.jpeg,,
277-kirana-two-kirana-two-20171017063047-25912,Media Library/Office Venue/277-kirana-two-kirana-two-20171017063047-25912,2285,0,1,1,interior/277_kirana-two-kirana-two_20171017063047_25912.jpg,interior,277_kirana-two-kirana-two_20171017063047_25912.jpg,uploaded,54961,277_kirana-two-kirana-two_20171017063047_25912.jpg,https://cdn-strapi.prod.99iddev.net/assets/277_kirana_two_kirana_two_20171017063047_25912_cab0d12c1a.jpg,,
277-kirana-two-kirana-two-20171017063049-40617,Media Library/Office Venue/277-kirana-two-kirana-two-20171017063049-40617,2286,0,1,1,interior/277_kirana-two-kirana-two_20171017063049_40617.jpg,interior,277_kirana-two-kirana-two_20171017063049_40617.jpg,uploaded,54962,277_kirana-two-kirana-two_20171017063049_40617.jpg,https://cdn-strapi.prod.99iddev.net/assets/277_kirana_two_kirana_two_20171017063049_40617_65ce11cbbc.jpg,,
277-kirana-two-kirana-two-20171017063051-17016,Media Library/Office Venue/277-kirana-two-kirana-two-20171017063051-17016,2287,0,1,1,interior/277_kirana-two-kirana-two_20171017063051_17016.jpg,interior,277_kirana-two-kirana-two_20171017063051_17016.jpg,uploaded,54963,277_kirana-two-kirana-two_20171017063051_17016.jpg,https://cdn-strapi.prod.99iddev.net/assets/277_kirana_two_kirana_two_20171017063051_17016_7f99f9734b.jpg,,
277-kirana-two-kirana-two-20171017063052-40323,Media Library/Office Venue/277-kirana-two-kirana-two-20171017063052-40323,2288,0,1,1,interior/277_kirana-two-kirana-two_20171017063052_40323.jpg,interior,277_kirana-two-kirana-two_20171017063052_40323.jpg,uploaded,54964,277_kirana-two-kirana-two_20171017063052_40323.jpg,https://cdn-strapi.prod.99iddev.net/assets/277_kirana_two_kirana_two_20171017063052_40323_b522e9ed11.jpg,,
277-kirana-two-kirana-two-20171017063054-20724,Media Library/Office Venue/277-kirana-two-kirana-two-20171017063054-20724,2289,0,1,1,interior/277_kirana-two-kirana-two_20171017063054_20724.jpg,interior,277_kirana-two-kirana-two_20171017063054_20724.jpg,uploaded,54965,277_kirana-two-kirana-two_20171017063054_20724.jpg,https://cdn-strapi.prod.99iddev.net/assets/277_kirana_two_kirana_two_20171017063054_20724_3030e2a8e7.jpg,,
277-kirana-two-kirana-two-20171017063055-95322,Media Library/Office Venue/277-kirana-two-kirana-two-20171017063055-95322,2290,0,1,1,interior/277_kirana-two-kirana-two_20171017063055_95322.jpg,interior,277_kirana-two-kirana-two_20171017063055_95322.jpg,uploaded,54966,277_kirana-two-kirana-two_20171017063055_95322.jpg,https://cdn-strapi.prod.99iddev.net/assets/277_kirana_two_kirana_two_20171017063055_95322_b0a0dd44ae.jpg,,
277-kirana-two-kirana-two-20171017063100-54027,Media Library/Office Venue/277-kirana-two-kirana-two-20171017063100-54027,2291,0,1,1,interior/277_kirana-two-kirana-two_20171017063100_54027.jpg,interior,277_kirana-two-kirana-two_20171017063100_54027.jpg,uploaded,54967,277_kirana-two-kirana-two_20171017063100_54027.jpg,https://cdn-strapi.prod.99iddev.net/assets/277_kirana_two_kirana_two_20171017063100_54027_3dc9975b43.jpg,,
277-kirana-two-kirana-two-20171017063101-24629,Media Library/Office Venue/277-kirana-two-kirana-two-20171017063101-24629,2292,0,1,1,interior/277_kirana-two-kirana-two_20171017063101_24629.jpg,interior,277_kirana-two-kirana-two_20171017063101_24629.jpg,uploaded,54968,277_kirana-two-kirana-two_20171017063101_24629.jpg,https://cdn-strapi.prod.99iddev.net/assets/277_kirana_two_kirana_two_20171017063101_24629_f2f88f579d.jpg,,
277-kirana-two-kirana-two-20171027094423-12811,Media Library/Office Venue/277-kirana-two-kirana-two-20171027094423-12811,2293,0,1,1,interior/277_kirana-two-kirana-two_20171027094423_12811.jpg,interior,277_kirana-two-kirana-two_20171027094423_12811.jpg,uploaded,54969,277_kirana-two-kirana-two_20171027094423_12811.jpg,https://cdn-strapi.prod.99iddev.net/assets/277_kirana_two_kirana_two_20171027094423_12811_ff54d35641.jpg,,
285-ciputra-world-2-ciputra-world-2-20160914043812-71902,Media Library/Office Venue/285-ciputra-world-2-ciputra-world-2-20160914043812-71902,2294,0,1,1,exterior/285_ciputra-world-2-ciputra-world-2_20160914043812_71902.jpg,exterior,285_ciputra-world-2-ciputra-world-2_20160914043812_71902.jpg,uploaded,54970,285_ciputra-world-2-ciputra-world-2_20160914043812_71902.jpg,https://cdn-strapi.prod.99iddev.net/assets/285_ciputra_world_2_ciputra_world_2_20160914043812_71902_64943cba81.jpg,,
285-ciputra-world-2-ciputra-world-2-20160914043812-76951,Media Library/Office Venue/285-ciputra-world-2-ciputra-world-2-20160914043812-76951,2295,0,1,1,exterior/285_ciputra-world-2-ciputra-world-2_20160914043812_76951.jpg,exterior,285_ciputra-world-2-ciputra-world-2_20160914043812_76951.jpg,uploaded,54971,285_ciputra-world-2-ciputra-world-2_20160914043812_76951.jpg,https://cdn-strapi.prod.99iddev.net/assets/285_ciputra_world_2_ciputra_world_2_20160914043812_76951_5c2782e866.jpg,,
285-ciputra-world-2-ciputra-world-2-20160914043812-77122,Media Library/Office Venue/285-ciputra-world-2-ciputra-world-2-20160914043812-77122,2296,0,1,1,exterior/285_ciputra-world-2-ciputra-world-2_20160914043812_77122.jpg,exterior,285_ciputra-world-2-ciputra-world-2_20160914043812_77122.jpg,uploaded,54972,285_ciputra-world-2-ciputra-world-2_20160914043812_77122.jpg,https://cdn-strapi.prod.99iddev.net/assets/285_ciputra_world_2_ciputra_world_2_20160914043812_77122_053c58ad19.jpg,,
285-ciputra-world-2-ciputra-world-2-20160914043813-14595,Media Library/Office Venue/285-ciputra-world-2-ciputra-world-2-20160914043813-14595,2297,0,1,1,exterior/285_ciputra-world-2-ciputra-world-2_20160914043813_14595.jpg,exterior,285_ciputra-world-2-ciputra-world-2_20160914043813_14595.jpg,uploaded,54973,285_ciputra-world-2-ciputra-world-2_20160914043813_14595.jpg,https://cdn-strapi.prod.99iddev.net/assets/285_ciputra_world_2_ciputra_world_2_20160914043813_14595_4f1c1d12dc.jpg,,
285-ciputra-world-2-ciputra-world-2-20160914043813-85311,Media Library/Office Venue/285-ciputra-world-2-ciputra-world-2-20160914043813-85311,2298,0,1,1,exterior/285_ciputra-world-2-ciputra-world-2_20160914043813_85311.jpg,exterior,285_ciputra-world-2-ciputra-world-2_20160914043813_85311.jpg,uploaded,54974,285_ciputra-world-2-ciputra-world-2_20160914043813_85311.jpg,https://cdn-strapi.prod.99iddev.net/assets/285_ciputra_world_2_ciputra_world_2_20160914043813_85311_6b59921553.jpg,,
285-ciputra-world-2-tokopedia-tower-20170309121505-87208,Media Library/Office Venue/285-ciputra-world-2-tokopedia-tower-20170309121505-87208,2299,0,1,1,interior/285_ciputra-world-2-tokopedia-tower_20170309121505_87208.jpg,interior,285_ciputra-world-2-tokopedia-tower_20170309121505_87208.jpg,uploaded,54975,285_ciputra-world-2-tokopedia-tower_20170309121505_87208.jpg,https://cdn-strapi.prod.99iddev.net/assets/285_ciputra_world_2_tokopedia_tower_20170309121505_87208_ca148723d7.jpg,,
285-ciputra-world-2-tokopedia-tower-tokopedia-tower-20170314090910-12109,Media Library/Office Venue/285-ciputra-world-2-tokopedia-tower-tokopedia-tower-20170314090910-12109,2300,0,1,1,interior/285_ciputra-world-2-tokopedia-tower-tokopedia-tower_20170314090910_12109.jpg,interior,285_ciputra-world-2-tokopedia-tower-tokopedia-tower_20170314090910_12109.jpg,uploaded,54976,285_ciputra-world-2-tokopedia-tower-tokopedia-tower_20170314090910_12109.jpg,https://cdn-strapi.prod.99iddev.net/assets/285_ciputra_world_2_tokopedia_tower_tokopedia_tower_20170314090910_12109_8010d1d278.jpg,,
285-ciputra-world-2-tokopedia-tower-tokopedia-tower-20170314090910-43701,Media Library/Office Venue/285-ciputra-world-2-tokopedia-tower-tokopedia-tower-20170314090910-43701,2301,0,1,1,interior/285_ciputra-world-2-tokopedia-tower-tokopedia-tower_20170314090910_43701.jpg,interior,285_ciputra-world-2-tokopedia-tower-tokopedia-tower_20170314090910_43701.jpg,uploaded,54977,285_ciputra-world-2-tokopedia-tower-tokopedia-tower_20170314090910_43701.jpg,https://cdn-strapi.prod.99iddev.net/assets/285_ciputra_world_2_tokopedia_tower_tokopedia_tower_20170314090910_43701_fe24e18388.jpg,,
285-ciputra-world-2-tokopedia-tower-tokopedia-tower-20170314090911-10446,Media Library/Office Venue/285-ciputra-world-2-tokopedia-tower-tokopedia-tower-20170314090911-10446,2302,0,1,1,interior/285_ciputra-world-2-tokopedia-tower-tokopedia-tower_20170314090911_10446.jpg,interior,285_ciputra-world-2-tokopedia-tower-tokopedia-tower_20170314090911_10446.jpg,uploaded,54978,285_ciputra-world-2-tokopedia-tower-tokopedia-tower_20170314090911_10446.jpg,https://cdn-strapi.prod.99iddev.net/assets/285_ciputra_world_2_tokopedia_tower_tokopedia_tower_20170314090911_10446_f53a76ddd3.jpg,,
285-ciputra-world-2-tokopedia-tower-tokopedia-tower-20170314090911-86581,Media Library/Office Venue/285-ciputra-world-2-tokopedia-tower-tokopedia-tower-20170314090911-86581,2303,0,1,1,interior/285_ciputra-world-2-tokopedia-tower-tokopedia-tower_20170314090911_86581.jpg,interior,285_ciputra-world-2-tokopedia-tower-tokopedia-tower_20170314090911_86581.jpg,uploaded,54979,285_ciputra-world-2-tokopedia-tower-tokopedia-tower_20170314090911_86581.jpg,https://cdn-strapi.prod.99iddev.net/assets/285_ciputra_world_2_tokopedia_tower_tokopedia_tower_20170314090911_86581_29539cedfc.jpg,,
285-ciputra-world-2-tokopedia-tower-tokopedia-tower-20170314090912-44145,Media Library/Office Venue/285-ciputra-world-2-tokopedia-tower-tokopedia-tower-20170314090912-44145,2304,0,1,1,interior/285_ciputra-world-2-tokopedia-tower-tokopedia-tower_20170314090912_44145.jpg,interior,285_ciputra-world-2-tokopedia-tower-tokopedia-tower_20170314090912_44145.jpg,uploaded,54980,285_ciputra-world-2-tokopedia-tower-tokopedia-tower_20170314090912_44145.jpg,https://cdn-strapi.prod.99iddev.net/assets/285_ciputra_world_2_tokopedia_tower_tokopedia_tower_20170314090912_44145_70c559d2fa.jpg,,
285-ciputra-world-2-tokopedia-tower-tokopedia-tower-20170314090912-90741,Media Library/Office Venue/285-ciputra-world-2-tokopedia-tower-tokopedia-tower-20170314090912-90741,2305,0,1,1,interior/285_ciputra-world-2-tokopedia-tower-tokopedia-tower_20170314090912_90741.jpg,interior,285_ciputra-world-2-tokopedia-tower-tokopedia-tower_20170314090912_90741.jpg,uploaded,54981,285_ciputra-world-2-tokopedia-tower-tokopedia-tower_20170314090912_90741.jpg,https://cdn-strapi.prod.99iddev.net/assets/285_ciputra_world_2_tokopedia_tower_tokopedia_tower_20170314090912_90741_1a5ccd71cd.jpg,,
285-ciputra-world-2-tokopedia-tower-tokopedia-tower-20170317091413-30694,Media Library/Office Venue/285-ciputra-world-2-tokopedia-tower-tokopedia-tower-20170317091413-30694,2306,0,1,1,floorplan/285_ciputra-world-2-tokopedia-tower-tokopedia-tower_20170317091413_30694.jpg,floorplan,285_ciputra-world-2-tokopedia-tower-tokopedia-tower_20170317091413_30694.jpg,uploaded,54982,285_ciputra-world-2-tokopedia-tower-tokopedia-tower_20170317091413_30694.jpg,https://cdn-strapi.prod.99iddev.net/assets/285_ciputra_world_2_tokopedia_tower_tokopedia_tower_20170317091413_30694_0181804cd8.jpg,,
285-ciputra-world-2-tokopedia-tower-tokopedia-tower-20170317091414-44368,Media Library/Office Venue/285-ciputra-world-2-tokopedia-tower-tokopedia-tower-20170317091414-44368,2307,0,1,1,floorplan/285_ciputra-world-2-tokopedia-tower-tokopedia-tower_20170317091414_44368.jpg,floorplan,285_ciputra-world-2-tokopedia-tower-tokopedia-tower_20170317091414_44368.jpg,uploaded,54983,285_ciputra-world-2-tokopedia-tower-tokopedia-tower_20170317091414_44368.jpg,https://cdn-strapi.prod.99iddev.net/assets/285_ciputra_world_2_tokopedia_tower_tokopedia_tower_20170317091414_44368_aa278a0acd.jpg,,
285-ciputra-world-2-tokopedia-tower-tokopedia-tower-20170317091414-94725,Media Library/Office Venue/285-ciputra-world-2-tokopedia-tower-tokopedia-tower-20170317091414-94725,2308,0,1,1,floorplan/285_ciputra-world-2-tokopedia-tower-tokopedia-tower_20170317091414_94725.jpg,floorplan,285_ciputra-world-2-tokopedia-tower-tokopedia-tower_20170317091414_94725.jpg,uploaded,54984,285_ciputra-world-2-tokopedia-tower-tokopedia-tower_20170317091414_94725.jpg,https://cdn-strapi.prod.99iddev.net/assets/285_ciputra_world_2_tokopedia_tower_tokopedia_tower_20170317091414_94725_6096c0562a.jpg,,
285-ciputra-world-2-tokopedia-tower-tokopedia-tower-ex-ciputra-world-2-20171017064403-54318,Media Library/Office Venue/285-ciputra-world-2-tokopedia-tower-tokopedia-tower-ex-ciputra-world-2-20171017064403-54318,2309,0,1,1,interior/285_ciputra-world-2-tokopedia-tower-tokopedia-tower-ex-ciputra-world-2_20171017064403_54318.jpg,interior,285_ciputra-world-2-tokopedia-tower-tokopedia-tower-ex-ciputra-world-2_20171017064403_54318.jpg,uploaded,54985,285_ciputra-world-2-tokopedia-tower-tokopedia-tower-ex-ciputra-world-2_20171017064403_54318.jpg,https://cdn-strapi.prod.99iddev.net/assets/285_ciputra_world_2_tokopedia_tower_tokopedia_tower_ex_ciputra_world_2_20171017064403_54318_a3d30e6fd4.jpg,,
285-ciputra-world-2-tokopedia-tower-tokopedia-tower-ex-ciputra-world-2-20171017064406-46220,Media Library/Office Venue/285-ciputra-world-2-tokopedia-tower-tokopedia-tower-ex-ciputra-world-2-20171017064406-46220,2310,0,1,1,interior/285_ciputra-world-2-tokopedia-tower-tokopedia-tower-ex-ciputra-world-2_20171017064406_46220.jpg,interior,285_ciputra-world-2-tokopedia-tower-tokopedia-tower-ex-ciputra-world-2_20171017064406_46220.jpg,uploaded,54986,285_ciputra-world-2-tokopedia-tower-tokopedia-tower-ex-ciputra-world-2_20171017064406_46220.jpg,https://cdn-strapi.prod.99iddev.net/assets/285_ciputra_world_2_tokopedia_tower_tokopedia_tower_ex_ciputra_world_2_20171017064406_46220_33a7dce803.jpg,,
285-ciputra-world-2-tokopedia-tower-tokopedia-tower-ex-ciputra-world-2-20171017064408-46121,Media Library/Office Venue/285-ciputra-world-2-tokopedia-tower-tokopedia-tower-ex-ciputra-world-2-20171017064408-46121,2311,0,1,1,interior/285_ciputra-world-2-tokopedia-tower-tokopedia-tower-ex-ciputra-world-2_20171017064408_46121.jpg,interior,285_ciputra-world-2-tokopedia-tower-tokopedia-tower-ex-ciputra-world-2_20171017064408_46121.jpg,uploaded,54987,285_ciputra-world-2-tokopedia-tower-tokopedia-tower-ex-ciputra-world-2_20171017064408_46121.jpg,https://cdn-strapi.prod.99iddev.net/assets/285_ciputra_world_2_tokopedia_tower_tokopedia_tower_ex_ciputra_world_2_20171017064408_46121_e30a9b1b2d.jpg,,
285-ciputra-world-2-tokopedia-tower-tokopedia-tower-ex-ciputra-world-2-20171027090036-32436,Media Library/Office Venue/285-ciputra-world-2-tokopedia-tower-tokopedia-tower-ex-ciputra-world-2-20171027090036-32436,2312,0,1,1,interior/285_ciputra-world-2-tokopedia-tower-tokopedia-tower-ex-ciputra-world-2_20171027090036_32436.jpg,interior,285_ciputra-world-2-tokopedia-tower-tokopedia-tower-ex-ciputra-world-2_20171027090036_32436.jpg,uploaded,54988,285_ciputra-world-2-tokopedia-tower-tokopedia-tower-ex-ciputra-world-2_20171027090036_32436.jpg,https://cdn-strapi.prod.99iddev.net/assets/285_ciputra_world_2_tokopedia_tower_tokopedia_tower_ex_ciputra_world_2_20171027090036_32436_c25ae533a0.jpg,,
285-ciputra-world-2-tokopedia-tower-tokopedia-tower-ex-ciputra-world-2-20171027090039-12220,Media Library/Office Venue/285-ciputra-world-2-tokopedia-tower-tokopedia-tower-ex-ciputra-world-2-20171027090039-12220,2313,0,1,1,interior/285_ciputra-world-2-tokopedia-tower-tokopedia-tower-ex-ciputra-world-2_20171027090039_12220.jpg,interior,285_ciputra-world-2-tokopedia-tower-tokopedia-tower-ex-ciputra-world-2_20171027090039_12220.jpg,uploaded,54989,285_ciputra-world-2-tokopedia-tower-tokopedia-tower-ex-ciputra-world-2_20171027090039_12220.jpg,https://cdn-strapi.prod.99iddev.net/assets/285_ciputra_world_2_tokopedia_tower_tokopedia_tower_ex_ciputra_world_2_20171027090039_12220_aeaefe0116.jpg,,
285-ciputra-world-2-tokopedia-tower-tokopedia-tower-ex-ciputra-world-2-20171027090042-46369,Media Library/Office Venue/285-ciputra-world-2-tokopedia-tower-tokopedia-tower-ex-ciputra-world-2-20171027090042-46369,2314,0,1,1,interior/285_ciputra-world-2-tokopedia-tower-tokopedia-tower-ex-ciputra-world-2_20171027090042_46369.jpg,interior,285_ciputra-world-2-tokopedia-tower-tokopedia-tower-ex-ciputra-world-2_20171027090042_46369.jpg,uploaded,54990,285_ciputra-world-2-tokopedia-tower-tokopedia-tower-ex-ciputra-world-2_20171027090042_46369.jpg,https://cdn-strapi.prod.99iddev.net/assets/285_ciputra_world_2_tokopedia_tower_tokopedia_tower_ex_ciputra_world_2_20171027090042_46369_3e48dfc928.jpg,,
285-ciputra-world-2-tokopedia-tower-tokopedia-tower-ex-ciputra-world-2-20171027090044-19758,Media Library/Office Venue/285-ciputra-world-2-tokopedia-tower-tokopedia-tower-ex-ciputra-world-2-20171027090044-19758,2315,0,1,1,interior/285_ciputra-world-2-tokopedia-tower-tokopedia-tower-ex-ciputra-world-2_20171027090044_19758.jpg,interior,285_ciputra-world-2-tokopedia-tower-tokopedia-tower-ex-ciputra-world-2_20171027090044_19758.jpg,uploaded,54991,285_ciputra-world-2-tokopedia-tower-tokopedia-tower-ex-ciputra-world-2_20171027090044_19758.jpg,https://cdn-strapi.prod.99iddev.net/assets/285_ciputra_world_2_tokopedia_tower_tokopedia_tower_ex_ciputra_world_2_20171027090044_19758_16562fa278.jpg,,
285-ciputra-world-2-tokopedia-tower-tokopedia-tower-ex-ciputra-world-2-20171027090047-74925,Media Library/Office Venue/285-ciputra-world-2-tokopedia-tower-tokopedia-tower-ex-ciputra-world-2-20171027090047-74925,2316,0,1,1,interior/285_ciputra-world-2-tokopedia-tower-tokopedia-tower-ex-ciputra-world-2_20171027090047_74925.jpg,interior,285_ciputra-world-2-tokopedia-tower-tokopedia-tower-ex-ciputra-world-2_20171027090047_74925.jpg,uploaded,54992,285_ciputra-world-2-tokopedia-tower-tokopedia-tower-ex-ciputra-world-2_20171027090047_74925.jpg,https://cdn-strapi.prod.99iddev.net/assets/285_ciputra_world_2_tokopedia_tower_tokopedia_tower_ex_ciputra_world_2_20171027090047_74925_ba1650c369.jpg,,
285-ciputra-world-2-tokopedia-tower-tokopedia-tower-ex-ciputra-world-2-20171027090049-37539,Media Library/Office Venue/285-ciputra-world-2-tokopedia-tower-tokopedia-tower-ex-ciputra-world-2-20171027090049-37539,2317,0,1,1,interior/285_ciputra-world-2-tokopedia-tower-tokopedia-tower-ex-ciputra-world-2_20171027090049_37539.jpg,interior,285_ciputra-world-2-tokopedia-tower-tokopedia-tower-ex-ciputra-world-2_20171027090049_37539.jpg,uploaded,54993,285_ciputra-world-2-tokopedia-tower-tokopedia-tower-ex-ciputra-world-2_20171027090049_37539.jpg,https://cdn-strapi.prod.99iddev.net/assets/285_ciputra_world_2_tokopedia_tower_tokopedia_tower_ex_ciputra_world_2_20171027090049_37539_9f0666b617.jpg,,
285-ciputra-world-2-tokopedia-tower-tokopedia-tower-ex-ciputra-world-2-20180525073931-13336,Media Library/Office Venue/285-ciputra-world-2-tokopedia-tower-tokopedia-tower-ex-ciputra-world-2-20180525073931-13336,2318,0,1,1,interior/285_ciputra-world-2-tokopedia-tower-tokopedia-tower-ex-ciputra-world-2_20180525073931_13336.jpg,interior,285_ciputra-world-2-tokopedia-tower-tokopedia-tower-ex-ciputra-world-2_20180525073931_13336.jpg,uploaded,54994,285_ciputra-world-2-tokopedia-tower-tokopedia-tower-ex-ciputra-world-2_20180525073931_13336.jpg,https://cdn-strapi.prod.99iddev.net/assets/285_ciputra_world_2_tokopedia_tower_tokopedia_tower_ex_ciputra_world_2_20180525073931_13336_b09937325b.jpg,,
285-ciputra-world-2-tokopedia-tower-tokopedia-tower-ex-ciputra-world-2-20180525073931-15796,Media Library/Office Venue/285-ciputra-world-2-tokopedia-tower-tokopedia-tower-ex-ciputra-world-2-20180525073931-15796,2319,0,1,1,interior/285_ciputra-world-2-tokopedia-tower-tokopedia-tower-ex-ciputra-world-2_20180525073931_15796.jpg,interior,285_ciputra-world-2-tokopedia-tower-tokopedia-tower-ex-ciputra-world-2_20180525073931_15796.jpg,uploaded,54995,285_ciputra-world-2-tokopedia-tower-tokopedia-tower-ex-ciputra-world-2_20180525073931_15796.jpg,https://cdn-strapi.prod.99iddev.net/assets/285_ciputra_world_2_tokopedia_tower_tokopedia_tower_ex_ciputra_world_2_20180525073931_15796_f3b7530881.jpg,,
285-ciputra-world-2-tokopedia-tower-tokopedia-tower-ex-ciputra-world-2-20180525073931-30101,Media Library/Office Venue/285-ciputra-world-2-tokopedia-tower-tokopedia-tower-ex-ciputra-world-2-20180525073931-30101,2320,0,1,1,interior/285_ciputra-world-2-tokopedia-tower-tokopedia-tower-ex-ciputra-world-2_20180525073931_30101.jpg,interior,285_ciputra-world-2-tokopedia-tower-tokopedia-tower-ex-ciputra-world-2_20180525073931_30101.jpg,uploaded,54996,285_ciputra-world-2-tokopedia-tower-tokopedia-tower-ex-ciputra-world-2_20180525073931_30101.jpg,https://cdn-strapi.prod.99iddev.net/assets/285_ciputra_world_2_tokopedia_tower_tokopedia_tower_ex_ciputra_world_2_20180525073931_30101_1ceb35f94b.jpg,,
285-ciputra-world-2-tokopedia-tower-tokopedia-tower-ex-ciputra-world-2-20191105024928-59845,Media Library/Office Venue/285-ciputra-world-2-tokopedia-tower-tokopedia-tower-ex-ciputra-world-2-20191105024928-59845,2321,0,1,1,exterior/285_ciputra-world-2-tokopedia-tower-tokopedia-tower-ex-ciputra-world-2_20191105024928_59845.jpg,exterior,285_ciputra-world-2-tokopedia-tower-tokopedia-tower-ex-ciputra-world-2_20191105024928_59845.jpg,uploaded,54997,285_ciputra-world-2-tokopedia-tower-tokopedia-tower-ex-ciputra-world-2_20191105024928_59845.jpg,https://cdn-strapi.prod.99iddev.net/assets/285_ciputra_world_2_tokopedia_tower_tokopedia_tower_ex_ciputra_world_2_20191105024928_59845_783433d000.jpg,,
285-ciputra-world-2-tokopedia-tower-tokopedia-tower-ex-ciputra-world-2-20171017064410587,Media Library/Office Venue/285-ciputra-world-2-tokopedia-tower-tokopedia-tower-ex-ciputra-world-2-20171017064410587,2322,0,1,1,interior/285_ciputra-world-2-tokopedia-tower-tokopedia-tower-ex-ciputra-world-2_20171017064410_28587.jpg,interior,285_ciputra-world-2-tokopedia-tower-tokopedia-tower-ex-ciputra-world-2_20171017064410_28587.jpg,uploaded,54998,285_ciputra-world-2-tokopedia-tower-tokopedia-tower-ex-ciputra-world-2_20171017064410_28587.jpg,https://cdn-strapi.prod.99iddev.net/assets/285_ciputra_world_2_tokopedia_tower_tokopedia_tower_ex_ciputra_world_2_20171017064410_28587_6934e733a8.jpg,,
295-berita-satu-plaza-berita-satu-plaza-20170222061403-93105,Media Library/Office Venue/295-berita-satu-plaza-berita-satu-plaza-20170222061403-93105,2323,0,1,1,floorplan/295_berita-satu-plaza-berita-satu-plaza_20170222061403_93105.jpg,floorplan,295_berita-satu-plaza-berita-satu-plaza_20170222061403_93105.jpg,uploaded,54999,295_berita-satu-plaza-berita-satu-plaza_20170222061403_93105.jpg,https://cdn-strapi.prod.99iddev.net/assets/295_berita_satu_plaza_berita_satu_plaza_20170222061403_93105_bcf3ee660d.jpg,,
299-cohive-101-ex-graha-xl-cohive-101-ex-graha-xl-20200723041838-46482,Media Library/Office Venue/299-cohive-101-ex-graha-xl-cohive-101-ex-graha-xl-20200723041838-46482,2324,0,1,1,exterior/299_cohive-101-ex-graha-xl-cohive-101-ex-graha-xl_20200723041838_46482.jpg,exterior,299_cohive-101-ex-graha-xl-cohive-101-ex-graha-xl_20200723041838_46482.jpg,uploaded,55000,299_cohive-101-ex-graha-xl-cohive-101-ex-graha-xl_20200723041838_46482.jpg,https://cdn-strapi.prod.99iddev.net/assets/299_cohive_101_ex_graha_xl_cohive_101_ex_graha_xl_20200723041838_46482_21675dbbce.jpg,,
299-cohive-101-ex-graha-xl-cohive-101-ex-graha-xl-20200723041840-44063,Media Library/Office Venue/299-cohive-101-ex-graha-xl-cohive-101-ex-graha-xl-20200723041840-44063,2325,0,1,1,exterior/299_cohive-101-ex-graha-xl-cohive-101-ex-graha-xl_20200723041840_44063.jpg,exterior,299_cohive-101-ex-graha-xl-cohive-101-ex-graha-xl_20200723041840_44063.jpg,uploaded,55001,299_cohive-101-ex-graha-xl-cohive-101-ex-graha-xl_20200723041840_44063.jpg,https://cdn-strapi.prod.99iddev.net/assets/299_cohive_101_ex_graha_xl_cohive_101_ex_graha_xl_20200723041840_44063_1f21f72392.jpg,,
299-graha-xl-graha-xl-20160914044025-27183,Media Library/Office Venue/299-graha-xl-graha-xl-20160914044025-27183,2326,0,1,1,exterior/299_graha-xl-graha-xl_20160914044025_27183.jpg,exterior,299_graha-xl-graha-xl_20160914044025_27183.jpg,uploaded,55002,299_graha-xl-graha-xl_20160914044025_27183.jpg,https://cdn-strapi.prod.99iddev.net/assets/299_graha_xl_graha_xl_20160914044025_27183_e63ec73e13.jpg,,
299-graha-xl-graha-xl-20160914044025-83957,Media Library/Office Venue/299-graha-xl-graha-xl-20160914044025-83957,2327,0,1,1,exterior/299_graha-xl-graha-xl_20160914044025_83957.jpg,exterior,299_graha-xl-graha-xl_20160914044025_83957.jpg,uploaded,55003,299_graha-xl-graha-xl_20160914044025_83957.jpg,https://cdn-strapi.prod.99iddev.net/assets/299_graha_xl_graha_xl_20160914044025_83957_588f5831f6.jpg,,
299-graha-xl-graha-xl-20160914044026-11636,Media Library/Office Venue/299-graha-xl-graha-xl-20160914044026-11636,2328,0,1,1,exterior/299_graha-xl-graha-xl_20160914044026_11636.jpg,exterior,299_graha-xl-graha-xl_20160914044026_11636.jpg,uploaded,55004,299_graha-xl-graha-xl_20160914044026_11636.jpg,https://cdn-strapi.prod.99iddev.net/assets/299_graha_xl_graha_xl_20160914044026_11636_a63da7be4d.jpg,,
299-graha-xl-graha-xl-20160914044026-13295,Media Library/Office Venue/299-graha-xl-graha-xl-20160914044026-13295,2329,0,1,1,exterior/299_graha-xl-graha-xl_20160914044026_13295.jpg,exterior,299_graha-xl-graha-xl_20160914044026_13295.jpg,uploaded,55005,299_graha-xl-graha-xl_20160914044026_13295.jpg,https://cdn-strapi.prod.99iddev.net/assets/299_graha_xl_graha_xl_20160914044026_13295_d003282465.jpg,,
299-graha-xl-graha-xl-20160914044026-17306,Media Library/Office Venue/299-graha-xl-graha-xl-20160914044026-17306,2330,0,1,1,exterior/299_graha-xl-graha-xl_20160914044026_17306.jpg,exterior,299_graha-xl-graha-xl_20160914044026_17306.jpg,uploaded,55006,299_graha-xl-graha-xl_20160914044026_17306.jpg,https://cdn-strapi.prod.99iddev.net/assets/299_graha_xl_graha_xl_20160914044026_17306_f81b7e56ba.jpg,,
299-graha-xl-graha-xl-20181105074431-12621,Media Library/Office Venue/299-graha-xl-graha-xl-20181105074431-12621,2331,0,1,1,interior/299_graha-xl-graha-xl_20181105074431_12621.jpeg,interior,299_graha-xl-graha-xl_20181105074431_12621.jpeg,uploaded,55007,299_graha-xl-graha-xl_20181105074431_12621.jpeg,https://cdn-strapi.prod.99iddev.net/assets/299_graha_xl_graha_xl_20181105074431_12621_4c348d4b90.jpeg,,
299-graha-xl-graha-xl-20181105074431-97417,Media Library/Office Venue/299-graha-xl-graha-xl-20181105074431-97417,2332,0,1,1,interior/299_graha-xl-graha-xl_20181105074431_97417.jpeg,interior,299_graha-xl-graha-xl_20181105074431_97417.jpeg,uploaded,55008,299_graha-xl-graha-xl_20181105074431_97417.jpeg,https://cdn-strapi.prod.99iddev.net/assets/299_graha_xl_graha_xl_20181105074431_97417_62dcef02d9.jpeg,,
299-graha-xl-graha-xl-20181105074432-26132,Media Library/Office Venue/299-graha-xl-graha-xl-20181105074432-26132,2333,0,1,1,interior/299_graha-xl-graha-xl_20181105074432_26132.jpeg,interior,299_graha-xl-graha-xl_20181105074432_26132.jpeg,uploaded,55009,299_graha-xl-graha-xl_20181105074432_26132.jpeg,https://cdn-strapi.prod.99iddev.net/assets/299_graha_xl_graha_xl_20181105074432_26132_ac06515583.jpeg,,
299-graha-xl-graha-xl-20181105074432-67913,Media Library/Office Venue/299-graha-xl-graha-xl-20181105074432-67913,2334,0,1,1,interior/299_graha-xl-graha-xl_20181105074432_67913.jpeg,interior,299_graha-xl-graha-xl_20181105074432_67913.jpeg,uploaded,55010,299_graha-xl-graha-xl_20181105074432_67913.jpeg,https://cdn-strapi.prod.99iddev.net/assets/299_graha_xl_graha_xl_20181105074432_67913_7518ff1526.jpeg,,
304-altira-altira-20160914043713-85498,Media Library/Office Venue/304-altira-altira-20160914043713-85498,2335,0,1,1,exterior/304_altira-altira_20160914043713_85498.jpg,exterior,304_altira-altira_20160914043713_85498.jpg,uploaded,55011,304_altira-altira_20160914043713_85498.jpg,https://cdn-strapi.prod.99iddev.net/assets/304_altira_altira_20160914043713_85498_5782bb892c.jpg,,
304-altira-altira-office-tower-20180420064355-43380,Media Library/Office Venue/304-altira-altira-office-tower-20180420064355-43380,2336,0,1,1,exterior/304_altira-altira-office-tower_20180420064355_43380.jpg,exterior,304_altira-altira-office-tower_20180420064355_43380.jpg,uploaded,55012,304_altira-altira-office-tower_20180420064355_43380.jpg,https://cdn-strapi.prod.99iddev.net/assets/304_altira_altira_office_tower_20180420064355_43380_fd698cb2e2.jpg,,
304-altira-altira-office-tower-20180420064356-67759,Media Library/Office Venue/304-altira-altira-office-tower-20180420064356-67759,2337,0,1,1,exterior/304_altira-altira-office-tower_20180420064356_67759.jpg,exterior,304_altira-altira-office-tower_20180420064356_67759.jpg,uploaded,55013,304_altira-altira-office-tower_20180420064356_67759.jpg,https://cdn-strapi.prod.99iddev.net/assets/304_altira_altira_office_tower_20180420064356_67759_90a2e88e2c.jpg,,
304-altira-altira-office-tower-20180420064358-32128,Media Library/Office Venue/304-altira-altira-office-tower-20180420064358-32128,2338,0,1,1,exterior/304_altira-altira-office-tower_20180420064358_32128.jpg,exterior,304_altira-altira-office-tower_20180420064358_32128.jpg,uploaded,55014,304_altira-altira-office-tower_20180420064358_32128.jpg,https://cdn-strapi.prod.99iddev.net/assets/304_altira_altira_office_tower_20180420064358_32128_4b6087e7fb.jpg,,
304-altira-altira-office-tower-20180420064359-79601,Media Library/Office Venue/304-altira-altira-office-tower-20180420064359-79601,2339,0,1,1,exterior/304_altira-altira-office-tower_20180420064359_79601.jpg,exterior,304_altira-altira-office-tower_20180420064359_79601.jpg,uploaded,55015,304_altira-altira-office-tower_20180420064359_79601.jpg,https://cdn-strapi.prod.99iddev.net/assets/304_altira_altira_office_tower_20180420064359_79601_80d9c2a4fe.jpg,,
304-altira-altira-office-tower-20180420064359-85853,Media Library/Office Venue/304-altira-altira-office-tower-20180420064359-85853,2340,0,1,1,exterior/304_altira-altira-office-tower_20180420064359_85853.jpg,exterior,304_altira-altira-office-tower_20180420064359_85853.jpg,uploaded,55016,304_altira-altira-office-tower_20180420064359_85853.jpg,https://cdn-strapi.prod.99iddev.net/assets/304_altira_altira_office_tower_20180420064359_85853_861109ff36.jpg,,
304-altira-altira-office-tower-20180420064400-11571,Media Library/Office Venue/304-altira-altira-office-tower-20180420064400-11571,2341,0,1,1,exterior/304_altira-altira-office-tower_20180420064400_11571.jpg,exterior,304_altira-altira-office-tower_20180420064400_11571.jpg,uploaded,55017,304_altira-altira-office-tower_20180420064400_11571.jpg,https://cdn-strapi.prod.99iddev.net/assets/304_altira_altira_office_tower_20180420064400_11571_3cf43c5c21.jpg,,
304-altira-altira-office-tower-20180420064400-35086,Media Library/Office Venue/304-altira-altira-office-tower-20180420064400-35086,2342,0,1,1,exterior/304_altira-altira-office-tower_20180420064400_35086.jpg,exterior,304_altira-altira-office-tower_20180420064400_35086.jpg,uploaded,55018,304_altira-altira-office-tower_20180420064400_35086.jpg,https://cdn-strapi.prod.99iddev.net/assets/304_altira_altira_office_tower_20180420064400_35086_c2d042029e.jpg,,
304-altira-altira-office-tower-20180420064401-54343,Media Library/Office Venue/304-altira-altira-office-tower-20180420064401-54343,2343,0,1,1,exterior/304_altira-altira-office-tower_20180420064401_54343.jpg,exterior,304_altira-altira-office-tower_20180420064401_54343.jpg,uploaded,55019,304_altira-altira-office-tower_20180420064401_54343.jpg,https://cdn-strapi.prod.99iddev.net/assets/304_altira_altira_office_tower_20180420064401_54343_9d9470549b.jpg,,
305-menara-palma-2-menara-palma-2-20160914044259-98573,Media Library/Office Venue/305-menara-palma-2-menara-palma-2-20160914044259-98573,2344,0,1,1,exterior/305_menara-palma-2-menara-palma-2_20160914044259_98573.jpg,exterior,305_menara-palma-2-menara-palma-2_20160914044259_98573.jpg,uploaded,55020,305_menara-palma-2-menara-palma-2_20160914044259_98573.jpg,https://cdn-strapi.prod.99iddev.net/assets/305_menara_palma_2_menara_palma_2_20160914044259_98573_bf7d76d1bd.jpg,,
305-menara-palma-2-menara-palma-2-20160914044300-64570,Media Library/Office Venue/305-menara-palma-2-menara-palma-2-20160914044300-64570,2345,0,1,1,exterior/305_menara-palma-2-menara-palma-2_20160914044300_64570.jpg,exterior,305_menara-palma-2-menara-palma-2_20160914044300_64570.jpg,uploaded,55021,305_menara-palma-2-menara-palma-2_20160914044300_64570.jpg,https://cdn-strapi.prod.99iddev.net/assets/305_menara_palma_2_menara_palma_2_20160914044300_64570_9e854a8f3d.jpg,,
305-menara-palma-2-menara-palma-2-20160914044300-95266,Media Library/Office Venue/305-menara-palma-2-menara-palma-2-20160914044300-95266,2346,0,1,1,exterior/305_menara-palma-2-menara-palma-2_20160914044300_95266.jpg,exterior,305_menara-palma-2-menara-palma-2_20160914044300_95266.jpg,uploaded,55022,305_menara-palma-2-menara-palma-2_20160914044300_95266.jpg,https://cdn-strapi.prod.99iddev.net/assets/305_menara_palma_2_menara_palma_2_20160914044300_95266_3cc4656091.jpg,,
305-menara-palma-2-menara-palma-2-20160914044301-32608,Media Library/Office Venue/305-menara-palma-2-menara-palma-2-20160914044301-32608,2347,0,1,1,exterior/305_menara-palma-2-menara-palma-2_20160914044301_32608.jpg,exterior,305_menara-palma-2-menara-palma-2_20160914044301_32608.jpg,uploaded,55023,305_menara-palma-2-menara-palma-2_20160914044301_32608.jpg,https://cdn-strapi.prod.99iddev.net/assets/305_menara_palma_2_menara_palma_2_20160914044301_32608_2acef63539.jpg,,
305-menara-palma-2-menara-palma-2-20160914044301-67309,Media Library/Office Venue/305-menara-palma-2-menara-palma-2-20160914044301-67309,2348,0,1,1,exterior/305_menara-palma-2-menara-palma-2_20160914044301_67309.jpg,exterior,305_menara-palma-2-menara-palma-2_20160914044301_67309.jpg,uploaded,55024,305_menara-palma-2-menara-palma-2_20160914044301_67309.jpg,https://cdn-strapi.prod.99iddev.net/assets/305_menara_palma_2_menara_palma_2_20160914044301_67309_d3e533f982.jpg,,
305-xl-axiata-menara-palma-2-xl-axiata-20180523015245-54471,Media Library/Office Venue/305-xl-axiata-menara-palma-2-xl-axiata-20180523015245-54471,2349,0,1,1,interior/305_xl-axiata-menara-palma-2-xl-axiata_20180523015245_54471.jpeg,interior,305_xl-axiata-menara-palma-2-xl-axiata_20180523015245_54471.jpeg,uploaded,55025,305_xl-axiata-menara-palma-2-xl-axiata_20180523015245_54471.jpeg,https://cdn-strapi.prod.99iddev.net/assets/305_xl_axiata_menara_palma_2_xl_axiata_20180523015245_54471_d5b0b941c0.jpeg,,
305-xl-axiata-menara-palma-2-xl-axiata-20180523015245-81597,Media Library/Office Venue/305-xl-axiata-menara-palma-2-xl-axiata-20180523015245-81597,2350,0,1,1,interior/305_xl-axiata-menara-palma-2-xl-axiata_20180523015245_81597.jpeg,interior,305_xl-axiata-menara-palma-2-xl-axiata_20180523015245_81597.jpeg,uploaded,55026,305_xl-axiata-menara-palma-2-xl-axiata_20180523015245_81597.jpeg,https://cdn-strapi.prod.99iddev.net/assets/305_xl_axiata_menara_palma_2_xl_axiata_20180523015245_81597_01d66e1ae6.jpeg,,
305-xl-axiata-menara-palma-2-xl-axiata-20180523015246-13693,Media Library/Office Venue/305-xl-axiata-menara-palma-2-xl-axiata-20180523015246-13693,2351,0,1,1,interior/305_xl-axiata-menara-palma-2-xl-axiata_20180523015246_13693.jpeg,interior,305_xl-axiata-menara-palma-2-xl-axiata_20180523015246_13693.jpeg,uploaded,55027,305_xl-axiata-menara-palma-2-xl-axiata_20180523015246_13693.jpeg,https://cdn-strapi.prod.99iddev.net/assets/305_xl_axiata_menara_palma_2_xl_axiata_20180523015246_13693_7300e89205.jpeg,,
305-xl-axiata-menara-palma-2-xl-axiata-20180523015246-86176,Media Library/Office Venue/305-xl-axiata-menara-palma-2-xl-axiata-20180523015246-86176,2352,0,1,1,interior/305_xl-axiata-menara-palma-2-xl-axiata_20180523015246_86176.jpeg,interior,305_xl-axiata-menara-palma-2-xl-axiata_20180523015246_86176.jpeg,uploaded,55028,305_xl-axiata-menara-palma-2-xl-axiata_20180523015246_86176.jpeg,https://cdn-strapi.prod.99iddev.net/assets/305_xl_axiata_menara_palma_2_xl_axiata_20180523015246_86176_061de86680.jpeg,,
305-xl-axiata-menara-palma-2-xl-axiata-20180523015246-89244,Media Library/Office Venue/305-xl-axiata-menara-palma-2-xl-axiata-20180523015246-89244,2353,0,1,1,interior/305_xl-axiata-menara-palma-2-xl-axiata_20180523015246_89244.jpeg,interior,305_xl-axiata-menara-palma-2-xl-axiata_20180523015246_89244.jpeg,uploaded,55029,305_xl-axiata-menara-palma-2-xl-axiata_20180523015246_89244.jpeg,https://cdn-strapi.prod.99iddev.net/assets/305_xl_axiata_menara_palma_2_xl_axiata_20180523015246_89244_31bca5df62.jpeg,,
305-xl-axiata-menara-palma-2-xl-axiata-20180523015246-98877,Media Library/Office Venue/305-xl-axiata-menara-palma-2-xl-axiata-20180523015246-98877,2354,0,1,1,interior/305_xl-axiata-menara-palma-2-xl-axiata_20180523015246_98877.jpeg,interior,305_xl-axiata-menara-palma-2-xl-axiata_20180523015246_98877.jpeg,uploaded,55030,305_xl-axiata-menara-palma-2-xl-axiata_20180523015246_98877.jpeg,https://cdn-strapi.prod.99iddev.net/assets/305_xl_axiata_menara_palma_2_xl_axiata_20180523015246_98877_68aad7056c.jpeg,,
305-xl-axiata-menara-palma-2-xl-axiata-20180523015247-86503,Media Library/Office Venue/305-xl-axiata-menara-palma-2-xl-axiata-20180523015247-86503,2355,0,1,1,interior/305_xl-axiata-menara-palma-2-xl-axiata_20180523015247_86503.jpeg,interior,305_xl-axiata-menara-palma-2-xl-axiata_20180523015247_86503.jpeg,uploaded,55031,305_xl-axiata-menara-palma-2-xl-axiata_20180523015247_86503.jpeg,https://cdn-strapi.prod.99iddev.net/assets/305_xl_axiata_menara_palma_2_xl_axiata_20180523015247_86503_f870bc87bc.jpeg,,
307-menara-binakarsa-ex-graha-binakarsa-menara-binakarsa-ex-graha-binakarsa-20200722170405-82890,Media Library/Office Venue/307-menara-binakarsa-ex-graha-binakarsa-menara-binakarsa-ex-graha-binakarsa-20200722170405-82890,2356,0,1,1,exterior/307_menara-binakarsa-ex-graha-binakarsa-menara-binakarsa-ex-graha-binakarsa_20200722170405_82890.jpg,exterior,307_menara-binakarsa-ex-graha-binakarsa-menara-binakarsa-ex-graha-binakarsa_20200722170405_82890.jpg,uploaded,55032,307_menara-binakarsa-ex-graha-binakarsa-menara-binakarsa-ex-graha-binakarsa_20200722170405_82890.jpg,https://cdn-strapi.prod.99iddev.net/assets/307_menara_binakarsa_ex_graha_binakarsa_menara_binakarsa_ex_graha_binakarsa_20200722170405_82890_2f4b139765.jpg,,
315-graha-fif-graha-fif-20160914043947-96605,Media Library/Office Venue/315-graha-fif-graha-fif-20160914043947-96605,2357,0,1,1,exterior/315_graha-fif-graha-fif_20160914043947_96605.jpg,exterior,315_graha-fif-graha-fif_20160914043947_96605.jpg,uploaded,55033,315_graha-fif-graha-fif_20160914043947_96605.jpg,https://cdn-strapi.prod.99iddev.net/assets/315_graha_fif_graha_fif_20160914043947_96605_6630d32ef0.jpg,,
315-graha-fif-graha-fif-20160914043947-99586,Media Library/Office Venue/315-graha-fif-graha-fif-20160914043947-99586,2358,0,1,1,exterior/315_graha-fif-graha-fif_20160914043947_99586.jpg,exterior,315_graha-fif-graha-fif_20160914043947_99586.jpg,uploaded,55034,315_graha-fif-graha-fif_20160914043947_99586.jpg,https://cdn-strapi.prod.99iddev.net/assets/315_graha_fif_graha_fif_20160914043947_99586_8b5975e0c8.jpg,,
315-graha-fif-graha-fif-20160914043948-40762,Media Library/Office Venue/315-graha-fif-graha-fif-20160914043948-40762,2359,0,1,1,exterior/315_graha-fif-graha-fif_20160914043948_40762.jpg,exterior,315_graha-fif-graha-fif_20160914043948_40762.jpg,uploaded,55035,315_graha-fif-graha-fif_20160914043948_40762.jpg,https://cdn-strapi.prod.99iddev.net/assets/315_graha_fif_graha_fif_20160914043948_40762_dbde5b4e87.jpg,,
315-graha-fif-graha-fif-20160914043948-45920,Media Library/Office Venue/315-graha-fif-graha-fif-20160914043948-45920,2360,0,1,1,exterior/315_graha-fif-graha-fif_20160914043948_45920.jpg,exterior,315_graha-fif-graha-fif_20160914043948_45920.jpg,uploaded,55036,315_graha-fif-graha-fif_20160914043948_45920.jpg,https://cdn-strapi.prod.99iddev.net/assets/315_graha_fif_graha_fif_20160914043948_45920_9679435934.jpg,,
315-graha-fif-graha-fif-20160914043948-46547,Media Library/Office Venue/315-graha-fif-graha-fif-20160914043948-46547,2361,0,1,1,exterior/315_graha-fif-graha-fif_20160914043948_46547.jpg,exterior,315_graha-fif-graha-fif_20160914043948_46547.jpg,uploaded,55037,315_graha-fif-graha-fif_20160914043948_46547.jpg,https://cdn-strapi.prod.99iddev.net/assets/315_graha_fif_graha_fif_20160914043948_46547_eb4c0321c1.jpg,,
335-telkom-landmark-tower-2-telkom-landmark-tower-2-20170404103053-61845,Media Library/Office Venue/335-telkom-landmark-tower-2-telkom-landmark-tower-2-20170404103053-61845,2362,0,1,1,interior/335_telkom-landmark-tower-2-telkom-landmark-tower-2_20170404103053_61845.jpg,interior,335_telkom-landmark-tower-2-telkom-landmark-tower-2_20170404103053_61845.jpg,uploaded,55038,335_telkom-landmark-tower-2-telkom-landmark-tower-2_20170404103053_61845.jpg,https://cdn-strapi.prod.99iddev.net/assets/335_telkom_landmark_tower_2_telkom_landmark_tower_2_20170404103053_61845_33f0545612.jpg,,
335-telkom-landmark-tower-2-telkom-landmark-tower-2-20170404103054-21032,Media Library/Office Venue/335-telkom-landmark-tower-2-telkom-landmark-tower-2-20170404103054-21032,2363,0,1,1,interior/335_telkom-landmark-tower-2-telkom-landmark-tower-2_20170404103054_21032.jpg,interior,335_telkom-landmark-tower-2-telkom-landmark-tower-2_20170404103054_21032.jpg,uploaded,55039,335_telkom-landmark-tower-2-telkom-landmark-tower-2_20170404103054_21032.jpg,https://cdn-strapi.prod.99iddev.net/assets/335_telkom_landmark_tower_2_telkom_landmark_tower_2_20170404103054_21032_f313a36baf.jpg,,
335-telkom-landmark-tower-2-telkom-landmark-tower-2-20170404103054-63090,Media Library/Office Venue/335-telkom-landmark-tower-2-telkom-landmark-tower-2-20170404103054-63090,2364,0,1,1,interior/335_telkom-landmark-tower-2-telkom-landmark-tower-2_20170404103054_63090.jpg,interior,335_telkom-landmark-tower-2-telkom-landmark-tower-2_20170404103054_63090.jpg,uploaded,55040,335_telkom-landmark-tower-2-telkom-landmark-tower-2_20170404103054_63090.jpg,https://cdn-strapi.prod.99iddev.net/assets/335_telkom_landmark_tower_2_telkom_landmark_tower_2_20170404103054_63090_0a3ce11ad4.jpg,,
335-telkom-landmark-tower-2-telkom-landmark-tower-2-20170404103055-72290,Media Library/Office Venue/335-telkom-landmark-tower-2-telkom-landmark-tower-2-20170404103055-72290,2365,0,1,1,interior/335_telkom-landmark-tower-2-telkom-landmark-tower-2_20170404103055_72290.jpg,interior,335_telkom-landmark-tower-2-telkom-landmark-tower-2_20170404103055_72290.jpg,uploaded,55041,335_telkom-landmark-tower-2-telkom-landmark-tower-2_20170404103055_72290.jpg,https://cdn-strapi.prod.99iddev.net/assets/335_telkom_landmark_tower_2_telkom_landmark_tower_2_20170404103055_72290_44fbb4e5d8.jpg,,
335-telkom-landmark-tower-2-telkom-landmark-tower-2-20170404103055-89403,Media Library/Office Venue/335-telkom-landmark-tower-2-telkom-landmark-tower-2-20170404103055-89403,2366,0,1,1,interior/335_telkom-landmark-tower-2-telkom-landmark-tower-2_20170404103055_89403.jpg,interior,335_telkom-landmark-tower-2-telkom-landmark-tower-2_20170404103055_89403.jpg,uploaded,55042,335_telkom-landmark-tower-2-telkom-landmark-tower-2_20170404103055_89403.jpg,https://cdn-strapi.prod.99iddev.net/assets/335_telkom_landmark_tower_2_telkom_landmark_tower_2_20170404103055_89403_71ac45ff98.jpg,,
335-telkom-landmark-tower-2-telkom-landmark-tower-2-20170404103056-13122,Media Library/Office Venue/335-telkom-landmark-tower-2-telkom-landmark-tower-2-20170404103056-13122,2367,0,1,1,interior/335_telkom-landmark-tower-2-telkom-landmark-tower-2_20170404103056_13122.jpg,interior,335_telkom-landmark-tower-2-telkom-landmark-tower-2_20170404103056_13122.jpg,uploaded,55043,335_telkom-landmark-tower-2-telkom-landmark-tower-2_20170404103056_13122.jpg,https://cdn-strapi.prod.99iddev.net/assets/335_telkom_landmark_tower_2_telkom_landmark_tower_2_20170404103056_13122_b44c677b01.jpg,,
335-telkom-landmark-tower-2-telkom-landmark-tower-2-20170404103056-78003,Media Library/Office Venue/335-telkom-landmark-tower-2-telkom-landmark-tower-2-20170404103056-78003,2368,0,1,1,interior/335_telkom-landmark-tower-2-telkom-landmark-tower-2_20170404103056_78003.jpg,interior,335_telkom-landmark-tower-2-telkom-landmark-tower-2_20170404103056_78003.jpg,uploaded,55044,335_telkom-landmark-tower-2-telkom-landmark-tower-2_20170404103056_78003.jpg,https://cdn-strapi.prod.99iddev.net/assets/335_telkom_landmark_tower_2_telkom_landmark_tower_2_20170404103056_78003_13ce7d2286.jpg,,
337-mangkuluhur-tower-mangkuluhur-tower-20160914044138-96169,Media Library/Office Venue/337-mangkuluhur-tower-mangkuluhur-tower-20160914044138-96169,2369,0,1,1,exterior/337_mangkuluhur-tower-mangkuluhur-tower_20160914044138_96169.jpg,exterior,337_mangkuluhur-tower-mangkuluhur-tower_20160914044138_96169.jpg,uploaded,55045,337_mangkuluhur-tower-mangkuluhur-tower_20160914044138_96169.jpg,https://cdn-strapi.prod.99iddev.net/assets/337_mangkuluhur_tower_mangkuluhur_tower_20160914044138_96169_70c2ddd607.jpg,,
337-mangkuluhur-tower-mangkuluhur-tower-20160914044139-15308,Media Library/Office Venue/337-mangkuluhur-tower-mangkuluhur-tower-20160914044139-15308,2370,0,1,1,exterior/337_mangkuluhur-tower-mangkuluhur-tower_20160914044139_15308.jpg,exterior,337_mangkuluhur-tower-mangkuluhur-tower_20160914044139_15308.jpg,uploaded,55046,337_mangkuluhur-tower-mangkuluhur-tower_20160914044139_15308.jpg,https://cdn-strapi.prod.99iddev.net/assets/337_mangkuluhur_tower_mangkuluhur_tower_20160914044139_15308_08c8b1fe48.jpg,,
337-mangkuluhur-tower-mangkuluhur-tower-20170222074058-56900,Media Library/Office Venue/337-mangkuluhur-tower-mangkuluhur-tower-20170222074058-56900,2371,0,1,1,floorplan/337_mangkuluhur-tower-mangkuluhur-tower_20170222074058_56900.jpg,floorplan,337_mangkuluhur-tower-mangkuluhur-tower_20170222074058_56900.jpg,uploaded,55047,337_mangkuluhur-tower-mangkuluhur-tower_20170222074058_56900.jpg,https://cdn-strapi.prod.99iddev.net/assets/337_mangkuluhur_tower_mangkuluhur_tower_20170222074058_56900_a2ef460e12.jpg,,
337-mangkuluhur-tower-mangkuluhur-tower-20170222074058-75670,Media Library/Office Venue/337-mangkuluhur-tower-mangkuluhur-tower-20170222074058-75670,2372,0,1,1,floorplan/337_mangkuluhur-tower-mangkuluhur-tower_20170222074058_75670.jpg,floorplan,337_mangkuluhur-tower-mangkuluhur-tower_20170222074058_75670.jpg,uploaded,55048,337_mangkuluhur-tower-mangkuluhur-tower_20170222074058_75670.jpg,https://cdn-strapi.prod.99iddev.net/assets/337_mangkuluhur_tower_mangkuluhur_tower_20170222074058_75670_46141ef656.jpg,,
337-mangkuluhur-tower-mangkuluhur-tower-20180416031756-67015,Media Library/Office Venue/337-mangkuluhur-tower-mangkuluhur-tower-20180416031756-67015,2373,0,1,1,exterior/337_mangkuluhur-tower-mangkuluhur-tower_20180416031756_67015.jpg,exterior,337_mangkuluhur-tower-mangkuluhur-tower_20180416031756_67015.jpg,uploaded,55049,337_mangkuluhur-tower-mangkuluhur-tower_20180416031756_67015.jpg,https://cdn-strapi.prod.99iddev.net/assets/337_mangkuluhur_tower_mangkuluhur_tower_20180416031756_67015_ecd750bf62.jpg,,
337-mangkuluhur-tower-mangkuluhur-tower-20180416031756-87261,Media Library/Office Venue/337-mangkuluhur-tower-mangkuluhur-tower-20180416031756-87261,2374,0,1,1,exterior/337_mangkuluhur-tower-mangkuluhur-tower_20180416031756_87261.jpg,exterior,337_mangkuluhur-tower-mangkuluhur-tower_20180416031756_87261.jpg,uploaded,55050,337_mangkuluhur-tower-mangkuluhur-tower_20180416031756_87261.jpg,https://cdn-strapi.prod.99iddev.net/assets/337_mangkuluhur_tower_mangkuluhur_tower_20180416031756_87261_3498293d5a.jpg,,
337-mangkuluhur-tower-mangkuluhur-tower-20180416031757-42697,Media Library/Office Venue/337-mangkuluhur-tower-mangkuluhur-tower-20180416031757-42697,2375,0,1,1,exterior/337_mangkuluhur-tower-mangkuluhur-tower_20180416031757_42697.jpg,exterior,337_mangkuluhur-tower-mangkuluhur-tower_20180416031757_42697.jpg,uploaded,55051,337_mangkuluhur-tower-mangkuluhur-tower_20180416031757_42697.jpg,https://cdn-strapi.prod.99iddev.net/assets/337_mangkuluhur_tower_mangkuluhur_tower_20180416031757_42697_1e6e52aaad.jpg,,
337-mangkuluhur-tower-mangkuluhur-tower-20180416031757-70057,Media Library/Office Venue/337-mangkuluhur-tower-mangkuluhur-tower-20180416031757-70057,2376,0,1,1,exterior/337_mangkuluhur-tower-mangkuluhur-tower_20180416031757_70057.jpg,exterior,337_mangkuluhur-tower-mangkuluhur-tower_20180416031757_70057.jpg,uploaded,55052,337_mangkuluhur-tower-mangkuluhur-tower_20180416031757_70057.jpg,https://cdn-strapi.prod.99iddev.net/assets/337_mangkuluhur_tower_mangkuluhur_tower_20180416031757_70057_381b8784bf.jpg,,
337-mangkuluhur-tower-mangkuluhur-tower-20180416031758-18885,Media Library/Office Venue/337-mangkuluhur-tower-mangkuluhur-tower-20180416031758-18885,2377,0,1,1,exterior/337_mangkuluhur-tower-mangkuluhur-tower_20180416031758_18885.jpg,exterior,337_mangkuluhur-tower-mangkuluhur-tower_20180416031758_18885.jpg,uploaded,55053,337_mangkuluhur-tower-mangkuluhur-tower_20180416031758_18885.jpg,https://cdn-strapi.prod.99iddev.net/assets/337_mangkuluhur_tower_mangkuluhur_tower_20180416031758_18885_5e2e83c16a.jpg,,
337-mangkuluhur-tower-mangkuluhur-tower-20180416031758-42371,Media Library/Office Venue/337-mangkuluhur-tower-mangkuluhur-tower-20180416031758-42371,2378,0,1,1,exterior/337_mangkuluhur-tower-mangkuluhur-tower_20180416031758_42371.jpg,exterior,337_mangkuluhur-tower-mangkuluhur-tower_20180416031758_42371.jpg,uploaded,55054,337_mangkuluhur-tower-mangkuluhur-tower_20180416031758_42371.jpg,https://cdn-strapi.prod.99iddev.net/assets/337_mangkuluhur_tower_mangkuluhur_tower_20180416031758_42371_724f5b8bd5.jpg,,
337-mangkuluhur-tower-mangkuluhur-tower-20180416031759-24542,Media Library/Office Venue/337-mangkuluhur-tower-mangkuluhur-tower-20180416031759-24542,2379,0,1,1,exterior/337_mangkuluhur-tower-mangkuluhur-tower_20180416031759_24542.jpg,exterior,337_mangkuluhur-tower-mangkuluhur-tower_20180416031759_24542.jpg,uploaded,55055,337_mangkuluhur-tower-mangkuluhur-tower_20180416031759_24542.jpg,https://cdn-strapi.prod.99iddev.net/assets/337_mangkuluhur_tower_mangkuluhur_tower_20180416031759_24542_3858f74d64.jpg,,
337-mangkuluhur-tower-mangkuluhur-tower-20180416031759-71627,Media Library/Office Venue/337-mangkuluhur-tower-mangkuluhur-tower-20180416031759-71627,2380,0,1,1,exterior/337_mangkuluhur-tower-mangkuluhur-tower_20180416031759_71627.jpg,exterior,337_mangkuluhur-tower-mangkuluhur-tower_20180416031759_71627.jpg,uploaded,55056,337_mangkuluhur-tower-mangkuluhur-tower_20180416031759_71627.jpg,https://cdn-strapi.prod.99iddev.net/assets/337_mangkuluhur_tower_mangkuluhur_tower_20180416031759_71627_fd9ec67347.jpg,,
337-mangkuluhur-tower-mangkuluhur-tower-20180416031800-47330,Media Library/Office Venue/337-mangkuluhur-tower-mangkuluhur-tower-20180416031800-47330,2381,0,1,1,exterior/337_mangkuluhur-tower-mangkuluhur-tower_20180416031800_47330.jpg,exterior,337_mangkuluhur-tower-mangkuluhur-tower_20180416031800_47330.jpg,uploaded,55057,337_mangkuluhur-tower-mangkuluhur-tower_20180416031800_47330.jpg,https://cdn-strapi.prod.99iddev.net/assets/337_mangkuluhur_tower_mangkuluhur_tower_20180416031800_47330_6a12876d2f.jpg,,
337-mangkuluhur-tower-mangkuluhur-tower-20180416031800-63406,Media Library/Office Venue/337-mangkuluhur-tower-mangkuluhur-tower-20180416031800-63406,2382,0,1,1,exterior/337_mangkuluhur-tower-mangkuluhur-tower_20180416031800_63406.jpg,exterior,337_mangkuluhur-tower-mangkuluhur-tower_20180416031800_63406.jpg,uploaded,55058,337_mangkuluhur-tower-mangkuluhur-tower_20180416031800_63406.jpg,https://cdn-strapi.prod.99iddev.net/assets/337_mangkuluhur_tower_mangkuluhur_tower_20180416031800_63406_a22cc4b9da.jpg,,
337-mangkuluhur-tower-mangkuluhur-tower-20180416031801-17654,Media Library/Office Venue/337-mangkuluhur-tower-mangkuluhur-tower-20180416031801-17654,2383,0,1,1,exterior/337_mangkuluhur-tower-mangkuluhur-tower_20180416031801_17654.jpg,exterior,337_mangkuluhur-tower-mangkuluhur-tower_20180416031801_17654.jpg,uploaded,55059,337_mangkuluhur-tower-mangkuluhur-tower_20180416031801_17654.jpg,https://cdn-strapi.prod.99iddev.net/assets/337_mangkuluhur_tower_mangkuluhur_tower_20180416031801_17654_2bcb3fa9e3.jpg,,
337-mangkuluhur-tower-mangkuluhur-tower-20170222074057483,Media Library/Office Venue/337-mangkuluhur-tower-mangkuluhur-tower-20170222074057483,2384,0,1,1,floorplan/337_mangkuluhur-tower-mangkuluhur-tower_20170222074057_29483.jpg,floorplan,337_mangkuluhur-tower-mangkuluhur-tower_20170222074057_29483.jpg,uploaded,55060,337_mangkuluhur-tower-mangkuluhur-tower_20170222074057_29483.jpg,https://cdn-strapi.prod.99iddev.net/assets/337_mangkuluhur_tower_mangkuluhur_tower_20170222074057_29483_75c4b79b5b.jpg,,
343-sopo-del-tower-sopo-del-tower-b-20171212082304-81848,Media Library/Office Venue/343-sopo-del-tower-sopo-del-tower-b-20171212082304-81848,2385,0,1,1,interior/343_sopo-del-tower-sopo-del-tower-b_20171212082304_81848.jpg,interior,343_sopo-del-tower-sopo-del-tower-b_20171212082304_81848.jpg,uploaded,55061,343_sopo-del-tower-sopo-del-tower-b_20171212082304_81848.jpg,https://cdn-strapi.prod.99iddev.net/assets/343_sopo_del_tower_sopo_del_tower_b_20171212082304_81848_fe0ee5a2bb.jpg,,
343-sopo-del-tower-sopo-del-tower-b-20180503093924-72539,Media Library/Office Venue/343-sopo-del-tower-sopo-del-tower-b-20180503093924-72539,2386,0,1,1,interior/343_sopo-del-tower-sopo-del-tower-b_20180503093924_72539.jpg,interior,343_sopo-del-tower-sopo-del-tower-b_20180503093924_72539.jpg,uploaded,55062,343_sopo-del-tower-sopo-del-tower-b_20180503093924_72539.jpg,https://cdn-strapi.prod.99iddev.net/assets/343_sopo_del_tower_sopo_del_tower_b_20180503093924_72539_6483521607.jpg,,
343-sopo-del-tower-sopo-del-tower-b-20180503093925-18369,Media Library/Office Venue/343-sopo-del-tower-sopo-del-tower-b-20180503093925-18369,2387,0,1,1,interior/343_sopo-del-tower-sopo-del-tower-b_20180503093925_18369.jpg,interior,343_sopo-del-tower-sopo-del-tower-b_20180503093925_18369.jpg,uploaded,55063,343_sopo-del-tower-sopo-del-tower-b_20180503093925_18369.jpg,https://cdn-strapi.prod.99iddev.net/assets/343_sopo_del_tower_sopo_del_tower_b_20180503093925_18369_61e660c1a4.jpg,,
343-sopo-del-tower-sopo-del-tower-b-20180503093923208,Media Library/Office Venue/343-sopo-del-tower-sopo-del-tower-b-20180503093923208,2388,0,1,1,interior/343_sopo-del-tower-sopo-del-tower-b_20180503093923_28208.jpg,interior,343_sopo-del-tower-sopo-del-tower-b_20180503093923_28208.jpg,uploaded,55064,343_sopo-del-tower-sopo-del-tower-b_20180503093923_28208.jpg,https://cdn-strapi.prod.99iddev.net/assets/343_sopo_del_tower_sopo_del_tower_b_20180503093923_28208_b552d6f1f9.jpg,,
348-millennium-centennial-center-millenium-centennial-center-20191113093825-31622,Media Library/Office Venue/348-millennium-centennial-center-millenium-centennial-center-20191113093825-31622,2389,0,1,1,exterior/348_millennium-centennial-center-millenium-centennial-center_20191113093825_31622.jpg,exterior,348_millennium-centennial-center-millenium-centennial-center_20191113093825_31622.jpg,uploaded,55065,348_millennium-centennial-center-millenium-centennial-center_20191113093825_31622.jpg,https://cdn-strapi.prod.99iddev.net/assets/348_millennium_centennial_center_millenium_centennial_center_20191113093825_31622_185911b311.jpg,,
348-millennium-centennial-center-millenium-centennial-center-20191113093826-58690,Media Library/Office Venue/348-millennium-centennial-center-millenium-centennial-center-20191113093826-58690,2390,0,1,1,exterior/348_millennium-centennial-center-millenium-centennial-center_20191113093826_58690.jpg,exterior,348_millennium-centennial-center-millenium-centennial-center_20191113093826_58690.jpg,uploaded,55066,348_millennium-centennial-center-millenium-centennial-center_20191113093826_58690.jpg,https://cdn-strapi.prod.99iddev.net/assets/348_millennium_centennial_center_millenium_centennial_center_20191113093826_58690_f9f914540f.jpg,,
350-pacific-century-premium-developments-pcpd-pacific-century-place-tower-pcp-20171024021907-63218,Media Library/Office Venue/350-pacific-century-premium-developments-pcpd-pacific-century-place-tower-pcp-20171024021907-63218,2391,0,1,1,interior/350_pacific-century-premium-developments-pcpd-pacific-century-place-tower-pcp_20171024021907_63218.jpg,interior,350_pacific-century-premium-developments-pcpd-pacific-century-place-tower-pcp_20171024021907_63218.jpg,uploaded,55067,350_pacific-century-premium-developments-pcpd-pacific-century-place-tower-pcp_20171024021907_63218.jpg,https://cdn-strapi.prod.99iddev.net/assets/350_pacific_century_premium_developments_pcpd_pacific_century_place_tower_pcp_20171024021907_63218_a2b2ebe97e.jpg,,
350-pacific-century-premium-developments-pcpd-pacific-century-place-tower-pcp-20171024021909-95674,Media Library/Office Venue/350-pacific-century-premium-developments-pcpd-pacific-century-place-tower-pcp-20171024021909-95674,2392,0,1,1,interior/350_pacific-century-premium-developments-pcpd-pacific-century-place-tower-pcp_20171024021909_95674.jpg,interior,350_pacific-century-premium-developments-pcpd-pacific-century-place-tower-pcp_20171024021909_95674.jpg,uploaded,55068,350_pacific-century-premium-developments-pcpd-pacific-century-place-tower-pcp_20171024021909_95674.jpg,https://cdn-strapi.prod.99iddev.net/assets/350_pacific_century_premium_developments_pcpd_pacific_century_place_tower_pcp_20171024021909_95674_f3c84db1a3.jpg,,
350-pacific-century-premium-developments-pcpd-pacific-century-place-tower-pcp-20171024021911-87165,Media Library/Office Venue/350-pacific-century-premium-developments-pcpd-pacific-century-place-tower-pcp-20171024021911-87165,2393,0,1,1,interior/350_pacific-century-premium-developments-pcpd-pacific-century-place-tower-pcp_20171024021911_87165.jpg,interior,350_pacific-century-premium-developments-pcpd-pacific-century-place-tower-pcp_20171024021911_87165.jpg,uploaded,55069,350_pacific-century-premium-developments-pcpd-pacific-century-place-tower-pcp_20171024021911_87165.jpg,https://cdn-strapi.prod.99iddev.net/assets/350_pacific_century_premium_developments_pcpd_pacific_century_place_tower_pcp_20171024021911_87165_b095a3525e.jpg,,
350-pacific-century-premium-developments-pcpd-pacific-century-place-tower-pcp-20171024021913-35263,Media Library/Office Venue/350-pacific-century-premium-developments-pcpd-pacific-century-place-tower-pcp-20171024021913-35263,2394,0,1,1,interior/350_pacific-century-premium-developments-pcpd-pacific-century-place-tower-pcp_20171024021913_35263.jpg,interior,350_pacific-century-premium-developments-pcpd-pacific-century-place-tower-pcp_20171024021913_35263.jpg,uploaded,55070,350_pacific-century-premium-developments-pcpd-pacific-century-place-tower-pcp_20171024021913_35263.jpg,https://cdn-strapi.prod.99iddev.net/assets/350_pacific_century_premium_developments_pcpd_pacific_century_place_tower_pcp_20171024021913_35263_5df4c9490a.jpg,,
350-pacific-century-premium-developments-pcpd-pacific-century-place-tower-pcp-20171024021915-52181,Media Library/Office Venue/350-pacific-century-premium-developments-pcpd-pacific-century-place-tower-pcp-20171024021915-52181,2395,0,1,1,interior/350_pacific-century-premium-developments-pcpd-pacific-century-place-tower-pcp_20171024021915_52181.jpg,interior,350_pacific-century-premium-developments-pcpd-pacific-century-place-tower-pcp_20171024021915_52181.jpg,uploaded,55071,350_pacific-century-premium-developments-pcpd-pacific-century-place-tower-pcp_20171024021915_52181.jpg,https://cdn-strapi.prod.99iddev.net/assets/350_pacific_century_premium_developments_pcpd_pacific_century_place_tower_pcp_20171024021915_52181_9a4d35656c.jpg,,
350-pacific-century-premium-developments-pcpd-pacific-century-place-tower-pcp-20171024021917-88391,Media Library/Office Venue/350-pacific-century-premium-developments-pcpd-pacific-century-place-tower-pcp-20171024021917-88391,2396,0,1,1,interior/350_pacific-century-premium-developments-pcpd-pacific-century-place-tower-pcp_20171024021917_88391.jpg,interior,350_pacific-century-premium-developments-pcpd-pacific-century-place-tower-pcp_20171024021917_88391.jpg,uploaded,55072,350_pacific-century-premium-developments-pcpd-pacific-century-place-tower-pcp_20171024021917_88391.jpg,https://cdn-strapi.prod.99iddev.net/assets/350_pacific_century_premium_developments_pcpd_pacific_century_place_tower_pcp_20171024021917_88391_3be3cd99d4.jpg,,
350-pacific-century-premium-developments-pcpd-pacific-century-place-tower-pcp-20171024021919-50891,Media Library/Office Venue/350-pacific-century-premium-developments-pcpd-pacific-century-place-tower-pcp-20171024021919-50891,2397,0,1,1,interior/350_pacific-century-premium-developments-pcpd-pacific-century-place-tower-pcp_20171024021919_50891.jpg,interior,350_pacific-century-premium-developments-pcpd-pacific-century-place-tower-pcp_20171024021919_50891.jpg,uploaded,55073,350_pacific-century-premium-developments-pcpd-pacific-century-place-tower-pcp_20171024021919_50891.jpg,https://cdn-strapi.prod.99iddev.net/assets/350_pacific_century_premium_developments_pcpd_pacific_century_place_tower_pcp_20171024021919_50891_6008262439.jpg,,
350-pacific-century-premium-developments-pcpd-pacific-century-place-tower-pcp-20171024021921-39191,Media Library/Office Venue/350-pacific-century-premium-developments-pcpd-pacific-century-place-tower-pcp-20171024021921-39191,2398,0,1,1,interior/350_pacific-century-premium-developments-pcpd-pacific-century-place-tower-pcp_20171024021921_39191.jpg,interior,350_pacific-century-premium-developments-pcpd-pacific-century-place-tower-pcp_20171024021921_39191.jpg,uploaded,55074,350_pacific-century-premium-developments-pcpd-pacific-century-place-tower-pcp_20171024021921_39191.jpg,https://cdn-strapi.prod.99iddev.net/assets/350_pacific_century_premium_developments_pcpd_pacific_century_place_tower_pcp_20171024021921_39191_3a58b37eb3.jpg,,
350-pacific-century-premium-developments-pcpd-pacific-century-place-tower-pcp-20171024021924-49993,Media Library/Office Venue/350-pacific-century-premium-developments-pcpd-pacific-century-place-tower-pcp-20171024021924-49993,2399,0,1,1,interior/350_pacific-century-premium-developments-pcpd-pacific-century-place-tower-pcp_20171024021924_49993.jpg,interior,350_pacific-century-premium-developments-pcpd-pacific-century-place-tower-pcp_20171024021924_49993.jpg,uploaded,55075,350_pacific-century-premium-developments-pcpd-pacific-century-place-tower-pcp_20171024021924_49993.jpg,https://cdn-strapi.prod.99iddev.net/assets/350_pacific_century_premium_developments_pcpd_pacific_century_place_tower_pcp_20171024021924_49993_1f1d1b5bef.jpg,,
350-pacific-century-premium-developments-pcpd-pacific-century-place-tower-pcp-20171024021959-47518,Media Library/Office Venue/350-pacific-century-premium-developments-pcpd-pacific-century-place-tower-pcp-20171024021959-47518,2400,0,1,1,interior/350_pacific-century-premium-developments-pcpd-pacific-century-place-tower-pcp_20171024021959_47518.jpg,interior,350_pacific-century-premium-developments-pcpd-pacific-century-place-tower-pcp_20171024021959_47518.jpg,uploaded,55076,350_pacific-century-premium-developments-pcpd-pacific-century-place-tower-pcp_20171024021959_47518.jpg,https://cdn-strapi.prod.99iddev.net/assets/350_pacific_century_premium_developments_pcpd_pacific_century_place_tower_pcp_20171024021959_47518_22e55ca097.jpg,,
350-pacific-century-premium-developments-pcpd-pacific-century-place-tower-pcp-20171024022001-56235,Media Library/Office Venue/350-pacific-century-premium-developments-pcpd-pacific-century-place-tower-pcp-20171024022001-56235,2401,0,1,1,interior/350_pacific-century-premium-developments-pcpd-pacific-century-place-tower-pcp_20171024022001_56235.jpg,interior,350_pacific-century-premium-developments-pcpd-pacific-century-place-tower-pcp_20171024022001_56235.jpg,uploaded,55077,350_pacific-century-premium-developments-pcpd-pacific-century-place-tower-pcp_20171024022001_56235.jpg,https://cdn-strapi.prod.99iddev.net/assets/350_pacific_century_premium_developments_pcpd_pacific_century_place_tower_pcp_20171024022001_56235_f82fbd19d2.jpg,,
350-pacific-century-premium-developments-pcpd-pacific-century-place-tower-pcp-20171024022003-65540,Media Library/Office Venue/350-pacific-century-premium-developments-pcpd-pacific-century-place-tower-pcp-20171024022003-65540,2402,0,1,1,interior/350_pacific-century-premium-developments-pcpd-pacific-century-place-tower-pcp_20171024022003_65540.jpg,interior,350_pacific-century-premium-developments-pcpd-pacific-century-place-tower-pcp_20171024022003_65540.jpg,uploaded,55078,350_pacific-century-premium-developments-pcpd-pacific-century-place-tower-pcp_20171024022003_65540.jpg,https://cdn-strapi.prod.99iddev.net/assets/350_pacific_century_premium_developments_pcpd_pacific_century_place_tower_pcp_20171024022003_65540_219d8bea61.jpg,,
350-pacific-century-premium-developments-pcpd-pacific-century-place-tower-pcp-20171024022005-56940,Media Library/Office Venue/350-pacific-century-premium-developments-pcpd-pacific-century-place-tower-pcp-20171024022005-56940,2403,0,1,1,interior/350_pacific-century-premium-developments-pcpd-pacific-century-place-tower-pcp_20171024022005_56940.jpg,interior,350_pacific-century-premium-developments-pcpd-pacific-century-place-tower-pcp_20171024022005_56940.jpg,uploaded,55079,350_pacific-century-premium-developments-pcpd-pacific-century-place-tower-pcp_20171024022005_56940.jpg,https://cdn-strapi.prod.99iddev.net/assets/350_pacific_century_premium_developments_pcpd_pacific_century_place_tower_pcp_20171024022005_56940_b50b7bb8b6.jpg,,
350-pacific-century-premium-developments-pcpd-pacific-century-place-tower-pcp-20171024022007-71496,Media Library/Office Venue/350-pacific-century-premium-developments-pcpd-pacific-century-place-tower-pcp-20171024022007-71496,2404,0,1,1,interior/350_pacific-century-premium-developments-pcpd-pacific-century-place-tower-pcp_20171024022007_71496.jpg,interior,350_pacific-century-premium-developments-pcpd-pacific-century-place-tower-pcp_20171024022007_71496.jpg,uploaded,55080,350_pacific-century-premium-developments-pcpd-pacific-century-place-tower-pcp_20171024022007_71496.jpg,https://cdn-strapi.prod.99iddev.net/assets/350_pacific_century_premium_developments_pcpd_pacific_century_place_tower_pcp_20171024022007_71496_b4c18c8ccd.jpg,,
350-pacific-century-premium-developments-pcpd-pacific-century-place-tower-pcp-20171024022008-45196,Media Library/Office Venue/350-pacific-century-premium-developments-pcpd-pacific-century-place-tower-pcp-20171024022008-45196,2405,0,1,1,interior/350_pacific-century-premium-developments-pcpd-pacific-century-place-tower-pcp_20171024022008_45196.jpg,interior,350_pacific-century-premium-developments-pcpd-pacific-century-place-tower-pcp_20171024022008_45196.jpg,uploaded,55081,350_pacific-century-premium-developments-pcpd-pacific-century-place-tower-pcp_20171024022008_45196.jpg,https://cdn-strapi.prod.99iddev.net/assets/350_pacific_century_premium_developments_pcpd_pacific_century_place_tower_pcp_20171024022008_45196_1ee7b9cb04.jpg,,
350-pacific-century-premium-developments-pcpd-pacific-century-place-tower-pcp-20171024022010-16252,Media Library/Office Venue/350-pacific-century-premium-developments-pcpd-pacific-century-place-tower-pcp-20171024022010-16252,2406,0,1,1,interior/350_pacific-century-premium-developments-pcpd-pacific-century-place-tower-pcp_20171024022010_16252.jpg,interior,350_pacific-century-premium-developments-pcpd-pacific-century-place-tower-pcp_20171024022010_16252.jpg,uploaded,55082,350_pacific-century-premium-developments-pcpd-pacific-century-place-tower-pcp_20171024022010_16252.jpg,https://cdn-strapi.prod.99iddev.net/assets/350_pacific_century_premium_developments_pcpd_pacific_century_place_tower_pcp_20171024022010_16252_67c81fdc30.jpg,,
350-pacific-century-premium-developments-pcpd-pacific-century-place-tower-pcp-20171024022012-97825,Media Library/Office Venue/350-pacific-century-premium-developments-pcpd-pacific-century-place-tower-pcp-20171024022012-97825,2407,0,1,1,interior/350_pacific-century-premium-developments-pcpd-pacific-century-place-tower-pcp_20171024022012_97825.jpg,interior,350_pacific-century-premium-developments-pcpd-pacific-century-place-tower-pcp_20171024022012_97825.jpg,uploaded,55083,350_pacific-century-premium-developments-pcpd-pacific-century-place-tower-pcp_20171024022012_97825.jpg,https://cdn-strapi.prod.99iddev.net/assets/350_pacific_century_premium_developments_pcpd_pacific_century_place_tower_pcp_20171024022012_97825_065bd04772.jpg,,
350-pacific-century-premium-developments-pcpd-pacific-century-place-tower-pcp-20171024022015-45240,Media Library/Office Venue/350-pacific-century-premium-developments-pcpd-pacific-century-place-tower-pcp-20171024022015-45240,2408,0,1,1,interior/350_pacific-century-premium-developments-pcpd-pacific-century-place-tower-pcp_20171024022015_45240.jpg,interior,350_pacific-century-premium-developments-pcpd-pacific-century-place-tower-pcp_20171024022015_45240.jpg,uploaded,55084,350_pacific-century-premium-developments-pcpd-pacific-century-place-tower-pcp_20171024022015_45240.jpg,https://cdn-strapi.prod.99iddev.net/assets/350_pacific_century_premium_developments_pcpd_pacific_century_place_tower_pcp_20171024022015_45240_a8b7140db5.jpg,,
350-pacific-century-premium-developments-pcpd-pacific-century-place-tower-pcp-20171024022017-57777,Media Library/Office Venue/350-pacific-century-premium-developments-pcpd-pacific-century-place-tower-pcp-20171024022017-57777,2409,0,1,1,interior/350_pacific-century-premium-developments-pcpd-pacific-century-place-tower-pcp_20171024022017_57777.jpg,interior,350_pacific-century-premium-developments-pcpd-pacific-century-place-tower-pcp_20171024022017_57777.jpg,uploaded,55085,350_pacific-century-premium-developments-pcpd-pacific-century-place-tower-pcp_20171024022017_57777.jpg,https://cdn-strapi.prod.99iddev.net/assets/350_pacific_century_premium_developments_pcpd_pacific_century_place_tower_pcp_20171024022017_57777_02f3deada1.jpg,,
350-pacific-century-premium-developments-pcpd-pacific-century-place-tower-pcp-20171024022019-40509,Media Library/Office Venue/350-pacific-century-premium-developments-pcpd-pacific-century-place-tower-pcp-20171024022019-40509,2410,0,1,1,interior/350_pacific-century-premium-developments-pcpd-pacific-century-place-tower-pcp_20171024022019_40509.jpg,interior,350_pacific-century-premium-developments-pcpd-pacific-century-place-tower-pcp_20171024022019_40509.jpg,uploaded,55086,350_pacific-century-premium-developments-pcpd-pacific-century-place-tower-pcp_20171024022019_40509.jpg,https://cdn-strapi.prod.99iddev.net/assets/350_pacific_century_premium_developments_pcpd_pacific_century_place_tower_pcp_20171024022019_40509_6cf75337ce.jpg,,
350-pacific-century-premium-developments-pcpd-pacific-century-place-tower-pcp-tower-20180416030140-27376,Media Library/Office Venue/350-pacific-century-premium-developments-pcpd-pacific-century-place-tower-pcp-tower-20180416030140-27376,2411,0,1,1,exterior/350_pacific-century-premium-developments-pcpd-pacific-century-place-tower-pcp-tower_20180416030140_27376.jpg,exterior,350_pacific-century-premium-developments-pcpd-pacific-century-place-tower-pcp-tower_20180416030140_27376.jpg,uploaded,55087,350_pacific-century-premium-developments-pcpd-pacific-century-place-tower-pcp-tower_20180416030140_27376.jpg,https://cdn-strapi.prod.99iddev.net/assets/350_pacific_century_premium_developments_pcpd_pacific_century_place_tower_pcp_tower_20180416030140_27376_318cbf6873.jpg,,
350-pacific-century-premium-developments-pcpd-pacific-century-place-tower-pcp-tower-20180416030140-36639,Media Library/Office Venue/350-pacific-century-premium-developments-pcpd-pacific-century-place-tower-pcp-tower-20180416030140-36639,2412,0,1,1,exterior/350_pacific-century-premium-developments-pcpd-pacific-century-place-tower-pcp-tower_20180416030140_36639.jpg,exterior,350_pacific-century-premium-developments-pcpd-pacific-century-place-tower-pcp-tower_20180416030140_36639.jpg,uploaded,55088,350_pacific-century-premium-developments-pcpd-pacific-century-place-tower-pcp-tower_20180416030140_36639.jpg,https://cdn-strapi.prod.99iddev.net/assets/350_pacific_century_premium_developments_pcpd_pacific_century_place_tower_pcp_tower_20180416030140_36639_6d2d998d3e.jpg,,
350-pacific-century-premium-developments-pcpd-pacific-century-place-tower-pcp-tower-20180416030141-83108,Media Library/Office Venue/350-pacific-century-premium-developments-pcpd-pacific-century-place-tower-pcp-tower-20180416030141-83108,2413,0,1,1,exterior/350_pacific-century-premium-developments-pcpd-pacific-century-place-tower-pcp-tower_20180416030141_83108.jpg,exterior,350_pacific-century-premium-developments-pcpd-pacific-century-place-tower-pcp-tower_20180416030141_83108.jpg,uploaded,55089,350_pacific-century-premium-developments-pcpd-pacific-century-place-tower-pcp-tower_20180416030141_83108.jpg,https://cdn-strapi.prod.99iddev.net/assets/350_pacific_century_premium_developments_pcpd_pacific_century_place_tower_pcp_tower_20180416030141_83108_1b4301ebc0.jpg,,
350-pacific-century-premium-developments-pcpd-pacific-century-place-tower-pcp-tower-20180524074516-76939,Media Library/Office Venue/350-pacific-century-premium-developments-pcpd-pacific-century-place-tower-pcp-tower-20180524074516-76939,2414,0,1,1,floorplan/350_pacific-century-premium-developments-pcpd-pacific-century-place-tower-pcp-tower_20180524074516_76939.jpg,floorplan,350_pacific-century-premium-developments-pcpd-pacific-century-place-tower-pcp-tower_20180524074516_76939.jpg,uploaded,55090,350_pacific-century-premium-developments-pcpd-pacific-century-place-tower-pcp-tower_20180524074516_76939.jpg,https://cdn-strapi.prod.99iddev.net/assets/350_pacific_century_premium_developments_pcpd_pacific_century_place_tower_pcp_tower_20180524074516_76939_f2c2d53ae5.jpg,,
352-sudirman-78-sudirman-78-20170331111412-51344,Media Library/Office Venue/352-sudirman-78-sudirman-78-20170331111412-51344,2415,0,1,1,floorplan/352_sudirman-78-sudirman-78_20170331111412_51344.jpg,floorplan,352_sudirman-78-sudirman-78_20170331111412_51344.jpg,uploaded,55091,352_sudirman-78-sudirman-78_20170331111412_51344.jpg,https://cdn-strapi.prod.99iddev.net/assets/352_sudirman_78_sudirman_78_20170331111412_51344_cf3c07fb10.jpg,,
352-sudirman-78-sudirman-78-20170331111412-87650,Media Library/Office Venue/352-sudirman-78-sudirman-78-20170331111412-87650,2416,0,1,1,floorplan/352_sudirman-78-sudirman-78_20170331111412_87650.jpg,floorplan,352_sudirman-78-sudirman-78_20170331111412_87650.jpg,uploaded,55092,352_sudirman-78-sudirman-78_20170331111412_87650.jpg,https://cdn-strapi.prod.99iddev.net/assets/352_sudirman_78_sudirman_78_20170331111412_87650_cfc81ea80c.jpg,,
352-sudirman-78-sudirman-78-20190517035718-62289,Media Library/Office Venue/352-sudirman-78-sudirman-78-20190517035718-62289,2417,0,1,1,interior/352_sudirman-78-sudirman-78_20190517035718_62289.jpg,interior,352_sudirman-78-sudirman-78_20190517035718_62289.jpg,uploaded,55093,352_sudirman-78-sudirman-78_20190517035718_62289.jpg,https://cdn-strapi.prod.99iddev.net/assets/352_sudirman_78_sudirman_78_20190517035718_62289_d6b6ec2b41.jpg,,
352-sudirman-78-sudirman-78-20190517035719-26652,Media Library/Office Venue/352-sudirman-78-sudirman-78-20190517035719-26652,2418,0,1,1,interior/352_sudirman-78-sudirman-78_20190517035719_26652.jpg,interior,352_sudirman-78-sudirman-78_20190517035719_26652.jpg,uploaded,55094,352_sudirman-78-sudirman-78_20190517035719_26652.jpg,https://cdn-strapi.prod.99iddev.net/assets/352_sudirman_78_sudirman_78_20190517035719_26652_8ed78acf6a.jpg,,
352-sudirman-78-sudirman-78-20190517035719-83805,Media Library/Office Venue/352-sudirman-78-sudirman-78-20190517035719-83805,2419,0,1,1,interior/352_sudirman-78-sudirman-78_20190517035719_83805.jpg,interior,352_sudirman-78-sudirman-78_20190517035719_83805.jpg,uploaded,55095,352_sudirman-78-sudirman-78_20190517035719_83805.jpg,https://cdn-strapi.prod.99iddev.net/assets/352_sudirman_78_sudirman_78_20190517035719_83805_3b2b328bab.jpg,,
352-sudirman-78-sudirman-78-20190517035719-91039,Media Library/Office Venue/352-sudirman-78-sudirman-78-20190517035719-91039,2420,0,1,1,interior/352_sudirman-78-sudirman-78_20190517035719_91039.jpg,interior,352_sudirman-78-sudirman-78_20190517035719_91039.jpg,uploaded,55096,352_sudirman-78-sudirman-78_20190517035719_91039.jpg,https://cdn-strapi.prod.99iddev.net/assets/352_sudirman_78_sudirman_78_20190517035719_91039_58f5d53847.jpg,,
352-sudirman-78-sudirman-78-20190517035719-92096,Media Library/Office Venue/352-sudirman-78-sudirman-78-20190517035719-92096,2421,0,1,1,interior/352_sudirman-78-sudirman-78_20190517035719_92096.jpg,interior,352_sudirman-78-sudirman-78_20190517035719_92096.jpg,uploaded,55097,352_sudirman-78-sudirman-78_20190517035719_92096.jpg,https://cdn-strapi.prod.99iddev.net/assets/352_sudirman_78_sudirman_78_20190517035719_92096_51fd935895.jpg,,
352-sudirman-78-sudirman-78-20190517035719-99308,Media Library/Office Venue/352-sudirman-78-sudirman-78-20190517035719-99308,2422,0,1,1,interior/352_sudirman-78-sudirman-78_20190517035719_99308.jpg,interior,352_sudirman-78-sudirman-78_20190517035719_99308.jpg,uploaded,55098,352_sudirman-78-sudirman-78_20190517035719_99308.jpg,https://cdn-strapi.prod.99iddev.net/assets/352_sudirman_78_sudirman_78_20190517035719_99308_1f7cf6172c.jpg,,
352-sudirman-78-sudirman-78-20190517035720-99176,Media Library/Office Venue/352-sudirman-78-sudirman-78-20190517035720-99176,2423,0,1,1,interior/352_sudirman-78-sudirman-78_20190517035720_99176.jpg,interior,352_sudirman-78-sudirman-78_20190517035720_99176.jpg,uploaded,55099,352_sudirman-78-sudirman-78_20190517035720_99176.jpg,https://cdn-strapi.prod.99iddev.net/assets/352_sudirman_78_sudirman_78_20190517035720_99176_3bbc90f102.jpg,,
352-sudirman-78-sudirman-78-20190517035721-35568,Media Library/Office Venue/352-sudirman-78-sudirman-78-20190517035721-35568,2424,0,1,1,interior/352_sudirman-78-sudirman-78_20190517035721_35568.jpg,interior,352_sudirman-78-sudirman-78_20190517035721_35568.jpg,uploaded,55100,352_sudirman-78-sudirman-78_20190517035721_35568.jpg,https://cdn-strapi.prod.99iddev.net/assets/352_sudirman_78_sudirman_78_20190517035721_35568_ac2cffe0c4.jpg,,
352-sudirman-78-sudirman-78-20190517035723-56447,Media Library/Office Venue/352-sudirman-78-sudirman-78-20190517035723-56447,2425,0,1,1,interior/352_sudirman-78-sudirman-78_20190517035723_56447.jpg,interior,352_sudirman-78-sudirman-78_20190517035723_56447.jpg,uploaded,55101,352_sudirman-78-sudirman-78_20190517035723_56447.jpg,https://cdn-strapi.prod.99iddev.net/assets/352_sudirman_78_sudirman_78_20190517035723_56447_ba047d3f83.jpg,,
352-sudirman-78-sudirman-78-20190517035723-63017,Media Library/Office Venue/352-sudirman-78-sudirman-78-20190517035723-63017,2426,0,1,1,interior/352_sudirman-78-sudirman-78_20190517035723_63017.jpg,interior,352_sudirman-78-sudirman-78_20190517035723_63017.jpg,uploaded,55102,352_sudirman-78-sudirman-78_20190517035723_63017.jpg,https://cdn-strapi.prod.99iddev.net/assets/352_sudirman_78_sudirman_78_20190517035723_63017_231bc6ba00.jpg,,
352-sudirman-78-sudirman-78-20190517035724-10955,Media Library/Office Venue/352-sudirman-78-sudirman-78-20190517035724-10955,2427,0,1,1,interior/352_sudirman-78-sudirman-78_20190517035724_10955.jpg,interior,352_sudirman-78-sudirman-78_20190517035724_10955.jpg,uploaded,55103,352_sudirman-78-sudirman-78_20190517035724_10955.jpg,https://cdn-strapi.prod.99iddev.net/assets/352_sudirman_78_sudirman_78_20190517035724_10955_2ffe529169.jpg,,
352-sudirman-78-sudirman-78-20201111195717-56384,Media Library/Office Venue/352-sudirman-78-sudirman-78-20201111195717-56384,2428,0,1,1,exterior/352_sudirman-78-sudirman-78_20201111195717_56384.jpg,exterior,352_sudirman-78-sudirman-78_20201111195717_56384.jpg,uploaded,55104,352_sudirman-78-sudirman-78_20201111195717_56384.jpg,https://cdn-strapi.prod.99iddev.net/assets/352_sudirman_78_sudirman_78_20201111195717_56384_7308851e1f.jpg,,
355-wisma-baja-wisma-baja-20160914044748-17934,Media Library/Office Venue/355-wisma-baja-wisma-baja-20160914044748-17934,2429,0,1,1,exterior/355_wisma-baja-wisma-baja_20160914044748_17934.jpg,exterior,355_wisma-baja-wisma-baja_20160914044748_17934.jpg,uploaded,55105,355_wisma-baja-wisma-baja_20160914044748_17934.jpg,https://cdn-strapi.prod.99iddev.net/assets/355_wisma_baja_wisma_baja_20160914044748_17934_bde3fd669e.jpg,,
358-indonesia-satu-indonesia-satu-20160914044044-23045,Media Library/Office Venue/358-indonesia-satu-indonesia-satu-20160914044044-23045,2430,0,1,1,exterior/358_indonesia-satu-indonesia-satu_20160914044044_23045.jpg,exterior,358_indonesia-satu-indonesia-satu_20160914044044_23045.jpg,uploaded,55106,358_indonesia-satu-indonesia-satu_20160914044044_23045.jpg,https://cdn-strapi.prod.99iddev.net/assets/358_indonesia_satu_indonesia_satu_20160914044044_23045_8f8bfdcd7b.jpg,,
358-indonesia-satu-indonesia-satu-20160914044044711,Media Library/Office Venue/358-indonesia-satu-indonesia-satu-20160914044044711,2431,0,1,1,exterior/358_indonesia-satu-indonesia-satu_20160914044044_29711.jpg,exterior,358_indonesia-satu-indonesia-satu_20160914044044_29711.jpg,uploaded,55107,358_indonesia-satu-indonesia-satu_20160914044044_29711.jpg,https://cdn-strapi.prod.99iddev.net/assets/358_indonesia_satu_indonesia_satu_20160914044044_29711_c9758d0407.jpg,,
363-fedex-fedex-20160914043829-34193,Media Library/Office Venue/363-fedex-fedex-20160914043829-34193,2432,0,1,1,exterior/363_fedex-fedex_20160914043829_34193.jpg,exterior,363_fedex-fedex_20160914043829_34193.jpg,uploaded,55108,363_fedex-fedex_20160914043829_34193.jpg,https://cdn-strapi.prod.99iddev.net/assets/363_fedex_fedex_20160914043829_34193_0d076b125d.jpg,,
363-fedex-fedex-20160914043830-92037,Media Library/Office Venue/363-fedex-fedex-20160914043830-92037,2433,0,1,1,exterior/363_fedex-fedex_20160914043830_92037.jpg,exterior,363_fedex-fedex_20160914043830_92037.jpg,uploaded,55109,363_fedex-fedex_20160914043830_92037.jpg,https://cdn-strapi.prod.99iddev.net/assets/363_fedex_fedex_20160914043830_92037_b82d173b47.jpg,,
366-zuria-tower-zuria-tower-20170310075058-56191,Media Library/Office Venue/366-zuria-tower-zuria-tower-20170310075058-56191,2434,0,1,1,floorplan/366_zuria-tower-zuria-tower_20170310075058_56191.jpg,floorplan,366_zuria-tower-zuria-tower_20170310075058_56191.jpg,uploaded,55110,366_zuria-tower-zuria-tower_20170310075058_56191.jpg,https://cdn-strapi.prod.99iddev.net/assets/366_zuria_tower_zuria_tower_20170310075058_56191_8e6f3bbaa1.jpg,,
366-zuria-tower-zuria-tower-20170310075059-56341,Media Library/Office Venue/366-zuria-tower-zuria-tower-20170310075059-56341,2435,0,1,1,floorplan/366_zuria-tower-zuria-tower_20170310075059_56341.jpg,floorplan,366_zuria-tower-zuria-tower_20170310075059_56341.jpg,uploaded,55111,366_zuria-tower-zuria-tower_20170310075059_56341.jpg,https://cdn-strapi.prod.99iddev.net/assets/366_zuria_tower_zuria_tower_20170310075059_56341_5ae223ca59.jpg,,
367-citra-towers-citra-north-towers-20200218042818-38457,Media Library/Office Venue/367-citra-towers-citra-north-towers-20200218042818-38457,2436,0,1,1,exterior/367_citra-towers-citra-north-towers_20200218042818_38457.jpg,exterior,367_citra-towers-citra-north-towers_20200218042818_38457.jpg,uploaded,55112,367_citra-towers-citra-north-towers_20200218042818_38457.jpg,https://cdn-strapi.prod.99iddev.net/assets/367_citra_towers_citra_north_towers_20200218042818_38457_c2de517c3d.jpg,,
367-citra-towers-citra-north-towers-20200218042826-64984,Media Library/Office Venue/367-citra-towers-citra-north-towers-20200218042826-64984,2437,0,1,1,exterior/367_citra-towers-citra-north-towers_20200218042826_64984.jpg,exterior,367_citra-towers-citra-north-towers_20200218042826_64984.jpg,uploaded,55113,367_citra-towers-citra-north-towers_20200218042826_64984.jpg,https://cdn-strapi.prod.99iddev.net/assets/367_citra_towers_citra_north_towers_20200218042826_64984_668bc47488.jpg,,
367-citra-towers-citra-towers-1-20170309100457-51238,Media Library/Office Venue/367-citra-towers-citra-towers-1-20170309100457-51238,2438,0,1,1,floorplan/367_citra-towers-citra-towers-1_20170309100457_51238.jpg,floorplan,367_citra-towers-citra-towers-1_20170309100457_51238.jpg,uploaded,55114,367_citra-towers-citra-towers-1_20170309100457_51238.jpg,https://cdn-strapi.prod.99iddev.net/assets/367_citra_towers_citra_towers_1_20170309100457_51238_bc0312a8f9.jpg,,
367-citra-towers-citra-towers-1-20170309100457-89054,Media Library/Office Venue/367-citra-towers-citra-towers-1-20170309100457-89054,2439,0,1,1,floorplan/367_citra-towers-citra-towers-1_20170309100457_89054.jpg,floorplan,367_citra-towers-citra-towers-1_20170309100457_89054.jpg,uploaded,55115,367_citra-towers-citra-towers-1_20170309100457_89054.jpg,https://cdn-strapi.prod.99iddev.net/assets/367_citra_towers_citra_towers_1_20170309100457_89054_a76dfc4709.jpg,,
368-citra-towers-citra-towers-2-20160914043814-75901,Media Library/Office Venue/368-citra-towers-citra-towers-2-20160914043814-75901,2440,0,1,1,exterior/368_citra-towers-citra-towers-2_20160914043814_75901.jpg,exterior,368_citra-towers-citra-towers-2_20160914043814_75901.jpg,uploaded,55116,368_citra-towers-citra-towers-2_20160914043814_75901.jpg,https://cdn-strapi.prod.99iddev.net/assets/368_citra_towers_citra_towers_2_20160914043814_75901_4d0290773c.jpg,,
368-citra-towers-citra-towers-2-20160914043815-70070,Media Library/Office Venue/368-citra-towers-citra-towers-2-20160914043815-70070,2441,0,1,1,exterior/368_citra-towers-citra-towers-2_20160914043815_70070.jpg,exterior,368_citra-towers-citra-towers-2_20160914043815_70070.jpg,uploaded,55117,368_citra-towers-citra-towers-2_20160914043815_70070.jpg,https://cdn-strapi.prod.99iddev.net/assets/368_citra_towers_citra_towers_2_20160914043815_70070_1f53d931d0.jpg,,
371-hermina-office-building-hermina-office-building-20170310080648-39446,Media Library/Office Venue/371-hermina-office-building-hermina-office-building-20170310080648-39446,2442,0,1,1,floorplan/371_hermina-office-building-hermina-office-building_20170310080648_39446.jpg,floorplan,371_hermina-office-building-hermina-office-building_20170310080648_39446.jpg,uploaded,55118,371_hermina-office-building-hermina-office-building_20170310080648_39446.jpg,https://cdn-strapi.prod.99iddev.net/assets/371_hermina_office_building_hermina_office_building_20170310080648_39446_81e89c2151.jpg,,
371-hermina-office-building-hermina-office-building-20170310080648-77161,Media Library/Office Venue/371-hermina-office-building-hermina-office-building-20170310080648-77161,2443,0,1,1,floorplan/371_hermina-office-building-hermina-office-building_20170310080648_77161.jpg,floorplan,371_hermina-office-building-hermina-office-building_20170310080648_77161.jpg,uploaded,55119,371_hermina-office-building-hermina-office-building_20170310080648_77161.jpg,https://cdn-strapi.prod.99iddev.net/assets/371_hermina_office_building_hermina_office_building_20170310080648_77161_29dcb3552b.jpg,,
381-granadi-granadi-20180413063452-37702,Media Library/Office Venue/381-granadi-granadi-20180413063452-37702,2444,0,1,1,interior/381_granadi-granadi_20180413063452_37702.jpg,interior,381_granadi-granadi_20180413063452_37702.jpg,uploaded,55120,381_granadi-granadi_20180413063452_37702.jpg,https://cdn-strapi.prod.99iddev.net/assets/381_granadi_granadi_20180413063452_37702_839912767e.jpg,,
381-granadi-granadi-20180413063452-48025,Media Library/Office Venue/381-granadi-granadi-20180413063452-48025,2445,0,1,1,interior/381_granadi-granadi_20180413063452_48025.jpg,interior,381_granadi-granadi_20180413063452_48025.jpg,uploaded,55121,381_granadi-granadi_20180413063452_48025.jpg,https://cdn-strapi.prod.99iddev.net/assets/381_granadi_granadi_20180413063452_48025_4966528520.jpg,,
381-granadi-granadi-20180413063452-83444,Media Library/Office Venue/381-granadi-granadi-20180413063452-83444,2446,0,1,1,interior/381_granadi-granadi_20180413063452_83444.jpg,interior,381_granadi-granadi_20180413063452_83444.jpg,uploaded,55122,381_granadi-granadi_20180413063452_83444.jpg,https://cdn-strapi.prod.99iddev.net/assets/381_granadi_granadi_20180413063452_83444_3527ea62f0.jpg,,
381-granadi-granadi-20180413063452-93920,Media Library/Office Venue/381-granadi-granadi-20180413063452-93920,2447,0,1,1,interior/381_granadi-granadi_20180413063452_93920.jpg,interior,381_granadi-granadi_20180413063452_93920.jpg,uploaded,55123,381_granadi-granadi_20180413063452_93920.jpg,https://cdn-strapi.prod.99iddev.net/assets/381_granadi_granadi_20180413063452_93920_2e97ba8c50.jpg,,
381-granadi-granadi-20180413063453-22556,Media Library/Office Venue/381-granadi-granadi-20180413063453-22556,2448,0,1,1,interior/381_granadi-granadi_20180413063453_22556.jpg,interior,381_granadi-granadi_20180413063453_22556.jpg,uploaded,55124,381_granadi-granadi_20180413063453_22556.jpg,https://cdn-strapi.prod.99iddev.net/assets/381_granadi_granadi_20180413063453_22556_0a876e69b0.jpg,,
381-granadi-granadi-20180413063453-30855,Media Library/Office Venue/381-granadi-granadi-20180413063453-30855,2449,0,1,1,interior/381_granadi-granadi_20180413063453_30855.jpg,interior,381_granadi-granadi_20180413063453_30855.jpg,uploaded,55125,381_granadi-granadi_20180413063453_30855.jpg,https://cdn-strapi.prod.99iddev.net/assets/381_granadi_granadi_20180413063453_30855_10341d815f.jpg,,
381-granadi-granadi-20180413063454-33823,Media Library/Office Venue/381-granadi-granadi-20180413063454-33823,2450,0,1,1,interior/381_granadi-granadi_20180413063454_33823.jpg,interior,381_granadi-granadi_20180413063454_33823.jpg,uploaded,55126,381_granadi-granadi_20180413063454_33823.jpg,https://cdn-strapi.prod.99iddev.net/assets/381_granadi_granadi_20180413063454_33823_fb6d33388f.jpg,,
381-granadi-granadi-20180413063454-90851,Media Library/Office Venue/381-granadi-granadi-20180413063454-90851,2451,0,1,1,interior/381_granadi-granadi_20180413063454_90851.jpg,interior,381_granadi-granadi_20180413063454_90851.jpg,uploaded,55127,381_granadi-granadi_20180413063454_90851.jpg,https://cdn-strapi.prod.99iddev.net/assets/381_granadi_granadi_20180413063454_90851_c168eaa0db.jpg,,
381-granadi-granadi-20180413063455-35217,Media Library/Office Venue/381-granadi-granadi-20180413063455-35217,2452,0,1,1,interior/381_granadi-granadi_20180413063455_35217.jpg,interior,381_granadi-granadi_20180413063455_35217.jpg,uploaded,55128,381_granadi-granadi_20180413063455_35217.jpg,https://cdn-strapi.prod.99iddev.net/assets/381_granadi_granadi_20180413063455_35217_98e5dd7a97.jpg,,
383-wisma-sudirman-wisma-sudirman-20160914044839-18155,Media Library/Office Venue/383-wisma-sudirman-wisma-sudirman-20160914044839-18155,2453,0,1,1,exterior/383_wisma-sudirman-wisma-sudirman_20160914044839_18155.jpg,exterior,383_wisma-sudirman-wisma-sudirman_20160914044839_18155.jpg,uploaded,55129,383_wisma-sudirman-wisma-sudirman_20160914044839_18155.jpg,https://cdn-strapi.prod.99iddev.net/assets/383_wisma_sudirman_wisma_sudirman_20160914044839_18155_9cd80aba97.jpg,,
383-wisma-sudirman-wisma-sudirman-20160914044840-92988,Media Library/Office Venue/383-wisma-sudirman-wisma-sudirman-20160914044840-92988,2454,0,1,1,exterior/383_wisma-sudirman-wisma-sudirman_20160914044840_92988.jpg,exterior,383_wisma-sudirman-wisma-sudirman_20160914044840_92988.jpg,uploaded,55130,383_wisma-sudirman-wisma-sudirman_20160914044840_92988.jpg,https://cdn-strapi.prod.99iddev.net/assets/383_wisma_sudirman_wisma_sudirman_20160914044840_92988_cef25f5ef1.jpg,,
383-wisma-sudirman-wisma-sudirman-20160914044840-93628,Media Library/Office Venue/383-wisma-sudirman-wisma-sudirman-20160914044840-93628,2455,0,1,1,exterior/383_wisma-sudirman-wisma-sudirman_20160914044840_93628.jpg,exterior,383_wisma-sudirman-wisma-sudirman_20160914044840_93628.jpg,uploaded,55131,383_wisma-sudirman-wisma-sudirman_20160914044840_93628.jpg,https://cdn-strapi.prod.99iddev.net/assets/383_wisma_sudirman_wisma_sudirman_20160914044840_93628_3ca1382de5.jpg,,
386-bangkok-bank-bangkok-bank-20160914043734-96716,Media Library/Office Venue/386-bangkok-bank-bangkok-bank-20160914043734-96716,2456,0,1,1,exterior/386_bangkok-bank-bangkok-bank_20160914043734_96716.jpg,exterior,386_bangkok-bank-bangkok-bank_20160914043734_96716.jpg,uploaded,55132,386_bangkok-bank-bangkok-bank_20160914043734_96716.jpg,https://cdn-strapi.prod.99iddev.net/assets/386_bangkok_bank_bangkok_bank_20160914043734_96716_26e0ef2e07.jpg,,
386-bangkok-bank-bangkok-bank-20170705095521-15620,Media Library/Office Venue/386-bangkok-bank-bangkok-bank-20170705095521-15620,2457,0,1,1,interior/386_bangkok-bank-bangkok-bank_20170705095521_15620.jpg,interior,386_bangkok-bank-bangkok-bank_20170705095521_15620.jpg,uploaded,55133,386_bangkok-bank-bangkok-bank_20170705095521_15620.jpg,https://cdn-strapi.prod.99iddev.net/assets/386_bangkok_bank_bangkok_bank_20170705095521_15620_ce53b8367e.jpg,,
386-bangkok-bank-bangkok-bank-20170705095529-33577,Media Library/Office Venue/386-bangkok-bank-bangkok-bank-20170705095529-33577,2458,0,1,1,interior/386_bangkok-bank-bangkok-bank_20170705095529_33577.jpg,interior,386_bangkok-bank-bangkok-bank_20170705095529_33577.jpg,uploaded,55134,386_bangkok-bank-bangkok-bank_20170705095529_33577.jpg,https://cdn-strapi.prod.99iddev.net/assets/386_bangkok_bank_bangkok_bank_20170705095529_33577_f2aedd63e3.jpg,,
386-bangkok-bank-bangkok-bank-20170705095534-56701,Media Library/Office Venue/386-bangkok-bank-bangkok-bank-20170705095534-56701,2459,0,1,1,interior/386_bangkok-bank-bangkok-bank_20170705095534_56701.jpg,interior,386_bangkok-bank-bangkok-bank_20170705095534_56701.jpg,uploaded,55135,386_bangkok-bank-bangkok-bank_20170705095534_56701.jpg,https://cdn-strapi.prod.99iddev.net/assets/386_bangkok_bank_bangkok_bank_20170705095534_56701_67cac2510d.jpg,,
389-gedung-indosat-gedung-indosat-20160914043906-73056,Media Library/Office Venue/389-gedung-indosat-gedung-indosat-20160914043906-73056,2460,0,1,1,exterior/389_gedung-indosat-gedung-indosat_20160914043906_73056.jpg,exterior,389_gedung-indosat-gedung-indosat_20160914043906_73056.jpg,uploaded,55136,389_gedung-indosat-gedung-indosat_20160914043906_73056.jpg,https://cdn-strapi.prod.99iddev.net/assets/389_gedung_indosat_gedung_indosat_20160914043906_73056_9a2636b447.jpg,,
389-gedung-indosat-gedung-indosat-20180522061523-42942,Media Library/Office Venue/389-gedung-indosat-gedung-indosat-20180522061523-42942,2461,0,1,1,interior/389_gedung-indosat-gedung-indosat_20180522061523_42942.jpg,interior,389_gedung-indosat-gedung-indosat_20180522061523_42942.jpg,uploaded,55137,389_gedung-indosat-gedung-indosat_20180522061523_42942.jpg,https://cdn-strapi.prod.99iddev.net/assets/389_gedung_indosat_gedung_indosat_20180522061523_42942_2e3a2c7080.jpg,,
389-gedung-indosat-gedung-indosat-20180522061523-66558,Media Library/Office Venue/389-gedung-indosat-gedung-indosat-20180522061523-66558,2462,0,1,1,interior/389_gedung-indosat-gedung-indosat_20180522061523_66558.jpg,interior,389_gedung-indosat-gedung-indosat_20180522061523_66558.jpg,uploaded,55138,389_gedung-indosat-gedung-indosat_20180522061523_66558.jpg,https://cdn-strapi.prod.99iddev.net/assets/389_gedung_indosat_gedung_indosat_20180522061523_66558_d95b2e3935.jpg,,
389-gedung-indosat-gedung-indosat-20180522061523-79456,Media Library/Office Venue/389-gedung-indosat-gedung-indosat-20180522061523-79456,2463,0,1,1,interior/389_gedung-indosat-gedung-indosat_20180522061523_79456.jpg,interior,389_gedung-indosat-gedung-indosat_20180522061523_79456.jpg,uploaded,55139,389_gedung-indosat-gedung-indosat_20180522061523_79456.jpg,https://cdn-strapi.prod.99iddev.net/assets/389_gedung_indosat_gedung_indosat_20180522061523_79456_23c24f0214.jpg,,
389-gedung-indosat-gedung-indosat-20180522061524-60830,Media Library/Office Venue/389-gedung-indosat-gedung-indosat-20180522061524-60830,2464,0,1,1,interior/389_gedung-indosat-gedung-indosat_20180522061524_60830.jpg,interior,389_gedung-indosat-gedung-indosat_20180522061524_60830.jpg,uploaded,55140,389_gedung-indosat-gedung-indosat_20180522061524_60830.jpg,https://cdn-strapi.prod.99iddev.net/assets/389_gedung_indosat_gedung_indosat_20180522061524_60830_1b5bf002d0.jpg,,
389-gedung-indosat-gedung-indosat-20180522061524-64260,Media Library/Office Venue/389-gedung-indosat-gedung-indosat-20180522061524-64260,2465,0,1,1,interior/389_gedung-indosat-gedung-indosat_20180522061524_64260.jpg,interior,389_gedung-indosat-gedung-indosat_20180522061524_64260.jpg,uploaded,55141,389_gedung-indosat-gedung-indosat_20180522061524_64260.jpg,https://cdn-strapi.prod.99iddev.net/assets/389_gedung_indosat_gedung_indosat_20180522061524_64260_369ef7c7ff.jpg,,
389-gedung-indosat-gedung-indosat-20180522061524-71890,Media Library/Office Venue/389-gedung-indosat-gedung-indosat-20180522061524-71890,2466,0,1,1,interior/389_gedung-indosat-gedung-indosat_20180522061524_71890.jpg,interior,389_gedung-indosat-gedung-indosat_20180522061524_71890.jpg,uploaded,55142,389_gedung-indosat-gedung-indosat_20180522061524_71890.jpg,https://cdn-strapi.prod.99iddev.net/assets/389_gedung_indosat_gedung_indosat_20180522061524_71890_1d9c006dda.jpg,,
397-ciputra-international-puri-ciputra-international-puri-3-phase-1-20160914043804-19031,Media Library/Office Venue/397-ciputra-international-puri-ciputra-international-puri-3-phase-1-20160914043804-19031,2467,0,1,1,exterior/397_ciputra-international-puri-ciputra-international-puri-3-phase-1_20160914043804_19031.jpg,exterior,397_ciputra-international-puri-ciputra-international-puri-3-phase-1_20160914043804_19031.jpg,uploaded,55143,397_ciputra-international-puri-ciputra-international-puri-3-phase-1_20160914043804_19031.jpg,https://cdn-strapi.prod.99iddev.net/assets/397_ciputra_international_puri_ciputra_international_puri_3_phase_1_20160914043804_19031_10aa6b6b60.jpg,,
397-ciputra-international-puri-ciputra-international-puri-3-phase-1-20160914043804-94441,Media Library/Office Venue/397-ciputra-international-puri-ciputra-international-puri-3-phase-1-20160914043804-94441,2468,0,1,1,exterior/397_ciputra-international-puri-ciputra-international-puri-3-phase-1_20160914043804_94441.jpg,exterior,397_ciputra-international-puri-ciputra-international-puri-3-phase-1_20160914043804_94441.jpg,uploaded,55144,397_ciputra-international-puri-ciputra-international-puri-3-phase-1_20160914043804_94441.jpg,https://cdn-strapi.prod.99iddev.net/assets/397_ciputra_international_puri_ciputra_international_puri_3_phase_1_20160914043804_94441_70fe8fec8b.jpg,,
397-ciputra-international-puri-ciputra-international-puri-3-phase-1-20160914043805-33378,Media Library/Office Venue/397-ciputra-international-puri-ciputra-international-puri-3-phase-1-20160914043805-33378,2469,0,1,1,exterior/397_ciputra-international-puri-ciputra-international-puri-3-phase-1_20160914043805_33378.jpg,exterior,397_ciputra-international-puri-ciputra-international-puri-3-phase-1_20160914043805_33378.jpg,uploaded,55145,397_ciputra-international-puri-ciputra-international-puri-3-phase-1_20160914043805_33378.jpg,https://cdn-strapi.prod.99iddev.net/assets/397_ciputra_international_puri_ciputra_international_puri_3_phase_1_20160914043805_33378_df3482d750.jpg,,
397-ciputra-international-puri-ciputra-international-puri-3-phase-1-20180523070609-51253,Media Library/Office Venue/397-ciputra-international-puri-ciputra-international-puri-3-phase-1-20180523070609-51253,2470,0,1,1,floorplan/397_ciputra-international-puri-ciputra-international-puri-3-phase-1_20180523070609_51253.jpg,floorplan,397_ciputra-international-puri-ciputra-international-puri-3-phase-1_20180523070609_51253.jpg,uploaded,55146,397_ciputra-international-puri-ciputra-international-puri-3-phase-1_20180523070609_51253.jpg,https://cdn-strapi.prod.99iddev.net/assets/397_ciputra_international_puri_ciputra_international_puri_3_phase_1_20180523070609_51253_f3a1120e9d.jpg,,
397-ciputra-international-puri-ciputra-international-puri-3-phase-1-20180523070609-80264,Media Library/Office Venue/397-ciputra-international-puri-ciputra-international-puri-3-phase-1-20180523070609-80264,2471,0,1,1,floorplan/397_ciputra-international-puri-ciputra-international-puri-3-phase-1_20180523070609_80264.jpg,floorplan,397_ciputra-international-puri-ciputra-international-puri-3-phase-1_20180523070609_80264.jpg,uploaded,55147,397_ciputra-international-puri-ciputra-international-puri-3-phase-1_20180523070609_80264.jpg,https://cdn-strapi.prod.99iddev.net/assets/397_ciputra_international_puri_ciputra_international_puri_3_phase_1_20180523070609_80264_3b62b7bc85.jpg,,
397-ciputra-international-puri-ciputra-international-puri-3-phase-1-20180525082838-57580,Media Library/Office Venue/397-ciputra-international-puri-ciputra-international-puri-3-phase-1-20180525082838-57580,2472,0,1,1,exterior/397_ciputra-international-puri-ciputra-international-puri-3-phase-1_20180525082838_57580.jpg,exterior,397_ciputra-international-puri-ciputra-international-puri-3-phase-1_20180525082838_57580.jpg,uploaded,55148,397_ciputra-international-puri-ciputra-international-puri-3-phase-1_20180525082838_57580.jpg,https://cdn-strapi.prod.99iddev.net/assets/397_ciputra_international_puri_ciputra_international_puri_3_phase_1_20180525082838_57580_442248bf3f.jpg,,
397-ciputra-international-puri-ciputra-international-puri-3-phase-1-20180525082838-80986,Media Library/Office Venue/397-ciputra-international-puri-ciputra-international-puri-3-phase-1-20180525082838-80986,2473,0,1,1,exterior/397_ciputra-international-puri-ciputra-international-puri-3-phase-1_20180525082838_80986.jpg,exterior,397_ciputra-international-puri-ciputra-international-puri-3-phase-1_20180525082838_80986.jpg,uploaded,55149,397_ciputra-international-puri-ciputra-international-puri-3-phase-1_20180525082838_80986.jpg,https://cdn-strapi.prod.99iddev.net/assets/397_ciputra_international_puri_ciputra_international_puri_3_phase_1_20180525082838_80986_714c337c53.jpg,,
397-ciputra-international-puri-ciputra-international-puri-3-phase-1-20180525082839-30306,Media Library/Office Venue/397-ciputra-international-puri-ciputra-international-puri-3-phase-1-20180525082839-30306,2474,0,1,1,exterior/397_ciputra-international-puri-ciputra-international-puri-3-phase-1_20180525082839_30306.jpg,exterior,397_ciputra-international-puri-ciputra-international-puri-3-phase-1_20180525082839_30306.jpg,uploaded,55150,397_ciputra-international-puri-ciputra-international-puri-3-phase-1_20180525082839_30306.jpg,https://cdn-strapi.prod.99iddev.net/assets/397_ciputra_international_puri_ciputra_international_puri_3_phase_1_20180525082839_30306_3ae3b33828.jpg,,
397-ciputra-international-puri-ciputra-international-puri-3-phase-1-20180525082839-64596,Media Library/Office Venue/397-ciputra-international-puri-ciputra-international-puri-3-phase-1-20180525082839-64596,2475,0,1,1,exterior/397_ciputra-international-puri-ciputra-international-puri-3-phase-1_20180525082839_64596.jpg,exterior,397_ciputra-international-puri-ciputra-international-puri-3-phase-1_20180525082839_64596.jpg,uploaded,55151,397_ciputra-international-puri-ciputra-international-puri-3-phase-1_20180525082839_64596.jpg,https://cdn-strapi.prod.99iddev.net/assets/397_ciputra_international_puri_ciputra_international_puri_3_phase_1_20180525082839_64596_0a8f6b5144.jpg,,
397-ciputra-international-puri-ciputra-international-puri-3-phase-1-20180525082839-74447,Media Library/Office Venue/397-ciputra-international-puri-ciputra-international-puri-3-phase-1-20180525082839-74447,2476,0,1,1,exterior/397_ciputra-international-puri-ciputra-international-puri-3-phase-1_20180525082839_74447.jpg,exterior,397_ciputra-international-puri-ciputra-international-puri-3-phase-1_20180525082839_74447.jpg,uploaded,55152,397_ciputra-international-puri-ciputra-international-puri-3-phase-1_20180525082839_74447.jpg,https://cdn-strapi.prod.99iddev.net/assets/397_ciputra_international_puri_ciputra_international_puri_3_phase_1_20180525082839_74447_5b6137c709.jpg,,
397-ciputra-international-puri-ciputra-international-puri-3-phase-1-20180525082840-35721,Media Library/Office Venue/397-ciputra-international-puri-ciputra-international-puri-3-phase-1-20180525082840-35721,2477,0,1,1,exterior/397_ciputra-international-puri-ciputra-international-puri-3-phase-1_20180525082840_35721.jpg,exterior,397_ciputra-international-puri-ciputra-international-puri-3-phase-1_20180525082840_35721.jpg,uploaded,55153,397_ciputra-international-puri-ciputra-international-puri-3-phase-1_20180525082840_35721.jpg,https://cdn-strapi.prod.99iddev.net/assets/397_ciputra_international_puri_ciputra_international_puri_3_phase_1_20180525082840_35721_ef7e6647f9.jpg,,
397-ciputra-international-puri-ciputra-international-puri-3-phase-1-20180525082840-88568,Media Library/Office Venue/397-ciputra-international-puri-ciputra-international-puri-3-phase-1-20180525082840-88568,2478,0,1,1,exterior/397_ciputra-international-puri-ciputra-international-puri-3-phase-1_20180525082840_88568.jpg,exterior,397_ciputra-international-puri-ciputra-international-puri-3-phase-1_20180525082840_88568.jpg,uploaded,55154,397_ciputra-international-puri-ciputra-international-puri-3-phase-1_20180525082840_88568.jpg,https://cdn-strapi.prod.99iddev.net/assets/397_ciputra_international_puri_ciputra_international_puri_3_phase_1_20180525082840_88568_5aeb7273f2.jpg,,
397-ciputra-international-puri-ciputra-international-puri-3-phase-1-20180525083204-43517,Media Library/Office Venue/397-ciputra-international-puri-ciputra-international-puri-3-phase-1-20180525083204-43517,2479,0,1,1,interior/397_ciputra-international-puri-ciputra-international-puri-3-phase-1_20180525083204_43517.jpg,interior,397_ciputra-international-puri-ciputra-international-puri-3-phase-1_20180525083204_43517.jpg,uploaded,55155,397_ciputra-international-puri-ciputra-international-puri-3-phase-1_20180525083204_43517.jpg,https://cdn-strapi.prod.99iddev.net/assets/397_ciputra_international_puri_ciputra_international_puri_3_phase_1_20180525083204_43517_360cccdc80.jpg,,
397-ciputra-international-puri-ciputra-international-puri-3-phase-1-20180525083204-61647,Media Library/Office Venue/397-ciputra-international-puri-ciputra-international-puri-3-phase-1-20180525083204-61647,2480,0,1,1,interior/397_ciputra-international-puri-ciputra-international-puri-3-phase-1_20180525083204_61647.jpg,interior,397_ciputra-international-puri-ciputra-international-puri-3-phase-1_20180525083204_61647.jpg,uploaded,55156,397_ciputra-international-puri-ciputra-international-puri-3-phase-1_20180525083204_61647.jpg,https://cdn-strapi.prod.99iddev.net/assets/397_ciputra_international_puri_ciputra_international_puri_3_phase_1_20180525083204_61647_a5851fcc68.jpg,,
397-ciputra-international-puri-ciputra-international-puri-3-phase-1-20180525083205-50617,Media Library/Office Venue/397-ciputra-international-puri-ciputra-international-puri-3-phase-1-20180525083205-50617,2481,0,1,1,interior/397_ciputra-international-puri-ciputra-international-puri-3-phase-1_20180525083205_50617.jpg,interior,397_ciputra-international-puri-ciputra-international-puri-3-phase-1_20180525083205_50617.jpg,uploaded,55157,397_ciputra-international-puri-ciputra-international-puri-3-phase-1_20180525083205_50617.jpg,https://cdn-strapi.prod.99iddev.net/assets/397_ciputra_international_puri_ciputra_international_puri_3_phase_1_20180525083205_50617_cde4eeda8c.jpg,,
397-ciputra-international-puri-ciputra-international-puri-3-phase-1-20180525083205-69744,Media Library/Office Venue/397-ciputra-international-puri-ciputra-international-puri-3-phase-1-20180525083205-69744,2482,0,1,1,interior/397_ciputra-international-puri-ciputra-international-puri-3-phase-1_20180525083205_69744.jpg,interior,397_ciputra-international-puri-ciputra-international-puri-3-phase-1_20180525083205_69744.jpg,uploaded,55158,397_ciputra-international-puri-ciputra-international-puri-3-phase-1_20180525083205_69744.jpg,https://cdn-strapi.prod.99iddev.net/assets/397_ciputra_international_puri_ciputra_international_puri_3_phase_1_20180525083205_69744_af6a64601a.jpg,,
397-ciputra-international-puri-ciputra-international-puri-3-phase-1-20180525083206-17704,Media Library/Office Venue/397-ciputra-international-puri-ciputra-international-puri-3-phase-1-20180525083206-17704,2483,0,1,1,interior/397_ciputra-international-puri-ciputra-international-puri-3-phase-1_20180525083206_17704.jpg,interior,397_ciputra-international-puri-ciputra-international-puri-3-phase-1_20180525083206_17704.jpg,uploaded,55159,397_ciputra-international-puri-ciputra-international-puri-3-phase-1_20180525083206_17704.jpg,https://cdn-strapi.prod.99iddev.net/assets/397_ciputra_international_puri_ciputra_international_puri_3_phase_1_20180525083206_17704_b5ec3a4df7.jpg,,
397-ciputra-international-puri-ciputra-international-puri-3-phase-1-20180525083206-86485,Media Library/Office Venue/397-ciputra-international-puri-ciputra-international-puri-3-phase-1-20180525083206-86485,2484,0,1,1,interior/397_ciputra-international-puri-ciputra-international-puri-3-phase-1_20180525083206_86485.jpg,interior,397_ciputra-international-puri-ciputra-international-puri-3-phase-1_20180525083206_86485.jpg,uploaded,55160,397_ciputra-international-puri-ciputra-international-puri-3-phase-1_20180525083206_86485.jpg,https://cdn-strapi.prod.99iddev.net/assets/397_ciputra_international_puri_ciputra_international_puri_3_phase_1_20180525083206_86485_2a348437b4.jpg,,
397-ciputra-international-puri-ciputra-international-puri-3-phase-1-20180525083206-92668,Media Library/Office Venue/397-ciputra-international-puri-ciputra-international-puri-3-phase-1-20180525083206-92668,2485,0,1,1,interior/397_ciputra-international-puri-ciputra-international-puri-3-phase-1_20180525083206_92668.jpg,interior,397_ciputra-international-puri-ciputra-international-puri-3-phase-1_20180525083206_92668.jpg,uploaded,55161,397_ciputra-international-puri-ciputra-international-puri-3-phase-1_20180525083206_92668.jpg,https://cdn-strapi.prod.99iddev.net/assets/397_ciputra_international_puri_ciputra_international_puri_3_phase_1_20180525083206_92668_29333a396e.jpg,,
397-ciputra-international-puri-ciputra-international-puri-3-phase-1-20180525083207-26693,Media Library/Office Venue/397-ciputra-international-puri-ciputra-international-puri-3-phase-1-20180525083207-26693,2486,0,1,1,interior/397_ciputra-international-puri-ciputra-international-puri-3-phase-1_20180525083207_26693.jpg,interior,397_ciputra-international-puri-ciputra-international-puri-3-phase-1_20180525083207_26693.jpg,uploaded,55162,397_ciputra-international-puri-ciputra-international-puri-3-phase-1_20180525083207_26693.jpg,https://cdn-strapi.prod.99iddev.net/assets/397_ciputra_international_puri_ciputra_international_puri_3_phase_1_20180525083207_26693_082f2be462.jpg,,
397-ciputra-international-puri-ciputra-international-puri-3-phase-1-20180525083207-76055,Media Library/Office Venue/397-ciputra-international-puri-ciputra-international-puri-3-phase-1-20180525083207-76055,2487,0,1,1,interior/397_ciputra-international-puri-ciputra-international-puri-3-phase-1_20180525083207_76055.jpg,interior,397_ciputra-international-puri-ciputra-international-puri-3-phase-1_20180525083207_76055.jpg,uploaded,55163,397_ciputra-international-puri-ciputra-international-puri-3-phase-1_20180525083207_76055.jpg,https://cdn-strapi.prod.99iddev.net/assets/397_ciputra_international_puri_ciputra_international_puri_3_phase_1_20180525083207_76055_f91a59fe71.jpg,,
397-ciputra-international-puri-ciputra-international-puri-3-phase-1-20180525083208-14332,Media Library/Office Venue/397-ciputra-international-puri-ciputra-international-puri-3-phase-1-20180525083208-14332,2488,0,1,1,interior/397_ciputra-international-puri-ciputra-international-puri-3-phase-1_20180525083208_14332.jpg,interior,397_ciputra-international-puri-ciputra-international-puri-3-phase-1_20180525083208_14332.jpg,uploaded,55164,397_ciputra-international-puri-ciputra-international-puri-3-phase-1_20180525083208_14332.jpg,https://cdn-strapi.prod.99iddev.net/assets/397_ciputra_international_puri_ciputra_international_puri_3_phase_1_20180525083208_14332_3428dba8c9.jpg,,
397-ciputra-international-puri-ciputra-international-puri-3-phase-1-20180525083208-38903,Media Library/Office Venue/397-ciputra-international-puri-ciputra-international-puri-3-phase-1-20180525083208-38903,2489,0,1,1,interior/397_ciputra-international-puri-ciputra-international-puri-3-phase-1_20180525083208_38903.jpg,interior,397_ciputra-international-puri-ciputra-international-puri-3-phase-1_20180525083208_38903.jpg,uploaded,55165,397_ciputra-international-puri-ciputra-international-puri-3-phase-1_20180525083208_38903.jpg,https://cdn-strapi.prod.99iddev.net/assets/397_ciputra_international_puri_ciputra_international_puri_3_phase_1_20180525083208_38903_08e838d54c.jpg,,
397-ciputra-international-puri-ciputra-international-puri-3-phase-1-20180525083208-57221,Media Library/Office Venue/397-ciputra-international-puri-ciputra-international-puri-3-phase-1-20180525083208-57221,2490,0,1,1,interior/397_ciputra-international-puri-ciputra-international-puri-3-phase-1_20180525083208_57221.jpg,interior,397_ciputra-international-puri-ciputra-international-puri-3-phase-1_20180525083208_57221.jpg,uploaded,55166,397_ciputra-international-puri-ciputra-international-puri-3-phase-1_20180525083208_57221.jpg,https://cdn-strapi.prod.99iddev.net/assets/397_ciputra_international_puri_ciputra_international_puri_3_phase_1_20180525083208_57221_3fc0963f9e.jpg,,
397-ciputra-international-puri-ciputra-international-puri-3-phase-1-20180525083209-20902,Media Library/Office Venue/397-ciputra-international-puri-ciputra-international-puri-3-phase-1-20180525083209-20902,2491,0,1,1,interior/397_ciputra-international-puri-ciputra-international-puri-3-phase-1_20180525083209_20902.jpg,interior,397_ciputra-international-puri-ciputra-international-puri-3-phase-1_20180525083209_20902.jpg,uploaded,55167,397_ciputra-international-puri-ciputra-international-puri-3-phase-1_20180525083209_20902.jpg,https://cdn-strapi.prod.99iddev.net/assets/397_ciputra_international_puri_ciputra_international_puri_3_phase_1_20180525083209_20902_727902b063.jpg,,
397-ciputra-international-puri-ciputra-international-puri-3-phase-1-20180525083209-55271,Media Library/Office Venue/397-ciputra-international-puri-ciputra-international-puri-3-phase-1-20180525083209-55271,2492,0,1,1,interior/397_ciputra-international-puri-ciputra-international-puri-3-phase-1_20180525083209_55271.jpg,interior,397_ciputra-international-puri-ciputra-international-puri-3-phase-1_20180525083209_55271.jpg,uploaded,55168,397_ciputra-international-puri-ciputra-international-puri-3-phase-1_20180525083209_55271.jpg,https://cdn-strapi.prod.99iddev.net/assets/397_ciputra_international_puri_ciputra_international_puri_3_phase_1_20180525083209_55271_8d99043473.jpg,,
397-ciputra-international-puri-ciputra-international-puri-3-phase-1-20180525083210-40182,Media Library/Office Venue/397-ciputra-international-puri-ciputra-international-puri-3-phase-1-20180525083210-40182,2493,0,1,1,interior/397_ciputra-international-puri-ciputra-international-puri-3-phase-1_20180525083210_40182.jpg,interior,397_ciputra-international-puri-ciputra-international-puri-3-phase-1_20180525083210_40182.jpg,uploaded,55169,397_ciputra-international-puri-ciputra-international-puri-3-phase-1_20180525083210_40182.jpg,https://cdn-strapi.prod.99iddev.net/assets/397_ciputra_international_puri_ciputra_international_puri_3_phase_1_20180525083210_40182_082d20daff.jpg,,
397-ciputra-international-puri-ciputra-international-puri-3-phase-1-20180525083210-49769,Media Library/Office Venue/397-ciputra-international-puri-ciputra-international-puri-3-phase-1-20180525083210-49769,2494,0,1,1,interior/397_ciputra-international-puri-ciputra-international-puri-3-phase-1_20180525083210_49769.jpg,interior,397_ciputra-international-puri-ciputra-international-puri-3-phase-1_20180525083210_49769.jpg,uploaded,55170,397_ciputra-international-puri-ciputra-international-puri-3-phase-1_20180525083210_49769.jpg,https://cdn-strapi.prod.99iddev.net/assets/397_ciputra_international_puri_ciputra_international_puri_3_phase_1_20180525083210_49769_b770ee1a70.jpg,,
397-ciputra-international-puri-ciputra-international-puri-3-phase-1-20180525083211-30397,Media Library/Office Venue/397-ciputra-international-puri-ciputra-international-puri-3-phase-1-20180525083211-30397,2495,0,1,1,interior/397_ciputra-international-puri-ciputra-international-puri-3-phase-1_20180525083211_30397.jpg,interior,397_ciputra-international-puri-ciputra-international-puri-3-phase-1_20180525083211_30397.jpg,uploaded,55171,397_ciputra-international-puri-ciputra-international-puri-3-phase-1_20180525083211_30397.jpg,https://cdn-strapi.prod.99iddev.net/assets/397_ciputra_international_puri_ciputra_international_puri_3_phase_1_20180525083211_30397_119b1c5fa4.jpg,,
401-st-moritz-office-tower-st-moritz-office-tower-20160914044640-84126,Media Library/Office Venue/401-st-moritz-office-tower-st-moritz-office-tower-20160914044640-84126,2496,0,1,1,exterior/401_st-moritz-office-tower-st-moritz-office-tower_20160914044640_84126.jpg,exterior,401_st-moritz-office-tower-st-moritz-office-tower_20160914044640_84126.jpg,uploaded,55172,401_st-moritz-office-tower-st-moritz-office-tower_20160914044640_84126.jpg,https://cdn-strapi.prod.99iddev.net/assets/401_st_moritz_office_tower_st_moritz_office_tower_20160914044640_84126_23c8192e09.jpg,,
401-st-moritz-office-tower-st-moritz-office-tower-20160914044641-39088,Media Library/Office Venue/401-st-moritz-office-tower-st-moritz-office-tower-20160914044641-39088,2497,0,1,1,exterior/401_st-moritz-office-tower-st-moritz-office-tower_20160914044641_39088.jpg,exterior,401_st-moritz-office-tower-st-moritz-office-tower_20160914044641_39088.jpg,uploaded,55173,401_st-moritz-office-tower-st-moritz-office-tower_20160914044641_39088.jpg,https://cdn-strapi.prod.99iddev.net/assets/401_st_moritz_office_tower_st_moritz_office_tower_20160914044641_39088_64dfe17d1b.jpg,,
401-st-moritz-office-tower-st-moritz-office-tower-20161124041345-58030,Media Library/Office Venue/401-st-moritz-office-tower-st-moritz-office-tower-20161124041345-58030,2498,0,1,1,exterior/401_st-moritz-office-tower-st-moritz-office-tower_20161124041345_58030.jpg,exterior,401_st-moritz-office-tower-st-moritz-office-tower_20161124041345_58030.jpg,uploaded,55174,401_st-moritz-office-tower-st-moritz-office-tower_20161124041345_58030.jpg,https://cdn-strapi.prod.99iddev.net/assets/401_st_moritz_office_tower_st_moritz_office_tower_20161124041345_58030_2da425a698.jpg,,
401-st-moritz-office-tower-st-moritz-office-tower-20161124041346-21635,Media Library/Office Venue/401-st-moritz-office-tower-st-moritz-office-tower-20161124041346-21635,2499,0,1,1,exterior/401_st-moritz-office-tower-st-moritz-office-tower_20161124041346_21635.jpg,exterior,401_st-moritz-office-tower-st-moritz-office-tower_20161124041346_21635.jpg,uploaded,55175,401_st-moritz-office-tower-st-moritz-office-tower_20161124041346_21635.jpg,https://cdn-strapi.prod.99iddev.net/assets/401_st_moritz_office_tower_st_moritz_office_tower_20161124041346_21635_2318325bf3.jpg,,
401-st-moritz-office-tower-st-moritz-office-tower-20161124041347-87838,Media Library/Office Venue/401-st-moritz-office-tower-st-moritz-office-tower-20161124041347-87838,2500,0,1,1,exterior/401_st-moritz-office-tower-st-moritz-office-tower_20161124041347_87838.jpg,exterior,401_st-moritz-office-tower-st-moritz-office-tower_20161124041347_87838.jpg,uploaded,55176,401_st-moritz-office-tower-st-moritz-office-tower_20161124041347_87838.jpg,https://cdn-strapi.prod.99iddev.net/assets/401_st_moritz_office_tower_st_moritz_office_tower_20161124041347_87838_775a43a97f.jpg,,
401-st-moritz-office-tower-st-moritz-office-tower-20161124041347-88920,Media Library/Office Venue/401-st-moritz-office-tower-st-moritz-office-tower-20161124041347-88920,2501,0,1,1,exterior/401_st-moritz-office-tower-st-moritz-office-tower_20161124041347_88920.jpg,exterior,401_st-moritz-office-tower-st-moritz-office-tower_20161124041347_88920.jpg,uploaded,55177,401_st-moritz-office-tower-st-moritz-office-tower_20161124041347_88920.jpg,https://cdn-strapi.prod.99iddev.net/assets/401_st_moritz_office_tower_st_moritz_office_tower_20161124041347_88920_388854aebb.jpg,,
401-st-moritz-office-tower-st-moritz-office-tower-20161124041348-31762,Media Library/Office Venue/401-st-moritz-office-tower-st-moritz-office-tower-20161124041348-31762,2502,0,1,1,exterior/401_st-moritz-office-tower-st-moritz-office-tower_20161124041348_31762.jpg,exterior,401_st-moritz-office-tower-st-moritz-office-tower_20161124041348_31762.jpg,uploaded,55178,401_st-moritz-office-tower-st-moritz-office-tower_20161124041348_31762.jpg,https://cdn-strapi.prod.99iddev.net/assets/401_st_moritz_office_tower_st_moritz_office_tower_20161124041348_31762_1cc5ad24a9.jpg,,
401-st-moritz-office-tower-st-moritz-office-tower-20161124041354-63273,Media Library/Office Venue/401-st-moritz-office-tower-st-moritz-office-tower-20161124041354-63273,2503,0,1,1,exterior/401_st-moritz-office-tower-st-moritz-office-tower_20161124041354_63273.jpg,exterior,401_st-moritz-office-tower-st-moritz-office-tower_20161124041354_63273.jpg,uploaded,55179,401_st-moritz-office-tower-st-moritz-office-tower_20161124041354_63273.jpg,https://cdn-strapi.prod.99iddev.net/assets/401_st_moritz_office_tower_st_moritz_office_tower_20161124041354_63273_5cc89c1088.jpg,,
401-st-moritz-office-tower-st-moritz-office-tower-20170310045312-48973,Media Library/Office Venue/401-st-moritz-office-tower-st-moritz-office-tower-20170310045312-48973,2504,0,1,1,floorplan/401_st-moritz-office-tower-st-moritz-office-tower_20170310045312_48973.jpg,floorplan,401_st-moritz-office-tower-st-moritz-office-tower_20170310045312_48973.jpg,uploaded,55180,401_st-moritz-office-tower-st-moritz-office-tower_20170310045312_48973.jpg,https://cdn-strapi.prod.99iddev.net/assets/401_st_moritz_office_tower_st_moritz_office_tower_20170310045312_48973_b7978f2faa.jpg,,
401-st-moritz-office-tower-st-moritz-office-tower-20170310045312-60014,Media Library/Office Venue/401-st-moritz-office-tower-st-moritz-office-tower-20170310045312-60014,2505,0,1,1,floorplan/401_st-moritz-office-tower-st-moritz-office-tower_20170310045312_60014.jpg,floorplan,401_st-moritz-office-tower-st-moritz-office-tower_20170310045312_60014.jpg,uploaded,55181,401_st-moritz-office-tower-st-moritz-office-tower_20170310045312_60014.jpg,https://cdn-strapi.prod.99iddev.net/assets/401_st_moritz_office_tower_st_moritz_office_tower_20170310045312_60014_0c2e86e6da.jpg,,
401-st-moritz-office-tower-st-moritz-office-tower-20170310045313-75462,Media Library/Office Venue/401-st-moritz-office-tower-st-moritz-office-tower-20170310045313-75462,2506,0,1,1,floorplan/401_st-moritz-office-tower-st-moritz-office-tower_20170310045313_75462.jpg,floorplan,401_st-moritz-office-tower-st-moritz-office-tower_20170310045313_75462.jpg,uploaded,55182,401_st-moritz-office-tower-st-moritz-office-tower_20170310045313_75462.jpg,https://cdn-strapi.prod.99iddev.net/assets/401_st_moritz_office_tower_st_moritz_office_tower_20170310045313_75462_8fad29afd8.jpg,,
401-st-moritz-office-tower-st-moritz-office-tower-20170320070907-38008,Media Library/Office Venue/401-st-moritz-office-tower-st-moritz-office-tower-20170320070907-38008,2507,0,1,1,exterior/401_st-moritz-office-tower-st-moritz-office-tower_20170320070907_38008.jpg,exterior,401_st-moritz-office-tower-st-moritz-office-tower_20170320070907_38008.jpg,uploaded,55183,401_st-moritz-office-tower-st-moritz-office-tower_20170320070907_38008.jpg,https://cdn-strapi.prod.99iddev.net/assets/401_st_moritz_office_tower_st_moritz_office_tower_20170320070907_38008_198b25db83.jpg,,
401-st-moritz-office-tower-st-moritz-office-tower-20170320070908-96278,Media Library/Office Venue/401-st-moritz-office-tower-st-moritz-office-tower-20170320070908-96278,2508,0,1,1,exterior/401_st-moritz-office-tower-st-moritz-office-tower_20170320070908_96278.jpg,exterior,401_st-moritz-office-tower-st-moritz-office-tower_20170320070908_96278.jpg,uploaded,55184,401_st-moritz-office-tower-st-moritz-office-tower_20170320070908_96278.jpg,https://cdn-strapi.prod.99iddev.net/assets/401_st_moritz_office_tower_st_moritz_office_tower_20170320070908_96278_16b426a767.jpg,,
401-st-moritz-office-tower-st-moritz-office-tower-20170320070909-10496,Media Library/Office Venue/401-st-moritz-office-tower-st-moritz-office-tower-20170320070909-10496,2509,0,1,1,exterior/401_st-moritz-office-tower-st-moritz-office-tower_20170320070909_10496.jpg,exterior,401_st-moritz-office-tower-st-moritz-office-tower_20170320070909_10496.jpg,uploaded,55185,401_st-moritz-office-tower-st-moritz-office-tower_20170320070909_10496.jpg,https://cdn-strapi.prod.99iddev.net/assets/401_st_moritz_office_tower_st_moritz_office_tower_20170320070909_10496_98f974a67d.jpg,,
401-st-moritz-office-tower-st-moritz-office-tower-20170320070909-87645,Media Library/Office Venue/401-st-moritz-office-tower-st-moritz-office-tower-20170320070909-87645,2510,0,1,1,exterior/401_st-moritz-office-tower-st-moritz-office-tower_20170320070909_87645.jpg,exterior,401_st-moritz-office-tower-st-moritz-office-tower_20170320070909_87645.jpg,uploaded,55186,401_st-moritz-office-tower-st-moritz-office-tower_20170320070909_87645.jpg,https://cdn-strapi.prod.99iddev.net/assets/401_st_moritz_office_tower_st_moritz_office_tower_20170320070909_87645_da6f3611ea.jpg,,
401-st-moritz-office-tower-st-moritz-office-tower-20170411045046-58059,Media Library/Office Venue/401-st-moritz-office-tower-st-moritz-office-tower-20170411045046-58059,2511,0,1,1,exterior/401_st-moritz-office-tower-st-moritz-office-tower_20170411045046_58059.jpg,exterior,401_st-moritz-office-tower-st-moritz-office-tower_20170411045046_58059.jpg,uploaded,55187,401_st-moritz-office-tower-st-moritz-office-tower_20170411045046_58059.jpg,https://cdn-strapi.prod.99iddev.net/assets/401_st_moritz_office_tower_st_moritz_office_tower_20170411045046_58059_ce4983f1e9.jpg,,
403-gedung-hero-gedung-hero-20160914043905-71426,Media Library/Office Venue/403-gedung-hero-gedung-hero-20160914043905-71426,2512,0,1,1,exterior/403_gedung-hero-gedung-hero_20160914043905_71426.jpg,exterior,403_gedung-hero-gedung-hero_20160914043905_71426.jpg,uploaded,55188,403_gedung-hero-gedung-hero_20160914043905_71426.jpg,https://cdn-strapi.prod.99iddev.net/assets/403_gedung_hero_gedung_hero_20160914043905_71426_333e33fbad.jpg,,
403-gedung-hero-gedung-hero-20160914043905-86006,Media Library/Office Venue/403-gedung-hero-gedung-hero-20160914043905-86006,2513,0,1,1,exterior/403_gedung-hero-gedung-hero_20160914043905_86006.jpg,exterior,403_gedung-hero-gedung-hero_20160914043905_86006.jpg,uploaded,55189,403_gedung-hero-gedung-hero_20160914043905_86006.jpg,https://cdn-strapi.prod.99iddev.net/assets/403_gedung_hero_gedung_hero_20160914043905_86006_eb22b97c09.jpg,,
403-gedung-hero-gedung-hero-20160914043906-77029,Media Library/Office Venue/403-gedung-hero-gedung-hero-20160914043906-77029,2514,0,1,1,exterior/403_gedung-hero-gedung-hero_20160914043906_77029.jpg,exterior,403_gedung-hero-gedung-hero_20160914043906_77029.jpg,uploaded,55190,403_gedung-hero-gedung-hero_20160914043906_77029.jpg,https://cdn-strapi.prod.99iddev.net/assets/403_gedung_hero_gedung_hero_20160914043906_77029_1654cf0836.jpg,,
403-synthesis-tower-ex-gedung-hero-synthesis-tower-2-ex-gedung-hero-20170512044855-72004,Media Library/Office Venue/403-synthesis-tower-ex-gedung-hero-synthesis-tower-2-ex-gedung-hero-20170512044855-72004,2515,0,1,1,exterior/403_synthesis-tower-ex-gedung-hero-synthesis-tower-2-ex-gedung-hero_20170512044855_72004.jpg,exterior,403_synthesis-tower-ex-gedung-hero-synthesis-tower-2-ex-gedung-hero_20170512044855_72004.jpg,uploaded,55191,403_synthesis-tower-ex-gedung-hero-synthesis-tower-2-ex-gedung-hero_20170512044855_72004.jpg,https://cdn-strapi.prod.99iddev.net/assets/403_synthesis_tower_ex_gedung_hero_synthesis_tower_2_ex_gedung_hero_20170512044855_72004_721ed04fcb.jpg,,
403-synthesis-tower-ex-gedung-hero-synthesis-tower-2-ex-gedung-hero-20170526045612-66639,Media Library/Office Venue/403-synthesis-tower-ex-gedung-hero-synthesis-tower-2-ex-gedung-hero-20170526045612-66639,2516,0,1,1,floorplan/403_synthesis-tower-ex-gedung-hero-synthesis-tower-2-ex-gedung-hero_20170526045612_66639.jpg,floorplan,403_synthesis-tower-ex-gedung-hero-synthesis-tower-2-ex-gedung-hero_20170526045612_66639.jpg,uploaded,55192,403_synthesis-tower-ex-gedung-hero-synthesis-tower-2-ex-gedung-hero_20170526045612_66639.jpg,https://cdn-strapi.prod.99iddev.net/assets/403_synthesis_tower_ex_gedung_hero_synthesis_tower_2_ex_gedung_hero_20170526045612_66639_8170d9068e.jpg,,
403-synthesis-tower-ex-gedung-hero-synthesis-tower-2-ex-gedung-hero-20170526045620-10466,Media Library/Office Venue/403-synthesis-tower-ex-gedung-hero-synthesis-tower-2-ex-gedung-hero-20170526045620-10466,2517,0,1,1,floorplan/403_synthesis-tower-ex-gedung-hero-synthesis-tower-2-ex-gedung-hero_20170526045620_10466.jpg,floorplan,403_synthesis-tower-ex-gedung-hero-synthesis-tower-2-ex-gedung-hero_20170526045620_10466.jpg,uploaded,55193,403_synthesis-tower-ex-gedung-hero-synthesis-tower-2-ex-gedung-hero_20170526045620_10466.jpg,https://cdn-strapi.prod.99iddev.net/assets/403_synthesis_tower_ex_gedung_hero_synthesis_tower_2_ex_gedung_hero_20170526045620_10466_903285feec.jpg,,
403-synthesis-tower-ex-gedung-hero-synthesis-tower-2-ex-gedung-hero-20170526045624-40685,Media Library/Office Venue/403-synthesis-tower-ex-gedung-hero-synthesis-tower-2-ex-gedung-hero-20170526045624-40685,2518,0,1,1,floorplan/403_synthesis-tower-ex-gedung-hero-synthesis-tower-2-ex-gedung-hero_20170526045624_40685.jpg,floorplan,403_synthesis-tower-ex-gedung-hero-synthesis-tower-2-ex-gedung-hero_20170526045624_40685.jpg,uploaded,55194,403_synthesis-tower-ex-gedung-hero-synthesis-tower-2-ex-gedung-hero_20170526045624_40685.jpg,https://cdn-strapi.prod.99iddev.net/assets/403_synthesis_tower_ex_gedung_hero_synthesis_tower_2_ex_gedung_hero_20170526045624_40685_2f9fc13df2.jpg,,
403-synthesis-tower-ex-gedung-hero-synthesis-tower-2-ex-gedung-hero-20170526045631-46667,Media Library/Office Venue/403-synthesis-tower-ex-gedung-hero-synthesis-tower-2-ex-gedung-hero-20170526045631-46667,2519,0,1,1,floorplan/403_synthesis-tower-ex-gedung-hero-synthesis-tower-2-ex-gedung-hero_20170526045631_46667.jpg,floorplan,403_synthesis-tower-ex-gedung-hero-synthesis-tower-2-ex-gedung-hero_20170526045631_46667.jpg,uploaded,55195,403_synthesis-tower-ex-gedung-hero-synthesis-tower-2-ex-gedung-hero_20170526045631_46667.jpg,https://cdn-strapi.prod.99iddev.net/assets/403_synthesis_tower_ex_gedung_hero_synthesis_tower_2_ex_gedung_hero_20170526045631_46667_8d820876d6.jpg,,
403-synthesis-tower-ex-gedung-hero-synthesis-tower-2-ex-gedung-hero-20170526045635-82098,Media Library/Office Venue/403-synthesis-tower-ex-gedung-hero-synthesis-tower-2-ex-gedung-hero-20170526045635-82098,2520,0,1,1,floorplan/403_synthesis-tower-ex-gedung-hero-synthesis-tower-2-ex-gedung-hero_20170526045635_82098.jpg,floorplan,403_synthesis-tower-ex-gedung-hero-synthesis-tower-2-ex-gedung-hero_20170526045635_82098.jpg,uploaded,55196,403_synthesis-tower-ex-gedung-hero-synthesis-tower-2-ex-gedung-hero_20170526045635_82098.jpg,https://cdn-strapi.prod.99iddev.net/assets/403_synthesis_tower_ex_gedung_hero_synthesis_tower_2_ex_gedung_hero_20170526045635_82098_b8b080af8c.jpg,,
403-synthesis-tower-ex-gedung-hero-synthesis-tower-2-ex-gedung-hero-20170612021629-87541,Media Library/Office Venue/403-synthesis-tower-ex-gedung-hero-synthesis-tower-2-ex-gedung-hero-20170612021629-87541,2521,0,1,1,interior/403_synthesis-tower-ex-gedung-hero-synthesis-tower-2-ex-gedung-hero_20170612021629_87541.jpg,interior,403_synthesis-tower-ex-gedung-hero-synthesis-tower-2-ex-gedung-hero_20170612021629_87541.jpg,uploaded,55197,403_synthesis-tower-ex-gedung-hero-synthesis-tower-2-ex-gedung-hero_20170612021629_87541.jpg,https://cdn-strapi.prod.99iddev.net/assets/403_synthesis_tower_ex_gedung_hero_synthesis_tower_2_ex_gedung_hero_20170612021629_87541_1804d2a38c.jpg,,
403-synthesis-tower-ex-gedung-hero-synthesis-tower-2-ex-gedung-hero-20170612021648-76756,Media Library/Office Venue/403-synthesis-tower-ex-gedung-hero-synthesis-tower-2-ex-gedung-hero-20170612021648-76756,2522,0,1,1,interior/403_synthesis-tower-ex-gedung-hero-synthesis-tower-2-ex-gedung-hero_20170612021648_76756.jpg,interior,403_synthesis-tower-ex-gedung-hero-synthesis-tower-2-ex-gedung-hero_20170612021648_76756.jpg,uploaded,55198,403_synthesis-tower-ex-gedung-hero-synthesis-tower-2-ex-gedung-hero_20170612021648_76756.jpg,https://cdn-strapi.prod.99iddev.net/assets/403_synthesis_tower_ex_gedung_hero_synthesis_tower_2_ex_gedung_hero_20170612021648_76756_4157e6ee21.jpg,,
403-synthesis-tower-ex-gedung-hero-synthesis-tower-2-ex-gedung-hero-20170612021730-16666,Media Library/Office Venue/403-synthesis-tower-ex-gedung-hero-synthesis-tower-2-ex-gedung-hero-20170612021730-16666,2523,0,1,1,interior/403_synthesis-tower-ex-gedung-hero-synthesis-tower-2-ex-gedung-hero_20170612021730_16666.jpg,interior,403_synthesis-tower-ex-gedung-hero-synthesis-tower-2-ex-gedung-hero_20170612021730_16666.jpg,uploaded,55199,403_synthesis-tower-ex-gedung-hero-synthesis-tower-2-ex-gedung-hero_20170612021730_16666.jpg,https://cdn-strapi.prod.99iddev.net/assets/403_synthesis_tower_ex_gedung_hero_synthesis_tower_2_ex_gedung_hero_20170612021730_16666_f84f543704.jpg,,
403-synthesis-tower-ex-gedung-hero-synthesis-tower-2-ex-gedung-hero-20170612021804-48118,Media Library/Office Venue/403-synthesis-tower-ex-gedung-hero-synthesis-tower-2-ex-gedung-hero-20170612021804-48118,2524,0,1,1,interior/403_synthesis-tower-ex-gedung-hero-synthesis-tower-2-ex-gedung-hero_20170612021804_48118.jpg,interior,403_synthesis-tower-ex-gedung-hero-synthesis-tower-2-ex-gedung-hero_20170612021804_48118.jpg,uploaded,55200,403_synthesis-tower-ex-gedung-hero-synthesis-tower-2-ex-gedung-hero_20170612021804_48118.jpg,https://cdn-strapi.prod.99iddev.net/assets/403_synthesis_tower_ex_gedung_hero_synthesis_tower_2_ex_gedung_hero_20170612021804_48118_e8ce0abb95.jpg,,
403-synthesis-tower-ex-gedung-hero-synthesis-tower-2-ex-gedung-hero-20170612022013-35068,Media Library/Office Venue/403-synthesis-tower-ex-gedung-hero-synthesis-tower-2-ex-gedung-hero-20170612022013-35068,2525,0,1,1,interior/403_synthesis-tower-ex-gedung-hero-synthesis-tower-2-ex-gedung-hero_20170612022013_35068.jpg,interior,403_synthesis-tower-ex-gedung-hero-synthesis-tower-2-ex-gedung-hero_20170612022013_35068.jpg,uploaded,55201,403_synthesis-tower-ex-gedung-hero-synthesis-tower-2-ex-gedung-hero_20170612022013_35068.jpg,https://cdn-strapi.prod.99iddev.net/assets/403_synthesis_tower_ex_gedung_hero_synthesis_tower_2_ex_gedung_hero_20170612022013_35068_63002e5361.jpg,,
403-synthesis-tower-ex-gedung-hero-synthesis-tower-2-ex-gedung-hero-20170612022021-53778,Media Library/Office Venue/403-synthesis-tower-ex-gedung-hero-synthesis-tower-2-ex-gedung-hero-20170612022021-53778,2526,0,1,1,interior/403_synthesis-tower-ex-gedung-hero-synthesis-tower-2-ex-gedung-hero_20170612022021_53778.jpg,interior,403_synthesis-tower-ex-gedung-hero-synthesis-tower-2-ex-gedung-hero_20170612022021_53778.jpg,uploaded,55202,403_synthesis-tower-ex-gedung-hero-synthesis-tower-2-ex-gedung-hero_20170612022021_53778.jpg,https://cdn-strapi.prod.99iddev.net/assets/403_synthesis_tower_ex_gedung_hero_synthesis_tower_2_ex_gedung_hero_20170612022021_53778_63cc537fa1.jpg,,
403-synthesis-tower-ex-gedung-hero-synthesis-tower-2-ex-gedung-hero-20170612022031-46518,Media Library/Office Venue/403-synthesis-tower-ex-gedung-hero-synthesis-tower-2-ex-gedung-hero-20170612022031-46518,2527,0,1,1,interior/403_synthesis-tower-ex-gedung-hero-synthesis-tower-2-ex-gedung-hero_20170612022031_46518.jpg,interior,403_synthesis-tower-ex-gedung-hero-synthesis-tower-2-ex-gedung-hero_20170612022031_46518.jpg,uploaded,55203,403_synthesis-tower-ex-gedung-hero-synthesis-tower-2-ex-gedung-hero_20170612022031_46518.jpg,https://cdn-strapi.prod.99iddev.net/assets/403_synthesis_tower_ex_gedung_hero_synthesis_tower_2_ex_gedung_hero_20170612022031_46518_dc39e37592.jpg,,
403-synthesis-tower-ex-gedung-hero-synthesis-tower-2-ex-gedung-hero-20170612022037-41388,Media Library/Office Venue/403-synthesis-tower-ex-gedung-hero-synthesis-tower-2-ex-gedung-hero-20170612022037-41388,2528,0,1,1,interior/403_synthesis-tower-ex-gedung-hero-synthesis-tower-2-ex-gedung-hero_20170612022037_41388.jpg,interior,403_synthesis-tower-ex-gedung-hero-synthesis-tower-2-ex-gedung-hero_20170612022037_41388.jpg,uploaded,55204,403_synthesis-tower-ex-gedung-hero-synthesis-tower-2-ex-gedung-hero_20170612022037_41388.jpg,https://cdn-strapi.prod.99iddev.net/assets/403_synthesis_tower_ex_gedung_hero_synthesis_tower_2_ex_gedung_hero_20170612022037_41388_392a7a26e6.jpg,,
403-synthesis-tower-ex-gedung-hero-synthesis-tower-2-ex-gedung-hero-20170612022043-38685,Media Library/Office Venue/403-synthesis-tower-ex-gedung-hero-synthesis-tower-2-ex-gedung-hero-20170612022043-38685,2529,0,1,1,interior/403_synthesis-tower-ex-gedung-hero-synthesis-tower-2-ex-gedung-hero_20170612022043_38685.jpg,interior,403_synthesis-tower-ex-gedung-hero-synthesis-tower-2-ex-gedung-hero_20170612022043_38685.jpg,uploaded,55205,403_synthesis-tower-ex-gedung-hero-synthesis-tower-2-ex-gedung-hero_20170612022043_38685.jpg,https://cdn-strapi.prod.99iddev.net/assets/403_synthesis_tower_ex_gedung_hero_synthesis_tower_2_ex_gedung_hero_20170612022043_38685_cbf609485f.jpg,,
403-synthesis-tower-ex-gedung-hero-synthesis-tower-2-ex-gedung-hero-20170612022049-95554,Media Library/Office Venue/403-synthesis-tower-ex-gedung-hero-synthesis-tower-2-ex-gedung-hero-20170612022049-95554,2530,0,1,1,interior/403_synthesis-tower-ex-gedung-hero-synthesis-tower-2-ex-gedung-hero_20170612022049_95554.jpg,interior,403_synthesis-tower-ex-gedung-hero-synthesis-tower-2-ex-gedung-hero_20170612022049_95554.jpg,uploaded,55206,403_synthesis-tower-ex-gedung-hero-synthesis-tower-2-ex-gedung-hero_20170612022049_95554.jpg,https://cdn-strapi.prod.99iddev.net/assets/403_synthesis_tower_ex_gedung_hero_synthesis_tower_2_ex_gedung_hero_20170612022049_95554_45fc11c37e.jpg,,
403-synthesis-tower-ex-gedung-hero-synthesis-tower-2-ex-gedung-hero-20170612022056-71222,Media Library/Office Venue/403-synthesis-tower-ex-gedung-hero-synthesis-tower-2-ex-gedung-hero-20170612022056-71222,2531,0,1,1,interior/403_synthesis-tower-ex-gedung-hero-synthesis-tower-2-ex-gedung-hero_20170612022056_71222.jpg,interior,403_synthesis-tower-ex-gedung-hero-synthesis-tower-2-ex-gedung-hero_20170612022056_71222.jpg,uploaded,55207,403_synthesis-tower-ex-gedung-hero-synthesis-tower-2-ex-gedung-hero_20170612022056_71222.jpg,https://cdn-strapi.prod.99iddev.net/assets/403_synthesis_tower_ex_gedung_hero_synthesis_tower_2_ex_gedung_hero_20170612022056_71222_238e27634b.jpg,,
403-synthesis-tower-ex-gedung-hero-synthesis-tower-2-ex-gedung-hero-20170612022106-99639,Media Library/Office Venue/403-synthesis-tower-ex-gedung-hero-synthesis-tower-2-ex-gedung-hero-20170612022106-99639,2532,0,1,1,interior/403_synthesis-tower-ex-gedung-hero-synthesis-tower-2-ex-gedung-hero_20170612022106_99639.jpg,interior,403_synthesis-tower-ex-gedung-hero-synthesis-tower-2-ex-gedung-hero_20170612022106_99639.jpg,uploaded,55208,403_synthesis-tower-ex-gedung-hero-synthesis-tower-2-ex-gedung-hero_20170612022106_99639.jpg,https://cdn-strapi.prod.99iddev.net/assets/403_synthesis_tower_ex_gedung_hero_synthesis_tower_2_ex_gedung_hero_20170612022106_99639_2254da5bab.jpg,,
403-synthesis-tower-ex-gedung-hero-synthesis-tower-2-ex-gedung-hero-20170612022113-35289,Media Library/Office Venue/403-synthesis-tower-ex-gedung-hero-synthesis-tower-2-ex-gedung-hero-20170612022113-35289,2533,0,1,1,interior/403_synthesis-tower-ex-gedung-hero-synthesis-tower-2-ex-gedung-hero_20170612022113_35289.jpg,interior,403_synthesis-tower-ex-gedung-hero-synthesis-tower-2-ex-gedung-hero_20170612022113_35289.jpg,uploaded,55209,403_synthesis-tower-ex-gedung-hero-synthesis-tower-2-ex-gedung-hero_20170612022113_35289.jpg,https://cdn-strapi.prod.99iddev.net/assets/403_synthesis_tower_ex_gedung_hero_synthesis_tower_2_ex_gedung_hero_20170612022113_35289_502a7e6fbb.jpg,,
403-synthesis-tower-ex-gedung-hero-synthesis-tower-2-ex-gedung-hero-20170612022119-27102,Media Library/Office Venue/403-synthesis-tower-ex-gedung-hero-synthesis-tower-2-ex-gedung-hero-20170612022119-27102,2534,0,1,1,interior/403_synthesis-tower-ex-gedung-hero-synthesis-tower-2-ex-gedung-hero_20170612022119_27102.jpg,interior,403_synthesis-tower-ex-gedung-hero-synthesis-tower-2-ex-gedung-hero_20170612022119_27102.jpg,uploaded,55210,403_synthesis-tower-ex-gedung-hero-synthesis-tower-2-ex-gedung-hero_20170612022119_27102.jpg,https://cdn-strapi.prod.99iddev.net/assets/403_synthesis_tower_ex_gedung_hero_synthesis_tower_2_ex_gedung_hero_20170612022119_27102_4551a2c31b.jpg,,
403-synthesis-tower-ex-gedung-hero-synthesis-tower-2-ex-gedung-hero-20170612022124-63284,Media Library/Office Venue/403-synthesis-tower-ex-gedung-hero-synthesis-tower-2-ex-gedung-hero-20170612022124-63284,2535,0,1,1,interior/403_synthesis-tower-ex-gedung-hero-synthesis-tower-2-ex-gedung-hero_20170612022124_63284.jpg,interior,403_synthesis-tower-ex-gedung-hero-synthesis-tower-2-ex-gedung-hero_20170612022124_63284.jpg,uploaded,55211,403_synthesis-tower-ex-gedung-hero-synthesis-tower-2-ex-gedung-hero_20170612022124_63284.jpg,https://cdn-strapi.prod.99iddev.net/assets/403_synthesis_tower_ex_gedung_hero_synthesis_tower_2_ex_gedung_hero_20170612022124_63284_889e1a79f4.jpg,,
403-synthesis-tower-ex-gedung-hero-synthesis-tower-2-ex-gedung-hero-20170612022132-53984,Media Library/Office Venue/403-synthesis-tower-ex-gedung-hero-synthesis-tower-2-ex-gedung-hero-20170612022132-53984,2536,0,1,1,interior/403_synthesis-tower-ex-gedung-hero-synthesis-tower-2-ex-gedung-hero_20170612022132_53984.jpg,interior,403_synthesis-tower-ex-gedung-hero-synthesis-tower-2-ex-gedung-hero_20170612022132_53984.jpg,uploaded,55212,403_synthesis-tower-ex-gedung-hero-synthesis-tower-2-ex-gedung-hero_20170612022132_53984.jpg,https://cdn-strapi.prod.99iddev.net/assets/403_synthesis_tower_ex_gedung_hero_synthesis_tower_2_ex_gedung_hero_20170612022132_53984_08a70db242.jpg,,
403-synthesis-tower-ex-gedung-hero-synthesis-tower-2-ex-gedung-hero-20170612022138-24858,Media Library/Office Venue/403-synthesis-tower-ex-gedung-hero-synthesis-tower-2-ex-gedung-hero-20170612022138-24858,2537,0,1,1,interior/403_synthesis-tower-ex-gedung-hero-synthesis-tower-2-ex-gedung-hero_20170612022138_24858.jpg,interior,403_synthesis-tower-ex-gedung-hero-synthesis-tower-2-ex-gedung-hero_20170612022138_24858.jpg,uploaded,55213,403_synthesis-tower-ex-gedung-hero-synthesis-tower-2-ex-gedung-hero_20170612022138_24858.jpg,https://cdn-strapi.prod.99iddev.net/assets/403_synthesis_tower_ex_gedung_hero_synthesis_tower_2_ex_gedung_hero_20170612022138_24858_685ef9d709.jpg,,
403-synthesis-tower-ex-gedung-hero-synthesis-tower-2-ex-gedung-hero-20170612022144-59297,Media Library/Office Venue/403-synthesis-tower-ex-gedung-hero-synthesis-tower-2-ex-gedung-hero-20170612022144-59297,2538,0,1,1,interior/403_synthesis-tower-ex-gedung-hero-synthesis-tower-2-ex-gedung-hero_20170612022144_59297.jpg,interior,403_synthesis-tower-ex-gedung-hero-synthesis-tower-2-ex-gedung-hero_20170612022144_59297.jpg,uploaded,55214,403_synthesis-tower-ex-gedung-hero-synthesis-tower-2-ex-gedung-hero_20170612022144_59297.jpg,https://cdn-strapi.prod.99iddev.net/assets/403_synthesis_tower_ex_gedung_hero_synthesis_tower_2_ex_gedung_hero_20170612022144_59297_c99410af4a.jpg,,
403-synthesis-tower-ex-gedung-hero-synthesis-tower-2-ex-gedung-hero-20170612022150-43689,Media Library/Office Venue/403-synthesis-tower-ex-gedung-hero-synthesis-tower-2-ex-gedung-hero-20170612022150-43689,2539,0,1,1,interior/403_synthesis-tower-ex-gedung-hero-synthesis-tower-2-ex-gedung-hero_20170612022150_43689.jpg,interior,403_synthesis-tower-ex-gedung-hero-synthesis-tower-2-ex-gedung-hero_20170612022150_43689.jpg,uploaded,55215,403_synthesis-tower-ex-gedung-hero-synthesis-tower-2-ex-gedung-hero_20170612022150_43689.jpg,https://cdn-strapi.prod.99iddev.net/assets/403_synthesis_tower_ex_gedung_hero_synthesis_tower_2_ex_gedung_hero_20170612022150_43689_c1f4c99910.jpg,,
403-synthesis-tower-ex-gedung-hero-synthesis-tower-2-ex-gedung-hero-20170612022200-76086,Media Library/Office Venue/403-synthesis-tower-ex-gedung-hero-synthesis-tower-2-ex-gedung-hero-20170612022200-76086,2540,0,1,1,interior/403_synthesis-tower-ex-gedung-hero-synthesis-tower-2-ex-gedung-hero_20170612022200_76086.jpg,interior,403_synthesis-tower-ex-gedung-hero-synthesis-tower-2-ex-gedung-hero_20170612022200_76086.jpg,uploaded,55216,403_synthesis-tower-ex-gedung-hero-synthesis-tower-2-ex-gedung-hero_20170612022200_76086.jpg,https://cdn-strapi.prod.99iddev.net/assets/403_synthesis_tower_ex_gedung_hero_synthesis_tower_2_ex_gedung_hero_20170612022200_76086_5a1a3e0510.jpg,,
404-graha-induk-kud-graha-induk-kud-20160914043951-47375,Media Library/Office Venue/404-graha-induk-kud-graha-induk-kud-20160914043951-47375,2541,0,1,1,exterior/404_graha-induk-kud-graha-induk-kud_20160914043951_47375.jpg,exterior,404_graha-induk-kud-graha-induk-kud_20160914043951_47375.jpg,uploaded,55217,404_graha-induk-kud-graha-induk-kud_20160914043951_47375.jpg,https://cdn-strapi.prod.99iddev.net/assets/404_graha_induk_kud_graha_induk_kud_20160914043951_47375_0e12ed936c.jpg,,
404-graha-induk-kud-graha-induk-kud-20160914043952-41696,Media Library/Office Venue/404-graha-induk-kud-graha-induk-kud-20160914043952-41696,2542,0,1,1,exterior/404_graha-induk-kud-graha-induk-kud_20160914043952_41696.jpg,exterior,404_graha-induk-kud-graha-induk-kud_20160914043952_41696.jpg,uploaded,55218,404_graha-induk-kud-graha-induk-kud_20160914043952_41696.jpg,https://cdn-strapi.prod.99iddev.net/assets/404_graha_induk_kud_graha_induk_kud_20160914043952_41696_e4b4b9ccd9.jpg,,
404-graha-induk-kud-graha-induk-kud-20160914043952-78167,Media Library/Office Venue/404-graha-induk-kud-graha-induk-kud-20160914043952-78167,2543,0,1,1,exterior/404_graha-induk-kud-graha-induk-kud_20160914043952_78167.jpg,exterior,404_graha-induk-kud-graha-induk-kud_20160914043952_78167.jpg,uploaded,55219,404_graha-induk-kud-graha-induk-kud_20160914043952_78167.jpg,https://cdn-strapi.prod.99iddev.net/assets/404_graha_induk_kud_graha_induk_kud_20160914043952_78167_dffbda98e1.jpg,,
404-graha-induk-kud-graha-induk-kud-20180405021313-50866,Media Library/Office Venue/404-graha-induk-kud-graha-induk-kud-20180405021313-50866,2544,0,1,1,interior/404_graha-induk-kud-graha-induk-kud_20180405021313_50866.jpg,interior,404_graha-induk-kud-graha-induk-kud_20180405021313_50866.jpg,uploaded,55220,404_graha-induk-kud-graha-induk-kud_20180405021313_50866.jpg,https://cdn-strapi.prod.99iddev.net/assets/404_graha_induk_kud_graha_induk_kud_20180405021313_50866_33c157eb2f.jpg,,
404-graha-induk-kud-graha-induk-kud-20180405021313-52634,Media Library/Office Venue/404-graha-induk-kud-graha-induk-kud-20180405021313-52634,2545,0,1,1,interior/404_graha-induk-kud-graha-induk-kud_20180405021313_52634.jpg,interior,404_graha-induk-kud-graha-induk-kud_20180405021313_52634.jpg,uploaded,55221,404_graha-induk-kud-graha-induk-kud_20180405021313_52634.jpg,https://cdn-strapi.prod.99iddev.net/assets/404_graha_induk_kud_graha_induk_kud_20180405021313_52634_86100fa025.jpg,,
404-graha-induk-kud-graha-induk-kud-20180405021314-23199,Media Library/Office Venue/404-graha-induk-kud-graha-induk-kud-20180405021314-23199,2546,0,1,1,interior/404_graha-induk-kud-graha-induk-kud_20180405021314_23199.jpg,interior,404_graha-induk-kud-graha-induk-kud_20180405021314_23199.jpg,uploaded,55222,404_graha-induk-kud-graha-induk-kud_20180405021314_23199.jpg,https://cdn-strapi.prod.99iddev.net/assets/404_graha_induk_kud_graha_induk_kud_20180405021314_23199_8237f35508.jpg,,
404-graha-induk-kud-graha-induk-kud-20180405021314-48108,Media Library/Office Venue/404-graha-induk-kud-graha-induk-kud-20180405021314-48108,2547,0,1,1,interior/404_graha-induk-kud-graha-induk-kud_20180405021314_48108.jpg,interior,404_graha-induk-kud-graha-induk-kud_20180405021314_48108.jpg,uploaded,55223,404_graha-induk-kud-graha-induk-kud_20180405021314_48108.jpg,https://cdn-strapi.prod.99iddev.net/assets/404_graha_induk_kud_graha_induk_kud_20180405021314_48108_9a7bfde18a.jpg,,
404-graha-induk-kud-graha-induk-kud-20180405021315-50467,Media Library/Office Venue/404-graha-induk-kud-graha-induk-kud-20180405021315-50467,2548,0,1,1,interior/404_graha-induk-kud-graha-induk-kud_20180405021315_50467.jpg,interior,404_graha-induk-kud-graha-induk-kud_20180405021315_50467.jpg,uploaded,55224,404_graha-induk-kud-graha-induk-kud_20180405021315_50467.jpg,https://cdn-strapi.prod.99iddev.net/assets/404_graha_induk_kud_graha_induk_kud_20180405021315_50467_d068320cc6.jpg,,
404-graha-induk-kud-graha-induk-kud-20180405021315-79377,Media Library/Office Venue/404-graha-induk-kud-graha-induk-kud-20180405021315-79377,2549,0,1,1,interior/404_graha-induk-kud-graha-induk-kud_20180405021315_79377.jpg,interior,404_graha-induk-kud-graha-induk-kud_20180405021315_79377.jpg,uploaded,55225,404_graha-induk-kud-graha-induk-kud_20180405021315_79377.jpg,https://cdn-strapi.prod.99iddev.net/assets/404_graha_induk_kud_graha_induk_kud_20180405021315_79377_f272369f09.jpg,,
404-graha-induk-kud-graha-induk-kud-20180405021316-85672,Media Library/Office Venue/404-graha-induk-kud-graha-induk-kud-20180405021316-85672,2550,0,1,1,interior/404_graha-induk-kud-graha-induk-kud_20180405021316_85672.jpg,interior,404_graha-induk-kud-graha-induk-kud_20180405021316_85672.jpg,uploaded,55226,404_graha-induk-kud-graha-induk-kud_20180405021316_85672.jpg,https://cdn-strapi.prod.99iddev.net/assets/404_graha_induk_kud_graha_induk_kud_20180405021316_85672_f8a0ecc62a.jpg,,
404-graha-induk-kud-graha-induk-kud-20180405021316-87311,Media Library/Office Venue/404-graha-induk-kud-graha-induk-kud-20180405021316-87311,2551,0,1,1,interior/404_graha-induk-kud-graha-induk-kud_20180405021316_87311.jpg,interior,404_graha-induk-kud-graha-induk-kud_20180405021316_87311.jpg,uploaded,55227,404_graha-induk-kud-graha-induk-kud_20180405021316_87311.jpg,https://cdn-strapi.prod.99iddev.net/assets/404_graha_induk_kud_graha_induk_kud_20180405021316_87311_ad83877a00.jpg,,
404-graha-induk-kud-graha-induk-kud-20180405021316-93114,Media Library/Office Venue/404-graha-induk-kud-graha-induk-kud-20180405021316-93114,2552,0,1,1,interior/404_graha-induk-kud-graha-induk-kud_20180405021316_93114.jpg,interior,404_graha-induk-kud-graha-induk-kud_20180405021316_93114.jpg,uploaded,55228,404_graha-induk-kud-graha-induk-kud_20180405021316_93114.jpg,https://cdn-strapi.prod.99iddev.net/assets/404_graha_induk_kud_graha_induk_kud_20180405021316_93114_584362694d.jpg,,
404-graha-induk-kud-graha-induk-kud-20180405021317-14348,Media Library/Office Venue/404-graha-induk-kud-graha-induk-kud-20180405021317-14348,2553,0,1,1,interior/404_graha-induk-kud-graha-induk-kud_20180405021317_14348.jpg,interior,404_graha-induk-kud-graha-induk-kud_20180405021317_14348.jpg,uploaded,55229,404_graha-induk-kud-graha-induk-kud_20180405021317_14348.jpg,https://cdn-strapi.prod.99iddev.net/assets/404_graha_induk_kud_graha_induk_kud_20180405021317_14348_e454f02814.jpg,,
404-graha-induk-kud-graha-induk-kud-20180405021317-36476,Media Library/Office Venue/404-graha-induk-kud-graha-induk-kud-20180405021317-36476,2554,0,1,1,interior/404_graha-induk-kud-graha-induk-kud_20180405021317_36476.jpg,interior,404_graha-induk-kud-graha-induk-kud_20180405021317_36476.jpg,uploaded,55230,404_graha-induk-kud-graha-induk-kud_20180405021317_36476.jpg,https://cdn-strapi.prod.99iddev.net/assets/404_graha_induk_kud_graha_induk_kud_20180405021317_36476_2deba20de7.jpg,,
404-graha-induk-kud-graha-induk-kud-20180405021317-38202,Media Library/Office Venue/404-graha-induk-kud-graha-induk-kud-20180405021317-38202,2555,0,1,1,interior/404_graha-induk-kud-graha-induk-kud_20180405021317_38202.jpg,interior,404_graha-induk-kud-graha-induk-kud_20180405021317_38202.jpg,uploaded,55231,404_graha-induk-kud-graha-induk-kud_20180405021317_38202.jpg,https://cdn-strapi.prod.99iddev.net/assets/404_graha_induk_kud_graha_induk_kud_20180405021317_38202_16796c8bfd.jpg,,
404-graha-induk-kud-graha-induk-kud-20180405021318-33545,Media Library/Office Venue/404-graha-induk-kud-graha-induk-kud-20180405021318-33545,2556,0,1,1,interior/404_graha-induk-kud-graha-induk-kud_20180405021318_33545.jpg,interior,404_graha-induk-kud-graha-induk-kud_20180405021318_33545.jpg,uploaded,55232,404_graha-induk-kud-graha-induk-kud_20180405021318_33545.jpg,https://cdn-strapi.prod.99iddev.net/assets/404_graha_induk_kud_graha_induk_kud_20180405021318_33545_debf9660e4.jpg,,
404-graha-induk-kud-graha-induk-kud-20180405021318-90365,Media Library/Office Venue/404-graha-induk-kud-graha-induk-kud-20180405021318-90365,2557,0,1,1,interior/404_graha-induk-kud-graha-induk-kud_20180405021318_90365.jpg,interior,404_graha-induk-kud-graha-induk-kud_20180405021318_90365.jpg,uploaded,55233,404_graha-induk-kud-graha-induk-kud_20180405021318_90365.jpg,https://cdn-strapi.prod.99iddev.net/assets/404_graha_induk_kud_graha_induk_kud_20180405021318_90365_7d9a1a4273.jpg,,
404-graha-induk-kud-graha-induk-kud-20180405021319-68497,Media Library/Office Venue/404-graha-induk-kud-graha-induk-kud-20180405021319-68497,2558,0,1,1,interior/404_graha-induk-kud-graha-induk-kud_20180405021319_68497.jpg,interior,404_graha-induk-kud-graha-induk-kud_20180405021319_68497.jpg,uploaded,55234,404_graha-induk-kud-graha-induk-kud_20180405021319_68497.jpg,https://cdn-strapi.prod.99iddev.net/assets/404_graha_induk_kud_graha_induk_kud_20180405021319_68497_9690357fe2.jpg,,
404-graha-induk-kud-graha-induk-kud-20180405021319-73454,Media Library/Office Venue/404-graha-induk-kud-graha-induk-kud-20180405021319-73454,2559,0,1,1,interior/404_graha-induk-kud-graha-induk-kud_20180405021319_73454.jpg,interior,404_graha-induk-kud-graha-induk-kud_20180405021319_73454.jpg,uploaded,55235,404_graha-induk-kud-graha-induk-kud_20180405021319_73454.jpg,https://cdn-strapi.prod.99iddev.net/assets/404_graha_induk_kud_graha_induk_kud_20180405021319_73454_c3b9c0ba46.jpg,,
412-honeylady-tower-honeylady-tower-20160914044039-24828,Media Library/Office Venue/412-honeylady-tower-honeylady-tower-20160914044039-24828,2560,0,1,1,exterior/412_honeylady-tower-honeylady-tower_20160914044039_24828.jpg,exterior,412_honeylady-tower-honeylady-tower_20160914044039_24828.jpg,uploaded,55236,412_honeylady-tower-honeylady-tower_20160914044039_24828.jpg,https://cdn-strapi.prod.99iddev.net/assets/412_honeylady_tower_honeylady_tower_20160914044039_24828_47dd0cf951.jpg,,
412-honeylady-tower-honeylady-tower-20160914044039-35791,Media Library/Office Venue/412-honeylady-tower-honeylady-tower-20160914044039-35791,2561,0,1,1,exterior/412_honeylady-tower-honeylady-tower_20160914044039_35791.jpg,exterior,412_honeylady-tower-honeylady-tower_20160914044039_35791.jpg,uploaded,55237,412_honeylady-tower-honeylady-tower_20160914044039_35791.jpg,https://cdn-strapi.prod.99iddev.net/assets/412_honeylady_tower_honeylady_tower_20160914044039_35791_572b1dec9f.jpg,,
412-honeylady-tower-honeylady-tower-20160914044040-42012,Media Library/Office Venue/412-honeylady-tower-honeylady-tower-20160914044040-42012,2562,0,1,1,exterior/412_honeylady-tower-honeylady-tower_20160914044040_42012.jpg,exterior,412_honeylady-tower-honeylady-tower_20160914044040_42012.jpg,uploaded,55238,412_honeylady-tower-honeylady-tower_20160914044040_42012.jpg,https://cdn-strapi.prod.99iddev.net/assets/412_honeylady_tower_honeylady_tower_20160914044040_42012_b1d9fa2a72.jpg,,
412-honeylady-tower-honeylady-tower-20160914044040-59909,Media Library/Office Venue/412-honeylady-tower-honeylady-tower-20160914044040-59909,2563,0,1,1,exterior/412_honeylady-tower-honeylady-tower_20160914044040_59909.jpg,exterior,412_honeylady-tower-honeylady-tower_20160914044040_59909.jpg,uploaded,55239,412_honeylady-tower-honeylady-tower_20160914044040_59909.jpg,https://cdn-strapi.prod.99iddev.net/assets/412_honeylady_tower_honeylady_tower_20160914044040_59909_5de55c7e19.jpg,,
412-honeylady-tower-honeylady-tower-20160914044041-19749,Media Library/Office Venue/412-honeylady-tower-honeylady-tower-20160914044041-19749,2564,0,1,1,exterior/412_honeylady-tower-honeylady-tower_20160914044041_19749.jpg,exterior,412_honeylady-tower-honeylady-tower_20160914044041_19749.jpg,uploaded,55240,412_honeylady-tower-honeylady-tower_20160914044041_19749.jpg,https://cdn-strapi.prod.99iddev.net/assets/412_honeylady_tower_honeylady_tower_20160914044041_19749_10bdb459de.jpg,,
412-honeylady-tower-honeylady-tower-20160914044042-67215,Media Library/Office Venue/412-honeylady-tower-honeylady-tower-20160914044042-67215,2565,0,1,1,exterior/412_honeylady-tower-honeylady-tower_20160914044042_67215.jpg,exterior,412_honeylady-tower-honeylady-tower_20160914044042_67215.jpg,uploaded,55241,412_honeylady-tower-honeylady-tower_20160914044042_67215.jpg,https://cdn-strapi.prod.99iddev.net/assets/412_honeylady_tower_honeylady_tower_20160914044042_67215_066d55d90e.jpg,,
412-honeylady-tower-honeylady-tower-20160914044043-43648,Media Library/Office Venue/412-honeylady-tower-honeylady-tower-20160914044043-43648,2566,0,1,1,exterior/412_honeylady-tower-honeylady-tower_20160914044043_43648.jpg,exterior,412_honeylady-tower-honeylady-tower_20160914044043_43648.jpg,uploaded,55242,412_honeylady-tower-honeylady-tower_20160914044043_43648.jpg,https://cdn-strapi.prod.99iddev.net/assets/412_honeylady_tower_honeylady_tower_20160914044043_43648_2a33b1bc00.jpg,,
412-honeylady-tower-honeylady-tower-20170310064821-64543,Media Library/Office Venue/412-honeylady-tower-honeylady-tower-20170310064821-64543,2567,0,1,1,floorplan/412_honeylady-tower-honeylady-tower_20170310064821_64543.jpg,floorplan,412_honeylady-tower-honeylady-tower_20170310064821_64543.jpg,uploaded,55243,412_honeylady-tower-honeylady-tower_20170310064821_64543.jpg,https://cdn-strapi.prod.99iddev.net/assets/412_honeylady_tower_honeylady_tower_20170310064821_64543_c1ffccdfe9.jpg,,
412-honeylady-tower-honeylady-tower-20170310064822-22405,Media Library/Office Venue/412-honeylady-tower-honeylady-tower-20170310064822-22405,2568,0,1,1,floorplan/412_honeylady-tower-honeylady-tower_20170310064822_22405.jpg,floorplan,412_honeylady-tower-honeylady-tower_20170310064822_22405.jpg,uploaded,55244,412_honeylady-tower-honeylady-tower_20170310064822_22405.jpg,https://cdn-strapi.prod.99iddev.net/assets/412_honeylady_tower_honeylady_tower_20170310064822_22405_4f5239b1dc.jpg,,
412-honeylady-tower-honeylady-tower-20170310064822-22456,Media Library/Office Venue/412-honeylady-tower-honeylady-tower-20170310064822-22456,2569,0,1,1,floorplan/412_honeylady-tower-honeylady-tower_20170310064822_22456.jpg,floorplan,412_honeylady-tower-honeylady-tower_20170310064822_22456.jpg,uploaded,55245,412_honeylady-tower-honeylady-tower_20170310064822_22456.jpg,https://cdn-strapi.prod.99iddev.net/assets/412_honeylady_tower_honeylady_tower_20170310064822_22456_3a4fef3b2a.jpg,,
412-honeylady-tower-honeylady-tower-20170310064822-25247,Media Library/Office Venue/412-honeylady-tower-honeylady-tower-20170310064822-25247,2570,0,1,1,floorplan/412_honeylady-tower-honeylady-tower_20170310064822_25247.jpg,floorplan,412_honeylady-tower-honeylady-tower_20170310064822_25247.jpg,uploaded,55246,412_honeylady-tower-honeylady-tower_20170310064822_25247.jpg,https://cdn-strapi.prod.99iddev.net/assets/412_honeylady_tower_honeylady_tower_20170310064822_25247_6de6eb20b6.jpg,,
412-honeylady-tower-honeylady-tower-20170310064823-35430,Media Library/Office Venue/412-honeylady-tower-honeylady-tower-20170310064823-35430,2571,0,1,1,floorplan/412_honeylady-tower-honeylady-tower_20170310064823_35430.jpg,floorplan,412_honeylady-tower-honeylady-tower_20170310064823_35430.jpg,uploaded,55247,412_honeylady-tower-honeylady-tower_20170310064823_35430.jpg,https://cdn-strapi.prod.99iddev.net/assets/412_honeylady_tower_honeylady_tower_20170310064823_35430_bacc0d151e.jpg,,
412-honeylady-tower-honeylady-tower-20180516091025-60585,Media Library/Office Venue/412-honeylady-tower-honeylady-tower-20180516091025-60585,2572,0,1,1,interior/412_honeylady-tower-honeylady-tower_20180516091025_60585.jpg,interior,412_honeylady-tower-honeylady-tower_20180516091025_60585.jpg,uploaded,55248,412_honeylady-tower-honeylady-tower_20180516091025_60585.jpg,https://cdn-strapi.prod.99iddev.net/assets/412_honeylady_tower_honeylady_tower_20180516091025_60585_de1ab1311a.jpg,,
412-honeylady-tower-honeylady-tower-20180516091026-76339,Media Library/Office Venue/412-honeylady-tower-honeylady-tower-20180516091026-76339,2573,0,1,1,interior/412_honeylady-tower-honeylady-tower_20180516091026_76339.jpg,interior,412_honeylady-tower-honeylady-tower_20180516091026_76339.jpg,uploaded,55249,412_honeylady-tower-honeylady-tower_20180516091026_76339.jpg,https://cdn-strapi.prod.99iddev.net/assets/412_honeylady_tower_honeylady_tower_20180516091026_76339_1dfafb714c.jpg,,
412-honeylady-tower-honeylady-tower-20180516091026-99628,Media Library/Office Venue/412-honeylady-tower-honeylady-tower-20180516091026-99628,2574,0,1,1,interior/412_honeylady-tower-honeylady-tower_20180516091026_99628.jpg,interior,412_honeylady-tower-honeylady-tower_20180516091026_99628.jpg,uploaded,55250,412_honeylady-tower-honeylady-tower_20180516091026_99628.jpg,https://cdn-strapi.prod.99iddev.net/assets/412_honeylady_tower_honeylady_tower_20180516091026_99628_c9c7e3d55a.jpg,,
412-honeylady-tower-honeylady-tower-20180516091027-12569,Media Library/Office Venue/412-honeylady-tower-honeylady-tower-20180516091027-12569,2575,0,1,1,interior/412_honeylady-tower-honeylady-tower_20180516091027_12569.jpg,interior,412_honeylady-tower-honeylady-tower_20180516091027_12569.jpg,uploaded,55251,412_honeylady-tower-honeylady-tower_20180516091027_12569.jpg,https://cdn-strapi.prod.99iddev.net/assets/412_honeylady_tower_honeylady_tower_20180516091027_12569_ad0f1f3d29.jpg,,
412-honeylady-tower-honeylady-tower-20180516091027-55268,Media Library/Office Venue/412-honeylady-tower-honeylady-tower-20180516091027-55268,2576,0,1,1,interior/412_honeylady-tower-honeylady-tower_20180516091027_55268.jpg,interior,412_honeylady-tower-honeylady-tower_20180516091027_55268.jpg,uploaded,55252,412_honeylady-tower-honeylady-tower_20180516091027_55268.jpg,https://cdn-strapi.prod.99iddev.net/assets/412_honeylady_tower_honeylady_tower_20180516091027_55268_82270e4552.jpg,,
412-honeylady-tower-honeylady-tower-20180516091027-77271,Media Library/Office Venue/412-honeylady-tower-honeylady-tower-20180516091027-77271,2577,0,1,1,interior/412_honeylady-tower-honeylady-tower_20180516091027_77271.jpg,interior,412_honeylady-tower-honeylady-tower_20180516091027_77271.jpg,uploaded,55253,412_honeylady-tower-honeylady-tower_20180516091027_77271.jpg,https://cdn-strapi.prod.99iddev.net/assets/412_honeylady_tower_honeylady_tower_20180516091027_77271_61df256b4f.jpg,,
412-honeylady-tower-honeylady-tower-20180516091028-38806,Media Library/Office Venue/412-honeylady-tower-honeylady-tower-20180516091028-38806,2578,0,1,1,interior/412_honeylady-tower-honeylady-tower_20180516091028_38806.jpg,interior,412_honeylady-tower-honeylady-tower_20180516091028_38806.jpg,uploaded,55254,412_honeylady-tower-honeylady-tower_20180516091028_38806.jpg,https://cdn-strapi.prod.99iddev.net/assets/412_honeylady_tower_honeylady_tower_20180516091028_38806_76ac89d51d.jpg,,
412-honeylady-tower-honeylady-tower-20180516091028-67374,Media Library/Office Venue/412-honeylady-tower-honeylady-tower-20180516091028-67374,2579,0,1,1,interior/412_honeylady-tower-honeylady-tower_20180516091028_67374.jpg,interior,412_honeylady-tower-honeylady-tower_20180516091028_67374.jpg,uploaded,55255,412_honeylady-tower-honeylady-tower_20180516091028_67374.jpg,https://cdn-strapi.prod.99iddev.net/assets/412_honeylady_tower_honeylady_tower_20180516091028_67374_519f848319.jpg,,
412-honeylady-tower-honeylady-tower-20180516091028-87817,Media Library/Office Venue/412-honeylady-tower-honeylady-tower-20180516091028-87817,2580,0,1,1,interior/412_honeylady-tower-honeylady-tower_20180516091028_87817.jpg,interior,412_honeylady-tower-honeylady-tower_20180516091028_87817.jpg,uploaded,55256,412_honeylady-tower-honeylady-tower_20180516091028_87817.jpg,https://cdn-strapi.prod.99iddev.net/assets/412_honeylady_tower_honeylady_tower_20180516091028_87817_00ffb1c9e9.jpg,,
412-honeylady-tower-honeylady-tower-20180516091029-39984,Media Library/Office Venue/412-honeylady-tower-honeylady-tower-20180516091029-39984,2581,0,1,1,interior/412_honeylady-tower-honeylady-tower_20180516091029_39984.jpg,interior,412_honeylady-tower-honeylady-tower_20180516091029_39984.jpg,uploaded,55257,412_honeylady-tower-honeylady-tower_20180516091029_39984.jpg,https://cdn-strapi.prod.99iddev.net/assets/412_honeylady_tower_honeylady_tower_20180516091029_39984_c05d8ed455.jpg,,
412-honeylady-tower-honeylady-tower-20180516091029-82813,Media Library/Office Venue/412-honeylady-tower-honeylady-tower-20180516091029-82813,2582,0,1,1,interior/412_honeylady-tower-honeylady-tower_20180516091029_82813.jpg,interior,412_honeylady-tower-honeylady-tower_20180516091029_82813.jpg,uploaded,55258,412_honeylady-tower-honeylady-tower_20180516091029_82813.jpg,https://cdn-strapi.prod.99iddev.net/assets/412_honeylady_tower_honeylady_tower_20180516091029_82813_dc6fb1ac03.jpg,,
412-honeylady-tower-honeylady-tower-20180516091030-10484,Media Library/Office Venue/412-honeylady-tower-honeylady-tower-20180516091030-10484,2583,0,1,1,interior/412_honeylady-tower-honeylady-tower_20180516091030_10484.jpg,interior,412_honeylady-tower-honeylady-tower_20180516091030_10484.jpg,uploaded,55259,412_honeylady-tower-honeylady-tower_20180516091030_10484.jpg,https://cdn-strapi.prod.99iddev.net/assets/412_honeylady_tower_honeylady_tower_20180516091030_10484_613579590c.jpg,,
412-honeylady-tower-honeylady-tower-20180516091031-16001,Media Library/Office Venue/412-honeylady-tower-honeylady-tower-20180516091031-16001,2584,0,1,1,interior/412_honeylady-tower-honeylady-tower_20180516091031_16001.jpg,interior,412_honeylady-tower-honeylady-tower_20180516091031_16001.jpg,uploaded,55260,412_honeylady-tower-honeylady-tower_20180516091031_16001.jpg,https://cdn-strapi.prod.99iddev.net/assets/412_honeylady_tower_honeylady_tower_20180516091031_16001_235d5e2331.jpg,,
412-honeylady-tower-honeylady-tower-20180516091031-16351,Media Library/Office Venue/412-honeylady-tower-honeylady-tower-20180516091031-16351,2585,0,1,1,interior/412_honeylady-tower-honeylady-tower_20180516091031_16351.jpg,interior,412_honeylady-tower-honeylady-tower_20180516091031_16351.jpg,uploaded,55261,412_honeylady-tower-honeylady-tower_20180516091031_16351.jpg,https://cdn-strapi.prod.99iddev.net/assets/412_honeylady_tower_honeylady_tower_20180516091031_16351_a6786d40ff.jpg,,
412-honeylady-tower-honeylady-tower-20180516091031-77398,Media Library/Office Venue/412-honeylady-tower-honeylady-tower-20180516091031-77398,2586,0,1,1,interior/412_honeylady-tower-honeylady-tower_20180516091031_77398.jpg,interior,412_honeylady-tower-honeylady-tower_20180516091031_77398.jpg,uploaded,55262,412_honeylady-tower-honeylady-tower_20180516091031_77398.jpg,https://cdn-strapi.prod.99iddev.net/assets/412_honeylady_tower_honeylady_tower_20180516091031_77398_cbcb301a24.jpg,,
412-honeylady-tower-honeylady-tower-20180516091032-19078,Media Library/Office Venue/412-honeylady-tower-honeylady-tower-20180516091032-19078,2587,0,1,1,interior/412_honeylady-tower-honeylady-tower_20180516091032_19078.jpg,interior,412_honeylady-tower-honeylady-tower_20180516091032_19078.jpg,uploaded,55263,412_honeylady-tower-honeylady-tower_20180516091032_19078.jpg,https://cdn-strapi.prod.99iddev.net/assets/412_honeylady_tower_honeylady_tower_20180516091032_19078_9af916762e.jpg,,
412-honeylady-tower-honeylady-tower-20180516091032-37251,Media Library/Office Venue/412-honeylady-tower-honeylady-tower-20180516091032-37251,2588,0,1,1,interior/412_honeylady-tower-honeylady-tower_20180516091032_37251.jpg,interior,412_honeylady-tower-honeylady-tower_20180516091032_37251.jpg,uploaded,55264,412_honeylady-tower-honeylady-tower_20180516091032_37251.jpg,https://cdn-strapi.prod.99iddev.net/assets/412_honeylady_tower_honeylady_tower_20180516091032_37251_ddab00319a.jpg,,
412-honeylady-tower-honeylady-tower-20180516091032-91219,Media Library/Office Venue/412-honeylady-tower-honeylady-tower-20180516091032-91219,2589,0,1,1,interior/412_honeylady-tower-honeylady-tower_20180516091032_91219.jpg,interior,412_honeylady-tower-honeylady-tower_20180516091032_91219.jpg,uploaded,55265,412_honeylady-tower-honeylady-tower_20180516091032_91219.jpg,https://cdn-strapi.prod.99iddev.net/assets/412_honeylady_tower_honeylady_tower_20180516091032_91219_0be1d77492.jpg,,
412-honeylady-tower-honeylady-tower-20180516091033-23516,Media Library/Office Venue/412-honeylady-tower-honeylady-tower-20180516091033-23516,2590,0,1,1,interior/412_honeylady-tower-honeylady-tower_20180516091033_23516.jpg,interior,412_honeylady-tower-honeylady-tower_20180516091033_23516.jpg,uploaded,55266,412_honeylady-tower-honeylady-tower_20180516091033_23516.jpg,https://cdn-strapi.prod.99iddev.net/assets/412_honeylady_tower_honeylady_tower_20180516091033_23516_a2fa55a3e0.jpg,,
412-honeylady-tower-honeylady-tower-20180516091033-24102,Media Library/Office Venue/412-honeylady-tower-honeylady-tower-20180516091033-24102,2591,0,1,1,interior/412_honeylady-tower-honeylady-tower_20180516091033_24102.jpg,interior,412_honeylady-tower-honeylady-tower_20180516091033_24102.jpg,uploaded,55267,412_honeylady-tower-honeylady-tower_20180516091033_24102.jpg,https://cdn-strapi.prod.99iddev.net/assets/412_honeylady_tower_honeylady_tower_20180516091033_24102_fff59d4fbb.jpg,,
413-the-suites-tower-the-suites-tower-20180105102645-71289,Media Library/Office Venue/413-the-suites-tower-the-suites-tower-20180105102645-71289,2592,0,1,1,interior/413_the-suites-tower-the-suites-tower_20180105102645_71289.jpg,interior,413_the-suites-tower-the-suites-tower_20180105102645_71289.jpg,uploaded,55268,413_the-suites-tower-the-suites-tower_20180105102645_71289.jpg,https://cdn-strapi.prod.99iddev.net/assets/413_the_suites_tower_the_suites_tower_20180105102645_71289_1170f22e7e.jpg,,
413-the-suites-tower-the-suites-tower-20180105102648-26505,Media Library/Office Venue/413-the-suites-tower-the-suites-tower-20180105102648-26505,2593,0,1,1,interior/413_the-suites-tower-the-suites-tower_20180105102648_26505.jpg,interior,413_the-suites-tower-the-suites-tower_20180105102648_26505.jpg,uploaded,55269,413_the-suites-tower-the-suites-tower_20180105102648_26505.jpg,https://cdn-strapi.prod.99iddev.net/assets/413_the_suites_tower_the_suites_tower_20180105102648_26505_6dc1f1f5d4.jpg,,
413-the-suites-tower-the-suites-tower-20180105102650-12111,Media Library/Office Venue/413-the-suites-tower-the-suites-tower-20180105102650-12111,2594,0,1,1,interior/413_the-suites-tower-the-suites-tower_20180105102650_12111.jpg,interior,413_the-suites-tower-the-suites-tower_20180105102650_12111.jpg,uploaded,55270,413_the-suites-tower-the-suites-tower_20180105102650_12111.jpg,https://cdn-strapi.prod.99iddev.net/assets/413_the_suites_tower_the_suites_tower_20180105102650_12111_cb4aa42113.jpg,,
413-the-suites-tower-the-suites-tower-20180105102651-89062,Media Library/Office Venue/413-the-suites-tower-the-suites-tower-20180105102651-89062,2595,0,1,1,interior/413_the-suites-tower-the-suites-tower_20180105102651_89062.jpg,interior,413_the-suites-tower-the-suites-tower_20180105102651_89062.jpg,uploaded,55271,413_the-suites-tower-the-suites-tower_20180105102651_89062.jpg,https://cdn-strapi.prod.99iddev.net/assets/413_the_suites_tower_the_suites_tower_20180105102651_89062_0336084709.jpg,,
413-the-suites-tower-the-suites-tower-20180105102654-51145,Media Library/Office Venue/413-the-suites-tower-the-suites-tower-20180105102654-51145,2596,0,1,1,interior/413_the-suites-tower-the-suites-tower_20180105102654_51145.jpg,interior,413_the-suites-tower-the-suites-tower_20180105102654_51145.jpg,uploaded,55272,413_the-suites-tower-the-suites-tower_20180105102654_51145.jpg,https://cdn-strapi.prod.99iddev.net/assets/413_the_suites_tower_the_suites_tower_20180105102654_51145_5dd7015872.jpg,,
413-the-suites-tower-the-suites-tower-20180105102656-45920,Media Library/Office Venue/413-the-suites-tower-the-suites-tower-20180105102656-45920,2597,0,1,1,interior/413_the-suites-tower-the-suites-tower_20180105102656_45920.jpg,interior,413_the-suites-tower-the-suites-tower_20180105102656_45920.jpg,uploaded,55273,413_the-suites-tower-the-suites-tower_20180105102656_45920.jpg,https://cdn-strapi.prod.99iddev.net/assets/413_the_suites_tower_the_suites_tower_20180105102656_45920_5786343047.jpg,,
413-the-suites-tower-the-suites-tower-20180105102657-67591,Media Library/Office Venue/413-the-suites-tower-the-suites-tower-20180105102657-67591,2598,0,1,1,interior/413_the-suites-tower-the-suites-tower_20180105102657_67591.jpg,interior,413_the-suites-tower-the-suites-tower_20180105102657_67591.jpg,uploaded,55274,413_the-suites-tower-the-suites-tower_20180105102657_67591.jpg,https://cdn-strapi.prod.99iddev.net/assets/413_the_suites_tower_the_suites_tower_20180105102657_67591_ce45cf506c.jpg,,
426-l-avenue-office-park-l-avenue-office-20170320072646-13170,Media Library/Office Venue/426-l-avenue-office-park-l-avenue-office-20170320072646-13170,2599,0,1,1,floorplan/426_l-avenue-office-park-l-avenue-office_20170320072646_13170.jpg,floorplan,426_l-avenue-office-park-l-avenue-office_20170320072646_13170.jpg,uploaded,55275,426_l-avenue-office-park-l-avenue-office_20170320072646_13170.jpg,https://cdn-strapi.prod.99iddev.net/assets/426_l_avenue_office_park_l_avenue_office_20170320072646_13170_8078c9748d.jpg,,
426-l-avenue-office-park-l-avenue-office-20170320072646-18528,Media Library/Office Venue/426-l-avenue-office-park-l-avenue-office-20170320072646-18528,2600,0,1,1,floorplan/426_l-avenue-office-park-l-avenue-office_20170320072646_18528.jpg,floorplan,426_l-avenue-office-park-l-avenue-office_20170320072646_18528.jpg,uploaded,55276,426_l-avenue-office-park-l-avenue-office_20170320072646_18528.jpg,https://cdn-strapi.prod.99iddev.net/assets/426_l_avenue_office_park_l_avenue_office_20170320072646_18528_411e98faf1.jpg,,
426-l-avenue-office-park-l-avenue-office-20170320072646-96820,Media Library/Office Venue/426-l-avenue-office-park-l-avenue-office-20170320072646-96820,2601,0,1,1,floorplan/426_l-avenue-office-park-l-avenue-office_20170320072646_96820.jpg,floorplan,426_l-avenue-office-park-l-avenue-office_20170320072646_96820.jpg,uploaded,55277,426_l-avenue-office-park-l-avenue-office_20170320072646_96820.jpg,https://cdn-strapi.prod.99iddev.net/assets/426_l_avenue_office_park_l_avenue_office_20170320072646_96820_8a712e4ff2.jpg,,
426-l-avenue-office-park-l-avenue-office-20170502060109-11014,Media Library/Office Venue/426-l-avenue-office-park-l-avenue-office-20170502060109-11014,2602,0,1,1,exterior/426_l-avenue-office-park-l-avenue-office_20170502060109_11014.jpg,exterior,426_l-avenue-office-park-l-avenue-office_20170502060109_11014.jpg,uploaded,55278,426_l-avenue-office-park-l-avenue-office_20170502060109_11014.jpg,https://cdn-strapi.prod.99iddev.net/assets/426_l_avenue_office_park_l_avenue_office_20170502060109_11014_65df712102.jpg,,
426-l-avenue-office-park-l-avenue-office-20170727093421-98064,Media Library/Office Venue/426-l-avenue-office-park-l-avenue-office-20170727093421-98064,2603,0,1,1,interior/426_l-avenue-office-park-l-avenue-office_20170727093421_98064.jpg,interior,426_l-avenue-office-park-l-avenue-office_20170727093421_98064.jpg,uploaded,55279,426_l-avenue-office-park-l-avenue-office_20170727093421_98064.jpg,https://cdn-strapi.prod.99iddev.net/assets/426_l_avenue_office_park_l_avenue_office_20170727093421_98064_b21e32dfcf.jpg,,
426-l-avenue-office-park-l-avenue-office-20170727093425-63679,Media Library/Office Venue/426-l-avenue-office-park-l-avenue-office-20170727093425-63679,2604,0,1,1,interior/426_l-avenue-office-park-l-avenue-office_20170727093425_63679.jpg,interior,426_l-avenue-office-park-l-avenue-office_20170727093425_63679.jpg,uploaded,55280,426_l-avenue-office-park-l-avenue-office_20170727093425_63679.jpg,https://cdn-strapi.prod.99iddev.net/assets/426_l_avenue_office_park_l_avenue_office_20170727093425_63679_6fb400b99a.jpg,,
426-l-avenue-office-park-l-avenue-office-20170727093428-11495,Media Library/Office Venue/426-l-avenue-office-park-l-avenue-office-20170727093428-11495,2605,0,1,1,interior/426_l-avenue-office-park-l-avenue-office_20170727093428_11495.jpg,interior,426_l-avenue-office-park-l-avenue-office_20170727093428_11495.jpg,uploaded,55281,426_l-avenue-office-park-l-avenue-office_20170727093428_11495.jpg,https://cdn-strapi.prod.99iddev.net/assets/426_l_avenue_office_park_l_avenue_office_20170727093428_11495_3c650cabe4.jpg,,
426-l-avenue-office-park-l-avenue-office-20170727093432-39603,Media Library/Office Venue/426-l-avenue-office-park-l-avenue-office-20170727093432-39603,2606,0,1,1,interior/426_l-avenue-office-park-l-avenue-office_20170727093432_39603.jpg,interior,426_l-avenue-office-park-l-avenue-office_20170727093432_39603.jpg,uploaded,55282,426_l-avenue-office-park-l-avenue-office_20170727093432_39603.jpg,https://cdn-strapi.prod.99iddev.net/assets/426_l_avenue_office_park_l_avenue_office_20170727093432_39603_cb44c87952.jpg,,
426-l-avenue-office-park-l-avenue-office-20170727093435-60505,Media Library/Office Venue/426-l-avenue-office-park-l-avenue-office-20170727093435-60505,2607,0,1,1,interior/426_l-avenue-office-park-l-avenue-office_20170727093435_60505.jpg,interior,426_l-avenue-office-park-l-avenue-office_20170727093435_60505.jpg,uploaded,55283,426_l-avenue-office-park-l-avenue-office_20170727093435_60505.jpg,https://cdn-strapi.prod.99iddev.net/assets/426_l_avenue_office_park_l_avenue_office_20170727093435_60505_830f62d5d0.jpg,,
426-l-avenue-office-park-l-avenue-office-20170727093438-64187,Media Library/Office Venue/426-l-avenue-office-park-l-avenue-office-20170727093438-64187,2608,0,1,1,interior/426_l-avenue-office-park-l-avenue-office_20170727093438_64187.jpg,interior,426_l-avenue-office-park-l-avenue-office_20170727093438_64187.jpg,uploaded,55284,426_l-avenue-office-park-l-avenue-office_20170727093438_64187.jpg,https://cdn-strapi.prod.99iddev.net/assets/426_l_avenue_office_park_l_avenue_office_20170727093438_64187_a91b50abd3.jpg,,
426-l-avenue-office-park-l-avenue-office-20170727093441-67086,Media Library/Office Venue/426-l-avenue-office-park-l-avenue-office-20170727093441-67086,2609,0,1,1,interior/426_l-avenue-office-park-l-avenue-office_20170727093441_67086.jpg,interior,426_l-avenue-office-park-l-avenue-office_20170727093441_67086.jpg,uploaded,55285,426_l-avenue-office-park-l-avenue-office_20170727093441_67086.jpg,https://cdn-strapi.prod.99iddev.net/assets/426_l_avenue_office_park_l_avenue_office_20170727093441_67086_3e1680ea15.jpg,,
426-l-avenue-office-park-l-avenue-office-20170727093445-71609,Media Library/Office Venue/426-l-avenue-office-park-l-avenue-office-20170727093445-71609,2610,0,1,1,interior/426_l-avenue-office-park-l-avenue-office_20170727093445_71609.jpg,interior,426_l-avenue-office-park-l-avenue-office_20170727093445_71609.jpg,uploaded,55286,426_l-avenue-office-park-l-avenue-office_20170727093445_71609.jpg,https://cdn-strapi.prod.99iddev.net/assets/426_l_avenue_office_park_l_avenue_office_20170727093445_71609_0ff5918a9e.jpg,,
426-l-avenue-office-park-l-avenue-office-20170727093448-64008,Media Library/Office Venue/426-l-avenue-office-park-l-avenue-office-20170727093448-64008,2611,0,1,1,interior/426_l-avenue-office-park-l-avenue-office_20170727093448_64008.jpg,interior,426_l-avenue-office-park-l-avenue-office_20170727093448_64008.jpg,uploaded,55287,426_l-avenue-office-park-l-avenue-office_20170727093448_64008.jpg,https://cdn-strapi.prod.99iddev.net/assets/426_l_avenue_office_park_l_avenue_office_20170727093448_64008_f0425dcd5e.jpg,,
426-l-avenue-office-park-l-avenue-office-20170727093507-60201,Media Library/Office Venue/426-l-avenue-office-park-l-avenue-office-20170727093507-60201,2612,0,1,1,interior/426_l-avenue-office-park-l-avenue-office_20170727093507_60201.jpg,interior,426_l-avenue-office-park-l-avenue-office_20170727093507_60201.jpg,uploaded,55288,426_l-avenue-office-park-l-avenue-office_20170727093507_60201.jpg,https://cdn-strapi.prod.99iddev.net/assets/426_l_avenue_office_park_l_avenue_office_20170727093507_60201_b2bdc72a5c.jpg,,
426-l-avenue-office-park-l-avenue-office-20170727093509-72892,Media Library/Office Venue/426-l-avenue-office-park-l-avenue-office-20170727093509-72892,2613,0,1,1,interior/426_l-avenue-office-park-l-avenue-office_20170727093509_72892.jpg,interior,426_l-avenue-office-park-l-avenue-office_20170727093509_72892.jpg,uploaded,55289,426_l-avenue-office-park-l-avenue-office_20170727093509_72892.jpg,https://cdn-strapi.prod.99iddev.net/assets/426_l_avenue_office_park_l_avenue_office_20170727093509_72892_dfb7c45c0f.jpg,,
426-l-avenue-office-park-l-avenue-office-20170727093513-31127,Media Library/Office Venue/426-l-avenue-office-park-l-avenue-office-20170727093513-31127,2614,0,1,1,interior/426_l-avenue-office-park-l-avenue-office_20170727093513_31127.jpg,interior,426_l-avenue-office-park-l-avenue-office_20170727093513_31127.jpg,uploaded,55290,426_l-avenue-office-park-l-avenue-office_20170727093513_31127.jpg,https://cdn-strapi.prod.99iddev.net/assets/426_l_avenue_office_park_l_avenue_office_20170727093513_31127_b993040bf3.jpg,,
426-l-avenue-office-park-l-avenue-office-20170727093517-65888,Media Library/Office Venue/426-l-avenue-office-park-l-avenue-office-20170727093517-65888,2615,0,1,1,interior/426_l-avenue-office-park-l-avenue-office_20170727093517_65888.jpg,interior,426_l-avenue-office-park-l-avenue-office_20170727093517_65888.jpg,uploaded,55291,426_l-avenue-office-park-l-avenue-office_20170727093517_65888.jpg,https://cdn-strapi.prod.99iddev.net/assets/426_l_avenue_office_park_l_avenue_office_20170727093517_65888_2254a97081.jpg,,
426-l-avenue-office-park-l-avenue-office-20170727093519-45504,Media Library/Office Venue/426-l-avenue-office-park-l-avenue-office-20170727093519-45504,2616,0,1,1,interior/426_l-avenue-office-park-l-avenue-office_20170727093519_45504.jpg,interior,426_l-avenue-office-park-l-avenue-office_20170727093519_45504.jpg,uploaded,55292,426_l-avenue-office-park-l-avenue-office_20170727093519_45504.jpg,https://cdn-strapi.prod.99iddev.net/assets/426_l_avenue_office_park_l_avenue_office_20170727093519_45504_1a6cb0f2bf.jpg,,
426-l-avenue-office-park-l-avenue-office-20170727093523-99416,Media Library/Office Venue/426-l-avenue-office-park-l-avenue-office-20170727093523-99416,2617,0,1,1,interior/426_l-avenue-office-park-l-avenue-office_20170727093523_99416.jpg,interior,426_l-avenue-office-park-l-avenue-office_20170727093523_99416.jpg,uploaded,55293,426_l-avenue-office-park-l-avenue-office_20170727093523_99416.jpg,https://cdn-strapi.prod.99iddev.net/assets/426_l_avenue_office_park_l_avenue_office_20170727093523_99416_f061e02007.jpg,,
426-l-avenue-office-park-l-avenue-office-20170727093526-25885,Media Library/Office Venue/426-l-avenue-office-park-l-avenue-office-20170727093526-25885,2618,0,1,1,interior/426_l-avenue-office-park-l-avenue-office_20170727093526_25885.jpg,interior,426_l-avenue-office-park-l-avenue-office_20170727093526_25885.jpg,uploaded,55294,426_l-avenue-office-park-l-avenue-office_20170727093526_25885.jpg,https://cdn-strapi.prod.99iddev.net/assets/426_l_avenue_office_park_l_avenue_office_20170727093526_25885_86477ef36c.jpg,,
426-l-avenue-office-park-l-avenue-office-20170727093530-89712,Media Library/Office Venue/426-l-avenue-office-park-l-avenue-office-20170727093530-89712,2619,0,1,1,interior/426_l-avenue-office-park-l-avenue-office_20170727093530_89712.jpg,interior,426_l-avenue-office-park-l-avenue-office_20170727093530_89712.jpg,uploaded,55295,426_l-avenue-office-park-l-avenue-office_20170727093530_89712.jpg,https://cdn-strapi.prod.99iddev.net/assets/426_l_avenue_office_park_l_avenue_office_20170727093530_89712_9402bd52d4.jpg,,
426-l-avenue-office-park-l-avenue-office-20170727093534-83701,Media Library/Office Venue/426-l-avenue-office-park-l-avenue-office-20170727093534-83701,2620,0,1,1,interior/426_l-avenue-office-park-l-avenue-office_20170727093534_83701.jpg,interior,426_l-avenue-office-park-l-avenue-office_20170727093534_83701.jpg,uploaded,55296,426_l-avenue-office-park-l-avenue-office_20170727093534_83701.jpg,https://cdn-strapi.prod.99iddev.net/assets/426_l_avenue_office_park_l_avenue_office_20170727093534_83701_d3035600e7.jpg,,
426-l-avenue-office-park-l-avenue-office-20170727093538-86607,Media Library/Office Venue/426-l-avenue-office-park-l-avenue-office-20170727093538-86607,2621,0,1,1,interior/426_l-avenue-office-park-l-avenue-office_20170727093538_86607.jpg,interior,426_l-avenue-office-park-l-avenue-office_20170727093538_86607.jpg,uploaded,55297,426_l-avenue-office-park-l-avenue-office_20170727093538_86607.jpg,https://cdn-strapi.prod.99iddev.net/assets/426_l_avenue_office_park_l_avenue_office_20170727093538_86607_6de9df9a69.jpg,,
426-l-avenue-office-park-l-avenue-office-20170727093542-99137,Media Library/Office Venue/426-l-avenue-office-park-l-avenue-office-20170727093542-99137,2622,0,1,1,interior/426_l-avenue-office-park-l-avenue-office_20170727093542_99137.jpg,interior,426_l-avenue-office-park-l-avenue-office_20170727093542_99137.jpg,uploaded,55298,426_l-avenue-office-park-l-avenue-office_20170727093542_99137.jpg,https://cdn-strapi.prod.99iddev.net/assets/426_l_avenue_office_park_l_avenue_office_20170727093542_99137_583dd77d7b.jpg,,
436-gedung-anakida-gedung-anakida-20161124034044-51383,Media Library/Office Venue/436-gedung-anakida-gedung-anakida-20161124034044-51383,2623,0,1,1,exterior/436_gedung-anakida-gedung-anakida_20161124034044_51383.jpg,exterior,436_gedung-anakida-gedung-anakida_20161124034044_51383.jpg,uploaded,55299,436_gedung-anakida-gedung-anakida_20161124034044_51383.jpg,https://cdn-strapi.prod.99iddev.net/assets/436_gedung_anakida_gedung_anakida_20161124034044_51383_e4190513ff.jpg,,
436-gedung-anakida-gedung-anakida-20161124034044-87338,Media Library/Office Venue/436-gedung-anakida-gedung-anakida-20161124034044-87338,2624,0,1,1,exterior/436_gedung-anakida-gedung-anakida_20161124034044_87338.jpg,exterior,436_gedung-anakida-gedung-anakida_20161124034044_87338.jpg,uploaded,55300,436_gedung-anakida-gedung-anakida_20161124034044_87338.jpg,https://cdn-strapi.prod.99iddev.net/assets/436_gedung_anakida_gedung_anakida_20161124034044_87338_0271c18e13.jpg,,
436-gedung-anakida-gedung-anakida-20180530084931-43817,Media Library/Office Venue/436-gedung-anakida-gedung-anakida-20180530084931-43817,2625,0,1,1,interior/436_gedung-anakida-gedung-anakida_20180530084931_43817.jpg,interior,436_gedung-anakida-gedung-anakida_20180530084931_43817.jpg,uploaded,55301,436_gedung-anakida-gedung-anakida_20180530084931_43817.jpg,https://cdn-strapi.prod.99iddev.net/assets/436_gedung_anakida_gedung_anakida_20180530084931_43817_94f21fb27b.jpg,,
436-gedung-anakida-gedung-anakida-20180530084932-11354,Media Library/Office Venue/436-gedung-anakida-gedung-anakida-20180530084932-11354,2626,0,1,1,interior/436_gedung-anakida-gedung-anakida_20180530084932_11354.jpg,interior,436_gedung-anakida-gedung-anakida_20180530084932_11354.jpg,uploaded,55302,436_gedung-anakida-gedung-anakida_20180530084932_11354.jpg,https://cdn-strapi.prod.99iddev.net/assets/436_gedung_anakida_gedung_anakida_20180530084932_11354_9332f9b448.jpg,,
436-gedung-anakida-gedung-anakida-20180530084932-81841,Media Library/Office Venue/436-gedung-anakida-gedung-anakida-20180530084932-81841,2627,0,1,1,interior/436_gedung-anakida-gedung-anakida_20180530084932_81841.jpg,interior,436_gedung-anakida-gedung-anakida_20180530084932_81841.jpg,uploaded,55303,436_gedung-anakida-gedung-anakida_20180530084932_81841.jpg,https://cdn-strapi.prod.99iddev.net/assets/436_gedung_anakida_gedung_anakida_20180530084932_81841_e897713ab6.jpg,,
436-gedung-anakida-gedung-anakida-20180530084932-97013,Media Library/Office Venue/436-gedung-anakida-gedung-anakida-20180530084932-97013,2628,0,1,1,interior/436_gedung-anakida-gedung-anakida_20180530084932_97013.jpg,interior,436_gedung-anakida-gedung-anakida_20180530084932_97013.jpg,uploaded,55304,436_gedung-anakida-gedung-anakida_20180530084932_97013.jpg,https://cdn-strapi.prod.99iddev.net/assets/436_gedung_anakida_gedung_anakida_20180530084932_97013_5b13d07939.jpg,,
436-gedung-anakida-gedung-anakida-20180530084933-61987,Media Library/Office Venue/436-gedung-anakida-gedung-anakida-20180530084933-61987,2629,0,1,1,interior/436_gedung-anakida-gedung-anakida_20180530084933_61987.jpg,interior,436_gedung-anakida-gedung-anakida_20180530084933_61987.jpg,uploaded,55305,436_gedung-anakida-gedung-anakida_20180530084933_61987.jpg,https://cdn-strapi.prod.99iddev.net/assets/436_gedung_anakida_gedung_anakida_20180530084933_61987_abf7ba656a.jpg,,
436-gedung-anakida-gedung-anakida-20180530084933-97991,Media Library/Office Venue/436-gedung-anakida-gedung-anakida-20180530084933-97991,2630,0,1,1,interior/436_gedung-anakida-gedung-anakida_20180530084933_97991.jpg,interior,436_gedung-anakida-gedung-anakida_20180530084933_97991.jpg,uploaded,55306,436_gedung-anakida-gedung-anakida_20180530084933_97991.jpg,https://cdn-strapi.prod.99iddev.net/assets/436_gedung_anakida_gedung_anakida_20180530084933_97991_9d124ed29e.jpg,,
436-gedung-anakida-gedung-anakida-20180530084934-49889,Media Library/Office Venue/436-gedung-anakida-gedung-anakida-20180530084934-49889,2631,0,1,1,interior/436_gedung-anakida-gedung-anakida_20180530084934_49889.jpg,interior,436_gedung-anakida-gedung-anakida_20180530084934_49889.jpg,uploaded,55307,436_gedung-anakida-gedung-anakida_20180530084934_49889.jpg,https://cdn-strapi.prod.99iddev.net/assets/436_gedung_anakida_gedung_anakida_20180530084934_49889_ae1eedffcd.jpg,,
436-gedung-anakida-gedung-anakida-20180530084934-78436,Media Library/Office Venue/436-gedung-anakida-gedung-anakida-20180530084934-78436,2632,0,1,1,interior/436_gedung-anakida-gedung-anakida_20180530084934_78436.jpg,interior,436_gedung-anakida-gedung-anakida_20180530084934_78436.jpg,uploaded,55308,436_gedung-anakida-gedung-anakida_20180530084934_78436.jpg,https://cdn-strapi.prod.99iddev.net/assets/436_gedung_anakida_gedung_anakida_20180530084934_78436_0ef7e9968b.jpg,,
436-gedung-anakida-gedung-anakida-20180530084935-54362,Media Library/Office Venue/436-gedung-anakida-gedung-anakida-20180530084935-54362,2633,0,1,1,interior/436_gedung-anakida-gedung-anakida_20180530084935_54362.jpg,interior,436_gedung-anakida-gedung-anakida_20180530084935_54362.jpg,uploaded,55309,436_gedung-anakida-gedung-anakida_20180530084935_54362.jpg,https://cdn-strapi.prod.99iddev.net/assets/436_gedung_anakida_gedung_anakida_20180530084935_54362_5c0e7ba8c2.jpg,,
437-soepomo-office-park-soepomo-office-park-20161124041530-85550,Media Library/Office Venue/437-soepomo-office-park-soepomo-office-park-20161124041530-85550,2634,0,1,1,exterior/437_soepomo-office-park-soepomo-office-park_20161124041530_85550.jpg,exterior,437_soepomo-office-park-soepomo-office-park_20161124041530_85550.jpg,uploaded,55310,437_soepomo-office-park-soepomo-office-park_20161124041530_85550.jpg,https://cdn-strapi.prod.99iddev.net/assets/437_soepomo_office_park_soepomo_office_park_20161124041530_85550_40faa4c180.jpg,,
437-soepomo-office-park-soepomo-office-park-20161124041531-47409,Media Library/Office Venue/437-soepomo-office-park-soepomo-office-park-20161124041531-47409,2635,0,1,1,exterior/437_soepomo-office-park-soepomo-office-park_20161124041531_47409.jpg,exterior,437_soepomo-office-park-soepomo-office-park_20161124041531_47409.jpg,uploaded,55311,437_soepomo-office-park-soepomo-office-park_20161124041531_47409.jpg,https://cdn-strapi.prod.99iddev.net/assets/437_soepomo_office_park_soepomo_office_park_20161124041531_47409_d0f60696cc.jpg,,
437-soepomo-office-park-soepomo-office-park-20170125090006-88443,Media Library/Office Venue/437-soepomo-office-park-soepomo-office-park-20170125090006-88443,2636,0,1,1,exterior/437_soepomo-office-park-soepomo-office-park_20170125090006_88443.jpg,exterior,437_soepomo-office-park-soepomo-office-park_20170125090006_88443.jpg,uploaded,55312,437_soepomo-office-park-soepomo-office-park_20170125090006_88443.jpg,https://cdn-strapi.prod.99iddev.net/assets/437_soepomo_office_park_soepomo_office_park_20170125090006_88443_cefe39d6f4.jpg,,
437-soepomo-office-park-soepomo-office-park-20170125090007-65439,Media Library/Office Venue/437-soepomo-office-park-soepomo-office-park-20170125090007-65439,2637,0,1,1,exterior/437_soepomo-office-park-soepomo-office-park_20170125090007_65439.jpg,exterior,437_soepomo-office-park-soepomo-office-park_20170125090007_65439.jpg,uploaded,55313,437_soepomo-office-park-soepomo-office-park_20170125090007_65439.jpg,https://cdn-strapi.prod.99iddev.net/assets/437_soepomo_office_park_soepomo_office_park_20170125090007_65439_048d040de4.jpg,,
437-soepomo-office-park-soepomo-office-park-20170125090008-16249,Media Library/Office Venue/437-soepomo-office-park-soepomo-office-park-20170125090008-16249,2638,0,1,1,exterior/437_soepomo-office-park-soepomo-office-park_20170125090008_16249.jpg,exterior,437_soepomo-office-park-soepomo-office-park_20170125090008_16249.jpg,uploaded,55314,437_soepomo-office-park-soepomo-office-park_20170125090008_16249.jpg,https://cdn-strapi.prod.99iddev.net/assets/437_soepomo_office_park_soepomo_office_park_20170125090008_16249_0bc4cc0cd6.jpg,,
437-soepomo-office-park-soepomo-office-park-20170125090008-17497,Media Library/Office Venue/437-soepomo-office-park-soepomo-office-park-20170125090008-17497,2639,0,1,1,exterior/437_soepomo-office-park-soepomo-office-park_20170125090008_17497.jpg,exterior,437_soepomo-office-park-soepomo-office-park_20170125090008_17497.jpg,uploaded,55315,437_soepomo-office-park-soepomo-office-park_20170125090008_17497.jpg,https://cdn-strapi.prod.99iddev.net/assets/437_soepomo_office_park_soepomo_office_park_20170125090008_17497_c35b8411ee.jpg,,
437-soepomo-office-park-soepomo-office-park-20170125090009-80991,Media Library/Office Venue/437-soepomo-office-park-soepomo-office-park-20170125090009-80991,2640,0,1,1,exterior/437_soepomo-office-park-soepomo-office-park_20170125090009_80991.jpg,exterior,437_soepomo-office-park-soepomo-office-park_20170125090009_80991.jpg,uploaded,55316,437_soepomo-office-park-soepomo-office-park_20170125090009_80991.jpg,https://cdn-strapi.prod.99iddev.net/assets/437_soepomo_office_park_soepomo_office_park_20170125090009_80991_22e12dcd9b.jpg,,
437-soepomo-office-park-soepomo-office-park-20180530085345-14283,Media Library/Office Venue/437-soepomo-office-park-soepomo-office-park-20180530085345-14283,2641,0,1,1,interior/437_soepomo-office-park-soepomo-office-park_20180530085345_14283.jpg,interior,437_soepomo-office-park-soepomo-office-park_20180530085345_14283.jpg,uploaded,55317,437_soepomo-office-park-soepomo-office-park_20180530085345_14283.jpg,https://cdn-strapi.prod.99iddev.net/assets/437_soepomo_office_park_soepomo_office_park_20180530085345_14283_abdfeb8067.jpg,,
437-soepomo-office-park-soepomo-office-park-20180530085345-62006,Media Library/Office Venue/437-soepomo-office-park-soepomo-office-park-20180530085345-62006,2642,0,1,1,interior/437_soepomo-office-park-soepomo-office-park_20180530085345_62006.jpg,interior,437_soepomo-office-park-soepomo-office-park_20180530085345_62006.jpg,uploaded,55318,437_soepomo-office-park-soepomo-office-park_20180530085345_62006.jpg,https://cdn-strapi.prod.99iddev.net/assets/437_soepomo_office_park_soepomo_office_park_20180530085345_62006_4cebcb7385.jpg,,
437-soepomo-office-park-soepomo-office-park-20180530085346-26241,Media Library/Office Venue/437-soepomo-office-park-soepomo-office-park-20180530085346-26241,2643,0,1,1,interior/437_soepomo-office-park-soepomo-office-park_20180530085346_26241.jpg,interior,437_soepomo-office-park-soepomo-office-park_20180530085346_26241.jpg,uploaded,55319,437_soepomo-office-park-soepomo-office-park_20180530085346_26241.jpg,https://cdn-strapi.prod.99iddev.net/assets/437_soepomo_office_park_soepomo_office_park_20180530085346_26241_f561a4aabb.jpg,,
437-soepomo-office-park-soepomo-office-park-20180530085346-58570,Media Library/Office Venue/437-soepomo-office-park-soepomo-office-park-20180530085346-58570,2644,0,1,1,interior/437_soepomo-office-park-soepomo-office-park_20180530085346_58570.jpg,interior,437_soepomo-office-park-soepomo-office-park_20180530085346_58570.jpg,uploaded,55320,437_soepomo-office-park-soepomo-office-park_20180530085346_58570.jpg,https://cdn-strapi.prod.99iddev.net/assets/437_soepomo_office_park_soepomo_office_park_20180530085346_58570_13dcc7dae3.jpg,,
437-soepomo-office-park-soepomo-office-park-20180530085346-80275,Media Library/Office Venue/437-soepomo-office-park-soepomo-office-park-20180530085346-80275,2645,0,1,1,interior/437_soepomo-office-park-soepomo-office-park_20180530085346_80275.jpg,interior,437_soepomo-office-park-soepomo-office-park_20180530085346_80275.jpg,uploaded,55321,437_soepomo-office-park-soepomo-office-park_20180530085346_80275.jpg,https://cdn-strapi.prod.99iddev.net/assets/437_soepomo_office_park_soepomo_office_park_20180530085346_80275_de2171a005.jpg,,
437-soepomo-office-park-soepomo-office-park-20180530085347-42065,Media Library/Office Venue/437-soepomo-office-park-soepomo-office-park-20180530085347-42065,2646,0,1,1,interior/437_soepomo-office-park-soepomo-office-park_20180530085347_42065.jpg,interior,437_soepomo-office-park-soepomo-office-park_20180530085347_42065.jpg,uploaded,55322,437_soepomo-office-park-soepomo-office-park_20180530085347_42065.jpg,https://cdn-strapi.prod.99iddev.net/assets/437_soepomo_office_park_soepomo_office_park_20180530085347_42065_fbba6607db.jpg,,
437-soepomo-office-park-soepomo-office-park-20180530085347-59791,Media Library/Office Venue/437-soepomo-office-park-soepomo-office-park-20180530085347-59791,2647,0,1,1,interior/437_soepomo-office-park-soepomo-office-park_20180530085347_59791.jpg,interior,437_soepomo-office-park-soepomo-office-park_20180530085347_59791.jpg,uploaded,55323,437_soepomo-office-park-soepomo-office-park_20180530085347_59791.jpg,https://cdn-strapi.prod.99iddev.net/assets/437_soepomo_office_park_soepomo_office_park_20180530085347_59791_649177cf27.jpg,,
437-soepomo-office-park-soepomo-office-park-20180530085347-82297,Media Library/Office Venue/437-soepomo-office-park-soepomo-office-park-20180530085347-82297,2648,0,1,1,interior/437_soepomo-office-park-soepomo-office-park_20180530085347_82297.jpg,interior,437_soepomo-office-park-soepomo-office-park_20180530085347_82297.jpg,uploaded,55324,437_soepomo-office-park-soepomo-office-park_20180530085347_82297.jpg,https://cdn-strapi.prod.99iddev.net/assets/437_soepomo_office_park_soepomo_office_park_20180530085347_82297_dbceac2366.jpg,,
437-soepomo-office-park-soepomo-office-park-20161124041530826,Media Library/Office Venue/437-soepomo-office-park-soepomo-office-park-20161124041530826,2649,0,1,1,exterior/437_soepomo-office-park-soepomo-office-park_20161124041530_29826.jpg,exterior,437_soepomo-office-park-soepomo-office-park_20161124041530_29826.jpg,uploaded,55325,437_soepomo-office-park-soepomo-office-park_20161124041530_29826.jpg,https://cdn-strapi.prod.99iddev.net/assets/437_soepomo_office_park_soepomo_office_park_20161124041530_29826_f4c51581cd.jpg,,
437-soepomo-office-park-soepomo-office-park-20170125090009478,Media Library/Office Venue/437-soepomo-office-park-soepomo-office-park-20170125090009478,2650,0,1,1,exterior/437_soepomo-office-park-soepomo-office-park_20170125090009_28478.jpg,exterior,437_soepomo-office-park-soepomo-office-park_20170125090009_28478.jpg,uploaded,55326,437_soepomo-office-park-soepomo-office-park_20170125090009_28478.jpg,https://cdn-strapi.prod.99iddev.net/assets/437_soepomo_office_park_soepomo_office_park_20170125090009_28478_b7f5051711.jpg,,
440-land-mark-pluit-land-mark-pluit-20161024033751-50670,Media Library/Office Venue/440-land-mark-pluit-land-mark-pluit-20161024033751-50670,2651,0,1,1,exterior/440_land-mark-pluit-land-mark-pluit_20161024033751_50670.jpg,exterior,440_land-mark-pluit-land-mark-pluit_20161024033751_50670.jpg,uploaded,55327,440_land-mark-pluit-land-mark-pluit_20161024033751_50670.jpg,https://cdn-strapi.prod.99iddev.net/assets/440_land_mark_pluit_land_mark_pluit_20161024033751_50670_5025a5f778.jpg,,
440-land-mark-pluit-land-mark-pluit-20161024033754-12339,Media Library/Office Venue/440-land-mark-pluit-land-mark-pluit-20161024033754-12339,2652,0,1,1,exterior/440_land-mark-pluit-land-mark-pluit_20161024033754_12339.jpg,exterior,440_land-mark-pluit-land-mark-pluit_20161024033754_12339.jpg,uploaded,55328,440_land-mark-pluit-land-mark-pluit_20161024033754_12339.jpg,https://cdn-strapi.prod.99iddev.net/assets/440_land_mark_pluit_land_mark_pluit_20161024033754_12339_d7de375c7a.jpg,,
440-land-mark-pluit-land-mark-pluit-20161024033754-73243,Media Library/Office Venue/440-land-mark-pluit-land-mark-pluit-20161024033754-73243,2653,0,1,1,exterior/440_land-mark-pluit-land-mark-pluit_20161024033754_73243.jpg,exterior,440_land-mark-pluit-land-mark-pluit_20161024033754_73243.jpg,uploaded,55329,440_land-mark-pluit-land-mark-pluit_20161024033754_73243.jpg,https://cdn-strapi.prod.99iddev.net/assets/440_land_mark_pluit_land_mark_pluit_20161024033754_73243_2ad260df43.jpg,,
440-landmark-pluit-land-mark-pluit-20161124034414-64859,Media Library/Office Venue/440-landmark-pluit-land-mark-pluit-20161124034414-64859,2654,0,1,1,exterior/440_landmark-pluit-land-mark-pluit_20161124034414_64859.jpg,exterior,440_landmark-pluit-land-mark-pluit_20161124034414_64859.jpg,uploaded,55330,440_landmark-pluit-land-mark-pluit_20161124034414_64859.jpg,https://cdn-strapi.prod.99iddev.net/assets/440_landmark_pluit_land_mark_pluit_20161124034414_64859_32b9691db5.jpg,,
440-landmark-pluit-land-mark-pluit-20161124034437-62445,Media Library/Office Venue/440-landmark-pluit-land-mark-pluit-20161124034437-62445,2655,0,1,1,exterior/440_landmark-pluit-land-mark-pluit_20161124034437_62445.jpg,exterior,440_landmark-pluit-land-mark-pluit_20161124034437_62445.jpg,uploaded,55331,440_landmark-pluit-land-mark-pluit_20161124034437_62445.jpg,https://cdn-strapi.prod.99iddev.net/assets/440_landmark_pluit_land_mark_pluit_20161124034437_62445_e3d24a6710.jpg,,
440-landmark-pluit-land-mark-pluit-20170125083821-40944,Media Library/Office Venue/440-landmark-pluit-land-mark-pluit-20170125083821-40944,2656,0,1,1,exterior/440_landmark-pluit-land-mark-pluit_20170125083821_40944.jpg,exterior,440_landmark-pluit-land-mark-pluit_20170125083821_40944.jpg,uploaded,55332,440_landmark-pluit-land-mark-pluit_20170125083821_40944.jpg,https://cdn-strapi.prod.99iddev.net/assets/440_landmark_pluit_land_mark_pluit_20170125083821_40944_844b255547.jpg,,
440-landmark-pluit-land-mark-pluit-20170125083822-71995,Media Library/Office Venue/440-landmark-pluit-land-mark-pluit-20170125083822-71995,2657,0,1,1,exterior/440_landmark-pluit-land-mark-pluit_20170125083822_71995.jpg,exterior,440_landmark-pluit-land-mark-pluit_20170125083822_71995.jpg,uploaded,55333,440_landmark-pluit-land-mark-pluit_20170125083822_71995.jpg,https://cdn-strapi.prod.99iddev.net/assets/440_landmark_pluit_land_mark_pluit_20170125083822_71995_45cf0ce6bd.jpg,,
440-landmark-pluit-land-mark-pluit-20170125083822-75620,Media Library/Office Venue/440-landmark-pluit-land-mark-pluit-20170125083822-75620,2658,0,1,1,exterior/440_landmark-pluit-land-mark-pluit_20170125083822_75620.jpg,exterior,440_landmark-pluit-land-mark-pluit_20170125083822_75620.jpg,uploaded,55334,440_landmark-pluit-land-mark-pluit_20170125083822_75620.jpg,https://cdn-strapi.prod.99iddev.net/assets/440_landmark_pluit_land_mark_pluit_20170125083822_75620_595dc025dd.jpg,,
440-landmark-pluit-land-mark-pluit-20170125083823-10204,Media Library/Office Venue/440-landmark-pluit-land-mark-pluit-20170125083823-10204,2659,0,1,1,exterior/440_landmark-pluit-land-mark-pluit_20170125083823_10204.jpg,exterior,440_landmark-pluit-land-mark-pluit_20170125083823_10204.jpg,uploaded,55335,440_landmark-pluit-land-mark-pluit_20170125083823_10204.jpg,https://cdn-strapi.prod.99iddev.net/assets/440_landmark_pluit_land_mark_pluit_20170125083823_10204_be276ade7e.jpg,,
440-landmark-pluit-land-mark-pluit-20170125083823-26061,Media Library/Office Venue/440-landmark-pluit-land-mark-pluit-20170125083823-26061,2660,0,1,1,exterior/440_landmark-pluit-land-mark-pluit_20170125083823_26061.jpg,exterior,440_landmark-pluit-land-mark-pluit_20170125083823_26061.jpg,uploaded,55336,440_landmark-pluit-land-mark-pluit_20170125083823_26061.jpg,https://cdn-strapi.prod.99iddev.net/assets/440_landmark_pluit_land_mark_pluit_20170125083823_26061_b709b027aa.jpg,,
440-landmark-pluit-land-mark-pluit-20170125083824-36348,Media Library/Office Venue/440-landmark-pluit-land-mark-pluit-20170125083824-36348,2661,0,1,1,exterior/440_landmark-pluit-land-mark-pluit_20170125083824_36348.jpg,exterior,440_landmark-pluit-land-mark-pluit_20170125083824_36348.jpg,uploaded,55337,440_landmark-pluit-land-mark-pluit_20170125083824_36348.jpg,https://cdn-strapi.prod.99iddev.net/assets/440_landmark_pluit_land_mark_pluit_20170125083824_36348_462d7f1c6f.jpg,,
440-landmark-pluit-land-mark-pluit-20170125083824-58218,Media Library/Office Venue/440-landmark-pluit-land-mark-pluit-20170125083824-58218,2662,0,1,1,exterior/440_landmark-pluit-land-mark-pluit_20170125083824_58218.jpg,exterior,440_landmark-pluit-land-mark-pluit_20170125083824_58218.jpg,uploaded,55338,440_landmark-pluit-land-mark-pluit_20170125083824_58218.jpg,https://cdn-strapi.prod.99iddev.net/assets/440_landmark_pluit_land_mark_pluit_20170125083824_58218_b926ad9ad0.jpg,,
440-landmark-pluit-land-mark-pluit-20170125083825-10061,Media Library/Office Venue/440-landmark-pluit-land-mark-pluit-20170125083825-10061,2663,0,1,1,exterior/440_landmark-pluit-land-mark-pluit_20170125083825_10061.jpg,exterior,440_landmark-pluit-land-mark-pluit_20170125083825_10061.jpg,uploaded,55339,440_landmark-pluit-land-mark-pluit_20170125083825_10061.jpg,https://cdn-strapi.prod.99iddev.net/assets/440_landmark_pluit_land_mark_pluit_20170125083825_10061_c0693a6116.jpg,,
440-landmark-pluit-land-mark-pluit-20170125083825-25284,Media Library/Office Venue/440-landmark-pluit-land-mark-pluit-20170125083825-25284,2664,0,1,1,exterior/440_landmark-pluit-land-mark-pluit_20170125083825_25284.jpg,exterior,440_landmark-pluit-land-mark-pluit_20170125083825_25284.jpg,uploaded,55340,440_landmark-pluit-land-mark-pluit_20170125083825_25284.jpg,https://cdn-strapi.prod.99iddev.net/assets/440_landmark_pluit_land_mark_pluit_20170125083825_25284_de05d6dc7d.jpg,,
440-landmark-pluit-land-mark-pluit-20170125083825-74520,Media Library/Office Venue/440-landmark-pluit-land-mark-pluit-20170125083825-74520,2665,0,1,1,exterior/440_landmark-pluit-land-mark-pluit_20170125083825_74520.jpg,exterior,440_landmark-pluit-land-mark-pluit_20170125083825_74520.jpg,uploaded,55341,440_landmark-pluit-land-mark-pluit_20170125083825_74520.jpg,https://cdn-strapi.prod.99iddev.net/assets/440_landmark_pluit_land_mark_pluit_20170125083825_74520_b8f6f8054d.jpg,,
440-landmark-pluit-land-mark-pluit-20170125083825-84818,Media Library/Office Venue/440-landmark-pluit-land-mark-pluit-20170125083825-84818,2666,0,1,1,exterior/440_landmark-pluit-land-mark-pluit_20170125083825_84818.jpg,exterior,440_landmark-pluit-land-mark-pluit_20170125083825_84818.jpg,uploaded,55342,440_landmark-pluit-land-mark-pluit_20170125083825_84818.jpg,https://cdn-strapi.prod.99iddev.net/assets/440_landmark_pluit_land_mark_pluit_20170125083825_84818_1c98240664.jpg,,
440-landmark-pluit-land-mark-pluit-20170125083825-89667,Media Library/Office Venue/440-landmark-pluit-land-mark-pluit-20170125083825-89667,2667,0,1,1,exterior/440_landmark-pluit-land-mark-pluit_20170125083825_89667.jpg,exterior,440_landmark-pluit-land-mark-pluit_20170125083825_89667.jpg,uploaded,55343,440_landmark-pluit-land-mark-pluit_20170125083825_89667.jpg,https://cdn-strapi.prod.99iddev.net/assets/440_landmark_pluit_land_mark_pluit_20170125083825_89667_f639f06ec1.jpg,,
440-landmark-pluit-land-mark-pluit-20170125083826-54230,Media Library/Office Venue/440-landmark-pluit-land-mark-pluit-20170125083826-54230,2668,0,1,1,exterior/440_landmark-pluit-land-mark-pluit_20170125083826_54230.jpg,exterior,440_landmark-pluit-land-mark-pluit_20170125083826_54230.jpg,uploaded,55344,440_landmark-pluit-land-mark-pluit_20170125083826_54230.jpg,https://cdn-strapi.prod.99iddev.net/assets/440_landmark_pluit_land_mark_pluit_20170125083826_54230_3b23e8e11d.jpg,,
440-landmark-pluit-land-mark-pluit-20170125083826-83020,Media Library/Office Venue/440-landmark-pluit-land-mark-pluit-20170125083826-83020,2669,0,1,1,exterior/440_landmark-pluit-land-mark-pluit_20170125083826_83020.jpg,exterior,440_landmark-pluit-land-mark-pluit_20170125083826_83020.jpg,uploaded,55345,440_landmark-pluit-land-mark-pluit_20170125083826_83020.jpg,https://cdn-strapi.prod.99iddev.net/assets/440_landmark_pluit_land_mark_pluit_20170125083826_83020_2cb5b87933.jpg,,
440-landmark-pluit-land-mark-pluit-20170125083826-91049,Media Library/Office Venue/440-landmark-pluit-land-mark-pluit-20170125083826-91049,2670,0,1,1,exterior/440_landmark-pluit-land-mark-pluit_20170125083826_91049.jpg,exterior,440_landmark-pluit-land-mark-pluit_20170125083826_91049.jpg,uploaded,55346,440_landmark-pluit-land-mark-pluit_20170125083826_91049.jpg,https://cdn-strapi.prod.99iddev.net/assets/440_landmark_pluit_land_mark_pluit_20170125083826_91049_c4770dc807.jpg,,
440-landmark-pluit-land-mark-pluit-20170310081352-44086,Media Library/Office Venue/440-landmark-pluit-land-mark-pluit-20170310081352-44086,2671,0,1,1,floorplan/440_landmark-pluit-land-mark-pluit_20170310081352_44086.jpg,floorplan,440_landmark-pluit-land-mark-pluit_20170310081352_44086.jpg,uploaded,55347,440_landmark-pluit-land-mark-pluit_20170310081352_44086.jpg,https://cdn-strapi.prod.99iddev.net/assets/440_landmark_pluit_land_mark_pluit_20170310081352_44086_23be5f8d34.jpg,,
440-landmark-pluit-land-mark-pluit-20170310081353-50327,Media Library/Office Venue/440-landmark-pluit-land-mark-pluit-20170310081353-50327,2672,0,1,1,floorplan/440_landmark-pluit-land-mark-pluit_20170310081353_50327.jpg,floorplan,440_landmark-pluit-land-mark-pluit_20170310081353_50327.jpg,uploaded,55348,440_landmark-pluit-land-mark-pluit_20170310081353_50327.jpg,https://cdn-strapi.prod.99iddev.net/assets/440_landmark_pluit_land_mark_pluit_20170310081353_50327_103fbe99f0.jpg,,
440-landmark-pluit-land-mark-pluit-20170310081353-64451,Media Library/Office Venue/440-landmark-pluit-land-mark-pluit-20170310081353-64451,2673,0,1,1,floorplan/440_landmark-pluit-land-mark-pluit_20170310081353_64451.jpg,floorplan,440_landmark-pluit-land-mark-pluit_20170310081353_64451.jpg,uploaded,55349,440_landmark-pluit-land-mark-pluit_20170310081353_64451.jpg,https://cdn-strapi.prod.99iddev.net/assets/440_landmark_pluit_land_mark_pluit_20170310081353_64451_222ca0e8f8.jpg,,
440-landmark-pluit-land-mark-pluit-20170310081354-63519,Media Library/Office Venue/440-landmark-pluit-land-mark-pluit-20170310081354-63519,2674,0,1,1,floorplan/440_landmark-pluit-land-mark-pluit_20170310081354_63519.jpg,floorplan,440_landmark-pluit-land-mark-pluit_20170310081354_63519.jpg,uploaded,55350,440_landmark-pluit-land-mark-pluit_20170310081354_63519.jpg,https://cdn-strapi.prod.99iddev.net/assets/440_landmark_pluit_land_mark_pluit_20170310081354_63519_ac65e53b30.jpg,,
440-landmark-pluit-land-mark-pluit-20170505100032-76299,Media Library/Office Venue/440-landmark-pluit-land-mark-pluit-20170505100032-76299,2675,0,1,1,floorplan/440_landmark-pluit-land-mark-pluit_20170505100032_76299.jpg,floorplan,440_landmark-pluit-land-mark-pluit_20170505100032_76299.jpg,uploaded,55351,440_landmark-pluit-land-mark-pluit_20170505100032_76299.jpg,https://cdn-strapi.prod.99iddev.net/assets/440_landmark_pluit_land_mark_pluit_20170505100032_76299_5905250527.jpg,,
440-landmark-pluit-land-mark-pluit-20170505100038-68461,Media Library/Office Venue/440-landmark-pluit-land-mark-pluit-20170505100038-68461,2676,0,1,1,floorplan/440_landmark-pluit-land-mark-pluit_20170505100038_68461.jpg,floorplan,440_landmark-pluit-land-mark-pluit_20170505100038_68461.jpg,uploaded,55352,440_landmark-pluit-land-mark-pluit_20170505100038_68461.jpg,https://cdn-strapi.prod.99iddev.net/assets/440_landmark_pluit_land_mark_pluit_20170505100038_68461_97bf6125ad.jpg,,
440-landmark-pluit-land-mark-pluit-20170505100043-74697,Media Library/Office Venue/440-landmark-pluit-land-mark-pluit-20170505100043-74697,2677,0,1,1,floorplan/440_landmark-pluit-land-mark-pluit_20170505100043_74697.jpg,floorplan,440_landmark-pluit-land-mark-pluit_20170505100043_74697.jpg,uploaded,55353,440_landmark-pluit-land-mark-pluit_20170505100043_74697.jpg,https://cdn-strapi.prod.99iddev.net/assets/440_landmark_pluit_land_mark_pluit_20170505100043_74697_7cc04427d1.jpg,,
440-landmark-pluit-land-mark-pluit-20180522040050-69704,Media Library/Office Venue/440-landmark-pluit-land-mark-pluit-20180522040050-69704,2678,0,1,1,interior/440_landmark-pluit-land-mark-pluit_20180522040050_69704.jpg,interior,440_landmark-pluit-land-mark-pluit_20180522040050_69704.jpg,uploaded,55354,440_landmark-pluit-land-mark-pluit_20180522040050_69704.jpg,https://cdn-strapi.prod.99iddev.net/assets/440_landmark_pluit_land_mark_pluit_20180522040050_69704_362f3cde22.jpg,,
440-landmark-pluit-land-mark-pluit-20180522040051-42546,Media Library/Office Venue/440-landmark-pluit-land-mark-pluit-20180522040051-42546,2679,0,1,1,interior/440_landmark-pluit-land-mark-pluit_20180522040051_42546.jpg,interior,440_landmark-pluit-land-mark-pluit_20180522040051_42546.jpg,uploaded,55355,440_landmark-pluit-land-mark-pluit_20180522040051_42546.jpg,https://cdn-strapi.prod.99iddev.net/assets/440_landmark_pluit_land_mark_pluit_20180522040051_42546_cd7d0a402f.jpg,,
440-landmark-pluit-land-mark-pluit-20180522040051-50952,Media Library/Office Venue/440-landmark-pluit-land-mark-pluit-20180522040051-50952,2680,0,1,1,interior/440_landmark-pluit-land-mark-pluit_20180522040051_50952.jpg,interior,440_landmark-pluit-land-mark-pluit_20180522040051_50952.jpg,uploaded,55356,440_landmark-pluit-land-mark-pluit_20180522040051_50952.jpg,https://cdn-strapi.prod.99iddev.net/assets/440_landmark_pluit_land_mark_pluit_20180522040051_50952_05f2713e45.jpg,,
440-landmark-pluit-land-mark-pluit-20180522040052-48126,Media Library/Office Venue/440-landmark-pluit-land-mark-pluit-20180522040052-48126,2681,0,1,1,interior/440_landmark-pluit-land-mark-pluit_20180522040052_48126.jpg,interior,440_landmark-pluit-land-mark-pluit_20180522040052_48126.jpg,uploaded,55357,440_landmark-pluit-land-mark-pluit_20180522040052_48126.jpg,https://cdn-strapi.prod.99iddev.net/assets/440_landmark_pluit_land_mark_pluit_20180522040052_48126_003970d10f.jpg,,
440-landmark-pluit-land-mark-pluit-20180522040056-51782,Media Library/Office Venue/440-landmark-pluit-land-mark-pluit-20180522040056-51782,2682,0,1,1,interior/440_landmark-pluit-land-mark-pluit_20180522040056_51782.jpg,interior,440_landmark-pluit-land-mark-pluit_20180522040056_51782.jpg,uploaded,55358,440_landmark-pluit-land-mark-pluit_20180522040056_51782.jpg,https://cdn-strapi.prod.99iddev.net/assets/440_landmark_pluit_land_mark_pluit_20180522040056_51782_d4151ef04b.jpg,,
440-landmark-pluit-land-mark-pluit-20180522040056-55451,Media Library/Office Venue/440-landmark-pluit-land-mark-pluit-20180522040056-55451,2683,0,1,1,interior/440_landmark-pluit-land-mark-pluit_20180522040056_55451.jpg,interior,440_landmark-pluit-land-mark-pluit_20180522040056_55451.jpg,uploaded,55359,440_landmark-pluit-land-mark-pluit_20180522040056_55451.jpg,https://cdn-strapi.prod.99iddev.net/assets/440_landmark_pluit_land_mark_pluit_20180522040056_55451_2857a92dc8.jpg,,
440-landmark-pluit-land-mark-pluit-20180522040056-70137,Media Library/Office Venue/440-landmark-pluit-land-mark-pluit-20180522040056-70137,2684,0,1,1,interior/440_landmark-pluit-land-mark-pluit_20180522040056_70137.jpg,interior,440_landmark-pluit-land-mark-pluit_20180522040056_70137.jpg,uploaded,55360,440_landmark-pluit-land-mark-pluit_20180522040056_70137.jpg,https://cdn-strapi.prod.99iddev.net/assets/440_landmark_pluit_land_mark_pluit_20180522040056_70137_7a19610cd7.jpg,,
440-landmark-pluit-land-mark-pluit-20180522040056-73111,Media Library/Office Venue/440-landmark-pluit-land-mark-pluit-20180522040056-73111,2685,0,1,1,interior/440_landmark-pluit-land-mark-pluit_20180522040056_73111.jpg,interior,440_landmark-pluit-land-mark-pluit_20180522040056_73111.jpg,uploaded,55361,440_landmark-pluit-land-mark-pluit_20180522040056_73111.jpg,https://cdn-strapi.prod.99iddev.net/assets/440_landmark_pluit_land_mark_pluit_20180522040056_73111_764e9db266.jpg,,
440-landmark-pluit-land-mark-pluit-20180522040058-90838,Media Library/Office Venue/440-landmark-pluit-land-mark-pluit-20180522040058-90838,2686,0,1,1,interior/440_landmark-pluit-land-mark-pluit_20180522040058_90838.jpg,interior,440_landmark-pluit-land-mark-pluit_20180522040058_90838.jpg,uploaded,55362,440_landmark-pluit-land-mark-pluit_20180522040058_90838.jpg,https://cdn-strapi.prod.99iddev.net/assets/440_landmark_pluit_land_mark_pluit_20180522040058_90838_c62aa62a01.jpg,,
440-landmark-pluit-land-mark-pluit-20180522040058-92791,Media Library/Office Venue/440-landmark-pluit-land-mark-pluit-20180522040058-92791,2687,0,1,1,interior/440_landmark-pluit-land-mark-pluit_20180522040058_92791.jpg,interior,440_landmark-pluit-land-mark-pluit_20180522040058_92791.jpg,uploaded,55363,440_landmark-pluit-land-mark-pluit_20180522040058_92791.jpg,https://cdn-strapi.prod.99iddev.net/assets/440_landmark_pluit_land_mark_pluit_20180522040058_92791_ec325c72cc.jpg,,
440-landmark-pluit-land-mark-pluit-20180522040059-41699,Media Library/Office Venue/440-landmark-pluit-land-mark-pluit-20180522040059-41699,2688,0,1,1,interior/440_landmark-pluit-land-mark-pluit_20180522040059_41699.jpg,interior,440_landmark-pluit-land-mark-pluit_20180522040059_41699.jpg,uploaded,55364,440_landmark-pluit-land-mark-pluit_20180522040059_41699.jpg,https://cdn-strapi.prod.99iddev.net/assets/440_landmark_pluit_land_mark_pluit_20180522040059_41699_231bac2584.jpg,,
440-landmark-pluit-land-mark-pluit-20180522040100-10523,Media Library/Office Venue/440-landmark-pluit-land-mark-pluit-20180522040100-10523,2689,0,1,1,interior/440_landmark-pluit-land-mark-pluit_20180522040100_10523.jpg,interior,440_landmark-pluit-land-mark-pluit_20180522040100_10523.jpg,uploaded,55365,440_landmark-pluit-land-mark-pluit_20180522040100_10523.jpg,https://cdn-strapi.prod.99iddev.net/assets/440_landmark_pluit_land_mark_pluit_20180522040100_10523_a61225f111.jpg,,
440-landmark-pluit-land-mark-pluit-20180522040102-20259,Media Library/Office Venue/440-landmark-pluit-land-mark-pluit-20180522040102-20259,2690,0,1,1,interior/440_landmark-pluit-land-mark-pluit_20180522040102_20259.jpg,interior,440_landmark-pluit-land-mark-pluit_20180522040102_20259.jpg,uploaded,55366,440_landmark-pluit-land-mark-pluit_20180522040102_20259.jpg,https://cdn-strapi.prod.99iddev.net/assets/440_landmark_pluit_land_mark_pluit_20180522040102_20259_3a7be21f0c.jpg,,
440-landmark-pluit-land-mark-pluit-20180522040102-41814,Media Library/Office Venue/440-landmark-pluit-land-mark-pluit-20180522040102-41814,2691,0,1,1,interior/440_landmark-pluit-land-mark-pluit_20180522040102_41814.jpg,interior,440_landmark-pluit-land-mark-pluit_20180522040102_41814.jpg,uploaded,55367,440_landmark-pluit-land-mark-pluit_20180522040102_41814.jpg,https://cdn-strapi.prod.99iddev.net/assets/440_landmark_pluit_land_mark_pluit_20180522040102_41814_0617f4bfa5.jpg,,
440-landmark-pluit-land-mark-pluit-20180522040102-62597,Media Library/Office Venue/440-landmark-pluit-land-mark-pluit-20180522040102-62597,2692,0,1,1,interior/440_landmark-pluit-land-mark-pluit_20180522040102_62597.jpg,interior,440_landmark-pluit-land-mark-pluit_20180522040102_62597.jpg,uploaded,55368,440_landmark-pluit-land-mark-pluit_20180522040102_62597.jpg,https://cdn-strapi.prod.99iddev.net/assets/440_landmark_pluit_land_mark_pluit_20180522040102_62597_5135c59fb9.jpg,,
440-landmark-pluit-land-mark-pluit-20180522040102-84739,Media Library/Office Venue/440-landmark-pluit-land-mark-pluit-20180522040102-84739,2693,0,1,1,interior/440_landmark-pluit-land-mark-pluit_20180522040102_84739.jpg,interior,440_landmark-pluit-land-mark-pluit_20180522040102_84739.jpg,uploaded,55369,440_landmark-pluit-land-mark-pluit_20180522040102_84739.jpg,https://cdn-strapi.prod.99iddev.net/assets/440_landmark_pluit_land_mark_pluit_20180522040102_84739_cac0b6b7ca.jpg,,
440-landmark-pluit-land-mark-pluit-20180522040103-38766,Media Library/Office Venue/440-landmark-pluit-land-mark-pluit-20180522040103-38766,2694,0,1,1,interior/440_landmark-pluit-land-mark-pluit_20180522040103_38766.jpg,interior,440_landmark-pluit-land-mark-pluit_20180522040103_38766.jpg,uploaded,55370,440_landmark-pluit-land-mark-pluit_20180522040103_38766.jpg,https://cdn-strapi.prod.99iddev.net/assets/440_landmark_pluit_land_mark_pluit_20180522040103_38766_01b332f398.jpg,,
440-landmark-pluit-land-mark-pluit-20180522040104-14332,Media Library/Office Venue/440-landmark-pluit-land-mark-pluit-20180522040104-14332,2695,0,1,1,interior/440_landmark-pluit-land-mark-pluit_20180522040104_14332.jpg,interior,440_landmark-pluit-land-mark-pluit_20180522040104_14332.jpg,uploaded,55371,440_landmark-pluit-land-mark-pluit_20180522040104_14332.jpg,https://cdn-strapi.prod.99iddev.net/assets/440_landmark_pluit_land_mark_pluit_20180522040104_14332_441641b202.jpg,,
440-landmark-pluit-land-mark-pluit-20180522040104-55920,Media Library/Office Venue/440-landmark-pluit-land-mark-pluit-20180522040104-55920,2696,0,1,1,interior/440_landmark-pluit-land-mark-pluit_20180522040104_55920.jpg,interior,440_landmark-pluit-land-mark-pluit_20180522040104_55920.jpg,uploaded,55372,440_landmark-pluit-land-mark-pluit_20180522040104_55920.jpg,https://cdn-strapi.prod.99iddev.net/assets/440_landmark_pluit_land_mark_pluit_20180522040104_55920_9c481c0ba0.jpg,,
440-landmark-pluit-land-mark-pluit-20180522040051360,Media Library/Office Venue/440-landmark-pluit-land-mark-pluit-20180522040051360,2697,0,1,1,interior/440_landmark-pluit-land-mark-pluit_20180522040051_28360.jpg,interior,440_landmark-pluit-land-mark-pluit_20180522040051_28360.jpg,uploaded,55373,440_landmark-pluit-land-mark-pluit_20180522040051_28360.jpg,https://cdn-strapi.prod.99iddev.net/assets/440_landmark_pluit_land_mark_pluit_20180522040051_28360_28d1a9aeee.jpg,,
442-wisma-barito-pacific-wisma-barito-pacific-tower-b-20161124033732-37627,Media Library/Office Venue/442-wisma-barito-pacific-wisma-barito-pacific-tower-b-20161124033732-37627,2698,0,1,1,exterior/442_wisma-barito-pacific-wisma-barito-pacific-tower-b_20161124033732_37627.jpg,exterior,442_wisma-barito-pacific-wisma-barito-pacific-tower-b_20161124033732_37627.jpg,uploaded,55374,442_wisma-barito-pacific-wisma-barito-pacific-tower-b_20161124033732_37627.jpg,https://cdn-strapi.prod.99iddev.net/assets/442_wisma_barito_pacific_wisma_barito_pacific_tower_b_20161124033732_37627_fba4c8ae0f.jpg,,
442-wisma-barito-pacific-wisma-barito-pacific-tower-b-20161124033733-61862,Media Library/Office Venue/442-wisma-barito-pacific-wisma-barito-pacific-tower-b-20161124033733-61862,2699,0,1,1,exterior/442_wisma-barito-pacific-wisma-barito-pacific-tower-b_20161124033733_61862.jpg,exterior,442_wisma-barito-pacific-wisma-barito-pacific-tower-b_20161124033733_61862.jpg,uploaded,55375,442_wisma-barito-pacific-wisma-barito-pacific-tower-b_20161124033733_61862.jpg,https://cdn-strapi.prod.99iddev.net/assets/442_wisma_barito_pacific_wisma_barito_pacific_tower_b_20161124033733_61862_f31f0e8d6d.jpg,,
442-wisma-barito-pacific-wisma-barito-pacific-tower-b-20161124033734-45739,Media Library/Office Venue/442-wisma-barito-pacific-wisma-barito-pacific-tower-b-20161124033734-45739,2700,0,1,1,exterior/442_wisma-barito-pacific-wisma-barito-pacific-tower-b_20161124033734_45739.jpg,exterior,442_wisma-barito-pacific-wisma-barito-pacific-tower-b_20161124033734_45739.jpg,uploaded,55376,442_wisma-barito-pacific-wisma-barito-pacific-tower-b_20161124033734_45739.jpg,https://cdn-strapi.prod.99iddev.net/assets/442_wisma_barito_pacific_wisma_barito_pacific_tower_b_20161124033734_45739_2db5f118ac.jpg,,
442-wisma-barito-pacific-wisma-barito-pacific-tower-b-20161124033735-11754,Media Library/Office Venue/442-wisma-barito-pacific-wisma-barito-pacific-tower-b-20161124033735-11754,2701,0,1,1,exterior/442_wisma-barito-pacific-wisma-barito-pacific-tower-b_20161124033735_11754.jpg,exterior,442_wisma-barito-pacific-wisma-barito-pacific-tower-b_20161124033735_11754.jpg,uploaded,55377,442_wisma-barito-pacific-wisma-barito-pacific-tower-b_20161124033735_11754.jpg,https://cdn-strapi.prod.99iddev.net/assets/442_wisma_barito_pacific_wisma_barito_pacific_tower_b_20161124033735_11754_88091dfe36.jpg,,
442-wisma-barito-pacific-wisma-barito-pacific-tower-b-20161124033735-72232,Media Library/Office Venue/442-wisma-barito-pacific-wisma-barito-pacific-tower-b-20161124033735-72232,2702,0,1,1,exterior/442_wisma-barito-pacific-wisma-barito-pacific-tower-b_20161124033735_72232.jpg,exterior,442_wisma-barito-pacific-wisma-barito-pacific-tower-b_20161124033735_72232.jpg,uploaded,55378,442_wisma-barito-pacific-wisma-barito-pacific-tower-b_20161124033735_72232.jpg,https://cdn-strapi.prod.99iddev.net/assets/442_wisma_barito_pacific_wisma_barito_pacific_tower_b_20161124033735_72232_48c3b7f3d9.jpg,,
442-wisma-barito-pacific-wisma-barito-pacific-tower-b-20161124033736-86840,Media Library/Office Venue/442-wisma-barito-pacific-wisma-barito-pacific-tower-b-20161124033736-86840,2703,0,1,1,exterior/442_wisma-barito-pacific-wisma-barito-pacific-tower-b_20161124033736_86840.jpg,exterior,442_wisma-barito-pacific-wisma-barito-pacific-tower-b_20161124033736_86840.jpg,uploaded,55379,442_wisma-barito-pacific-wisma-barito-pacific-tower-b_20161124033736_86840.jpg,https://cdn-strapi.prod.99iddev.net/assets/442_wisma_barito_pacific_wisma_barito_pacific_tower_b_20161124033736_86840_4835bfc888.jpg,,
442-wisma-barito-pacific-wisma-barito-pacific-tower-b-20161124033737-18962,Media Library/Office Venue/442-wisma-barito-pacific-wisma-barito-pacific-tower-b-20161124033737-18962,2704,0,1,1,exterior/442_wisma-barito-pacific-wisma-barito-pacific-tower-b_20161124033737_18962.jpg,exterior,442_wisma-barito-pacific-wisma-barito-pacific-tower-b_20161124033737_18962.jpg,uploaded,55380,442_wisma-barito-pacific-wisma-barito-pacific-tower-b_20161124033737_18962.jpg,https://cdn-strapi.prod.99iddev.net/assets/442_wisma_barito_pacific_wisma_barito_pacific_tower_b_20161124033737_18962_a437e806ff.jpg,,
451-graha-tnt-graha-tnt-20161124041206-44774,Media Library/Office Venue/451-graha-tnt-graha-tnt-20161124041206-44774,2705,0,1,1,exterior/451_graha-tnt-graha-tnt_20161124041206_44774.jpg,exterior,451_graha-tnt-graha-tnt_20161124041206_44774.jpg,uploaded,55381,451_graha-tnt-graha-tnt_20161124041206_44774.jpg,https://cdn-strapi.prod.99iddev.net/assets/451_graha_tnt_graha_tnt_20161124041206_44774_ea395c606a.jpg,,
451-graha-tnt-graha-tnt-20161124041209-21965,Media Library/Office Venue/451-graha-tnt-graha-tnt-20161124041209-21965,2706,0,1,1,exterior/451_graha-tnt-graha-tnt_20161124041209_21965.jpg,exterior,451_graha-tnt-graha-tnt_20161124041209_21965.jpg,uploaded,55382,451_graha-tnt-graha-tnt_20161124041209_21965.jpg,https://cdn-strapi.prod.99iddev.net/assets/451_graha_tnt_graha_tnt_20161124041209_21965_fb0ffb20ee.jpg,,
451-graha-tnt-graha-tnt-20161124041209-36161,Media Library/Office Venue/451-graha-tnt-graha-tnt-20161124041209-36161,2707,0,1,1,exterior/451_graha-tnt-graha-tnt_20161124041209_36161.jpg,exterior,451_graha-tnt-graha-tnt_20161124041209_36161.jpg,uploaded,55383,451_graha-tnt-graha-tnt_20161124041209_36161.jpg,https://cdn-strapi.prod.99iddev.net/assets/451_graha_tnt_graha_tnt_20161124041209_36161_f4eedc07e7.jpg,,
451-graha-tnt-graha-tnt-20161124041211-92866,Media Library/Office Venue/451-graha-tnt-graha-tnt-20161124041211-92866,2708,0,1,1,exterior/451_graha-tnt-graha-tnt_20161124041211_92866.jpg,exterior,451_graha-tnt-graha-tnt_20161124041211_92866.jpg,uploaded,55384,451_graha-tnt-graha-tnt_20161124041211_92866.jpg,https://cdn-strapi.prod.99iddev.net/assets/451_graha_tnt_graha_tnt_20161124041211_92866_7eeb4306a7.jpg,,
451-graha-tnt-graha-tnt-20180530084156-17467,Media Library/Office Venue/451-graha-tnt-graha-tnt-20180530084156-17467,2709,0,1,1,interior/451_graha-tnt-graha-tnt_20180530084156_17467.jpg,interior,451_graha-tnt-graha-tnt_20180530084156_17467.jpg,uploaded,55385,451_graha-tnt-graha-tnt_20180530084156_17467.jpg,https://cdn-strapi.prod.99iddev.net/assets/451_graha_tnt_graha_tnt_20180530084156_17467_26760e2d13.jpg,,
451-graha-tnt-graha-tnt-20180530084157-46752,Media Library/Office Venue/451-graha-tnt-graha-tnt-20180530084157-46752,2710,0,1,1,interior/451_graha-tnt-graha-tnt_20180530084157_46752.jpg,interior,451_graha-tnt-graha-tnt_20180530084157_46752.jpg,uploaded,55386,451_graha-tnt-graha-tnt_20180530084157_46752.jpg,https://cdn-strapi.prod.99iddev.net/assets/451_graha_tnt_graha_tnt_20180530084157_46752_eefab52c9f.jpg,,
451-graha-tnt-graha-tnt-20180530084158-30692,Media Library/Office Venue/451-graha-tnt-graha-tnt-20180530084158-30692,2711,0,1,1,interior/451_graha-tnt-graha-tnt_20180530084158_30692.jpg,interior,451_graha-tnt-graha-tnt_20180530084158_30692.jpg,uploaded,55387,451_graha-tnt-graha-tnt_20180530084158_30692.jpg,https://cdn-strapi.prod.99iddev.net/assets/451_graha_tnt_graha_tnt_20180530084158_30692_67a4642a3d.jpg,,
451-graha-tnt-graha-tnt-20180530084158-46574,Media Library/Office Venue/451-graha-tnt-graha-tnt-20180530084158-46574,2712,0,1,1,interior/451_graha-tnt-graha-tnt_20180530084158_46574.jpg,interior,451_graha-tnt-graha-tnt_20180530084158_46574.jpg,uploaded,55388,451_graha-tnt-graha-tnt_20180530084158_46574.jpg,https://cdn-strapi.prod.99iddev.net/assets/451_graha_tnt_graha_tnt_20180530084158_46574_c59937e269.jpg,,
451-graha-tnt-graha-tnt-20180530084159-20903,Media Library/Office Venue/451-graha-tnt-graha-tnt-20180530084159-20903,2713,0,1,1,interior/451_graha-tnt-graha-tnt_20180530084159_20903.jpg,interior,451_graha-tnt-graha-tnt_20180530084159_20903.jpg,uploaded,55389,451_graha-tnt-graha-tnt_20180530084159_20903.jpg,https://cdn-strapi.prod.99iddev.net/assets/451_graha_tnt_graha_tnt_20180530084159_20903_f20a38b5c9.jpg,,
451-graha-tnt-graha-tnt-20180530084159-65496,Media Library/Office Venue/451-graha-tnt-graha-tnt-20180530084159-65496,2714,0,1,1,interior/451_graha-tnt-graha-tnt_20180530084159_65496.jpg,interior,451_graha-tnt-graha-tnt_20180530084159_65496.jpg,uploaded,55390,451_graha-tnt-graha-tnt_20180530084159_65496.jpg,https://cdn-strapi.prod.99iddev.net/assets/451_graha_tnt_graha_tnt_20180530084159_65496_b8de84ea1c.jpg,,
451-graha-tnt-graha-tnt-20180530084158474,Media Library/Office Venue/451-graha-tnt-graha-tnt-20180530084158474,2715,0,1,1,interior/451_graha-tnt-graha-tnt_20180530084158_28474.jpg,interior,451_graha-tnt-graha-tnt_20180530084158_28474.jpg,uploaded,55391,451_graha-tnt-graha-tnt_20180530084158_28474.jpg,https://cdn-strapi.prod.99iddev.net/assets/451_graha_tnt_graha_tnt_20180530084158_28474_4a9214162e.jpg,,
456-wisma-81-toto-office-building-wisma-81-toto-office-building-20161124043937-17814,Media Library/Office Venue/456-wisma-81-toto-office-building-wisma-81-toto-office-building-20161124043937-17814,2716,0,1,1,exterior/456_wisma-81-toto-office-building-wisma-81-toto-office-building_20161124043937_17814.jpg,exterior,456_wisma-81-toto-office-building-wisma-81-toto-office-building_20161124043937_17814.jpg,uploaded,55392,456_wisma-81-toto-office-building-wisma-81-toto-office-building_20161124043937_17814.jpg,https://cdn-strapi.prod.99iddev.net/assets/456_wisma_81_toto_office_building_wisma_81_toto_office_building_20161124043937_17814_c688c2962a.jpg,,
456-wisma-81-toto-office-building-wisma-81-toto-office-building-20161124043938-27105,Media Library/Office Venue/456-wisma-81-toto-office-building-wisma-81-toto-office-building-20161124043938-27105,2717,0,1,1,exterior/456_wisma-81-toto-office-building-wisma-81-toto-office-building_20161124043938_27105.jpg,exterior,456_wisma-81-toto-office-building-wisma-81-toto-office-building_20161124043938_27105.jpg,uploaded,55393,456_wisma-81-toto-office-building-wisma-81-toto-office-building_20161124043938_27105.jpg,https://cdn-strapi.prod.99iddev.net/assets/456_wisma_81_toto_office_building_wisma_81_toto_office_building_20161124043938_27105_fec9030b51.jpg,,
456-wisma-81-toto-office-building-wisma-81-toto-office-building-20161124043940-51322,Media Library/Office Venue/456-wisma-81-toto-office-building-wisma-81-toto-office-building-20161124043940-51322,2718,0,1,1,exterior/456_wisma-81-toto-office-building-wisma-81-toto-office-building_20161124043940_51322.jpg,exterior,456_wisma-81-toto-office-building-wisma-81-toto-office-building_20161124043940_51322.jpg,uploaded,55394,456_wisma-81-toto-office-building-wisma-81-toto-office-building_20161124043940_51322.jpg,https://cdn-strapi.prod.99iddev.net/assets/456_wisma_81_toto_office_building_wisma_81_toto_office_building_20161124043940_51322_e819c27209.jpg,,
456-wisma-81-wisma-81-20201229090651-82183,Media Library/Office Venue/456-wisma-81-wisma-81-20201229090651-82183,2719,0,1,1,exterior/456_wisma-81-wisma-81_20201229090651_82183.jpg,exterior,456_wisma-81-wisma-81_20201229090651_82183.jpg,uploaded,55395,456_wisma-81-wisma-81_20201229090651_82183.jpg,https://cdn-strapi.prod.99iddev.net/assets/456_wisma_81_wisma_81_20201229090651_82183_a2d0163a45.jpg,,
469-de-ritz-de-ritz-20170125075825-67932,Media Library/Office Venue/469-de-ritz-de-ritz-20170125075825-67932,2720,0,1,1,exterior/469_de-ritz-de-ritz_20170125075825_67932.jpg,exterior,469_de-ritz-de-ritz_20170125075825_67932.jpg,uploaded,55396,469_de-ritz-de-ritz_20170125075825_67932.jpg,https://cdn-strapi.prod.99iddev.net/assets/469_de_ritz_de_ritz_20170125075825_67932_685f58bfd2.jpg,,
469-de-ritz-de-ritz-building-20170620040155-34242,Media Library/Office Venue/469-de-ritz-de-ritz-building-20170620040155-34242,2721,0,1,1,exterior/469_de-ritz-de-ritz-building_20170620040155_34242.jpg,exterior,469_de-ritz-de-ritz-building_20170620040155_34242.jpg,uploaded,55397,469_de-ritz-de-ritz-building_20170620040155_34242.jpg,https://cdn-strapi.prod.99iddev.net/assets/469_de_ritz_de_ritz_building_20170620040155_34242_a1be1e49d3.jpg,,
471-graha-adhi-media-graha-adhi-media-20170125082602-59916,Media Library/Office Venue/471-graha-adhi-media-graha-adhi-media-20170125082602-59916,2722,0,1,1,exterior/471_graha-adhi-media-graha-adhi-media_20170125082602_59916.jpg,exterior,471_graha-adhi-media-graha-adhi-media_20170125082602_59916.jpg,uploaded,55398,471_graha-adhi-media-graha-adhi-media_20170125082602_59916.jpg,https://cdn-strapi.prod.99iddev.net/assets/471_graha_adhi_media_graha_adhi_media_20170125082602_59916_d4523d00cd.jpg,,
471-graha-adhi-media-graha-adhi-media-20170125082603-22499,Media Library/Office Venue/471-graha-adhi-media-graha-adhi-media-20170125082603-22499,2723,0,1,1,exterior/471_graha-adhi-media-graha-adhi-media_20170125082603_22499.jpg,exterior,471_graha-adhi-media-graha-adhi-media_20170125082603_22499.jpg,uploaded,55399,471_graha-adhi-media-graha-adhi-media_20170125082603_22499.jpg,https://cdn-strapi.prod.99iddev.net/assets/471_graha_adhi_media_graha_adhi_media_20170125082603_22499_a98dcb7240.jpg,,
471-graha-adhi-media-graha-adhi-media-20170125082603-72482,Media Library/Office Venue/471-graha-adhi-media-graha-adhi-media-20170125082603-72482,2724,0,1,1,exterior/471_graha-adhi-media-graha-adhi-media_20170125082603_72482.jpg,exterior,471_graha-adhi-media-graha-adhi-media_20170125082603_72482.jpg,uploaded,55400,471_graha-adhi-media-graha-adhi-media_20170125082603_72482.jpg,https://cdn-strapi.prod.99iddev.net/assets/471_graha_adhi_media_graha_adhi_media_20170125082603_72482_a10a2b27ca.jpg,,
471-graha-adhi-media-graha-adhi-media-20170125082604-42295,Media Library/Office Venue/471-graha-adhi-media-graha-adhi-media-20170125082604-42295,2725,0,1,1,exterior/471_graha-adhi-media-graha-adhi-media_20170125082604_42295.jpg,exterior,471_graha-adhi-media-graha-adhi-media_20170125082604_42295.jpg,uploaded,55401,471_graha-adhi-media-graha-adhi-media_20170125082604_42295.jpg,https://cdn-strapi.prod.99iddev.net/assets/471_graha_adhi_media_graha_adhi_media_20170125082604_42295_8ba35832eb.jpg,,
471-graha-adhi-media-graha-adhi-media-20170125082604-89722,Media Library/Office Venue/471-graha-adhi-media-graha-adhi-media-20170125082604-89722,2726,0,1,1,exterior/471_graha-adhi-media-graha-adhi-media_20170125082604_89722.jpg,exterior,471_graha-adhi-media-graha-adhi-media_20170125082604_89722.jpg,uploaded,55402,471_graha-adhi-media-graha-adhi-media_20170125082604_89722.jpg,https://cdn-strapi.prod.99iddev.net/assets/471_graha_adhi_media_graha_adhi_media_20170125082604_89722_688de68538.jpg,,
471-graha-adhi-media-graha-adhi-media-20170125082605-21552,Media Library/Office Venue/471-graha-adhi-media-graha-adhi-media-20170125082605-21552,2727,0,1,1,exterior/471_graha-adhi-media-graha-adhi-media_20170125082605_21552.jpg,exterior,471_graha-adhi-media-graha-adhi-media_20170125082605_21552.jpg,uploaded,55403,471_graha-adhi-media-graha-adhi-media_20170125082605_21552.jpg,https://cdn-strapi.prod.99iddev.net/assets/471_graha_adhi_media_graha_adhi_media_20170125082605_21552_67751d9a17.jpg,,
471-graha-adhi-media-graha-adhi-media-20170125082605-52511,Media Library/Office Venue/471-graha-adhi-media-graha-adhi-media-20170125082605-52511,2728,0,1,1,exterior/471_graha-adhi-media-graha-adhi-media_20170125082605_52511.jpg,exterior,471_graha-adhi-media-graha-adhi-media_20170125082605_52511.jpg,uploaded,55404,471_graha-adhi-media-graha-adhi-media_20170125082605_52511.jpg,https://cdn-strapi.prod.99iddev.net/assets/471_graha_adhi_media_graha_adhi_media_20170125082605_52511_7f1683a4fd.jpg,,
471-graha-adhi-media-graha-adhi-media-20170125082605-97429,Media Library/Office Venue/471-graha-adhi-media-graha-adhi-media-20170125082605-97429,2729,0,1,1,exterior/471_graha-adhi-media-graha-adhi-media_20170125082605_97429.jpg,exterior,471_graha-adhi-media-graha-adhi-media_20170125082605_97429.jpg,uploaded,55405,471_graha-adhi-media-graha-adhi-media_20170125082605_97429.jpg,https://cdn-strapi.prod.99iddev.net/assets/471_graha_adhi_media_graha_adhi_media_20170125082605_97429_385f6e3db9.jpg,,
471-graha-adhi-media-graha-adhi-media-20170125082606-58566,Media Library/Office Venue/471-graha-adhi-media-graha-adhi-media-20170125082606-58566,2730,0,1,1,exterior/471_graha-adhi-media-graha-adhi-media_20170125082606_58566.jpg,exterior,471_graha-adhi-media-graha-adhi-media_20170125082606_58566.jpg,uploaded,55406,471_graha-adhi-media-graha-adhi-media_20170125082606_58566.jpg,https://cdn-strapi.prod.99iddev.net/assets/471_graha_adhi_media_graha_adhi_media_20170125082606_58566_0de1963915.jpg,,
471-graha-adhi-media-graha-adhi-media-20170125082606-67369,Media Library/Office Venue/471-graha-adhi-media-graha-adhi-media-20170125082606-67369,2731,0,1,1,exterior/471_graha-adhi-media-graha-adhi-media_20170125082606_67369.jpg,exterior,471_graha-adhi-media-graha-adhi-media_20170125082606_67369.jpg,uploaded,55407,471_graha-adhi-media-graha-adhi-media_20170125082606_67369.jpg,https://cdn-strapi.prod.99iddev.net/assets/471_graha_adhi_media_graha_adhi_media_20170125082606_67369_e89f0ceba7.jpg,,
471-graha-adhi-media-graha-adhi-media-20170125082606-73234,Media Library/Office Venue/471-graha-adhi-media-graha-adhi-media-20170125082606-73234,2732,0,1,1,exterior/471_graha-adhi-media-graha-adhi-media_20170125082606_73234.jpg,exterior,471_graha-adhi-media-graha-adhi-media_20170125082606_73234.jpg,uploaded,55408,471_graha-adhi-media-graha-adhi-media_20170125082606_73234.jpg,https://cdn-strapi.prod.99iddev.net/assets/471_graha_adhi_media_graha_adhi_media_20170125082606_73234_d00d31d341.jpg,,
471-graha-adhi-media-graha-adhi-media-20170125082606-73563,Media Library/Office Venue/471-graha-adhi-media-graha-adhi-media-20170125082606-73563,2733,0,1,1,exterior/471_graha-adhi-media-graha-adhi-media_20170125082606_73563.jpg,exterior,471_graha-adhi-media-graha-adhi-media_20170125082606_73563.jpg,uploaded,55409,471_graha-adhi-media-graha-adhi-media_20170125082606_73563.jpg,https://cdn-strapi.prod.99iddev.net/assets/471_graha_adhi_media_graha_adhi_media_20170125082606_73563_d80d59890d.jpg,,
471-graha-adhi-media-graha-adhi-media-20170125082607-26494,Media Library/Office Venue/471-graha-adhi-media-graha-adhi-media-20170125082607-26494,2734,0,1,1,exterior/471_graha-adhi-media-graha-adhi-media_20170125082607_26494.jpg,exterior,471_graha-adhi-media-graha-adhi-media_20170125082607_26494.jpg,uploaded,55410,471_graha-adhi-media-graha-adhi-media_20170125082607_26494.jpg,https://cdn-strapi.prod.99iddev.net/assets/471_graha_adhi_media_graha_adhi_media_20170125082607_26494_b9fa2781db.jpg,,
472-sainath-tower-sainath-tower-20180417044926-66257,Media Library/Office Venue/472-sainath-tower-sainath-tower-20180417044926-66257,2735,0,1,1,interior/472_sainath-tower-sainath-tower_20180417044926_66257.jpg,interior,472_sainath-tower-sainath-tower_20180417044926_66257.jpg,uploaded,55411,472_sainath-tower-sainath-tower_20180417044926_66257.jpg,https://cdn-strapi.prod.99iddev.net/assets/472_sainath_tower_sainath_tower_20180417044926_66257_c914f7f958.jpg,,
472-sainath-tower-sainath-tower-20180417044927-78981,Media Library/Office Venue/472-sainath-tower-sainath-tower-20180417044927-78981,2736,0,1,1,interior/472_sainath-tower-sainath-tower_20180417044927_78981.jpg,interior,472_sainath-tower-sainath-tower_20180417044927_78981.jpg,uploaded,55412,472_sainath-tower-sainath-tower_20180417044927_78981.jpg,https://cdn-strapi.prod.99iddev.net/assets/472_sainath_tower_sainath_tower_20180417044927_78981_e7254d23c2.jpg,,
472-sainath-tower-sainath-tower-20180417044928-56759,Media Library/Office Venue/472-sainath-tower-sainath-tower-20180417044928-56759,2737,0,1,1,interior/472_sainath-tower-sainath-tower_20180417044928_56759.jpg,interior,472_sainath-tower-sainath-tower_20180417044928_56759.jpg,uploaded,55413,472_sainath-tower-sainath-tower_20180417044928_56759.jpg,https://cdn-strapi.prod.99iddev.net/assets/472_sainath_tower_sainath_tower_20180417044928_56759_6d43bfecb9.jpg,,
472-sainath-tower-sainath-tower-20180417044928-64816,Media Library/Office Venue/472-sainath-tower-sainath-tower-20180417044928-64816,2738,0,1,1,interior/472_sainath-tower-sainath-tower_20180417044928_64816.jpg,interior,472_sainath-tower-sainath-tower_20180417044928_64816.jpg,uploaded,55414,472_sainath-tower-sainath-tower_20180417044928_64816.jpg,https://cdn-strapi.prod.99iddev.net/assets/472_sainath_tower_sainath_tower_20180417044928_64816_6575e2798a.jpg,,
472-sainath-tower-sainath-tower-20180417044928-92903,Media Library/Office Venue/472-sainath-tower-sainath-tower-20180417044928-92903,2739,0,1,1,interior/472_sainath-tower-sainath-tower_20180417044928_92903.jpg,interior,472_sainath-tower-sainath-tower_20180417044928_92903.jpg,uploaded,55415,472_sainath-tower-sainath-tower_20180417044928_92903.jpg,https://cdn-strapi.prod.99iddev.net/assets/472_sainath_tower_sainath_tower_20180417044928_92903_e24f802320.jpg,,
472-sainath-tower-sainath-tower-20180417044929-42203,Media Library/Office Venue/472-sainath-tower-sainath-tower-20180417044929-42203,2740,0,1,1,interior/472_sainath-tower-sainath-tower_20180417044929_42203.jpg,interior,472_sainath-tower-sainath-tower_20180417044929_42203.jpg,uploaded,55416,472_sainath-tower-sainath-tower_20180417044929_42203.jpg,https://cdn-strapi.prod.99iddev.net/assets/472_sainath_tower_sainath_tower_20180417044929_42203_ad778d5480.jpg,,
472-sainath-tower-sainath-tower-20180417044929-51410,Media Library/Office Venue/472-sainath-tower-sainath-tower-20180417044929-51410,2741,0,1,1,interior/472_sainath-tower-sainath-tower_20180417044929_51410.jpg,interior,472_sainath-tower-sainath-tower_20180417044929_51410.jpg,uploaded,55417,472_sainath-tower-sainath-tower_20180417044929_51410.jpg,https://cdn-strapi.prod.99iddev.net/assets/472_sainath_tower_sainath_tower_20180417044929_51410_245e122bc1.jpg,,
472-sainath-tower-sainath-tower-20180417044930-10718,Media Library/Office Venue/472-sainath-tower-sainath-tower-20180417044930-10718,2742,0,1,1,interior/472_sainath-tower-sainath-tower_20180417044930_10718.jpg,interior,472_sainath-tower-sainath-tower_20180417044930_10718.jpg,uploaded,55418,472_sainath-tower-sainath-tower_20180417044930_10718.jpg,https://cdn-strapi.prod.99iddev.net/assets/472_sainath_tower_sainath_tower_20180417044930_10718_808c276c7b.jpg,,
472-sainath-tower-sainath-tower-20180417044930-85021,Media Library/Office Venue/472-sainath-tower-sainath-tower-20180417044930-85021,2743,0,1,1,interior/472_sainath-tower-sainath-tower_20180417044930_85021.jpg,interior,472_sainath-tower-sainath-tower_20180417044930_85021.jpg,uploaded,55419,472_sainath-tower-sainath-tower_20180417044930_85021.jpg,https://cdn-strapi.prod.99iddev.net/assets/472_sainath_tower_sainath_tower_20180417044930_85021_4c9b5592da.jpg,,
472-sainath-tower-sainath-tower-20180417044931-14484,Media Library/Office Venue/472-sainath-tower-sainath-tower-20180417044931-14484,2744,0,1,1,interior/472_sainath-tower-sainath-tower_20180417044931_14484.jpg,interior,472_sainath-tower-sainath-tower_20180417044931_14484.jpg,uploaded,55420,472_sainath-tower-sainath-tower_20180417044931_14484.jpg,https://cdn-strapi.prod.99iddev.net/assets/472_sainath_tower_sainath_tower_20180417044931_14484_cd3f43b25a.jpg,,
472-sainath-tower-sainath-tower-20180417044931-42525,Media Library/Office Venue/472-sainath-tower-sainath-tower-20180417044931-42525,2745,0,1,1,interior/472_sainath-tower-sainath-tower_20180417044931_42525.jpg,interior,472_sainath-tower-sainath-tower_20180417044931_42525.jpg,uploaded,55421,472_sainath-tower-sainath-tower_20180417044931_42525.jpg,https://cdn-strapi.prod.99iddev.net/assets/472_sainath_tower_sainath_tower_20180417044931_42525_9b93f099d0.jpg,,
472-sainath-tower-sainath-tower-20180417044931-83030,Media Library/Office Venue/472-sainath-tower-sainath-tower-20180417044931-83030,2746,0,1,1,interior/472_sainath-tower-sainath-tower_20180417044931_83030.jpg,interior,472_sainath-tower-sainath-tower_20180417044931_83030.jpg,uploaded,55422,472_sainath-tower-sainath-tower_20180417044931_83030.jpg,https://cdn-strapi.prod.99iddev.net/assets/472_sainath_tower_sainath_tower_20180417044931_83030_9885262f1c.jpg,,
472-sainath-tower-sainath-tower-20180417044932-42933,Media Library/Office Venue/472-sainath-tower-sainath-tower-20180417044932-42933,2747,0,1,1,interior/472_sainath-tower-sainath-tower_20180417044932_42933.jpg,interior,472_sainath-tower-sainath-tower_20180417044932_42933.jpg,uploaded,55423,472_sainath-tower-sainath-tower_20180417044932_42933.jpg,https://cdn-strapi.prod.99iddev.net/assets/472_sainath_tower_sainath_tower_20180417044932_42933_68df3e4892.jpg,,
472-sainath-tower-sainath-tower-20180417044932-69829,Media Library/Office Venue/472-sainath-tower-sainath-tower-20180417044932-69829,2748,0,1,1,interior/472_sainath-tower-sainath-tower_20180417044932_69829.jpg,interior,472_sainath-tower-sainath-tower_20180417044932_69829.jpg,uploaded,55424,472_sainath-tower-sainath-tower_20180417044932_69829.jpg,https://cdn-strapi.prod.99iddev.net/assets/472_sainath_tower_sainath_tower_20180417044932_69829_77d3c10b3a.jpg,,
472-sainath-tower-sainath-tower-20180417044932-72089,Media Library/Office Venue/472-sainath-tower-sainath-tower-20180417044932-72089,2749,0,1,1,interior/472_sainath-tower-sainath-tower_20180417044932_72089.jpg,interior,472_sainath-tower-sainath-tower_20180417044932_72089.jpg,uploaded,55425,472_sainath-tower-sainath-tower_20180417044932_72089.jpg,https://cdn-strapi.prod.99iddev.net/assets/472_sainath_tower_sainath_tower_20180417044932_72089_21d97feda7.jpg,,
472-sainath-tower-sainath-tower-20180417044933-95770,Media Library/Office Venue/472-sainath-tower-sainath-tower-20180417044933-95770,2750,0,1,1,interior/472_sainath-tower-sainath-tower_20180417044933_95770.jpg,interior,472_sainath-tower-sainath-tower_20180417044933_95770.jpg,uploaded,55426,472_sainath-tower-sainath-tower_20180417044933_95770.jpg,https://cdn-strapi.prod.99iddev.net/assets/472_sainath_tower_sainath_tower_20180417044933_95770_08977fcb66.jpg,,
472-sainath-tower-sainath-tower-20180417044934-63055,Media Library/Office Venue/472-sainath-tower-sainath-tower-20180417044934-63055,2751,0,1,1,interior/472_sainath-tower-sainath-tower_20180417044934_63055.jpg,interior,472_sainath-tower-sainath-tower_20180417044934_63055.jpg,uploaded,55427,472_sainath-tower-sainath-tower_20180417044934_63055.jpg,https://cdn-strapi.prod.99iddev.net/assets/472_sainath_tower_sainath_tower_20180417044934_63055_a8d71b77b6.jpg,,
472-sainath-tower-sainath-tower-20180417044934-69964,Media Library/Office Venue/472-sainath-tower-sainath-tower-20180417044934-69964,2752,0,1,1,interior/472_sainath-tower-sainath-tower_20180417044934_69964.jpg,interior,472_sainath-tower-sainath-tower_20180417044934_69964.jpg,uploaded,55428,472_sainath-tower-sainath-tower_20180417044934_69964.jpg,https://cdn-strapi.prod.99iddev.net/assets/472_sainath_tower_sainath_tower_20180417044934_69964_752d261932.jpg,,
472-sainath-tower-sainath-tower-20180417044935-87290,Media Library/Office Venue/472-sainath-tower-sainath-tower-20180417044935-87290,2753,0,1,1,interior/472_sainath-tower-sainath-tower_20180417044935_87290.jpg,interior,472_sainath-tower-sainath-tower_20180417044935_87290.jpg,uploaded,55429,472_sainath-tower-sainath-tower_20180417044935_87290.jpg,https://cdn-strapi.prod.99iddev.net/assets/472_sainath_tower_sainath_tower_20180417044935_87290_edb344823d.jpg,,
472-sainath-tower-sainath-tower-20180417044935-98560,Media Library/Office Venue/472-sainath-tower-sainath-tower-20180417044935-98560,2754,0,1,1,interior/472_sainath-tower-sainath-tower_20180417044935_98560.jpg,interior,472_sainath-tower-sainath-tower_20180417044935_98560.jpg,uploaded,55430,472_sainath-tower-sainath-tower_20180417044935_98560.jpg,https://cdn-strapi.prod.99iddev.net/assets/472_sainath_tower_sainath_tower_20180417044935_98560_e998fa8245.jpg,,
478-menara-kompas-menara-kompas-20180105102332-21259,Media Library/Office Venue/478-menara-kompas-menara-kompas-20180105102332-21259,2755,0,1,1,interior/478_menara-kompas-menara-kompas_20180105102332_21259.jpg,interior,478_menara-kompas-menara-kompas_20180105102332_21259.jpg,uploaded,55431,478_menara-kompas-menara-kompas_20180105102332_21259.jpg,https://cdn-strapi.prod.99iddev.net/assets/478_menara_kompas_menara_kompas_20180105102332_21259_43d774d66e.jpg,,
478-menara-kompas-menara-kompas-20180105102353-97669,Media Library/Office Venue/478-menara-kompas-menara-kompas-20180105102353-97669,2756,0,1,1,interior/478_menara-kompas-menara-kompas_20180105102353_97669.jpg,interior,478_menara-kompas-menara-kompas_20180105102353_97669.jpg,uploaded,55432,478_menara-kompas-menara-kompas_20180105102353_97669.jpg,https://cdn-strapi.prod.99iddev.net/assets/478_menara_kompas_menara_kompas_20180105102353_97669_33cc06d4ec.jpg,,
478-menara-kompas-menara-kompas-20180105102355-84509,Media Library/Office Venue/478-menara-kompas-menara-kompas-20180105102355-84509,2757,0,1,1,interior/478_menara-kompas-menara-kompas_20180105102355_84509.jpg,interior,478_menara-kompas-menara-kompas_20180105102355_84509.jpg,uploaded,55433,478_menara-kompas-menara-kompas_20180105102355_84509.jpg,https://cdn-strapi.prod.99iddev.net/assets/478_menara_kompas_menara_kompas_20180105102355_84509_2dcdea37f1.jpg,,
478-menara-kompas-menara-kompas-20180105102357-63689,Media Library/Office Venue/478-menara-kompas-menara-kompas-20180105102357-63689,2758,0,1,1,interior/478_menara-kompas-menara-kompas_20180105102357_63689.jpg,interior,478_menara-kompas-menara-kompas_20180105102357_63689.jpg,uploaded,55434,478_menara-kompas-menara-kompas_20180105102357_63689.jpg,https://cdn-strapi.prod.99iddev.net/assets/478_menara_kompas_menara_kompas_20180105102357_63689_dbacd7915e.jpg,,
478-menara-kompas-menara-kompas-20180105102359-41480,Media Library/Office Venue/478-menara-kompas-menara-kompas-20180105102359-41480,2759,0,1,1,interior/478_menara-kompas-menara-kompas_20180105102359_41480.jpg,interior,478_menara-kompas-menara-kompas_20180105102359_41480.jpg,uploaded,55435,478_menara-kompas-menara-kompas_20180105102359_41480.jpg,https://cdn-strapi.prod.99iddev.net/assets/478_menara_kompas_menara_kompas_20180105102359_41480_be6176acce.jpg,,
478-menara-kompas-menara-kompas-20180105102401-51144,Media Library/Office Venue/478-menara-kompas-menara-kompas-20180105102401-51144,2760,0,1,1,interior/478_menara-kompas-menara-kompas_20180105102401_51144.jpg,interior,478_menara-kompas-menara-kompas_20180105102401_51144.jpg,uploaded,55436,478_menara-kompas-menara-kompas_20180105102401_51144.jpg,https://cdn-strapi.prod.99iddev.net/assets/478_menara_kompas_menara_kompas_20180105102401_51144_c55b699ab6.jpg,,
478-menara-kompas-menara-kompas-20180105102403-15609,Media Library/Office Venue/478-menara-kompas-menara-kompas-20180105102403-15609,2761,0,1,1,interior/478_menara-kompas-menara-kompas_20180105102403_15609.jpg,interior,478_menara-kompas-menara-kompas_20180105102403_15609.jpg,uploaded,55437,478_menara-kompas-menara-kompas_20180105102403_15609.jpg,https://cdn-strapi.prod.99iddev.net/assets/478_menara_kompas_menara_kompas_20180105102403_15609_d35e3930eb.jpg,,
478-menara-kompas-menara-kompas-20180105102405-53943,Media Library/Office Venue/478-menara-kompas-menara-kompas-20180105102405-53943,2762,0,1,1,interior/478_menara-kompas-menara-kompas_20180105102405_53943.jpg,interior,478_menara-kompas-menara-kompas_20180105102405_53943.jpg,uploaded,55438,478_menara-kompas-menara-kompas_20180105102405_53943.jpg,https://cdn-strapi.prod.99iddev.net/assets/478_menara_kompas_menara_kompas_20180105102405_53943_a9d402d7c6.jpg,,
478-menara-kompas-menara-kompas-20180105102407-98380,Media Library/Office Venue/478-menara-kompas-menara-kompas-20180105102407-98380,2763,0,1,1,interior/478_menara-kompas-menara-kompas_20180105102407_98380.jpg,interior,478_menara-kompas-menara-kompas_20180105102407_98380.jpg,uploaded,55439,478_menara-kompas-menara-kompas_20180105102407_98380.jpg,https://cdn-strapi.prod.99iddev.net/assets/478_menara_kompas_menara_kompas_20180105102407_98380_26e8d990f3.jpg,,
478-menara-kompas-menara-kompas-20180105102409-20729,Media Library/Office Venue/478-menara-kompas-menara-kompas-20180105102409-20729,2764,0,1,1,interior/478_menara-kompas-menara-kompas_20180105102409_20729.jpg,interior,478_menara-kompas-menara-kompas_20180105102409_20729.jpg,uploaded,55440,478_menara-kompas-menara-kompas_20180105102409_20729.jpg,https://cdn-strapi.prod.99iddev.net/assets/478_menara_kompas_menara_kompas_20180105102409_20729_e15a62ff05.jpg,,
478-menara-kompas-menara-kompas-20180105102412-78744,Media Library/Office Venue/478-menara-kompas-menara-kompas-20180105102412-78744,2765,0,1,1,interior/478_menara-kompas-menara-kompas_20180105102412_78744.jpg,interior,478_menara-kompas-menara-kompas_20180105102412_78744.jpg,uploaded,55441,478_menara-kompas-menara-kompas_20180105102412_78744.jpg,https://cdn-strapi.prod.99iddev.net/assets/478_menara_kompas_menara_kompas_20180105102412_78744_a9a3c9d79d.jpg,,
478-menara-kompas-menara-kompas-20180105102414-67153,Media Library/Office Venue/478-menara-kompas-menara-kompas-20180105102414-67153,2766,0,1,1,interior/478_menara-kompas-menara-kompas_20180105102414_67153.jpg,interior,478_menara-kompas-menara-kompas_20180105102414_67153.jpg,uploaded,55442,478_menara-kompas-menara-kompas_20180105102414_67153.jpg,https://cdn-strapi.prod.99iddev.net/assets/478_menara_kompas_menara_kompas_20180105102414_67153_67b0a04e62.jpg,,
478-menara-kompas-menara-kompas-20180105102416-26695,Media Library/Office Venue/478-menara-kompas-menara-kompas-20180105102416-26695,2767,0,1,1,interior/478_menara-kompas-menara-kompas_20180105102416_26695.jpg,interior,478_menara-kompas-menara-kompas_20180105102416_26695.jpg,uploaded,55443,478_menara-kompas-menara-kompas_20180105102416_26695.jpg,https://cdn-strapi.prod.99iddev.net/assets/478_menara_kompas_menara_kompas_20180105102416_26695_df6e75061f.jpg,,
478-menara-kompas-menara-kompas-20180105102419-41362,Media Library/Office Venue/478-menara-kompas-menara-kompas-20180105102419-41362,2768,0,1,1,interior/478_menara-kompas-menara-kompas_20180105102419_41362.jpg,interior,478_menara-kompas-menara-kompas_20180105102419_41362.jpg,uploaded,55444,478_menara-kompas-menara-kompas_20180105102419_41362.jpg,https://cdn-strapi.prod.99iddev.net/assets/478_menara_kompas_menara_kompas_20180105102419_41362_b26934e053.jpg,,
478-menara-kompas-menara-kompas-20180105102421-59342,Media Library/Office Venue/478-menara-kompas-menara-kompas-20180105102421-59342,2769,0,1,1,interior/478_menara-kompas-menara-kompas_20180105102421_59342.jpg,interior,478_menara-kompas-menara-kompas_20180105102421_59342.jpg,uploaded,55445,478_menara-kompas-menara-kompas_20180105102421_59342.jpg,https://cdn-strapi.prod.99iddev.net/assets/478_menara_kompas_menara_kompas_20180105102421_59342_7ff6262c44.jpg,,
478-menara-kompas-menara-kompas-20180105102423-31212,Media Library/Office Venue/478-menara-kompas-menara-kompas-20180105102423-31212,2770,0,1,1,interior/478_menara-kompas-menara-kompas_20180105102423_31212.jpg,interior,478_menara-kompas-menara-kompas_20180105102423_31212.jpg,uploaded,55446,478_menara-kompas-menara-kompas_20180105102423_31212.jpg,https://cdn-strapi.prod.99iddev.net/assets/478_menara_kompas_menara_kompas_20180105102423_31212_9dbcce16b3.jpg,,
478-menara-kompas-menara-kompas-20180105102425-26019,Media Library/Office Venue/478-menara-kompas-menara-kompas-20180105102425-26019,2771,0,1,1,interior/478_menara-kompas-menara-kompas_20180105102425_26019.jpg,interior,478_menara-kompas-menara-kompas_20180105102425_26019.jpg,uploaded,55447,478_menara-kompas-menara-kompas_20180105102425_26019.jpg,https://cdn-strapi.prod.99iddev.net/assets/478_menara_kompas_menara_kompas_20180105102425_26019_b478e8fbc0.jpg,,
478-menara-kompas-menara-kompas-20180105102427-99567,Media Library/Office Venue/478-menara-kompas-menara-kompas-20180105102427-99567,2772,0,1,1,interior/478_menara-kompas-menara-kompas_20180105102427_99567.jpg,interior,478_menara-kompas-menara-kompas_20180105102427_99567.jpg,uploaded,55448,478_menara-kompas-menara-kompas_20180105102427_99567.jpg,https://cdn-strapi.prod.99iddev.net/assets/478_menara_kompas_menara_kompas_20180105102427_99567_feeec549c3.jpg,,
478-menara-kompas-menara-kompas-20180105102429-95796,Media Library/Office Venue/478-menara-kompas-menara-kompas-20180105102429-95796,2773,0,1,1,interior/478_menara-kompas-menara-kompas_20180105102429_95796.jpg,interior,478_menara-kompas-menara-kompas_20180105102429_95796.jpg,uploaded,55449,478_menara-kompas-menara-kompas_20180105102429_95796.jpg,https://cdn-strapi.prod.99iddev.net/assets/478_menara_kompas_menara_kompas_20180105102429_95796_32fdacf6df.jpg,,
478-menara-kompas-menara-kompas-20180105102431-72195,Media Library/Office Venue/478-menara-kompas-menara-kompas-20180105102431-72195,2774,0,1,1,interior/478_menara-kompas-menara-kompas_20180105102431_72195.jpg,interior,478_menara-kompas-menara-kompas_20180105102431_72195.jpg,uploaded,55450,478_menara-kompas-menara-kompas_20180105102431_72195.jpg,https://cdn-strapi.prod.99iddev.net/assets/478_menara_kompas_menara_kompas_20180105102431_72195_180d907d93.jpg,,
481-gedung-jaga-gedung-jaga-20170320101711-93642,Media Library/Office Venue/481-gedung-jaga-gedung-jaga-20170320101711-93642,2775,0,1,1,exterior/481_gedung-jaga-gedung-jaga_20170320101711_93642.jpg,exterior,481_gedung-jaga-gedung-jaga_20170320101711_93642.jpg,uploaded,55451,481_gedung-jaga-gedung-jaga_20170320101711_93642.jpg,https://cdn-strapi.prod.99iddev.net/assets/481_gedung_jaga_gedung_jaga_20170320101711_93642_b97bef36da.jpg,,
481-gedung-jaga-gedung-jaga-20170320111046-61215,Media Library/Office Venue/481-gedung-jaga-gedung-jaga-20170320111046-61215,2776,0,1,1,floorplan/481_gedung-jaga-gedung-jaga_20170320111046_61215.jpg,floorplan,481_gedung-jaga-gedung-jaga_20170320111046_61215.jpg,uploaded,55452,481_gedung-jaga-gedung-jaga_20170320111046_61215.jpg,https://cdn-strapi.prod.99iddev.net/assets/481_gedung_jaga_gedung_jaga_20170320111046_61215_3e14d4e431.jpg,,
481-gedung-jaga-gedung-jaga-20170320111047-87124,Media Library/Office Venue/481-gedung-jaga-gedung-jaga-20170320111047-87124,2777,0,1,1,floorplan/481_gedung-jaga-gedung-jaga_20170320111047_87124.jpg,floorplan,481_gedung-jaga-gedung-jaga_20170320111047_87124.jpg,uploaded,55453,481_gedung-jaga-gedung-jaga_20170320111047_87124.jpg,https://cdn-strapi.prod.99iddev.net/assets/481_gedung_jaga_gedung_jaga_20170320111047_87124_c394d39b80.jpg,,
481-gedung-jaga-gedung-jaga-20170407104302-55613,Media Library/Office Venue/481-gedung-jaga-gedung-jaga-20170407104302-55613,2778,0,1,1,floorplan/481_gedung-jaga-gedung-jaga_20170407104302_55613.jpg,floorplan,481_gedung-jaga-gedung-jaga_20170407104302_55613.jpg,uploaded,55454,481_gedung-jaga-gedung-jaga_20170407104302_55613.jpg,https://cdn-strapi.prod.99iddev.net/assets/481_gedung_jaga_gedung_jaga_20170407104302_55613_131440b221.jpg,,
481-gedung-jagat-gedung-jagat-20180227074100-56750,Media Library/Office Venue/481-gedung-jagat-gedung-jagat-20180227074100-56750,2779,0,1,1,exterior/481_gedung-jagat-gedung-jagat_20180227074100_56750.jpg,exterior,481_gedung-jagat-gedung-jagat_20180227074100_56750.jpg,uploaded,55455,481_gedung-jagat-gedung-jagat_20180227074100_56750.jpg,https://cdn-strapi.prod.99iddev.net/assets/481_gedung_jagat_gedung_jagat_20180227074100_56750_d628f1e959.jpg,,
481-gedung-jagat-gedung-jagat-20180227074103-85440,Media Library/Office Venue/481-gedung-jagat-gedung-jagat-20180227074103-85440,2780,0,1,1,exterior/481_gedung-jagat-gedung-jagat_20180227074103_85440.jpg,exterior,481_gedung-jagat-gedung-jagat_20180227074103_85440.jpg,uploaded,55456,481_gedung-jagat-gedung-jagat_20180227074103_85440.jpg,https://cdn-strapi.prod.99iddev.net/assets/481_gedung_jagat_gedung_jagat_20180227074103_85440_03a06518ae.jpg,,
481-gedung-jagat-gedung-jagat-20180227074104-70257,Media Library/Office Venue/481-gedung-jagat-gedung-jagat-20180227074104-70257,2781,0,1,1,exterior/481_gedung-jagat-gedung-jagat_20180227074104_70257.jpg,exterior,481_gedung-jagat-gedung-jagat_20180227074104_70257.jpg,uploaded,55457,481_gedung-jagat-gedung-jagat_20180227074104_70257.jpg,https://cdn-strapi.prod.99iddev.net/assets/481_gedung_jagat_gedung_jagat_20180227074104_70257_5bb9fd5a5d.jpg,,
481-gedung-jagat-gedung-jagat-20180227074105-61031,Media Library/Office Venue/481-gedung-jagat-gedung-jagat-20180227074105-61031,2782,0,1,1,exterior/481_gedung-jagat-gedung-jagat_20180227074105_61031.jpg,exterior,481_gedung-jagat-gedung-jagat_20180227074105_61031.jpg,uploaded,55458,481_gedung-jagat-gedung-jagat_20180227074105_61031.jpg,https://cdn-strapi.prod.99iddev.net/assets/481_gedung_jagat_gedung_jagat_20180227074105_61031_6a16289356.jpg,,
481-gedung-jagat-gedung-jagat-20180227074106-64284,Media Library/Office Venue/481-gedung-jagat-gedung-jagat-20180227074106-64284,2783,0,1,1,exterior/481_gedung-jagat-gedung-jagat_20180227074106_64284.jpg,exterior,481_gedung-jagat-gedung-jagat_20180227074106_64284.jpg,uploaded,55459,481_gedung-jagat-gedung-jagat_20180227074106_64284.jpg,https://cdn-strapi.prod.99iddev.net/assets/481_gedung_jagat_gedung_jagat_20180227074106_64284_3e5d05c207.jpg,,
481-gedung-jagat-gedung-jagat-20180227074107-39842,Media Library/Office Venue/481-gedung-jagat-gedung-jagat-20180227074107-39842,2784,0,1,1,exterior/481_gedung-jagat-gedung-jagat_20180227074107_39842.jpg,exterior,481_gedung-jagat-gedung-jagat_20180227074107_39842.jpg,uploaded,55460,481_gedung-jagat-gedung-jagat_20180227074107_39842.jpg,https://cdn-strapi.prod.99iddev.net/assets/481_gedung_jagat_gedung_jagat_20180227074107_39842_5f9f958e51.jpg,,
481-gedung-jagat-gedung-jagat-20180227074107-47723,Media Library/Office Venue/481-gedung-jagat-gedung-jagat-20180227074107-47723,2785,0,1,1,exterior/481_gedung-jagat-gedung-jagat_20180227074107_47723.jpg,exterior,481_gedung-jagat-gedung-jagat_20180227074107_47723.jpg,uploaded,55461,481_gedung-jagat-gedung-jagat_20180227074107_47723.jpg,https://cdn-strapi.prod.99iddev.net/assets/481_gedung_jagat_gedung_jagat_20180227074107_47723_82ecea090e.jpg,,
481-gedung-jagat-gedung-jagat-20180227074107-56503,Media Library/Office Venue/481-gedung-jagat-gedung-jagat-20180227074107-56503,2786,0,1,1,exterior/481_gedung-jagat-gedung-jagat_20180227074107_56503.jpg,exterior,481_gedung-jagat-gedung-jagat_20180227074107_56503.jpg,uploaded,55462,481_gedung-jagat-gedung-jagat_20180227074107_56503.jpg,https://cdn-strapi.prod.99iddev.net/assets/481_gedung_jagat_gedung_jagat_20180227074107_56503_1da8d9ea4a.jpg,,
481-gedung-jagat-gedung-jagat-20180227074108-22179,Media Library/Office Venue/481-gedung-jagat-gedung-jagat-20180227074108-22179,2787,0,1,1,exterior/481_gedung-jagat-gedung-jagat_20180227074108_22179.jpg,exterior,481_gedung-jagat-gedung-jagat_20180227074108_22179.jpg,uploaded,55463,481_gedung-jagat-gedung-jagat_20180227074108_22179.jpg,https://cdn-strapi.prod.99iddev.net/assets/481_gedung_jagat_gedung_jagat_20180227074108_22179_0a716c17b9.jpg,,
481-gedung-jagat-gedung-jagat-20180227074108-30890,Media Library/Office Venue/481-gedung-jagat-gedung-jagat-20180227074108-30890,2788,0,1,1,exterior/481_gedung-jagat-gedung-jagat_20180227074108_30890.jpg,exterior,481_gedung-jagat-gedung-jagat_20180227074108_30890.jpg,uploaded,55464,481_gedung-jagat-gedung-jagat_20180227074108_30890.jpg,https://cdn-strapi.prod.99iddev.net/assets/481_gedung_jagat_gedung_jagat_20180227074108_30890_56bcae618c.jpg,,
481-gedung-jagat-gedung-jagat-20180227074109-50085,Media Library/Office Venue/481-gedung-jagat-gedung-jagat-20180227074109-50085,2789,0,1,1,exterior/481_gedung-jagat-gedung-jagat_20180227074109_50085.jpg,exterior,481_gedung-jagat-gedung-jagat_20180227074109_50085.jpg,uploaded,55465,481_gedung-jagat-gedung-jagat_20180227074109_50085.jpg,https://cdn-strapi.prod.99iddev.net/assets/481_gedung_jagat_gedung_jagat_20180227074109_50085_6c6d42b8b8.jpg,,
482-bellezza-office-tower-bellezza-office-tower-20170418042636-31787,Media Library/Office Venue/482-bellezza-office-tower-bellezza-office-tower-20170418042636-31787,2790,0,1,1,exterior/482_bellezza-office-tower-bellezza-office-tower_20170418042636_31787.jpg,exterior,482_bellezza-office-tower-bellezza-office-tower_20170418042636_31787.jpg,uploaded,55466,482_bellezza-office-tower-bellezza-office-tower_20170418042636_31787.jpg,https://cdn-strapi.prod.99iddev.net/assets/482_bellezza_office_tower_bellezza_office_tower_20170418042636_31787_2a88e4012f.jpg,,
482-bellezza-office-tower-bellezza-office-tower-20170418042643-52336,Media Library/Office Venue/482-bellezza-office-tower-bellezza-office-tower-20170418042643-52336,2791,0,1,1,exterior/482_bellezza-office-tower-bellezza-office-tower_20170418042643_52336.jpg,exterior,482_bellezza-office-tower-bellezza-office-tower_20170418042643_52336.jpg,uploaded,55467,482_bellezza-office-tower-bellezza-office-tower_20170418042643_52336.jpg,https://cdn-strapi.prod.99iddev.net/assets/482_bellezza_office_tower_bellezza_office_tower_20170418042643_52336_2ec9b1b157.jpg,,
482-bellezza-office-tower-bellezza-office-tower-20170418042628485,Media Library/Office Venue/482-bellezza-office-tower-bellezza-office-tower-20170418042628485,2792,0,1,1,exterior/482_bellezza-office-tower-bellezza-office-tower_20170418042628_28485.jpg,exterior,482_bellezza-office-tower-bellezza-office-tower_20170418042628_28485.jpg,uploaded,55468,482_bellezza-office-tower-bellezza-office-tower_20170418042628_28485.jpg,https://cdn-strapi.prod.99iddev.net/assets/482_bellezza_office_tower_bellezza_office_tower_20170418042628_28485_d634ff8b76.jpg,,
491-tbs-tower-tbs-tower-20170310090941-36043,Media Library/Office Venue/491-tbs-tower-tbs-tower-20170310090941-36043,2793,0,1,1,floorplan/491_tbs-tower-tbs-tower_20170310090941_36043.jpg,floorplan,491_tbs-tower-tbs-tower_20170310090941_36043.jpg,uploaded,55469,491_tbs-tower-tbs-tower_20170310090941_36043.jpg,https://cdn-strapi.prod.99iddev.net/assets/491_tbs_tower_tbs_tower_20170310090941_36043_cb38ec7b59.jpg,,
491-tbs-tower-tbs-tower-20170310090942-45842,Media Library/Office Venue/491-tbs-tower-tbs-tower-20170310090942-45842,2794,0,1,1,floorplan/491_tbs-tower-tbs-tower_20170310090942_45842.jpg,floorplan,491_tbs-tower-tbs-tower_20170310090942_45842.jpg,uploaded,55470,491_tbs-tower-tbs-tower_20170310090942_45842.jpg,https://cdn-strapi.prod.99iddev.net/assets/491_tbs_tower_tbs_tower_20170310090942_45842_e7214a82fe.jpg,,
491-tbs-tower-tbs-tower-20170310090942-47101,Media Library/Office Venue/491-tbs-tower-tbs-tower-20170310090942-47101,2795,0,1,1,floorplan/491_tbs-tower-tbs-tower_20170310090942_47101.jpg,floorplan,491_tbs-tower-tbs-tower_20170310090942_47101.jpg,uploaded,55471,491_tbs-tower-tbs-tower_20170310090942_47101.jpg,https://cdn-strapi.prod.99iddev.net/assets/491_tbs_tower_tbs_tower_20170310090942_47101_1ece6b7d70.jpg,,
491-tbs-tower-tbs-tower-20170310090943-18478,Media Library/Office Venue/491-tbs-tower-tbs-tower-20170310090943-18478,2796,0,1,1,floorplan/491_tbs-tower-tbs-tower_20170310090943_18478.jpg,floorplan,491_tbs-tower-tbs-tower_20170310090943_18478.jpg,uploaded,55472,491_tbs-tower-tbs-tower_20170310090943_18478.jpg,https://cdn-strapi.prod.99iddev.net/assets/491_tbs_tower_tbs_tower_20170310090943_18478_96b8c70bba.jpg,,
491-tbs-tower-tbs-tower-20170310090943-92723,Media Library/Office Venue/491-tbs-tower-tbs-tower-20170310090943-92723,2797,0,1,1,floorplan/491_tbs-tower-tbs-tower_20170310090943_92723.jpg,floorplan,491_tbs-tower-tbs-tower_20170310090943_92723.jpg,uploaded,55473,491_tbs-tower-tbs-tower_20170310090943_92723.jpg,https://cdn-strapi.prod.99iddev.net/assets/491_tbs_tower_tbs_tower_20170310090943_92723_8b214ed6f5.jpg,,
491-tbs-tower-tbs-tower-20170310090943-97514,Media Library/Office Venue/491-tbs-tower-tbs-tower-20170310090943-97514,2798,0,1,1,floorplan/491_tbs-tower-tbs-tower_20170310090943_97514.jpg,floorplan,491_tbs-tower-tbs-tower_20170310090943_97514.jpg,uploaded,55474,491_tbs-tower-tbs-tower_20170310090943_97514.jpg,https://cdn-strapi.prod.99iddev.net/assets/491_tbs_tower_tbs_tower_20170310090943_97514_b30e323dac.jpg,,
491-tbs-tower-tbs-tower-20170310090944-69782,Media Library/Office Venue/491-tbs-tower-tbs-tower-20170310090944-69782,2799,0,1,1,floorplan/491_tbs-tower-tbs-tower_20170310090944_69782.jpg,floorplan,491_tbs-tower-tbs-tower_20170310090944_69782.jpg,uploaded,55475,491_tbs-tower-tbs-tower_20170310090944_69782.jpg,https://cdn-strapi.prod.99iddev.net/assets/491_tbs_tower_tbs_tower_20170310090944_69782_d4c134ad3a.jpg,,
493-office-one-office-one-20170313031642-23767,Media Library/Office Venue/493-office-one-office-one-20170313031642-23767,2800,0,1,1,floorplan/493_office-one-office-one_20170313031642_23767.jpg,floorplan,493_office-one-office-one_20170313031642_23767.jpg,uploaded,55476,493_office-one-office-one_20170313031642_23767.jpg,https://cdn-strapi.prod.99iddev.net/assets/493_office_one_office_one_20170313031642_23767_4b0ed5c39f.jpg,,
493-office-one-office-one-20170330025930-11098,Media Library/Office Venue/493-office-one-office-one-20170330025930-11098,2801,0,1,1,exterior/493_office-one-office-one_20170330025930_11098.jpg,exterior,493_office-one-office-one_20170330025930_11098.jpg,uploaded,55477,493_office-one-office-one_20170330025930_11098.jpg,https://cdn-strapi.prod.99iddev.net/assets/493_office_one_office_one_20170330025930_11098_1c5b67a1b5.jpg,,
493-office-one-office-one-20170330025931-52422,Media Library/Office Venue/493-office-one-office-one-20170330025931-52422,2802,0,1,1,exterior/493_office-one-office-one_20170330025931_52422.jpg,exterior,493_office-one-office-one_20170330025931_52422.jpg,uploaded,55478,493_office-one-office-one_20170330025931_52422.jpg,https://cdn-strapi.prod.99iddev.net/assets/493_office_one_office_one_20170330025931_52422_7a3122704c.jpg,,
493-office-one-office-one-20170330025932-78699,Media Library/Office Venue/493-office-one-office-one-20170330025932-78699,2803,0,1,1,exterior/493_office-one-office-one_20170330025932_78699.jpg,exterior,493_office-one-office-one_20170330025932_78699.jpg,uploaded,55479,493_office-one-office-one_20170330025932_78699.jpg,https://cdn-strapi.prod.99iddev.net/assets/493_office_one_office_one_20170330025932_78699_5178087186.jpg,,
493-office-one-office-one-20180926064559-75187,Media Library/Office Venue/493-office-one-office-one-20180926064559-75187,2804,0,1,1,exterior/493_office-one-office-one_20180926064559_75187.jpg,exterior,493_office-one-office-one_20180926064559_75187.jpg,uploaded,55480,493_office-one-office-one_20180926064559_75187.jpg,https://cdn-strapi.prod.99iddev.net/assets/493_office_one_office_one_20180926064559_75187_e3de822601.jpg,,
493-office-one-office-one-20180926064600-51129,Media Library/Office Venue/493-office-one-office-one-20180926064600-51129,2805,0,1,1,exterior/493_office-one-office-one_20180926064600_51129.jpg,exterior,493_office-one-office-one_20180926064600_51129.jpg,uploaded,55481,493_office-one-office-one_20180926064600_51129.jpg,https://cdn-strapi.prod.99iddev.net/assets/493_office_one_office_one_20180926064600_51129_d8e012bb31.jpg,,
495-podomoro-city-soho-podomoro-city-20170331111328-79848,Media Library/Office Venue/495-podomoro-city-soho-podomoro-city-20170331111328-79848,2806,0,1,1,floorplan/495_podomoro-city-soho-podomoro-city_20170331111328_79848.jpg,floorplan,495_podomoro-city-soho-podomoro-city_20170331111328_79848.jpg,uploaded,55482,495_podomoro-city-soho-podomoro-city_20170331111328_79848.jpg,https://cdn-strapi.prod.99iddev.net/assets/495_podomoro_city_soho_podomoro_city_20170331111328_79848_314b30ca90.jpg,,
495-podomoro-city-soho-podomoro-city-20170331111329-26815,Media Library/Office Venue/495-podomoro-city-soho-podomoro-city-20170331111329-26815,2807,0,1,1,floorplan/495_podomoro-city-soho-podomoro-city_20170331111329_26815.jpg,floorplan,495_podomoro-city-soho-podomoro-city_20170331111329_26815.jpg,uploaded,55483,495_podomoro-city-soho-podomoro-city_20170331111329_26815.jpg,https://cdn-strapi.prod.99iddev.net/assets/495_podomoro_city_soho_podomoro_city_20170331111329_26815_3bc2bdc1cb.jpg,,
495-podomoro-city-soho-podomoro-city-20170418050336-42535,Media Library/Office Venue/495-podomoro-city-soho-podomoro-city-20170418050336-42535,2808,0,1,1,exterior/495_podomoro-city-soho-podomoro-city_20170418050336_42535.jpg,exterior,495_podomoro-city-soho-podomoro-city_20170418050336_42535.jpg,uploaded,55484,495_podomoro-city-soho-podomoro-city_20170418050336_42535.jpg,https://cdn-strapi.prod.99iddev.net/assets/495_podomoro_city_soho_podomoro_city_20170418050336_42535_6de2da8f31.jpg,,
495-podomoro-city-soho-podomoro-city-20170418050359-68887,Media Library/Office Venue/495-podomoro-city-soho-podomoro-city-20170418050359-68887,2809,0,1,1,exterior/495_podomoro-city-soho-podomoro-city_20170418050359_68887.jpg,exterior,495_podomoro-city-soho-podomoro-city_20170418050359_68887.jpg,uploaded,55485,495_podomoro-city-soho-podomoro-city_20170418050359_68887.jpg,https://cdn-strapi.prod.99iddev.net/assets/495_podomoro_city_soho_podomoro_city_20170418050359_68887_4a71588809.jpg,,
495-podomoro-city-soho-podomoro-city-20171027085923-52759,Media Library/Office Venue/495-podomoro-city-soho-podomoro-city-20171027085923-52759,2810,0,1,1,interior/495_podomoro-city-soho-podomoro-city_20171027085923_52759.jpg,interior,495_podomoro-city-soho-podomoro-city_20171027085923_52759.jpg,uploaded,55486,495_podomoro-city-soho-podomoro-city_20171027085923_52759.jpg,https://cdn-strapi.prod.99iddev.net/assets/495_podomoro_city_soho_podomoro_city_20171027085923_52759_fa2de52017.jpg,,
495-podomoro-city-soho-podomoro-city-20171027085925-97839,Media Library/Office Venue/495-podomoro-city-soho-podomoro-city-20171027085925-97839,2811,0,1,1,interior/495_podomoro-city-soho-podomoro-city_20171027085925_97839.jpg,interior,495_podomoro-city-soho-podomoro-city_20171027085925_97839.jpg,uploaded,55487,495_podomoro-city-soho-podomoro-city_20171027085925_97839.jpg,https://cdn-strapi.prod.99iddev.net/assets/495_podomoro_city_soho_podomoro_city_20171027085925_97839_1d795ee889.jpg,,
495-podomoro-city-soho-podomoro-city-20171027085927-11638,Media Library/Office Venue/495-podomoro-city-soho-podomoro-city-20171027085927-11638,2812,0,1,1,interior/495_podomoro-city-soho-podomoro-city_20171027085927_11638.jpg,interior,495_podomoro-city-soho-podomoro-city_20171027085927_11638.jpg,uploaded,55488,495_podomoro-city-soho-podomoro-city_20171027085927_11638.jpg,https://cdn-strapi.prod.99iddev.net/assets/495_podomoro_city_soho_podomoro_city_20171027085927_11638_977a9df0de.jpg,,
495-podomoro-city-soho-podomoro-city-20171027085929-67955,Media Library/Office Venue/495-podomoro-city-soho-podomoro-city-20171027085929-67955,2813,0,1,1,interior/495_podomoro-city-soho-podomoro-city_20171027085929_67955.jpg,interior,495_podomoro-city-soho-podomoro-city_20171027085929_67955.jpg,uploaded,55489,495_podomoro-city-soho-podomoro-city_20171027085929_67955.jpg,https://cdn-strapi.prod.99iddev.net/assets/495_podomoro_city_soho_podomoro_city_20171027085929_67955_b7c6e01cc2.jpg,,
495-podomoro-city-soho-podomoro-city-20171027085931-96077,Media Library/Office Venue/495-podomoro-city-soho-podomoro-city-20171027085931-96077,2814,0,1,1,interior/495_podomoro-city-soho-podomoro-city_20171027085931_96077.jpg,interior,495_podomoro-city-soho-podomoro-city_20171027085931_96077.jpg,uploaded,55490,495_podomoro-city-soho-podomoro-city_20171027085931_96077.jpg,https://cdn-strapi.prod.99iddev.net/assets/495_podomoro_city_soho_podomoro_city_20171027085931_96077_080cb332be.jpg,,
495-podomoro-city-soho-podomoro-city-20171027085933-22658,Media Library/Office Venue/495-podomoro-city-soho-podomoro-city-20171027085933-22658,2815,0,1,1,interior/495_podomoro-city-soho-podomoro-city_20171027085933_22658.jpg,interior,495_podomoro-city-soho-podomoro-city_20171027085933_22658.jpg,uploaded,55491,495_podomoro-city-soho-podomoro-city_20171027085933_22658.jpg,https://cdn-strapi.prod.99iddev.net/assets/495_podomoro_city_soho_podomoro_city_20171027085933_22658_b683cccf7a.jpg,,
495-podomoro-city-soho-podomoro-city-20171027085935-13762,Media Library/Office Venue/495-podomoro-city-soho-podomoro-city-20171027085935-13762,2816,0,1,1,interior/495_podomoro-city-soho-podomoro-city_20171027085935_13762.jpg,interior,495_podomoro-city-soho-podomoro-city_20171027085935_13762.jpg,uploaded,55492,495_podomoro-city-soho-podomoro-city_20171027085935_13762.jpg,https://cdn-strapi.prod.99iddev.net/assets/495_podomoro_city_soho_podomoro_city_20171027085935_13762_5a6af6130d.jpg,,
495-podomoro-city-soho-podomoro-city-20171027085936-81342,Media Library/Office Venue/495-podomoro-city-soho-podomoro-city-20171027085936-81342,2817,0,1,1,interior/495_podomoro-city-soho-podomoro-city_20171027085936_81342.jpg,interior,495_podomoro-city-soho-podomoro-city_20171027085936_81342.jpg,uploaded,55493,495_podomoro-city-soho-podomoro-city_20171027085936_81342.jpg,https://cdn-strapi.prod.99iddev.net/assets/495_podomoro_city_soho_podomoro_city_20171027085936_81342_2c66a86122.jpg,,
495-podomoro-city-soho-podomoro-city-20171027085938-85438,Media Library/Office Venue/495-podomoro-city-soho-podomoro-city-20171027085938-85438,2818,0,1,1,interior/495_podomoro-city-soho-podomoro-city_20171027085938_85438.jpg,interior,495_podomoro-city-soho-podomoro-city_20171027085938_85438.jpg,uploaded,55494,495_podomoro-city-soho-podomoro-city_20171027085938_85438.jpg,https://cdn-strapi.prod.99iddev.net/assets/495_podomoro_city_soho_podomoro_city_20171027085938_85438_8c6081c91c.jpg,,
495-podomoro-city-soho-podomoro-city-20171027085941-56310,Media Library/Office Venue/495-podomoro-city-soho-podomoro-city-20171027085941-56310,2819,0,1,1,interior/495_podomoro-city-soho-podomoro-city_20171027085941_56310.jpg,interior,495_podomoro-city-soho-podomoro-city_20171027085941_56310.jpg,uploaded,55495,495_podomoro-city-soho-podomoro-city_20171027085941_56310.jpg,https://cdn-strapi.prod.99iddev.net/assets/495_podomoro_city_soho_podomoro_city_20171027085941_56310_2293493b54.jpg,,
495-podomoro-city-soho-podomoro-city-20171027085942-61322,Media Library/Office Venue/495-podomoro-city-soho-podomoro-city-20171027085942-61322,2820,0,1,1,interior/495_podomoro-city-soho-podomoro-city_20171027085942_61322.jpg,interior,495_podomoro-city-soho-podomoro-city_20171027085942_61322.jpg,uploaded,55496,495_podomoro-city-soho-podomoro-city_20171027085942_61322.jpg,https://cdn-strapi.prod.99iddev.net/assets/495_podomoro_city_soho_podomoro_city_20171027085942_61322_bdc6c3d941.jpg,,
495-podomoro-city-soho-podomoro-city-20171027085944-68962,Media Library/Office Venue/495-podomoro-city-soho-podomoro-city-20171027085944-68962,2821,0,1,1,interior/495_podomoro-city-soho-podomoro-city_20171027085944_68962.jpg,interior,495_podomoro-city-soho-podomoro-city_20171027085944_68962.jpg,uploaded,55497,495_podomoro-city-soho-podomoro-city_20171027085944_68962.jpg,https://cdn-strapi.prod.99iddev.net/assets/495_podomoro_city_soho_podomoro_city_20171027085944_68962_5781123960.jpg,,
495-podomoro-city-soho-podomoro-city-20171027085948-50938,Media Library/Office Venue/495-podomoro-city-soho-podomoro-city-20171027085948-50938,2822,0,1,1,interior/495_podomoro-city-soho-podomoro-city_20171027085948_50938.jpg,interior,495_podomoro-city-soho-podomoro-city_20171027085948_50938.jpg,uploaded,55498,495_podomoro-city-soho-podomoro-city_20171027085948_50938.jpg,https://cdn-strapi.prod.99iddev.net/assets/495_podomoro_city_soho_podomoro_city_20171027085948_50938_09f0196e5d.jpg,,
495-podomoro-city-soho-podomoro-city-20171027085950-53624,Media Library/Office Venue/495-podomoro-city-soho-podomoro-city-20171027085950-53624,2823,0,1,1,interior/495_podomoro-city-soho-podomoro-city_20171027085950_53624.jpg,interior,495_podomoro-city-soho-podomoro-city_20171027085950_53624.jpg,uploaded,55499,495_podomoro-city-soho-podomoro-city_20171027085950_53624.jpg,https://cdn-strapi.prod.99iddev.net/assets/495_podomoro_city_soho_podomoro_city_20171027085950_53624_f066f210be.jpg,,
495-podomoro-city-soho-podomoro-city-20171027085952-83732,Media Library/Office Venue/495-podomoro-city-soho-podomoro-city-20171027085952-83732,2824,0,1,1,interior/495_podomoro-city-soho-podomoro-city_20171027085952_83732.jpg,interior,495_podomoro-city-soho-podomoro-city_20171027085952_83732.jpg,uploaded,55500,495_podomoro-city-soho-podomoro-city_20171027085952_83732.jpg,https://cdn-strapi.prod.99iddev.net/assets/495_podomoro_city_soho_podomoro_city_20171027085952_83732_e8216e61b9.jpg,,
495-podomoro-city-soho-podomoro-city-20171027085954-87617,Media Library/Office Venue/495-podomoro-city-soho-podomoro-city-20171027085954-87617,2825,0,1,1,interior/495_podomoro-city-soho-podomoro-city_20171027085954_87617.jpg,interior,495_podomoro-city-soho-podomoro-city_20171027085954_87617.jpg,uploaded,55501,495_podomoro-city-soho-podomoro-city_20171027085954_87617.jpg,https://cdn-strapi.prod.99iddev.net/assets/495_podomoro_city_soho_podomoro_city_20171027085954_87617_68a805db9e.jpg,,
499-altira-altira-office-park-mini-office-20180420064505-57417,Media Library/Office Venue/499-altira-altira-office-park-mini-office-20180420064505-57417,2826,0,1,1,exterior/499_altira-altira-office-park-mini-office_20180420064505_57417.jpg,exterior,499_altira-altira-office-park-mini-office_20180420064505_57417.jpg,uploaded,55502,499_altira-altira-office-park-mini-office_20180420064505_57417.jpg,https://cdn-strapi.prod.99iddev.net/assets/499_altira_altira_office_park_mini_office_20180420064505_57417_a556e933f6.jpg,,
499-altira-altira-office-park-mini-office-20180420064508-21122,Media Library/Office Venue/499-altira-altira-office-park-mini-office-20180420064508-21122,2827,0,1,1,exterior/499_altira-altira-office-park-mini-office_20180420064508_21122.jpg,exterior,499_altira-altira-office-park-mini-office_20180420064508_21122.jpg,uploaded,55503,499_altira-altira-office-park-mini-office_20180420064508_21122.jpg,https://cdn-strapi.prod.99iddev.net/assets/499_altira_altira_office_park_mini_office_20180420064508_21122_b0dc7f29fc.jpg,,
499-altira-altira-office-park-mini-office-20180420064508-37017,Media Library/Office Venue/499-altira-altira-office-park-mini-office-20180420064508-37017,2828,0,1,1,exterior/499_altira-altira-office-park-mini-office_20180420064508_37017.jpg,exterior,499_altira-altira-office-park-mini-office_20180420064508_37017.jpg,uploaded,55504,499_altira-altira-office-park-mini-office_20180420064508_37017.jpg,https://cdn-strapi.prod.99iddev.net/assets/499_altira_altira_office_park_mini_office_20180420064508_37017_f676c3ab8b.jpg,,
499-altira-altira-office-park-mini-office-20180420064508-49620,Media Library/Office Venue/499-altira-altira-office-park-mini-office-20180420064508-49620,2829,0,1,1,exterior/499_altira-altira-office-park-mini-office_20180420064508_49620.jpg,exterior,499_altira-altira-office-park-mini-office_20180420064508_49620.jpg,uploaded,55505,499_altira-altira-office-park-mini-office_20180420064508_49620.jpg,https://cdn-strapi.prod.99iddev.net/assets/499_altira_altira_office_park_mini_office_20180420064508_49620_4d4e8842c1.jpg,,
499-altira-altira-office-park-mini-office-20180420064509-40142,Media Library/Office Venue/499-altira-altira-office-park-mini-office-20180420064509-40142,2830,0,1,1,exterior/499_altira-altira-office-park-mini-office_20180420064509_40142.jpg,exterior,499_altira-altira-office-park-mini-office_20180420064509_40142.jpg,uploaded,55506,499_altira-altira-office-park-mini-office_20180420064509_40142.jpg,https://cdn-strapi.prod.99iddev.net/assets/499_altira_altira_office_park_mini_office_20180420064509_40142_b631b24dee.jpg,,
499-altira-altira-office-park-mini-office-20180420064509-80565,Media Library/Office Venue/499-altira-altira-office-park-mini-office-20180420064509-80565,2831,0,1,1,exterior/499_altira-altira-office-park-mini-office_20180420064509_80565.jpg,exterior,499_altira-altira-office-park-mini-office_20180420064509_80565.jpg,uploaded,55507,499_altira-altira-office-park-mini-office_20180420064509_80565.jpg,https://cdn-strapi.prod.99iddev.net/assets/499_altira_altira_office_park_mini_office_20180420064509_80565_d7f6253c9b.jpg,,
499-altira-altira-office-park-mini-office-20180420064509-83457,Media Library/Office Venue/499-altira-altira-office-park-mini-office-20180420064509-83457,2832,0,1,1,exterior/499_altira-altira-office-park-mini-office_20180420064509_83457.jpg,exterior,499_altira-altira-office-park-mini-office_20180420064509_83457.jpg,uploaded,55508,499_altira-altira-office-park-mini-office_20180420064509_83457.jpg,https://cdn-strapi.prod.99iddev.net/assets/499_altira_altira_office_park_mini_office_20180420064509_83457_822fa52a1e.jpg,,
499-altira-altira-office-park-mini-office-20180420064510-23678,Media Library/Office Venue/499-altira-altira-office-park-mini-office-20180420064510-23678,2833,0,1,1,exterior/499_altira-altira-office-park-mini-office_20180420064510_23678.jpg,exterior,499_altira-altira-office-park-mini-office_20180420064510_23678.jpg,uploaded,55509,499_altira-altira-office-park-mini-office_20180420064510_23678.jpg,https://cdn-strapi.prod.99iddev.net/assets/499_altira_altira_office_park_mini_office_20180420064510_23678_77345a99f2.jpg,,
503-the-smith-alam-sutera-the-smith-20180730062552-91505,Media Library/Office Venue/503-the-smith-alam-sutera-the-smith-20180730062552-91505,2834,0,1,1,floorplan/503_the-smith-alam-sutera-the-smith_20180730062552_91505.jpg,floorplan,503_the-smith-alam-sutera-the-smith_20180730062552_91505.jpg,uploaded,55510,503_the-smith-alam-sutera-the-smith_20180730062552_91505.jpg,https://cdn-strapi.prod.99iddev.net/assets/503_the_smith_alam_sutera_the_smith_20180730062552_91505_ae865ae410.jpg,,
503-the-smith-alam-sutera-the-smith-20180730062553-58501,Media Library/Office Venue/503-the-smith-alam-sutera-the-smith-20180730062553-58501,2835,0,1,1,floorplan/503_the-smith-alam-sutera-the-smith_20180730062553_58501.jpg,floorplan,503_the-smith-alam-sutera-the-smith_20180730062553_58501.jpg,uploaded,55511,503_the-smith-alam-sutera-the-smith_20180730062553_58501.jpg,https://cdn-strapi.prod.99iddev.net/assets/503_the_smith_alam_sutera_the_smith_20180730062553_58501_5a594d589e.jpg,,
503-the-smith-alam-sutera-the-smith-20180730062554-67613,Media Library/Office Venue/503-the-smith-alam-sutera-the-smith-20180730062554-67613,2836,0,1,1,floorplan/503_the-smith-alam-sutera-the-smith_20180730062554_67613.jpg,floorplan,503_the-smith-alam-sutera-the-smith_20180730062554_67613.jpg,uploaded,55512,503_the-smith-alam-sutera-the-smith_20180730062554_67613.jpg,https://cdn-strapi.prod.99iddev.net/assets/503_the_smith_alam_sutera_the_smith_20180730062554_67613_bf669d48e5.jpg,,
507-the-mansion-bougenville-fontana-office-tower-20170421084846-77039,Media Library/Office Venue/507-the-mansion-bougenville-fontana-office-tower-20170421084846-77039,2837,0,1,1,floorplan/507_the-mansion-bougenville-fontana-office-tower_20170421084846_77039.jpg,floorplan,507_the-mansion-bougenville-fontana-office-tower_20170421084846_77039.jpg,uploaded,55513,507_the-mansion-bougenville-fontana-office-tower_20170421084846_77039.jpg,https://cdn-strapi.prod.99iddev.net/assets/507_the_mansion_bougenville_fontana_office_tower_20170421084846_77039_0a23dbab6d.jpg,,
507-the-mansion-bougenville-fontana-office-tower-20170421084852-90156,Media Library/Office Venue/507-the-mansion-bougenville-fontana-office-tower-20170421084852-90156,2838,0,1,1,floorplan/507_the-mansion-bougenville-fontana-office-tower_20170421084852_90156.jpg,floorplan,507_the-mansion-bougenville-fontana-office-tower_20170421084852_90156.jpg,uploaded,55514,507_the-mansion-bougenville-fontana-office-tower_20170421084852_90156.jpg,https://cdn-strapi.prod.99iddev.net/assets/507_the_mansion_bougenville_fontana_office_tower_20170421084852_90156_b6eb871b12.jpg,,
507-the-mansion-bougenville-fontana-office-tower-20170421084857-86013,Media Library/Office Venue/507-the-mansion-bougenville-fontana-office-tower-20170421084857-86013,2839,0,1,1,floorplan/507_the-mansion-bougenville-fontana-office-tower_20170421084857_86013.jpg,floorplan,507_the-mansion-bougenville-fontana-office-tower_20170421084857_86013.jpg,uploaded,55515,507_the-mansion-bougenville-fontana-office-tower_20170421084857_86013.jpg,https://cdn-strapi.prod.99iddev.net/assets/507_the_mansion_bougenville_fontana_office_tower_20170421084857_86013_b3f885a7a6.jpg,,
507-the-mansion-bougenville-fontana-office-tower-20170421084904-84364,Media Library/Office Venue/507-the-mansion-bougenville-fontana-office-tower-20170421084904-84364,2840,0,1,1,floorplan/507_the-mansion-bougenville-fontana-office-tower_20170421084904_84364.jpg,floorplan,507_the-mansion-bougenville-fontana-office-tower_20170421084904_84364.jpg,uploaded,55516,507_the-mansion-bougenville-fontana-office-tower_20170421084904_84364.jpg,https://cdn-strapi.prod.99iddev.net/assets/507_the_mansion_bougenville_fontana_office_tower_20170421084904_84364_713e36a7e5.jpg,,
507-the-mansion-bougenville-fontana-office-tower-20170421084909-24964,Media Library/Office Venue/507-the-mansion-bougenville-fontana-office-tower-20170421084909-24964,2841,0,1,1,floorplan/507_the-mansion-bougenville-fontana-office-tower_20170421084909_24964.jpg,floorplan,507_the-mansion-bougenville-fontana-office-tower_20170421084909_24964.jpg,uploaded,55517,507_the-mansion-bougenville-fontana-office-tower_20170421084909_24964.jpg,https://cdn-strapi.prod.99iddev.net/assets/507_the_mansion_bougenville_fontana_office_tower_20170421084909_24964_fc75901b32.jpg,,
507-the-mansion-bougenville-fontana-office-tower-20170421084915-10451,Media Library/Office Venue/507-the-mansion-bougenville-fontana-office-tower-20170421084915-10451,2842,0,1,1,floorplan/507_the-mansion-bougenville-fontana-office-tower_20170421084915_10451.jpg,floorplan,507_the-mansion-bougenville-fontana-office-tower_20170421084915_10451.jpg,uploaded,55518,507_the-mansion-bougenville-fontana-office-tower_20170421084915_10451.jpg,https://cdn-strapi.prod.99iddev.net/assets/507_the_mansion_bougenville_fontana_office_tower_20170421084915_10451_6eb84b2240.jpg,,
507-the-mansion-bougenville-fontana-office-tower-20170421085233-32484,Media Library/Office Venue/507-the-mansion-bougenville-fontana-office-tower-20170421085233-32484,2843,0,1,1,floorplan/507_the-mansion-bougenville-fontana-office-tower_20170421085233_32484.jpg,floorplan,507_the-mansion-bougenville-fontana-office-tower_20170421085233_32484.jpg,uploaded,55519,507_the-mansion-bougenville-fontana-office-tower_20170421085233_32484.jpg,https://cdn-strapi.prod.99iddev.net/assets/507_the_mansion_bougenville_fontana_office_tower_20170421085233_32484_c6a83021e3.jpg,,
507-the-mansion-bougenville-fontana-office-tower-20170421085541-13127,Media Library/Office Venue/507-the-mansion-bougenville-fontana-office-tower-20170421085541-13127,2844,0,1,1,floorplan/507_the-mansion-bougenville-fontana-office-tower_20170421085541_13127.jpg,floorplan,507_the-mansion-bougenville-fontana-office-tower_20170421085541_13127.jpg,uploaded,55520,507_the-mansion-bougenville-fontana-office-tower_20170421085541_13127.jpg,https://cdn-strapi.prod.99iddev.net/assets/507_the_mansion_bougenville_fontana_office_tower_20170421085541_13127_70a5b51282.jpg,,
507-the-mansion-bougenville-fontana-office-tower-20170421085548-23589,Media Library/Office Venue/507-the-mansion-bougenville-fontana-office-tower-20170421085548-23589,2845,0,1,1,floorplan/507_the-mansion-bougenville-fontana-office-tower_20170421085548_23589.jpg,floorplan,507_the-mansion-bougenville-fontana-office-tower_20170421085548_23589.jpg,uploaded,55521,507_the-mansion-bougenville-fontana-office-tower_20170421085548_23589.jpg,https://cdn-strapi.prod.99iddev.net/assets/507_the_mansion_bougenville_fontana_office_tower_20170421085548_23589_62db657733.jpg,,
507-the-mansion-bougenville-fontana-office-tower-20170421085605-36728,Media Library/Office Venue/507-the-mansion-bougenville-fontana-office-tower-20170421085605-36728,2846,0,1,1,floorplan/507_the-mansion-bougenville-fontana-office-tower_20170421085605_36728.jpg,floorplan,507_the-mansion-bougenville-fontana-office-tower_20170421085605_36728.jpg,uploaded,55522,507_the-mansion-bougenville-fontana-office-tower_20170421085605_36728.jpg,https://cdn-strapi.prod.99iddev.net/assets/507_the_mansion_bougenville_fontana_office_tower_20170421085605_36728_3589f115bc.jpg,,
507-the-mansion-bougenville-fontana-office-tower-20170421085836-95032,Media Library/Office Venue/507-the-mansion-bougenville-fontana-office-tower-20170421085836-95032,2847,0,1,1,floorplan/507_the-mansion-bougenville-fontana-office-tower_20170421085836_95032.jpg,floorplan,507_the-mansion-bougenville-fontana-office-tower_20170421085836_95032.jpg,uploaded,55523,507_the-mansion-bougenville-fontana-office-tower_20170421085836_95032.jpg,https://cdn-strapi.prod.99iddev.net/assets/507_the_mansion_bougenville_fontana_office_tower_20170421085836_95032_be00152e87.jpg,,
507-the-mansion-bougenville-fontana-office-tower-20170421085842-42922,Media Library/Office Venue/507-the-mansion-bougenville-fontana-office-tower-20170421085842-42922,2848,0,1,1,floorplan/507_the-mansion-bougenville-fontana-office-tower_20170421085842_42922.jpg,floorplan,507_the-mansion-bougenville-fontana-office-tower_20170421085842_42922.jpg,uploaded,55524,507_the-mansion-bougenville-fontana-office-tower_20170421085842_42922.jpg,https://cdn-strapi.prod.99iddev.net/assets/507_the_mansion_bougenville_fontana_office_tower_20170421085842_42922_96414997ba.jpg,,
507-the-mansion-bougenville-fontana-office-tower-20200722165900-79294,Media Library/Office Venue/507-the-mansion-bougenville-fontana-office-tower-20200722165900-79294,2849,0,1,1,exterior/507_the-mansion-bougenville-fontana-office-tower_20200722165900_79294.jpg,exterior,507_the-mansion-bougenville-fontana-office-tower_20200722165900_79294.jpg,uploaded,55525,507_the-mansion-bougenville-fontana-office-tower_20200722165900_79294.jpg,https://cdn-strapi.prod.99iddev.net/assets/507_the_mansion_bougenville_fontana_office_tower_20200722165900_79294_87fe76fe26.jpg,,
521-bellezza-bellezza-shopping-arcade-20170612032850-69192,Media Library/Office Venue/521-bellezza-bellezza-shopping-arcade-20170612032850-69192,2850,0,1,1,exterior/521_bellezza-bellezza-shopping-arcade_20170612032850_69192.jpg,exterior,521_bellezza-bellezza-shopping-arcade_20170612032850_69192.jpg,uploaded,55526,521_bellezza-bellezza-shopping-arcade_20170612032850_69192.jpg,https://cdn-strapi.prod.99iddev.net/assets/521_bellezza_bellezza_shopping_arcade_20170612032850_69192_8000ed3356.jpg,,
521-bellezza-bellezza-shopping-arcade-20170612033009-24187,Media Library/Office Venue/521-bellezza-bellezza-shopping-arcade-20170612033009-24187,2851,0,1,1,interior/521_bellezza-bellezza-shopping-arcade_20170612033009_24187.jpg,interior,521_bellezza-bellezza-shopping-arcade_20170612033009_24187.jpg,uploaded,55527,521_bellezza-bellezza-shopping-arcade_20170612033009_24187.jpg,https://cdn-strapi.prod.99iddev.net/assets/521_bellezza_bellezza_shopping_arcade_20170612033009_24187_6098f4efb5.jpg,,
521-bellezza-bellezza-shopping-arcade-20170612033017-16556,Media Library/Office Venue/521-bellezza-bellezza-shopping-arcade-20170612033017-16556,2852,0,1,1,interior/521_bellezza-bellezza-shopping-arcade_20170612033017_16556.jpg,interior,521_bellezza-bellezza-shopping-arcade_20170612033017_16556.jpg,uploaded,55528,521_bellezza-bellezza-shopping-arcade_20170612033017_16556.jpg,https://cdn-strapi.prod.99iddev.net/assets/521_bellezza_bellezza_shopping_arcade_20170612033017_16556_93853f60fd.jpg,,
521-bellezza-bellezza-shopping-arcade-20170612033027-69141,Media Library/Office Venue/521-bellezza-bellezza-shopping-arcade-20170612033027-69141,2853,0,1,1,interior/521_bellezza-bellezza-shopping-arcade_20170612033027_69141.jpg,interior,521_bellezza-bellezza-shopping-arcade_20170612033027_69141.jpg,uploaded,55529,521_bellezza-bellezza-shopping-arcade_20170612033027_69141.jpg,https://cdn-strapi.prod.99iddev.net/assets/521_bellezza_bellezza_shopping_arcade_20170612033027_69141_054767bed0.jpg,,
521-bellezza-bellezza-shopping-arcade-20170612033036-75115,Media Library/Office Venue/521-bellezza-bellezza-shopping-arcade-20170612033036-75115,2854,0,1,1,interior/521_bellezza-bellezza-shopping-arcade_20170612033036_75115.jpg,interior,521_bellezza-bellezza-shopping-arcade_20170612033036_75115.jpg,uploaded,55530,521_bellezza-bellezza-shopping-arcade_20170612033036_75115.jpg,https://cdn-strapi.prod.99iddev.net/assets/521_bellezza_bellezza_shopping_arcade_20170612033036_75115_12b5fb239c.jpg,,
521-bellezza-bellezza-shopping-arcade-20170612033044-81168,Media Library/Office Venue/521-bellezza-bellezza-shopping-arcade-20170612033044-81168,2855,0,1,1,interior/521_bellezza-bellezza-shopping-arcade_20170612033044_81168.jpg,interior,521_bellezza-bellezza-shopping-arcade_20170612033044_81168.jpg,uploaded,55531,521_bellezza-bellezza-shopping-arcade_20170612033044_81168.jpg,https://cdn-strapi.prod.99iddev.net/assets/521_bellezza_bellezza_shopping_arcade_20170612033044_81168_aaab3ee8a5.jpg,,
521-bellezza-bellezza-shopping-arcade-20170612033106-42592,Media Library/Office Venue/521-bellezza-bellezza-shopping-arcade-20170612033106-42592,2856,0,1,1,interior/521_bellezza-bellezza-shopping-arcade_20170612033106_42592.jpg,interior,521_bellezza-bellezza-shopping-arcade_20170612033106_42592.jpg,uploaded,55532,521_bellezza-bellezza-shopping-arcade_20170612033106_42592.jpg,https://cdn-strapi.prod.99iddev.net/assets/521_bellezza_bellezza_shopping_arcade_20170612033106_42592_7d96f73b04.jpg,,
521-bellezza-bellezza-shopping-arcade-20170612033114-65339,Media Library/Office Venue/521-bellezza-bellezza-shopping-arcade-20170612033114-65339,2857,0,1,1,interior/521_bellezza-bellezza-shopping-arcade_20170612033114_65339.jpg,interior,521_bellezza-bellezza-shopping-arcade_20170612033114_65339.jpg,uploaded,55533,521_bellezza-bellezza-shopping-arcade_20170612033114_65339.jpg,https://cdn-strapi.prod.99iddev.net/assets/521_bellezza_bellezza_shopping_arcade_20170612033114_65339_3b86a13816.jpg,,
521-bellezza-bellezza-shopping-arcade-20170612033337-90115,Media Library/Office Venue/521-bellezza-bellezza-shopping-arcade-20170612033337-90115,2858,0,1,1,interior/521_bellezza-bellezza-shopping-arcade_20170612033337_90115.jpg,interior,521_bellezza-bellezza-shopping-arcade_20170612033337_90115.jpg,uploaded,55534,521_bellezza-bellezza-shopping-arcade_20170612033337_90115.jpg,https://cdn-strapi.prod.99iddev.net/assets/521_bellezza_bellezza_shopping_arcade_20170612033337_90115_767cab9df3.jpg,,
521-bellezza-bellezza-shopping-arcade-20170612033402-70555,Media Library/Office Venue/521-bellezza-bellezza-shopping-arcade-20170612033402-70555,2859,0,1,1,interior/521_bellezza-bellezza-shopping-arcade_20170612033402_70555.jpg,interior,521_bellezza-bellezza-shopping-arcade_20170612033402_70555.jpg,uploaded,55535,521_bellezza-bellezza-shopping-arcade_20170612033402_70555.jpg,https://cdn-strapi.prod.99iddev.net/assets/521_bellezza_bellezza_shopping_arcade_20170612033402_70555_f389a10572.jpg,,
521-bellezza-bellezza-shopping-arcade-20170612033408-89500,Media Library/Office Venue/521-bellezza-bellezza-shopping-arcade-20170612033408-89500,2860,0,1,1,interior/521_bellezza-bellezza-shopping-arcade_20170612033408_89500.jpg,interior,521_bellezza-bellezza-shopping-arcade_20170612033408_89500.jpg,uploaded,55536,521_bellezza-bellezza-shopping-arcade_20170612033408_89500.jpg,https://cdn-strapi.prod.99iddev.net/assets/521_bellezza_bellezza_shopping_arcade_20170612033408_89500_6bbcfde468.jpg,,
521-bellezza-bellezza-shopping-arcade-20170612033421-16133,Media Library/Office Venue/521-bellezza-bellezza-shopping-arcade-20170612033421-16133,2861,0,1,1,interior/521_bellezza-bellezza-shopping-arcade_20170612033421_16133.jpg,interior,521_bellezza-bellezza-shopping-arcade_20170612033421_16133.jpg,uploaded,55537,521_bellezza-bellezza-shopping-arcade_20170612033421_16133.jpg,https://cdn-strapi.prod.99iddev.net/assets/521_bellezza_bellezza_shopping_arcade_20170612033421_16133_1563b80fa3.jpg,,
521-bellezza-bellezza-shopping-arcade-20170612034718-87265,Media Library/Office Venue/521-bellezza-bellezza-shopping-arcade-20170612034718-87265,2862,0,1,1,floorplan/521_bellezza-bellezza-shopping-arcade_20170612034718_87265.jpg,floorplan,521_bellezza-bellezza-shopping-arcade_20170612034718_87265.jpg,uploaded,55538,521_bellezza-bellezza-shopping-arcade_20170612034718_87265.jpg,https://cdn-strapi.prod.99iddev.net/assets/521_bellezza_bellezza_shopping_arcade_20170612034718_87265_e835477a1b.jpg,,
521-bellezza-bellezza-shopping-arcade-20170612034727-91664,Media Library/Office Venue/521-bellezza-bellezza-shopping-arcade-20170612034727-91664,2863,0,1,1,floorplan/521_bellezza-bellezza-shopping-arcade_20170612034727_91664.jpg,floorplan,521_bellezza-bellezza-shopping-arcade_20170612034727_91664.jpg,uploaded,55539,521_bellezza-bellezza-shopping-arcade_20170612034727_91664.jpg,https://cdn-strapi.prod.99iddev.net/assets/521_bellezza_bellezza_shopping_arcade_20170612034727_91664_405876f0bd.jpg,,
521-bellezza-bellezza-shopping-arcade-20170612034732-56139,Media Library/Office Venue/521-bellezza-bellezza-shopping-arcade-20170612034732-56139,2864,0,1,1,floorplan/521_bellezza-bellezza-shopping-arcade_20170612034732_56139.jpg,floorplan,521_bellezza-bellezza-shopping-arcade_20170612034732_56139.jpg,uploaded,55540,521_bellezza-bellezza-shopping-arcade_20170612034732_56139.jpg,https://cdn-strapi.prod.99iddev.net/assets/521_bellezza_bellezza_shopping_arcade_20170612034732_56139_245900fbe3.jpg,,
521-bellezza-bellezza-shopping-arcade-20171024043902-66221,Media Library/Office Venue/521-bellezza-bellezza-shopping-arcade-20171024043902-66221,2865,0,1,1,interior/521_bellezza-bellezza-shopping-arcade_20171024043902_66221.jpg,interior,521_bellezza-bellezza-shopping-arcade_20171024043902_66221.jpg,uploaded,55541,521_bellezza-bellezza-shopping-arcade_20171024043902_66221.jpg,https://cdn-strapi.prod.99iddev.net/assets/521_bellezza_bellezza_shopping_arcade_20171024043902_66221_60dba937d4.jpg,,
521-bellezza-bellezza-shopping-arcade-20171024043905-54701,Media Library/Office Venue/521-bellezza-bellezza-shopping-arcade-20171024043905-54701,2866,0,1,1,interior/521_bellezza-bellezza-shopping-arcade_20171024043905_54701.jpg,interior,521_bellezza-bellezza-shopping-arcade_20171024043905_54701.jpg,uploaded,55542,521_bellezza-bellezza-shopping-arcade_20171024043905_54701.jpg,https://cdn-strapi.prod.99iddev.net/assets/521_bellezza_bellezza_shopping_arcade_20171024043905_54701_6b04873ba1.jpg,,
524-intirub-business-park-intirub-business-park-20170913060741-83105,Media Library/Office Venue/524-intirub-business-park-intirub-business-park-20170913060741-83105,2867,0,1,1,interior/524_intirub-business-park-intirub-business-park_20170913060741_83105.jpg,interior,524_intirub-business-park-intirub-business-park_20170913060741_83105.jpg,uploaded,55543,524_intirub-business-park-intirub-business-park_20170913060741_83105.jpg,https://cdn-strapi.prod.99iddev.net/assets/524_intirub_business_park_intirub_business_park_20170913060741_83105_074071841d.jpg,,
524-intirub-business-park-intirub-business-park-20170913060743-42639,Media Library/Office Venue/524-intirub-business-park-intirub-business-park-20170913060743-42639,2868,0,1,1,interior/524_intirub-business-park-intirub-business-park_20170913060743_42639.jpg,interior,524_intirub-business-park-intirub-business-park_20170913060743_42639.jpg,uploaded,55544,524_intirub-business-park-intirub-business-park_20170913060743_42639.jpg,https://cdn-strapi.prod.99iddev.net/assets/524_intirub_business_park_intirub_business_park_20170913060743_42639_50ff1060c5.jpg,,
524-intirub-business-park-intirub-business-park-20170913060745-49610,Media Library/Office Venue/524-intirub-business-park-intirub-business-park-20170913060745-49610,2869,0,1,1,interior/524_intirub-business-park-intirub-business-park_20170913060745_49610.jpg,interior,524_intirub-business-park-intirub-business-park_20170913060745_49610.jpg,uploaded,55545,524_intirub-business-park-intirub-business-park_20170913060745_49610.jpg,https://cdn-strapi.prod.99iddev.net/assets/524_intirub_business_park_intirub_business_park_20170913060745_49610_16ab7ab3c0.jpg,,
524-intirub-business-park-intirub-business-park-20170913060747-14050,Media Library/Office Venue/524-intirub-business-park-intirub-business-park-20170913060747-14050,2870,0,1,1,interior/524_intirub-business-park-intirub-business-park_20170913060747_14050.jpg,interior,524_intirub-business-park-intirub-business-park_20170913060747_14050.jpg,uploaded,55546,524_intirub-business-park-intirub-business-park_20170913060747_14050.jpg,https://cdn-strapi.prod.99iddev.net/assets/524_intirub_business_park_intirub_business_park_20170913060747_14050_827edae07d.jpg,,
524-intirub-business-park-intirub-business-park-20180417083258-67060,Media Library/Office Venue/524-intirub-business-park-intirub-business-park-20180417083258-67060,2871,0,1,1,interior/524_intirub-business-park-intirub-business-park_20180417083258_67060.jpg,interior,524_intirub-business-park-intirub-business-park_20180417083258_67060.jpg,uploaded,55547,524_intirub-business-park-intirub-business-park_20180417083258_67060.jpg,https://cdn-strapi.prod.99iddev.net/assets/524_intirub_business_park_intirub_business_park_20180417083258_67060_b277ddd9da.jpg,,
524-intirub-business-park-intirub-business-park-20180417083259-62832,Media Library/Office Venue/524-intirub-business-park-intirub-business-park-20180417083259-62832,2872,0,1,1,interior/524_intirub-business-park-intirub-business-park_20180417083259_62832.jpg,interior,524_intirub-business-park-intirub-business-park_20180417083259_62832.jpg,uploaded,55548,524_intirub-business-park-intirub-business-park_20180417083259_62832.jpg,https://cdn-strapi.prod.99iddev.net/assets/524_intirub_business_park_intirub_business_park_20180417083259_62832_5105ebccac.jpg,,
524-intirub-business-park-intirub-business-park-20180417083259-92498,Media Library/Office Venue/524-intirub-business-park-intirub-business-park-20180417083259-92498,2873,0,1,1,interior/524_intirub-business-park-intirub-business-park_20180417083259_92498.jpg,interior,524_intirub-business-park-intirub-business-park_20180417083259_92498.jpg,uploaded,55549,524_intirub-business-park-intirub-business-park_20180417083259_92498.jpg,https://cdn-strapi.prod.99iddev.net/assets/524_intirub_business_park_intirub_business_park_20180417083259_92498_6878b0960f.jpg,,
524-intirub-business-park-intirub-business-park-20180417083300-52065,Media Library/Office Venue/524-intirub-business-park-intirub-business-park-20180417083300-52065,2874,0,1,1,interior/524_intirub-business-park-intirub-business-park_20180417083300_52065.jpg,interior,524_intirub-business-park-intirub-business-park_20180417083300_52065.jpg,uploaded,55550,524_intirub-business-park-intirub-business-park_20180417083300_52065.jpg,https://cdn-strapi.prod.99iddev.net/assets/524_intirub_business_park_intirub_business_park_20180417083300_52065_8f37df13c3.jpg,,
524-intirub-business-park-intirub-business-park-20180417083300-87808,Media Library/Office Venue/524-intirub-business-park-intirub-business-park-20180417083300-87808,2875,0,1,1,interior/524_intirub-business-park-intirub-business-park_20180417083300_87808.jpg,interior,524_intirub-business-park-intirub-business-park_20180417083300_87808.jpg,uploaded,55551,524_intirub-business-park-intirub-business-park_20180417083300_87808.jpg,https://cdn-strapi.prod.99iddev.net/assets/524_intirub_business_park_intirub_business_park_20180417083300_87808_9a83ea2dcf.jpg,,
524-intirub-business-park-intirub-business-park-20180417083259901,Media Library/Office Venue/524-intirub-business-park-intirub-business-park-20180417083259901,2876,0,1,1,interior/524_intirub-business-park-intirub-business-park_20180417083259_29901.jpg,interior,524_intirub-business-park-intirub-business-park_20180417083259_29901.jpg,uploaded,55552,524_intirub-business-park-intirub-business-park_20180417083259_29901.jpg,https://cdn-strapi.prod.99iddev.net/assets/524_intirub_business_park_intirub_business_park_20180417083259_29901_f12826064e.jpg,,
528-graha-tirtadi-graha-tirtadi-antasari-20180718044246-15272,Media Library/Office Venue/528-graha-tirtadi-graha-tirtadi-antasari-20180718044246-15272,2877,0,1,1,interior/528_graha-tirtadi-graha-tirtadi-antasari_20180718044246_15272.jpg,interior,528_graha-tirtadi-graha-tirtadi-antasari_20180718044246_15272.jpg,uploaded,55553,528_graha-tirtadi-graha-tirtadi-antasari_20180718044246_15272.jpg,https://cdn-strapi.prod.99iddev.net/assets/528_graha_tirtadi_graha_tirtadi_antasari_20180718044246_15272_aca899cd1d.jpg,,
528-graha-tirtadi-graha-tirtadi-antasari-20180718044247-34377,Media Library/Office Venue/528-graha-tirtadi-graha-tirtadi-antasari-20180718044247-34377,2878,0,1,1,interior/528_graha-tirtadi-graha-tirtadi-antasari_20180718044247_34377.jpg,interior,528_graha-tirtadi-graha-tirtadi-antasari_20180718044247_34377.jpg,uploaded,55554,528_graha-tirtadi-graha-tirtadi-antasari_20180718044247_34377.jpg,https://cdn-strapi.prod.99iddev.net/assets/528_graha_tirtadi_graha_tirtadi_antasari_20180718044247_34377_981e2e0708.jpg,,
528-graha-tirtadi-graha-tirtadi-antasari-20180718044247-34468,Media Library/Office Venue/528-graha-tirtadi-graha-tirtadi-antasari-20180718044247-34468,2879,0,1,1,interior/528_graha-tirtadi-graha-tirtadi-antasari_20180718044247_34468.jpg,interior,528_graha-tirtadi-graha-tirtadi-antasari_20180718044247_34468.jpg,uploaded,55555,528_graha-tirtadi-graha-tirtadi-antasari_20180718044247_34468.jpg,https://cdn-strapi.prod.99iddev.net/assets/528_graha_tirtadi_graha_tirtadi_antasari_20180718044247_34468_3a8361c1bc.jpg,,
528-graha-tirtadi-graha-tirtadi-antasari-20180718044247-88315,Media Library/Office Venue/528-graha-tirtadi-graha-tirtadi-antasari-20180718044247-88315,2880,0,1,1,interior/528_graha-tirtadi-graha-tirtadi-antasari_20180718044247_88315.jpg,interior,528_graha-tirtadi-graha-tirtadi-antasari_20180718044247_88315.jpg,uploaded,55556,528_graha-tirtadi-graha-tirtadi-antasari_20180718044247_88315.jpg,https://cdn-strapi.prod.99iddev.net/assets/528_graha_tirtadi_graha_tirtadi_antasari_20180718044247_88315_c8ff0689a8.jpg,,
528-graha-tirtadi-graha-tirtadi-antasari-20180718044247-92636,Media Library/Office Venue/528-graha-tirtadi-graha-tirtadi-antasari-20180718044247-92636,2881,0,1,1,interior/528_graha-tirtadi-graha-tirtadi-antasari_20180718044247_92636.jpg,interior,528_graha-tirtadi-graha-tirtadi-antasari_20180718044247_92636.jpg,uploaded,55557,528_graha-tirtadi-graha-tirtadi-antasari_20180718044247_92636.jpg,https://cdn-strapi.prod.99iddev.net/assets/528_graha_tirtadi_graha_tirtadi_antasari_20180718044247_92636_c777a7db29.jpg,,
528-graha-tirtadi-graha-tirtadi-antasari-20180718044248-14673,Media Library/Office Venue/528-graha-tirtadi-graha-tirtadi-antasari-20180718044248-14673,2882,0,1,1,interior/528_graha-tirtadi-graha-tirtadi-antasari_20180718044248_14673.jpg,interior,528_graha-tirtadi-graha-tirtadi-antasari_20180718044248_14673.jpg,uploaded,55558,528_graha-tirtadi-graha-tirtadi-antasari_20180718044248_14673.jpg,https://cdn-strapi.prod.99iddev.net/assets/528_graha_tirtadi_graha_tirtadi_antasari_20180718044248_14673_ed8135d0cd.jpg,,
528-graha-tirtadi-graha-tirtadi-antasari-20180718044248-42939,Media Library/Office Venue/528-graha-tirtadi-graha-tirtadi-antasari-20180718044248-42939,2883,0,1,1,interior/528_graha-tirtadi-graha-tirtadi-antasari_20180718044248_42939.jpg,interior,528_graha-tirtadi-graha-tirtadi-antasari_20180718044248_42939.jpg,uploaded,55559,528_graha-tirtadi-graha-tirtadi-antasari_20180718044248_42939.jpg,https://cdn-strapi.prod.99iddev.net/assets/528_graha_tirtadi_graha_tirtadi_antasari_20180718044248_42939_82d134f7a0.jpg,,
528-graha-tirtadi-graha-tirtadi-antasari-20180718044248-62286,Media Library/Office Venue/528-graha-tirtadi-graha-tirtadi-antasari-20180718044248-62286,2884,0,1,1,interior/528_graha-tirtadi-graha-tirtadi-antasari_20180718044248_62286.jpg,interior,528_graha-tirtadi-graha-tirtadi-antasari_20180718044248_62286.jpg,uploaded,55560,528_graha-tirtadi-graha-tirtadi-antasari_20180718044248_62286.jpg,https://cdn-strapi.prod.99iddev.net/assets/528_graha_tirtadi_graha_tirtadi_antasari_20180718044248_62286_f4361e8354.jpg,,
528-graha-tirtadi-graha-tirtadi-antasari-20180718044248-94536,Media Library/Office Venue/528-graha-tirtadi-graha-tirtadi-antasari-20180718044248-94536,2885,0,1,1,interior/528_graha-tirtadi-graha-tirtadi-antasari_20180718044248_94536.jpg,interior,528_graha-tirtadi-graha-tirtadi-antasari_20180718044248_94536.jpg,uploaded,55561,528_graha-tirtadi-graha-tirtadi-antasari_20180718044248_94536.jpg,https://cdn-strapi.prod.99iddev.net/assets/528_graha_tirtadi_graha_tirtadi_antasari_20180718044248_94536_ef86b24ef6.jpg,,
528-graha-tirtadi-graha-tirtadi-antasari-20180718044249-30107,Media Library/Office Venue/528-graha-tirtadi-graha-tirtadi-antasari-20180718044249-30107,2886,0,1,1,interior/528_graha-tirtadi-graha-tirtadi-antasari_20180718044249_30107.jpg,interior,528_graha-tirtadi-graha-tirtadi-antasari_20180718044249_30107.jpg,uploaded,55562,528_graha-tirtadi-graha-tirtadi-antasari_20180718044249_30107.jpg,https://cdn-strapi.prod.99iddev.net/assets/528_graha_tirtadi_graha_tirtadi_antasari_20180718044249_30107_0f7c7d7f7c.jpg,,
528-graha-tirtadi-graha-tirtadi-antasari-20180718044249-44216,Media Library/Office Venue/528-graha-tirtadi-graha-tirtadi-antasari-20180718044249-44216,2887,0,1,1,interior/528_graha-tirtadi-graha-tirtadi-antasari_20180718044249_44216.jpg,interior,528_graha-tirtadi-graha-tirtadi-antasari_20180718044249_44216.jpg,uploaded,55563,528_graha-tirtadi-graha-tirtadi-antasari_20180718044249_44216.jpg,https://cdn-strapi.prod.99iddev.net/assets/528_graha_tirtadi_graha_tirtadi_antasari_20180718044249_44216_7ec597e958.jpg,,
528-graha-tirtadi-graha-tirtadi-antasari-20180718044249-77526,Media Library/Office Venue/528-graha-tirtadi-graha-tirtadi-antasari-20180718044249-77526,2888,0,1,1,interior/528_graha-tirtadi-graha-tirtadi-antasari_20180718044249_77526.jpg,interior,528_graha-tirtadi-graha-tirtadi-antasari_20180718044249_77526.jpg,uploaded,55564,528_graha-tirtadi-graha-tirtadi-antasari_20180718044249_77526.jpg,https://cdn-strapi.prod.99iddev.net/assets/528_graha_tirtadi_graha_tirtadi_antasari_20180718044249_77526_320cea1056.jpg,,
528-graha-tirtadi-graha-tirtadi-antasari-20180718044250-18843,Media Library/Office Venue/528-graha-tirtadi-graha-tirtadi-antasari-20180718044250-18843,2889,0,1,1,interior/528_graha-tirtadi-graha-tirtadi-antasari_20180718044250_18843.jpg,interior,528_graha-tirtadi-graha-tirtadi-antasari_20180718044250_18843.jpg,uploaded,55565,528_graha-tirtadi-graha-tirtadi-antasari_20180718044250_18843.jpg,https://cdn-strapi.prod.99iddev.net/assets/528_graha_tirtadi_graha_tirtadi_antasari_20180718044250_18843_1f6ae916f5.jpg,,
528-graha-tirtadi-graha-tirtadi-antasari-20180718044250-76767,Media Library/Office Venue/528-graha-tirtadi-graha-tirtadi-antasari-20180718044250-76767,2890,0,1,1,interior/528_graha-tirtadi-graha-tirtadi-antasari_20180718044250_76767.jpg,interior,528_graha-tirtadi-graha-tirtadi-antasari_20180718044250_76767.jpg,uploaded,55566,528_graha-tirtadi-graha-tirtadi-antasari_20180718044250_76767.jpg,https://cdn-strapi.prod.99iddev.net/assets/528_graha_tirtadi_graha_tirtadi_antasari_20180718044250_76767_a6a3fb1c72.jpg,,
529-wisma-nugraha-wisma-nugraha-20180411091628-81735,Media Library/Office Venue/529-wisma-nugraha-wisma-nugraha-20180411091628-81735,2891,0,1,1,interior/529_wisma-nugraha-wisma-nugraha_20180411091628_81735.jpg,interior,529_wisma-nugraha-wisma-nugraha_20180411091628_81735.jpg,uploaded,55567,529_wisma-nugraha-wisma-nugraha_20180411091628_81735.jpg,https://cdn-strapi.prod.99iddev.net/assets/529_wisma_nugraha_wisma_nugraha_20180411091628_81735_f653e09171.jpg,,
529-wisma-nugraha-wisma-nugraha-20180411091629-76570,Media Library/Office Venue/529-wisma-nugraha-wisma-nugraha-20180411091629-76570,2892,0,1,1,interior/529_wisma-nugraha-wisma-nugraha_20180411091629_76570.jpg,interior,529_wisma-nugraha-wisma-nugraha_20180411091629_76570.jpg,uploaded,55568,529_wisma-nugraha-wisma-nugraha_20180411091629_76570.jpg,https://cdn-strapi.prod.99iddev.net/assets/529_wisma_nugraha_wisma_nugraha_20180411091629_76570_0d6852d78d.jpg,,
529-wisma-nugraha-wisma-nugraha-20180411091630-73517,Media Library/Office Venue/529-wisma-nugraha-wisma-nugraha-20180411091630-73517,2893,0,1,1,interior/529_wisma-nugraha-wisma-nugraha_20180411091630_73517.jpg,interior,529_wisma-nugraha-wisma-nugraha_20180411091630_73517.jpg,uploaded,55569,529_wisma-nugraha-wisma-nugraha_20180411091630_73517.jpg,https://cdn-strapi.prod.99iddev.net/assets/529_wisma_nugraha_wisma_nugraha_20180411091630_73517_506e4e8ad5.jpg,,
529-wisma-nugraha-wisma-nugraha-20180411091631-22441,Media Library/Office Venue/529-wisma-nugraha-wisma-nugraha-20180411091631-22441,2894,0,1,1,interior/529_wisma-nugraha-wisma-nugraha_20180411091631_22441.jpg,interior,529_wisma-nugraha-wisma-nugraha_20180411091631_22441.jpg,uploaded,55570,529_wisma-nugraha-wisma-nugraha_20180411091631_22441.jpg,https://cdn-strapi.prod.99iddev.net/assets/529_wisma_nugraha_wisma_nugraha_20180411091631_22441_6d4ca896bf.jpg,,
529-wisma-nugraha-wisma-nugraha-20180411091632-13497,Media Library/Office Venue/529-wisma-nugraha-wisma-nugraha-20180411091632-13497,2895,0,1,1,interior/529_wisma-nugraha-wisma-nugraha_20180411091632_13497.jpg,interior,529_wisma-nugraha-wisma-nugraha_20180411091632_13497.jpg,uploaded,55571,529_wisma-nugraha-wisma-nugraha_20180411091632_13497.jpg,https://cdn-strapi.prod.99iddev.net/assets/529_wisma_nugraha_wisma_nugraha_20180411091632_13497_46ffce22cb.jpg,,
529-wisma-nugraha-wisma-nugraha-20180411091633-37182,Media Library/Office Venue/529-wisma-nugraha-wisma-nugraha-20180411091633-37182,2896,0,1,1,interior/529_wisma-nugraha-wisma-nugraha_20180411091633_37182.jpg,interior,529_wisma-nugraha-wisma-nugraha_20180411091633_37182.jpg,uploaded,55572,529_wisma-nugraha-wisma-nugraha_20180411091633_37182.jpg,https://cdn-strapi.prod.99iddev.net/assets/529_wisma_nugraha_wisma_nugraha_20180411091633_37182_21a81bbb6f.jpg,,
529-wisma-nugraha-wisma-nugraha-20180411091633-66315,Media Library/Office Venue/529-wisma-nugraha-wisma-nugraha-20180411091633-66315,2897,0,1,1,interior/529_wisma-nugraha-wisma-nugraha_20180411091633_66315.jpg,interior,529_wisma-nugraha-wisma-nugraha_20180411091633_66315.jpg,uploaded,55573,529_wisma-nugraha-wisma-nugraha_20180411091633_66315.jpg,https://cdn-strapi.prod.99iddev.net/assets/529_wisma_nugraha_wisma_nugraha_20180411091633_66315_2336f14b9e.jpg,,
529-wisma-nugraha-wisma-nugraha-20180417043718-19424,Media Library/Office Venue/529-wisma-nugraha-wisma-nugraha-20180417043718-19424,2898,0,1,1,exterior/529_wisma-nugraha-wisma-nugraha_20180417043718_19424.jpg,exterior,529_wisma-nugraha-wisma-nugraha_20180417043718_19424.jpg,uploaded,55574,529_wisma-nugraha-wisma-nugraha_20180417043718_19424.jpg,https://cdn-strapi.prod.99iddev.net/assets/529_wisma_nugraha_wisma_nugraha_20180417043718_19424_c284ccc1fc.jpg,,
529-wisma-nugraha-wisma-nugraha-20180417043718-73072,Media Library/Office Venue/529-wisma-nugraha-wisma-nugraha-20180417043718-73072,2899,0,1,1,exterior/529_wisma-nugraha-wisma-nugraha_20180417043718_73072.jpg,exterior,529_wisma-nugraha-wisma-nugraha_20180417043718_73072.jpg,uploaded,55575,529_wisma-nugraha-wisma-nugraha_20180417043718_73072.jpg,https://cdn-strapi.prod.99iddev.net/assets/529_wisma_nugraha_wisma_nugraha_20180417043718_73072_ed677dd2de.jpg,,
529-wisma-nugraha-wisma-nugraha-20180417043717427,Media Library/Office Venue/529-wisma-nugraha-wisma-nugraha-20180417043717427,2900,0,1,1,exterior/529_wisma-nugraha-wisma-nugraha_20180417043717_29427.jpg,exterior,529_wisma-nugraha-wisma-nugraha_20180417043717_29427.jpg,uploaded,55576,529_wisma-nugraha-wisma-nugraha_20180417043717_29427.jpg,https://cdn-strapi.prod.99iddev.net/assets/529_wisma_nugraha_wisma_nugraha_20180417043717_29427_c378b661b5.jpg,,
538-kem-tower-kem-tower-20180405063502-52678,Media Library/Office Venue/538-kem-tower-kem-tower-20180405063502-52678,2901,0,1,1,interior/538_kem-tower-kem-tower_20180405063502_52678.jpg,interior,538_kem-tower-kem-tower_20180405063502_52678.jpg,uploaded,55577,538_kem-tower-kem-tower_20180405063502_52678.jpg,https://cdn-strapi.prod.99iddev.net/assets/538_kem_tower_kem_tower_20180405063502_52678_f6915150b6.jpg,,
538-kem-tower-kem-tower-20180405063503-91758,Media Library/Office Venue/538-kem-tower-kem-tower-20180405063503-91758,2902,0,1,1,interior/538_kem-tower-kem-tower_20180405063503_91758.jpg,interior,538_kem-tower-kem-tower_20180405063503_91758.jpg,uploaded,55578,538_kem-tower-kem-tower_20180405063503_91758.jpg,https://cdn-strapi.prod.99iddev.net/assets/538_kem_tower_kem_tower_20180405063503_91758_02659ebeb4.jpg,,
538-kem-tower-kem-tower-20180405063505-53346,Media Library/Office Venue/538-kem-tower-kem-tower-20180405063505-53346,2903,0,1,1,interior/538_kem-tower-kem-tower_20180405063505_53346.jpg,interior,538_kem-tower-kem-tower_20180405063505_53346.jpg,uploaded,55579,538_kem-tower-kem-tower_20180405063505_53346.jpg,https://cdn-strapi.prod.99iddev.net/assets/538_kem_tower_kem_tower_20180405063505_53346_04ed0c06d5.jpg,,
538-kem-tower-kem-tower-20180405063505-75865,Media Library/Office Venue/538-kem-tower-kem-tower-20180405063505-75865,2904,0,1,1,interior/538_kem-tower-kem-tower_20180405063505_75865.jpg,interior,538_kem-tower-kem-tower_20180405063505_75865.jpg,uploaded,55580,538_kem-tower-kem-tower_20180405063505_75865.jpg,https://cdn-strapi.prod.99iddev.net/assets/538_kem_tower_kem_tower_20180405063505_75865_f1ca5b6280.jpg,,
538-kem-tower-kem-tower-20180405063505-89557,Media Library/Office Venue/538-kem-tower-kem-tower-20180405063505-89557,2905,0,1,1,interior/538_kem-tower-kem-tower_20180405063505_89557.jpg,interior,538_kem-tower-kem-tower_20180405063505_89557.jpg,uploaded,55581,538_kem-tower-kem-tower_20180405063505_89557.jpg,https://cdn-strapi.prod.99iddev.net/assets/538_kem_tower_kem_tower_20180405063505_89557_7002aa7a4b.jpg,,
538-kem-tower-kem-tower-20180405063506-64959,Media Library/Office Venue/538-kem-tower-kem-tower-20180405063506-64959,2906,0,1,1,interior/538_kem-tower-kem-tower_20180405063506_64959.jpg,interior,538_kem-tower-kem-tower_20180405063506_64959.jpg,uploaded,55582,538_kem-tower-kem-tower_20180405063506_64959.jpg,https://cdn-strapi.prod.99iddev.net/assets/538_kem_tower_kem_tower_20180405063506_64959_4420318928.jpg,,
538-kem-tower-kem-tower-20180405063507-27863,Media Library/Office Venue/538-kem-tower-kem-tower-20180405063507-27863,2907,0,1,1,interior/538_kem-tower-kem-tower_20180405063507_27863.jpg,interior,538_kem-tower-kem-tower_20180405063507_27863.jpg,uploaded,55583,538_kem-tower-kem-tower_20180405063507_27863.jpg,https://cdn-strapi.prod.99iddev.net/assets/538_kem_tower_kem_tower_20180405063507_27863_927cfe1733.jpg,,
538-kem-tower-kem-tower-20180405063507-35128,Media Library/Office Venue/538-kem-tower-kem-tower-20180405063507-35128,2908,0,1,1,interior/538_kem-tower-kem-tower_20180405063507_35128.jpg,interior,538_kem-tower-kem-tower_20180405063507_35128.jpg,uploaded,55584,538_kem-tower-kem-tower_20180405063507_35128.jpg,https://cdn-strapi.prod.99iddev.net/assets/538_kem_tower_kem_tower_20180405063507_35128_aba9e39bb8.jpg,,
538-kem-tower-kem-tower-20180405063508-33287,Media Library/Office Venue/538-kem-tower-kem-tower-20180405063508-33287,2909,0,1,1,interior/538_kem-tower-kem-tower_20180405063508_33287.jpg,interior,538_kem-tower-kem-tower_20180405063508_33287.jpg,uploaded,55585,538_kem-tower-kem-tower_20180405063508_33287.jpg,https://cdn-strapi.prod.99iddev.net/assets/538_kem_tower_kem_tower_20180405063508_33287_a89f6dbb35.jpg,,
538-kem-tower-kem-tower-20180405063511-17933,Media Library/Office Venue/538-kem-tower-kem-tower-20180405063511-17933,2910,0,1,1,interior/538_kem-tower-kem-tower_20180405063511_17933.jpg,interior,538_kem-tower-kem-tower_20180405063511_17933.jpg,uploaded,55586,538_kem-tower-kem-tower_20180405063511_17933.jpg,https://cdn-strapi.prod.99iddev.net/assets/538_kem_tower_kem_tower_20180405063511_17933_823d02dc5a.jpg,,
538-kem-tower-kem-tower-20180405063511-37978,Media Library/Office Venue/538-kem-tower-kem-tower-20180405063511-37978,2911,0,1,1,interior/538_kem-tower-kem-tower_20180405063511_37978.jpg,interior,538_kem-tower-kem-tower_20180405063511_37978.jpg,uploaded,55587,538_kem-tower-kem-tower_20180405063511_37978.jpg,https://cdn-strapi.prod.99iddev.net/assets/538_kem_tower_kem_tower_20180405063511_37978_754ce21a8f.jpg,,
538-kem-tower-kem-tower-20180405063511-63153,Media Library/Office Venue/538-kem-tower-kem-tower-20180405063511-63153,2912,0,1,1,interior/538_kem-tower-kem-tower_20180405063511_63153.jpg,interior,538_kem-tower-kem-tower_20180405063511_63153.jpg,uploaded,55588,538_kem-tower-kem-tower_20180405063511_63153.jpg,https://cdn-strapi.prod.99iddev.net/assets/538_kem_tower_kem_tower_20180405063511_63153_eb0cf00bd2.jpg,,
538-kem-tower-kem-tower-20180405063511-74877,Media Library/Office Venue/538-kem-tower-kem-tower-20180405063511-74877,2913,0,1,1,interior/538_kem-tower-kem-tower_20180405063511_74877.jpg,interior,538_kem-tower-kem-tower_20180405063511_74877.jpg,uploaded,55589,538_kem-tower-kem-tower_20180405063511_74877.jpg,https://cdn-strapi.prod.99iddev.net/assets/538_kem_tower_kem_tower_20180405063511_74877_077e4db681.jpg,,
538-kem-tower-kem-tower-20180405063512-39302,Media Library/Office Venue/538-kem-tower-kem-tower-20180405063512-39302,2914,0,1,1,interior/538_kem-tower-kem-tower_20180405063512_39302.jpg,interior,538_kem-tower-kem-tower_20180405063512_39302.jpg,uploaded,55590,538_kem-tower-kem-tower_20180405063512_39302.jpg,https://cdn-strapi.prod.99iddev.net/assets/538_kem_tower_kem_tower_20180405063512_39302_e88ee6c0f8.jpg,,
538-kem-tower-kem-tower-20180405063512-53764,Media Library/Office Venue/538-kem-tower-kem-tower-20180405063512-53764,2915,0,1,1,interior/538_kem-tower-kem-tower_20180405063512_53764.jpg,interior,538_kem-tower-kem-tower_20180405063512_53764.jpg,uploaded,55591,538_kem-tower-kem-tower_20180405063512_53764.jpg,https://cdn-strapi.prod.99iddev.net/assets/538_kem_tower_kem_tower_20180405063512_53764_89001ee4ff.jpg,,
538-kem-tower-kem-tower-20180405063512-97674,Media Library/Office Venue/538-kem-tower-kem-tower-20180405063512-97674,2916,0,1,1,interior/538_kem-tower-kem-tower_20180405063512_97674.jpg,interior,538_kem-tower-kem-tower_20180405063512_97674.jpg,uploaded,55592,538_kem-tower-kem-tower_20180405063512_97674.jpg,https://cdn-strapi.prod.99iddev.net/assets/538_kem_tower_kem_tower_20180405063512_97674_0c44f67784.jpg,,
542-mgk-kemayoran-mall-mgk-20180405065341-96368,Media Library/Office Venue/542-mgk-kemayoran-mall-mgk-20180405065341-96368,2917,0,1,1,interior/542_mgk-kemayoran-mall-mgk_20180405065341_96368.jpg,interior,542_mgk-kemayoran-mall-mgk_20180405065341_96368.jpg,uploaded,55593,542_mgk-kemayoran-mall-mgk_20180405065341_96368.jpg,https://cdn-strapi.prod.99iddev.net/assets/542_mgk_kemayoran_mall_mgk_20180405065341_96368_00188f4f17.jpg,,
542-mgk-kemayoran-mall-mgk-20180405065344-75800,Media Library/Office Venue/542-mgk-kemayoran-mall-mgk-20180405065344-75800,2918,0,1,1,interior/542_mgk-kemayoran-mall-mgk_20180405065344_75800.jpg,interior,542_mgk-kemayoran-mall-mgk_20180405065344_75800.jpg,uploaded,55594,542_mgk-kemayoran-mall-mgk_20180405065344_75800.jpg,https://cdn-strapi.prod.99iddev.net/assets/542_mgk_kemayoran_mall_mgk_20180405065344_75800_10bff9b568.jpg,,
542-mgk-kemayoran-mall-mgk-20180405065345-26888,Media Library/Office Venue/542-mgk-kemayoran-mall-mgk-20180405065345-26888,2919,0,1,1,interior/542_mgk-kemayoran-mall-mgk_20180405065345_26888.jpg,interior,542_mgk-kemayoran-mall-mgk_20180405065345_26888.jpg,uploaded,55595,542_mgk-kemayoran-mall-mgk_20180405065345_26888.jpg,https://cdn-strapi.prod.99iddev.net/assets/542_mgk_kemayoran_mall_mgk_20180405065345_26888_24c77f0bb4.jpg,,
542-mgk-kemayoran-mall-mgk-20180405065346-16196,Media Library/Office Venue/542-mgk-kemayoran-mall-mgk-20180405065346-16196,2920,0,1,1,interior/542_mgk-kemayoran-mall-mgk_20180405065346_16196.jpg,interior,542_mgk-kemayoran-mall-mgk_20180405065346_16196.jpg,uploaded,55596,542_mgk-kemayoran-mall-mgk_20180405065346_16196.jpg,https://cdn-strapi.prod.99iddev.net/assets/542_mgk_kemayoran_mall_mgk_20180405065346_16196_d1ac463034.jpg,,
542-mgk-kemayoran-mall-mgk-20180405065347-21198,Media Library/Office Venue/542-mgk-kemayoran-mall-mgk-20180405065347-21198,2921,0,1,1,interior/542_mgk-kemayoran-mall-mgk_20180405065347_21198.jpg,interior,542_mgk-kemayoran-mall-mgk_20180405065347_21198.jpg,uploaded,55597,542_mgk-kemayoran-mall-mgk_20180405065347_21198.jpg,https://cdn-strapi.prod.99iddev.net/assets/542_mgk_kemayoran_mall_mgk_20180405065347_21198_7811c2044b.jpg,,
542-mgk-kemayoran-mall-mgk-20180405065348-25869,Media Library/Office Venue/542-mgk-kemayoran-mall-mgk-20180405065348-25869,2922,0,1,1,interior/542_mgk-kemayoran-mall-mgk_20180405065348_25869.jpg,interior,542_mgk-kemayoran-mall-mgk_20180405065348_25869.jpg,uploaded,55598,542_mgk-kemayoran-mall-mgk_20180405065348_25869.jpg,https://cdn-strapi.prod.99iddev.net/assets/542_mgk_kemayoran_mall_mgk_20180405065348_25869_3e6c0323ca.jpg,,
542-mgk-kemayoran-mall-mgk-20180405065348-50533,Media Library/Office Venue/542-mgk-kemayoran-mall-mgk-20180405065348-50533,2923,0,1,1,interior/542_mgk-kemayoran-mall-mgk_20180405065348_50533.jpg,interior,542_mgk-kemayoran-mall-mgk_20180405065348_50533.jpg,uploaded,55599,542_mgk-kemayoran-mall-mgk_20180405065348_50533.jpg,https://cdn-strapi.prod.99iddev.net/assets/542_mgk_kemayoran_mall_mgk_20180405065348_50533_e038c0ec67.jpg,,
542-mgk-kemayoran-mall-mgk-20180405065348-71226,Media Library/Office Venue/542-mgk-kemayoran-mall-mgk-20180405065348-71226,2924,0,1,1,interior/542_mgk-kemayoran-mall-mgk_20180405065348_71226.jpg,interior,542_mgk-kemayoran-mall-mgk_20180405065348_71226.jpg,uploaded,55600,542_mgk-kemayoran-mall-mgk_20180405065348_71226.jpg,https://cdn-strapi.prod.99iddev.net/assets/542_mgk_kemayoran_mall_mgk_20180405065348_71226_454c8bc52a.jpg,,
542-mgk-kemayoran-mall-mgk-20180405065348-79471,Media Library/Office Venue/542-mgk-kemayoran-mall-mgk-20180405065348-79471,2925,0,1,1,interior/542_mgk-kemayoran-mall-mgk_20180405065348_79471.jpg,interior,542_mgk-kemayoran-mall-mgk_20180405065348_79471.jpg,uploaded,55601,542_mgk-kemayoran-mall-mgk_20180405065348_79471.jpg,https://cdn-strapi.prod.99iddev.net/assets/542_mgk_kemayoran_mall_mgk_20180405065348_79471_60bdc1fbc8.jpg,,
542-mgk-kemayoran-mall-mgk-20180405065349-44084,Media Library/Office Venue/542-mgk-kemayoran-mall-mgk-20180405065349-44084,2926,0,1,1,interior/542_mgk-kemayoran-mall-mgk_20180405065349_44084.jpg,interior,542_mgk-kemayoran-mall-mgk_20180405065349_44084.jpg,uploaded,55602,542_mgk-kemayoran-mall-mgk_20180405065349_44084.jpg,https://cdn-strapi.prod.99iddev.net/assets/542_mgk_kemayoran_mall_mgk_20180405065349_44084_da719c0b74.jpg,,
542-mgk-kemayoran-mgk-mall-retail-20201111201008-88702,Media Library/Office Venue/542-mgk-kemayoran-mgk-mall-retail-20201111201008-88702,2927,0,1,1,exterior/542_mgk-kemayoran-mgk-mall-retail_20201111201008_88702.jpg,exterior,542_mgk-kemayoran-mgk-mall-retail_20201111201008_88702.jpg,uploaded,55603,542_mgk-kemayoran-mgk-mall-retail_20201111201008_88702.jpg,https://cdn-strapi.prod.99iddev.net/assets/542_mgk_kemayoran_mgk_mall_retail_20201111201008_88702_8a213db438.jpg,,
552-thamrin-nine-uob-plaza-20171215024412-32994,Media Library/Office Venue/552-thamrin-nine-uob-plaza-20171215024412-32994,2928,0,1,1,interior/552_thamrin-nine-uob-plaza_20171215024412_32994.jpg,interior,552_thamrin-nine-uob-plaza_20171215024412_32994.jpg,uploaded,55604,552_thamrin-nine-uob-plaza_20171215024412_32994.jpg,https://cdn-strapi.prod.99iddev.net/assets/552_thamrin_nine_uob_plaza_20171215024412_32994_b5c7e72331.jpg,,
552-thamrin-nine-uob-plaza-20171215024413-38778,Media Library/Office Venue/552-thamrin-nine-uob-plaza-20171215024413-38778,2929,0,1,1,interior/552_thamrin-nine-uob-plaza_20171215024413_38778.jpg,interior,552_thamrin-nine-uob-plaza_20171215024413_38778.jpg,uploaded,55605,552_thamrin-nine-uob-plaza_20171215024413_38778.jpg,https://cdn-strapi.prod.99iddev.net/assets/552_thamrin_nine_uob_plaza_20171215024413_38778_1bf1cf6cb3.jpg,,
552-thamrin-nine-uob-plaza-20171215024414-69162,Media Library/Office Venue/552-thamrin-nine-uob-plaza-20171215024414-69162,2930,0,1,1,interior/552_thamrin-nine-uob-plaza_20171215024414_69162.jpg,interior,552_thamrin-nine-uob-plaza_20171215024414_69162.jpg,uploaded,55606,552_thamrin-nine-uob-plaza_20171215024414_69162.jpg,https://cdn-strapi.prod.99iddev.net/assets/552_thamrin_nine_uob_plaza_20171215024414_69162_2eae4a3c6e.jpg,,
552-thamrin-nine-uob-plaza-20171215024416-52735,Media Library/Office Venue/552-thamrin-nine-uob-plaza-20171215024416-52735,2931,0,1,1,interior/552_thamrin-nine-uob-plaza_20171215024416_52735.jpg,interior,552_thamrin-nine-uob-plaza_20171215024416_52735.jpg,uploaded,55607,552_thamrin-nine-uob-plaza_20171215024416_52735.jpg,https://cdn-strapi.prod.99iddev.net/assets/552_thamrin_nine_uob_plaza_20171215024416_52735_751c805dfa.jpg,,
552-thamrin-nine-uob-plaza-20171215024417-91622,Media Library/Office Venue/552-thamrin-nine-uob-plaza-20171215024417-91622,2932,0,1,1,interior/552_thamrin-nine-uob-plaza_20171215024417_91622.jpg,interior,552_thamrin-nine-uob-plaza_20171215024417_91622.jpg,uploaded,55608,552_thamrin-nine-uob-plaza_20171215024417_91622.jpg,https://cdn-strapi.prod.99iddev.net/assets/552_thamrin_nine_uob_plaza_20171215024417_91622_7ef2d6f1b9.jpg,,
552-thamrin-nine-uob-plaza-20171215024418-81837,Media Library/Office Venue/552-thamrin-nine-uob-plaza-20171215024418-81837,2933,0,1,1,interior/552_thamrin-nine-uob-plaza_20171215024418_81837.jpg,interior,552_thamrin-nine-uob-plaza_20171215024418_81837.jpg,uploaded,55609,552_thamrin-nine-uob-plaza_20171215024418_81837.jpg,https://cdn-strapi.prod.99iddev.net/assets/552_thamrin_nine_uob_plaza_20171215024418_81837_3024a89c2a.jpg,,
552-thamrin-nine-uob-plaza-20171215024421-72171,Media Library/Office Venue/552-thamrin-nine-uob-plaza-20171215024421-72171,2934,0,1,1,interior/552_thamrin-nine-uob-plaza_20171215024421_72171.jpg,interior,552_thamrin-nine-uob-plaza_20171215024421_72171.jpg,uploaded,55610,552_thamrin-nine-uob-plaza_20171215024421_72171.jpg,https://cdn-strapi.prod.99iddev.net/assets/552_thamrin_nine_uob_plaza_20171215024421_72171_5182d7e3c2.jpg,,
552-thamrin-nine-uob-plaza-20171215024422-96233,Media Library/Office Venue/552-thamrin-nine-uob-plaza-20171215024422-96233,2935,0,1,1,interior/552_thamrin-nine-uob-plaza_20171215024422_96233.jpg,interior,552_thamrin-nine-uob-plaza_20171215024422_96233.jpg,uploaded,55611,552_thamrin-nine-uob-plaza_20171215024422_96233.jpg,https://cdn-strapi.prod.99iddev.net/assets/552_thamrin_nine_uob_plaza_20171215024422_96233_85fe31f860.jpg,,
552-thamrin-nine-uob-plaza-20171215024423-49470,Media Library/Office Venue/552-thamrin-nine-uob-plaza-20171215024423-49470,2936,0,1,1,interior/552_thamrin-nine-uob-plaza_20171215024423_49470.jpg,interior,552_thamrin-nine-uob-plaza_20171215024423_49470.jpg,uploaded,55612,552_thamrin-nine-uob-plaza_20171215024423_49470.jpg,https://cdn-strapi.prod.99iddev.net/assets/552_thamrin_nine_uob_plaza_20171215024423_49470_4e631fdfc1.jpg,,
552-thamrin-nine-uob-plaza-20171215024425-66103,Media Library/Office Venue/552-thamrin-nine-uob-plaza-20171215024425-66103,2937,0,1,1,interior/552_thamrin-nine-uob-plaza_20171215024425_66103.jpg,interior,552_thamrin-nine-uob-plaza_20171215024425_66103.jpg,uploaded,55613,552_thamrin-nine-uob-plaza_20171215024425_66103.jpg,https://cdn-strapi.prod.99iddev.net/assets/552_thamrin_nine_uob_plaza_20171215024425_66103_418cd43189.jpg,,
552-thamrin-nine-uob-plaza-20171215024426-54985,Media Library/Office Venue/552-thamrin-nine-uob-plaza-20171215024426-54985,2938,0,1,1,interior/552_thamrin-nine-uob-plaza_20171215024426_54985.jpg,interior,552_thamrin-nine-uob-plaza_20171215024426_54985.jpg,uploaded,55614,552_thamrin-nine-uob-plaza_20171215024426_54985.jpg,https://cdn-strapi.prod.99iddev.net/assets/552_thamrin_nine_uob_plaza_20171215024426_54985_ef17aaeb2f.jpg,,
552-thamrin-nine-uob-plaza-20171215024428-56210,Media Library/Office Venue/552-thamrin-nine-uob-plaza-20171215024428-56210,2939,0,1,1,interior/552_thamrin-nine-uob-plaza_20171215024428_56210.jpg,interior,552_thamrin-nine-uob-plaza_20171215024428_56210.jpg,uploaded,55615,552_thamrin-nine-uob-plaza_20171215024428_56210.jpg,https://cdn-strapi.prod.99iddev.net/assets/552_thamrin_nine_uob_plaza_20171215024428_56210_362f5c064e.jpg,,
552-thamrin-nine-uob-plaza-20171215024430-92797,Media Library/Office Venue/552-thamrin-nine-uob-plaza-20171215024430-92797,2940,0,1,1,interior/552_thamrin-nine-uob-plaza_20171215024430_92797.jpg,interior,552_thamrin-nine-uob-plaza_20171215024430_92797.jpg,uploaded,55616,552_thamrin-nine-uob-plaza_20171215024430_92797.jpg,https://cdn-strapi.prod.99iddev.net/assets/552_thamrin_nine_uob_plaza_20171215024430_92797_3cc1c727f6.jpg,,
552-thamrin-nine-uob-plaza-20171215024431-36762,Media Library/Office Venue/552-thamrin-nine-uob-plaza-20171215024431-36762,2941,0,1,1,interior/552_thamrin-nine-uob-plaza_20171215024431_36762.jpg,interior,552_thamrin-nine-uob-plaza_20171215024431_36762.jpg,uploaded,55617,552_thamrin-nine-uob-plaza_20171215024431_36762.jpg,https://cdn-strapi.prod.99iddev.net/assets/552_thamrin_nine_uob_plaza_20171215024431_36762_9d4056b7ee.jpg,,
553-thamrin-nine-indosurya-plaza-20171215025926-79943,Media Library/Office Venue/553-thamrin-nine-indosurya-plaza-20171215025926-79943,2942,0,1,1,exterior/553_thamrin-nine-indosurya-plaza_20171215025926_79943.jpg,exterior,553_thamrin-nine-indosurya-plaza_20171215025926_79943.jpg,uploaded,55618,553_thamrin-nine-indosurya-plaza_20171215025926_79943.jpg,https://cdn-strapi.prod.99iddev.net/assets/553_thamrin_nine_indosurya_plaza_20171215025926_79943_120951cb18.jpg,,
553-thamrin-nine-indosurya-plaza-20171215025928-57912,Media Library/Office Venue/553-thamrin-nine-indosurya-plaza-20171215025928-57912,2943,0,1,1,exterior/553_thamrin-nine-indosurya-plaza_20171215025928_57912.jpg,exterior,553_thamrin-nine-indosurya-plaza_20171215025928_57912.jpg,uploaded,55619,553_thamrin-nine-indosurya-plaza_20171215025928_57912.jpg,https://cdn-strapi.prod.99iddev.net/assets/553_thamrin_nine_indosurya_plaza_20171215025928_57912_e8c48099de.jpg,,
553-thamrin-nine-indosurya-plaza-20171215025929-89979,Media Library/Office Venue/553-thamrin-nine-indosurya-plaza-20171215025929-89979,2944,0,1,1,exterior/553_thamrin-nine-indosurya-plaza_20171215025929_89979.jpg,exterior,553_thamrin-nine-indosurya-plaza_20171215025929_89979.jpg,uploaded,55620,553_thamrin-nine-indosurya-plaza_20171215025929_89979.jpg,https://cdn-strapi.prod.99iddev.net/assets/553_thamrin_nine_indosurya_plaza_20171215025929_89979_a1fb71e423.jpg,,
553-thamrin-nine-indosurya-plaza-20171215025931-44342,Media Library/Office Venue/553-thamrin-nine-indosurya-plaza-20171215025931-44342,2945,0,1,1,exterior/553_thamrin-nine-indosurya-plaza_20171215025931_44342.jpg,exterior,553_thamrin-nine-indosurya-plaza_20171215025931_44342.jpg,uploaded,55621,553_thamrin-nine-indosurya-plaza_20171215025931_44342.jpg,https://cdn-strapi.prod.99iddev.net/assets/553_thamrin_nine_indosurya_plaza_20171215025931_44342_ed500b8755.jpg,,
553-thamrin-nine-indosurya-plaza-20171215025932-68036,Media Library/Office Venue/553-thamrin-nine-indosurya-plaza-20171215025932-68036,2946,0,1,1,exterior/553_thamrin-nine-indosurya-plaza_20171215025932_68036.jpg,exterior,553_thamrin-nine-indosurya-plaza_20171215025932_68036.jpg,uploaded,55622,553_thamrin-nine-indosurya-plaza_20171215025932_68036.jpg,https://cdn-strapi.prod.99iddev.net/assets/553_thamrin_nine_indosurya_plaza_20171215025932_68036_c1d803b8ab.jpg,,
568-jayatama-plaza-jayatama-plaza-20190729034407-21064,Media Library/Office Venue/568-jayatama-plaza-jayatama-plaza-20190729034407-21064,2947,0,1,1,exterior/568_jayatama-plaza-jayatama-plaza_20190729034407_21064.jpg,exterior,568_jayatama-plaza-jayatama-plaza_20190729034407_21064.jpg,uploaded,55623,568_jayatama-plaza-jayatama-plaza_20190729034407_21064.jpg,https://cdn-strapi.prod.99iddev.net/assets/568_jayatama_plaza_jayatama_plaza_20190729034407_21064_7fd8b68aaa.jpg,,
568-jayatama-plaza-jayatama-plaza-20190729034407-47370,Media Library/Office Venue/568-jayatama-plaza-jayatama-plaza-20190729034407-47370,2948,0,1,1,exterior/568_jayatama-plaza-jayatama-plaza_20190729034407_47370.jpg,exterior,568_jayatama-plaza-jayatama-plaza_20190729034407_47370.jpg,uploaded,55624,568_jayatama-plaza-jayatama-plaza_20190729034407_47370.jpg,https://cdn-strapi.prod.99iddev.net/assets/568_jayatama_plaza_jayatama_plaza_20190729034407_47370_80511a5b03.jpg,,
568-jayatama-plaza-jayatama-plaza-20190729034407-69203,Media Library/Office Venue/568-jayatama-plaza-jayatama-plaza-20190729034407-69203,2949,0,1,1,exterior/568_jayatama-plaza-jayatama-plaza_20190729034407_69203.jpg,exterior,568_jayatama-plaza-jayatama-plaza_20190729034407_69203.jpg,uploaded,55625,568_jayatama-plaza-jayatama-plaza_20190729034407_69203.jpg,https://cdn-strapi.prod.99iddev.net/assets/568_jayatama_plaza_jayatama_plaza_20190729034407_69203_ded9315cdc.jpg,,
569-telesindo-tower-telesindo-tower-20190729034723-82618,Media Library/Office Venue/569-telesindo-tower-telesindo-tower-20190729034723-82618,2950,0,1,1,exterior/569_telesindo-tower-telesindo-tower_20190729034723_82618.jpg,exterior,569_telesindo-tower-telesindo-tower_20190729034723_82618.jpg,uploaded,55626,569_telesindo-tower-telesindo-tower_20190729034723_82618.jpg,https://cdn-strapi.prod.99iddev.net/assets/569_telesindo_tower_telesindo_tower_20190729034723_82618_bd23ed871d.jpg,,
569-telesindo-tower-telesindo-tower-20190729034723-99048,Media Library/Office Venue/569-telesindo-tower-telesindo-tower-20190729034723-99048,2951,0,1,1,exterior/569_telesindo-tower-telesindo-tower_20190729034723_99048.jpg,exterior,569_telesindo-tower-telesindo-tower_20190729034723_99048.jpg,uploaded,55627,569_telesindo-tower-telesindo-tower_20190729034723_99048.jpg,https://cdn-strapi.prod.99iddev.net/assets/569_telesindo_tower_telesindo_tower_20190729034723_99048_a50a32977e.jpg,,
570-kebayoran-icon-kebayoran-icon-20180202025202-50261,Media Library/Office Venue/570-kebayoran-icon-kebayoran-icon-20180202025202-50261,2952,0,1,1,floorplan/570_kebayoran-icon-kebayoran-icon_20180202025202_50261.jpg,floorplan,570_kebayoran-icon-kebayoran-icon_20180202025202_50261.jpg,uploaded,55628,570_kebayoran-icon-kebayoran-icon_20180202025202_50261.jpg,https://cdn-strapi.prod.99iddev.net/assets/570_kebayoran_icon_kebayoran_icon_20180202025202_50261_ffee89840a.jpg,,
570-kebayoran-icon-kebayoran-icon-20180202025205-57396,Media Library/Office Venue/570-kebayoran-icon-kebayoran-icon-20180202025205-57396,2953,0,1,1,floorplan/570_kebayoran-icon-kebayoran-icon_20180202025205_57396.jpg,floorplan,570_kebayoran-icon-kebayoran-icon_20180202025205_57396.jpg,uploaded,55629,570_kebayoran-icon-kebayoran-icon_20180202025205_57396.jpg,https://cdn-strapi.prod.99iddev.net/assets/570_kebayoran_icon_kebayoran_icon_20180202025205_57396_0243700d78.jpg,,
570-kebayoran-icon-kebayoran-icon-20180202025207-13110,Media Library/Office Venue/570-kebayoran-icon-kebayoran-icon-20180202025207-13110,2954,0,1,1,floorplan/570_kebayoran-icon-kebayoran-icon_20180202025207_13110.jpg,floorplan,570_kebayoran-icon-kebayoran-icon_20180202025207_13110.jpg,uploaded,55630,570_kebayoran-icon-kebayoran-icon_20180202025207_13110.jpg,https://cdn-strapi.prod.99iddev.net/assets/570_kebayoran_icon_kebayoran_icon_20180202025207_13110_c0fa202846.jpg,,
571-the-boulevard-office-building-the-boulevard-office-building-20180201103127-72060,Media Library/Office Venue/571-the-boulevard-office-building-the-boulevard-office-building-20180201103127-72060,2955,0,1,1,exterior/571_the-boulevard-office-building-the-boulevard-office-building_20180201103127_72060.jpg,exterior,571_the-boulevard-office-building-the-boulevard-office-building_20180201103127_72060.jpg,uploaded,55631,571_the-boulevard-office-building-the-boulevard-office-building_20180201103127_72060.jpg,https://cdn-strapi.prod.99iddev.net/assets/571_the_boulevard_office_building_the_boulevard_office_building_20180201103127_72060_84d893aeed.jpg,,
571-the-boulevard-office-building-the-boulevard-office-building-20180201103130-73213,Media Library/Office Venue/571-the-boulevard-office-building-the-boulevard-office-building-20180201103130-73213,2956,0,1,1,exterior/571_the-boulevard-office-building-the-boulevard-office-building_20180201103130_73213.jpg,exterior,571_the-boulevard-office-building-the-boulevard-office-building_20180201103130_73213.jpg,uploaded,55632,571_the-boulevard-office-building-the-boulevard-office-building_20180201103130_73213.jpg,https://cdn-strapi.prod.99iddev.net/assets/571_the_boulevard_office_building_the_boulevard_office_building_20180201103130_73213_511ee65477.jpg,,
571-the-boulevard-office-building-the-boulevard-office-building-20180201103132-26815,Media Library/Office Venue/571-the-boulevard-office-building-the-boulevard-office-building-20180201103132-26815,2957,0,1,1,exterior/571_the-boulevard-office-building-the-boulevard-office-building_20180201103132_26815.jpg,exterior,571_the-boulevard-office-building-the-boulevard-office-building_20180201103132_26815.jpg,uploaded,55633,571_the-boulevard-office-building-the-boulevard-office-building_20180201103132_26815.jpg,https://cdn-strapi.prod.99iddev.net/assets/571_the_boulevard_office_building_the_boulevard_office_building_20180201103132_26815_d737bf61f6.jpg,,
571-the-boulevard-office-building-the-boulevard-office-building-20180201103135-53546,Media Library/Office Venue/571-the-boulevard-office-building-the-boulevard-office-building-20180201103135-53546,2958,0,1,1,exterior/571_the-boulevard-office-building-the-boulevard-office-building_20180201103135_53546.jpg,exterior,571_the-boulevard-office-building-the-boulevard-office-building_20180201103135_53546.jpg,uploaded,55634,571_the-boulevard-office-building-the-boulevard-office-building_20180201103135_53546.jpg,https://cdn-strapi.prod.99iddev.net/assets/571_the_boulevard_office_building_the_boulevard_office_building_20180201103135_53546_5cd0a8b7b7.jpg,,
571-the-boulevard-office-building-the-boulevard-office-building-20180201103137-96729,Media Library/Office Venue/571-the-boulevard-office-building-the-boulevard-office-building-20180201103137-96729,2959,0,1,1,exterior/571_the-boulevard-office-building-the-boulevard-office-building_20180201103137_96729.jpg,exterior,571_the-boulevard-office-building-the-boulevard-office-building_20180201103137_96729.jpg,uploaded,55635,571_the-boulevard-office-building-the-boulevard-office-building_20180201103137_96729.jpg,https://cdn-strapi.prod.99iddev.net/assets/571_the_boulevard_office_building_the_boulevard_office_building_20180201103137_96729_c2a0d9f2d9.jpg,,
571-the-boulevard-office-building-the-boulevard-office-building-20180201103218-84465,Media Library/Office Venue/571-the-boulevard-office-building-the-boulevard-office-building-20180201103218-84465,2960,0,1,1,interior/571_the-boulevard-office-building-the-boulevard-office-building_20180201103218_84465.jpg,interior,571_the-boulevard-office-building-the-boulevard-office-building_20180201103218_84465.jpg,uploaded,55636,571_the-boulevard-office-building-the-boulevard-office-building_20180201103218_84465.jpg,https://cdn-strapi.prod.99iddev.net/assets/571_the_boulevard_office_building_the_boulevard_office_building_20180201103218_84465_804ebb9cdd.jpg,,
571-the-boulevard-office-building-the-boulevard-office-building-20180201103221-54668,Media Library/Office Venue/571-the-boulevard-office-building-the-boulevard-office-building-20180201103221-54668,2961,0,1,1,interior/571_the-boulevard-office-building-the-boulevard-office-building_20180201103221_54668.jpg,interior,571_the-boulevard-office-building-the-boulevard-office-building_20180201103221_54668.jpg,uploaded,55637,571_the-boulevard-office-building-the-boulevard-office-building_20180201103221_54668.jpg,https://cdn-strapi.prod.99iddev.net/assets/571_the_boulevard_office_building_the_boulevard_office_building_20180201103221_54668_f37a8fbd33.jpg,,
571-the-boulevard-office-building-the-boulevard-office-building-20180201103224-35513,Media Library/Office Venue/571-the-boulevard-office-building-the-boulevard-office-building-20180201103224-35513,2962,0,1,1,interior/571_the-boulevard-office-building-the-boulevard-office-building_20180201103224_35513.jpg,interior,571_the-boulevard-office-building-the-boulevard-office-building_20180201103224_35513.jpg,uploaded,55638,571_the-boulevard-office-building-the-boulevard-office-building_20180201103224_35513.jpg,https://cdn-strapi.prod.99iddev.net/assets/571_the_boulevard_office_building_the_boulevard_office_building_20180201103224_35513_ab9be84114.jpg,,
571-the-boulevard-office-building-the-boulevard-office-building-20180201103226-41187,Media Library/Office Venue/571-the-boulevard-office-building-the-boulevard-office-building-20180201103226-41187,2963,0,1,1,interior/571_the-boulevard-office-building-the-boulevard-office-building_20180201103226_41187.jpg,interior,571_the-boulevard-office-building-the-boulevard-office-building_20180201103226_41187.jpg,uploaded,55639,571_the-boulevard-office-building-the-boulevard-office-building_20180201103226_41187.jpg,https://cdn-strapi.prod.99iddev.net/assets/571_the_boulevard_office_building_the_boulevard_office_building_20180201103226_41187_9a28523f57.jpg,,
571-the-boulevard-office-building-the-boulevard-office-building-20180201103229-34919,Media Library/Office Venue/571-the-boulevard-office-building-the-boulevard-office-building-20180201103229-34919,2964,0,1,1,interior/571_the-boulevard-office-building-the-boulevard-office-building_20180201103229_34919.jpg,interior,571_the-boulevard-office-building-the-boulevard-office-building_20180201103229_34919.jpg,uploaded,55640,571_the-boulevard-office-building-the-boulevard-office-building_20180201103229_34919.jpg,https://cdn-strapi.prod.99iddev.net/assets/571_the_boulevard_office_building_the_boulevard_office_building_20180201103229_34919_9f9c95daa9.jpg,,
571-the-boulevard-office-building-the-boulevard-office-building-20180201103231-87910,Media Library/Office Venue/571-the-boulevard-office-building-the-boulevard-office-building-20180201103231-87910,2965,0,1,1,interior/571_the-boulevard-office-building-the-boulevard-office-building_20180201103231_87910.jpg,interior,571_the-boulevard-office-building-the-boulevard-office-building_20180201103231_87910.jpg,uploaded,55641,571_the-boulevard-office-building-the-boulevard-office-building_20180201103231_87910.jpg,https://cdn-strapi.prod.99iddev.net/assets/571_the_boulevard_office_building_the_boulevard_office_building_20180201103231_87910_ee8e2e3d1d.jpg,,
571-the-boulevard-office-building-the-boulevard-office-building-20180201103234-30028,Media Library/Office Venue/571-the-boulevard-office-building-the-boulevard-office-building-20180201103234-30028,2966,0,1,1,interior/571_the-boulevard-office-building-the-boulevard-office-building_20180201103234_30028.jpg,interior,571_the-boulevard-office-building-the-boulevard-office-building_20180201103234_30028.jpg,uploaded,55642,571_the-boulevard-office-building-the-boulevard-office-building_20180201103234_30028.jpg,https://cdn-strapi.prod.99iddev.net/assets/571_the_boulevard_office_building_the_boulevard_office_building_20180201103234_30028_129dd4bd91.jpg,,
571-the-boulevard-office-building-the-boulevard-office-building-20180201103238-16937,Media Library/Office Venue/571-the-boulevard-office-building-the-boulevard-office-building-20180201103238-16937,2967,0,1,1,interior/571_the-boulevard-office-building-the-boulevard-office-building_20180201103238_16937.jpg,interior,571_the-boulevard-office-building-the-boulevard-office-building_20180201103238_16937.jpg,uploaded,55643,571_the-boulevard-office-building-the-boulevard-office-building_20180201103238_16937.jpg,https://cdn-strapi.prod.99iddev.net/assets/571_the_boulevard_office_building_the_boulevard_office_building_20180201103238_16937_168a08ba4a.jpg,,
571-the-boulevard-office-building-the-boulevard-office-building-20180201103242-72842,Media Library/Office Venue/571-the-boulevard-office-building-the-boulevard-office-building-20180201103242-72842,2968,0,1,1,interior/571_the-boulevard-office-building-the-boulevard-office-building_20180201103242_72842.jpg,interior,571_the-boulevard-office-building-the-boulevard-office-building_20180201103242_72842.jpg,uploaded,55644,571_the-boulevard-office-building-the-boulevard-office-building_20180201103242_72842.jpg,https://cdn-strapi.prod.99iddev.net/assets/571_the_boulevard_office_building_the_boulevard_office_building_20180201103242_72842_e142d539f0.jpg,,
571-the-boulevard-office-building-the-boulevard-office-building-20180201103244-56781,Media Library/Office Venue/571-the-boulevard-office-building-the-boulevard-office-building-20180201103244-56781,2969,0,1,1,interior/571_the-boulevard-office-building-the-boulevard-office-building_20180201103244_56781.jpg,interior,571_the-boulevard-office-building-the-boulevard-office-building_20180201103244_56781.jpg,uploaded,55645,571_the-boulevard-office-building-the-boulevard-office-building_20180201103244_56781.jpg,https://cdn-strapi.prod.99iddev.net/assets/571_the_boulevard_office_building_the_boulevard_office_building_20180201103244_56781_cca96f8dc2.jpg,,
571-the-boulevard-office-building-the-boulevard-office-building-20180201103247-18623,Media Library/Office Venue/571-the-boulevard-office-building-the-boulevard-office-building-20180201103247-18623,2970,0,1,1,interior/571_the-boulevard-office-building-the-boulevard-office-building_20180201103247_18623.jpg,interior,571_the-boulevard-office-building-the-boulevard-office-building_20180201103247_18623.jpg,uploaded,55646,571_the-boulevard-office-building-the-boulevard-office-building_20180201103247_18623.jpg,https://cdn-strapi.prod.99iddev.net/assets/571_the_boulevard_office_building_the_boulevard_office_building_20180201103247_18623_c7d400323f.jpg,,
571-the-boulevard-office-building-the-boulevard-office-building-20180201103250-51824,Media Library/Office Venue/571-the-boulevard-office-building-the-boulevard-office-building-20180201103250-51824,2971,0,1,1,interior/571_the-boulevard-office-building-the-boulevard-office-building_20180201103250_51824.jpg,interior,571_the-boulevard-office-building-the-boulevard-office-building_20180201103250_51824.jpg,uploaded,55647,571_the-boulevard-office-building-the-boulevard-office-building_20180201103250_51824.jpg,https://cdn-strapi.prod.99iddev.net/assets/571_the_boulevard_office_building_the_boulevard_office_building_20180201103250_51824_65bf0eb2ec.jpg,,
571-the-boulevard-office-building-the-boulevard-office-building-20180201103253-77205,Media Library/Office Venue/571-the-boulevard-office-building-the-boulevard-office-building-20180201103253-77205,2972,0,1,1,interior/571_the-boulevard-office-building-the-boulevard-office-building_20180201103253_77205.jpg,interior,571_the-boulevard-office-building-the-boulevard-office-building_20180201103253_77205.jpg,uploaded,55648,571_the-boulevard-office-building-the-boulevard-office-building_20180201103253_77205.jpg,https://cdn-strapi.prod.99iddev.net/assets/571_the_boulevard_office_building_the_boulevard_office_building_20180201103253_77205_070a639a36.jpg,,
571-the-boulevard-office-building-the-boulevard-office-building-20180201103256-76797,Media Library/Office Venue/571-the-boulevard-office-building-the-boulevard-office-building-20180201103256-76797,2973,0,1,1,interior/571_the-boulevard-office-building-the-boulevard-office-building_20180201103256_76797.jpg,interior,571_the-boulevard-office-building-the-boulevard-office-building_20180201103256_76797.jpg,uploaded,55649,571_the-boulevard-office-building-the-boulevard-office-building_20180201103256_76797.jpg,https://cdn-strapi.prod.99iddev.net/assets/571_the_boulevard_office_building_the_boulevard_office_building_20180201103256_76797_1fbe57fc39.jpg,,
571-the-boulevard-office-building-the-boulevard-office-building-20180201103259-48060,Media Library/Office Venue/571-the-boulevard-office-building-the-boulevard-office-building-20180201103259-48060,2974,0,1,1,interior/571_the-boulevard-office-building-the-boulevard-office-building_20180201103259_48060.jpg,interior,571_the-boulevard-office-building-the-boulevard-office-building_20180201103259_48060.jpg,uploaded,55650,571_the-boulevard-office-building-the-boulevard-office-building_20180201103259_48060.jpg,https://cdn-strapi.prod.99iddev.net/assets/571_the_boulevard_office_building_the_boulevard_office_building_20180201103259_48060_d65947c53d.jpg,,
571-the-boulevard-office-building-the-boulevard-office-building-20180201103301-51000,Media Library/Office Venue/571-the-boulevard-office-building-the-boulevard-office-building-20180201103301-51000,2975,0,1,1,interior/571_the-boulevard-office-building-the-boulevard-office-building_20180201103301_51000.jpg,interior,571_the-boulevard-office-building-the-boulevard-office-building_20180201103301_51000.jpg,uploaded,55651,571_the-boulevard-office-building-the-boulevard-office-building_20180201103301_51000.jpg,https://cdn-strapi.prod.99iddev.net/assets/571_the_boulevard_office_building_the_boulevard_office_building_20180201103301_51000_7ac5ff9f9d.jpg,,
571-the-boulevard-office-building-the-boulevard-office-building-20190729043930-74703,Media Library/Office Venue/571-the-boulevard-office-building-the-boulevard-office-building-20190729043930-74703,2976,0,1,1,floorplan/571_the-boulevard-office-building-the-boulevard-office-building_20190729043930_74703.jpg,floorplan,571_the-boulevard-office-building-the-boulevard-office-building_20190729043930_74703.jpg,uploaded,55652,571_the-boulevard-office-building-the-boulevard-office-building_20190729043930_74703.jpg,https://cdn-strapi.prod.99iddev.net/assets/571_the_boulevard_office_building_the_boulevard_office_building_20190729043930_74703_ef20943839.jpg,,
572-midpoint-place-midpoint-place-20180413095142-66284,Media Library/Office Venue/572-midpoint-place-midpoint-place-20180413095142-66284,2977,0,1,1,exterior/572_midpoint-place-midpoint-place_20180413095142_66284.jpg,exterior,572_midpoint-place-midpoint-place_20180413095142_66284.jpg,uploaded,55653,572_midpoint-place-midpoint-place_20180413095142_66284.jpg,https://cdn-strapi.prod.99iddev.net/assets/572_midpoint_place_midpoint_place_20180413095142_66284_0efdba2fcd.jpg,,
572-midpoint-place-midpoint-place-20180413095143-58208,Media Library/Office Venue/572-midpoint-place-midpoint-place-20180413095143-58208,2978,0,1,1,exterior/572_midpoint-place-midpoint-place_20180413095143_58208.jpg,exterior,572_midpoint-place-midpoint-place_20180413095143_58208.jpg,uploaded,55654,572_midpoint-place-midpoint-place_20180413095143_58208.jpg,https://cdn-strapi.prod.99iddev.net/assets/572_midpoint_place_midpoint_place_20180413095143_58208_9286d8f7b5.jpg,,
572-midpoint-place-midpoint-place-20180413095143-73078,Media Library/Office Venue/572-midpoint-place-midpoint-place-20180413095143-73078,2979,0,1,1,exterior/572_midpoint-place-midpoint-place_20180413095143_73078.jpg,exterior,572_midpoint-place-midpoint-place_20180413095143_73078.jpg,uploaded,55655,572_midpoint-place-midpoint-place_20180413095143_73078.jpg,https://cdn-strapi.prod.99iddev.net/assets/572_midpoint_place_midpoint_place_20180413095143_73078_23d71e412d.jpg,,
572-midpoint-place-midpoint-place-20180413095144-79574,Media Library/Office Venue/572-midpoint-place-midpoint-place-20180413095144-79574,2980,0,1,1,exterior/572_midpoint-place-midpoint-place_20180413095144_79574.jpg,exterior,572_midpoint-place-midpoint-place_20180413095144_79574.jpg,uploaded,55656,572_midpoint-place-midpoint-place_20180413095144_79574.jpg,https://cdn-strapi.prod.99iddev.net/assets/572_midpoint_place_midpoint_place_20180413095144_79574_2fde3f0415.jpg,,
572-midpoint-place-midpoint-place-20180413095146-15529,Media Library/Office Venue/572-midpoint-place-midpoint-place-20180413095146-15529,2981,0,1,1,exterior/572_midpoint-place-midpoint-place_20180413095146_15529.jpg,exterior,572_midpoint-place-midpoint-place_20180413095146_15529.jpg,uploaded,55657,572_midpoint-place-midpoint-place_20180413095146_15529.jpg,https://cdn-strapi.prod.99iddev.net/assets/572_midpoint_place_midpoint_place_20180413095146_15529_6dc415c507.jpg,,
572-midpoint-place-midpoint-place-20180413095146-26732,Media Library/Office Venue/572-midpoint-place-midpoint-place-20180413095146-26732,2982,0,1,1,exterior/572_midpoint-place-midpoint-place_20180413095146_26732.jpg,exterior,572_midpoint-place-midpoint-place_20180413095146_26732.jpg,uploaded,55658,572_midpoint-place-midpoint-place_20180413095146_26732.jpg,https://cdn-strapi.prod.99iddev.net/assets/572_midpoint_place_midpoint_place_20180413095146_26732_b7d9037869.jpg,,
572-midpoint-place-midpoint-place-20180413095147-35812,Media Library/Office Venue/572-midpoint-place-midpoint-place-20180413095147-35812,2983,0,1,1,exterior/572_midpoint-place-midpoint-place_20180413095147_35812.jpg,exterior,572_midpoint-place-midpoint-place_20180413095147_35812.jpg,uploaded,55659,572_midpoint-place-midpoint-place_20180413095147_35812.jpg,https://cdn-strapi.prod.99iddev.net/assets/572_midpoint_place_midpoint_place_20180413095147_35812_e2db63e3ae.jpg,,
572-midpoint-place-midpoint-place-20180926064127-50936,Media Library/Office Venue/572-midpoint-place-midpoint-place-20180926064127-50936,2984,0,1,1,exterior/572_midpoint-place-midpoint-place_20180926064127_50936.jpg,exterior,572_midpoint-place-midpoint-place_20180926064127_50936.jpg,uploaded,55660,572_midpoint-place-midpoint-place_20180926064127_50936.jpg,https://cdn-strapi.prod.99iddev.net/assets/572_midpoint_place_midpoint_place_20180926064127_50936_5e766d37fb.jpg,,
573-daswin-office-tower-daswin-office-tower-20190729043636-32889,Media Library/Office Venue/573-daswin-office-tower-daswin-office-tower-20190729043636-32889,2985,0,1,1,floorplan/573_daswin-office-tower-daswin-office-tower_20190729043636_32889.jpg,floorplan,573_daswin-office-tower-daswin-office-tower_20190729043636_32889.jpg,uploaded,55661,573_daswin-office-tower-daswin-office-tower_20190729043636_32889.jpg,https://cdn-strapi.prod.99iddev.net/assets/573_daswin_office_tower_daswin_office_tower_20190729043636_32889_e027ff5bb9.jpg,,
573-daswin-office-tower-daswin-office-tower-20190729043636-96908,Media Library/Office Venue/573-daswin-office-tower-daswin-office-tower-20190729043636-96908,2986,0,1,1,floorplan/573_daswin-office-tower-daswin-office-tower_20190729043636_96908.jpg,floorplan,573_daswin-office-tower-daswin-office-tower_20190729043636_96908.jpg,uploaded,55662,573_daswin-office-tower-daswin-office-tower_20190729043636_96908.jpg,https://cdn-strapi.prod.99iddev.net/assets/573_daswin_office_tower_daswin_office_tower_20190729043636_96908_1737e17798.jpg,,
589-wisma-geha-wisma-geha-20190729034835-67262,Media Library/Office Venue/589-wisma-geha-wisma-geha-20190729034835-67262,2987,0,1,1,exterior/589_wisma-geha-wisma-geha_20190729034835_67262.jpg,exterior,589_wisma-geha-wisma-geha_20190729034835_67262.jpg,uploaded,55663,589_wisma-geha-wisma-geha_20190729034835_67262.jpg,https://cdn-strapi.prod.99iddev.net/assets/589_wisma_geha_wisma_geha_20190729034835_67262_8d7d9dc6da.jpg,,
589-wisma-geha-wisma-geha-20190729034835-97251,Media Library/Office Venue/589-wisma-geha-wisma-geha-20190729034835-97251,2988,0,1,1,exterior/589_wisma-geha-wisma-geha_20190729034835_97251.jpg,exterior,589_wisma-geha-wisma-geha_20190729034835_97251.jpg,uploaded,55664,589_wisma-geha-wisma-geha_20190729034835_97251.jpg,https://cdn-strapi.prod.99iddev.net/assets/589_wisma_geha_wisma_geha_20190729034835_97251_9c92e039e6.jpg,,
597-plaza-timor-plaza-timor-20180706091130-19389,Media Library/Office Venue/597-plaza-timor-plaza-timor-20180706091130-19389,2989,0,1,1,interior/597_plaza-timor-plaza-timor_20180706091130_19389.jpg,interior,597_plaza-timor-plaza-timor_20180706091130_19389.jpg,uploaded,55665,597_plaza-timor-plaza-timor_20180706091130_19389.jpg,https://cdn-strapi.prod.99iddev.net/assets/597_plaza_timor_plaza_timor_20180706091130_19389_aee2ce6469.jpg,,
597-plaza-timor-plaza-timor-20180706091132-13157,Media Library/Office Venue/597-plaza-timor-plaza-timor-20180706091132-13157,2990,0,1,1,interior/597_plaza-timor-plaza-timor_20180706091132_13157.jpg,interior,597_plaza-timor-plaza-timor_20180706091132_13157.jpg,uploaded,55666,597_plaza-timor-plaza-timor_20180706091132_13157.jpg,https://cdn-strapi.prod.99iddev.net/assets/597_plaza_timor_plaza_timor_20180706091132_13157_8e6a0f3888.jpg,,
597-plaza-timor-plaza-timor-20180706091132-17147,Media Library/Office Venue/597-plaza-timor-plaza-timor-20180706091132-17147,2991,0,1,1,interior/597_plaza-timor-plaza-timor_20180706091132_17147.jpg,interior,597_plaza-timor-plaza-timor_20180706091132_17147.jpg,uploaded,55667,597_plaza-timor-plaza-timor_20180706091132_17147.jpg,https://cdn-strapi.prod.99iddev.net/assets/597_plaza_timor_plaza_timor_20180706091132_17147_60a6ff61b7.jpg,,
597-plaza-timor-plaza-timor-20180706091132-43865,Media Library/Office Venue/597-plaza-timor-plaza-timor-20180706091132-43865,2992,0,1,1,interior/597_plaza-timor-plaza-timor_20180706091132_43865.jpg,interior,597_plaza-timor-plaza-timor_20180706091132_43865.jpg,uploaded,55668,597_plaza-timor-plaza-timor_20180706091132_43865.jpg,https://cdn-strapi.prod.99iddev.net/assets/597_plaza_timor_plaza_timor_20180706091132_43865_55a3b02d3c.jpg,,
597-plaza-timor-plaza-timor-20180706091133-33604,Media Library/Office Venue/597-plaza-timor-plaza-timor-20180706091133-33604,2993,0,1,1,interior/597_plaza-timor-plaza-timor_20180706091133_33604.jpg,interior,597_plaza-timor-plaza-timor_20180706091133_33604.jpg,uploaded,55669,597_plaza-timor-plaza-timor_20180706091133_33604.jpg,https://cdn-strapi.prod.99iddev.net/assets/597_plaza_timor_plaza_timor_20180706091133_33604_b0ae6eb6b4.jpg,,
597-plaza-timor-plaza-timor-20180706091133-54753,Media Library/Office Venue/597-plaza-timor-plaza-timor-20180706091133-54753,2994,0,1,1,interior/597_plaza-timor-plaza-timor_20180706091133_54753.jpg,interior,597_plaza-timor-plaza-timor_20180706091133_54753.jpg,uploaded,55670,597_plaza-timor-plaza-timor_20180706091133_54753.jpg,https://cdn-strapi.prod.99iddev.net/assets/597_plaza_timor_plaza_timor_20180706091133_54753_9b67f0d9ab.jpg,,
597-plaza-timor-plaza-timor-20180706091133-56280,Media Library/Office Venue/597-plaza-timor-plaza-timor-20180706091133-56280,2995,0,1,1,interior/597_plaza-timor-plaza-timor_20180706091133_56280.jpg,interior,597_plaza-timor-plaza-timor_20180706091133_56280.jpg,uploaded,55671,597_plaza-timor-plaza-timor_20180706091133_56280.jpg,https://cdn-strapi.prod.99iddev.net/assets/597_plaza_timor_plaza_timor_20180706091133_56280_fe72f8c8b0.jpg,,
597-plaza-timor-plaza-timor-20180706091134-14810,Media Library/Office Venue/597-plaza-timor-plaza-timor-20180706091134-14810,2996,0,1,1,interior/597_plaza-timor-plaza-timor_20180706091134_14810.jpg,interior,597_plaza-timor-plaza-timor_20180706091134_14810.jpg,uploaded,55672,597_plaza-timor-plaza-timor_20180706091134_14810.jpg,https://cdn-strapi.prod.99iddev.net/assets/597_plaza_timor_plaza_timor_20180706091134_14810_fd6a6def70.jpg,,
597-plaza-timor-plaza-timor-20180706091134-44020,Media Library/Office Venue/597-plaza-timor-plaza-timor-20180706091134-44020,2997,0,1,1,interior/597_plaza-timor-plaza-timor_20180706091134_44020.jpg,interior,597_plaza-timor-plaza-timor_20180706091134_44020.jpg,uploaded,55673,597_plaza-timor-plaza-timor_20180706091134_44020.jpg,https://cdn-strapi.prod.99iddev.net/assets/597_plaza_timor_plaza_timor_20180706091134_44020_1224de3a94.jpg,,
597-plaza-timor-plaza-timor-20180706091134-70126,Media Library/Office Venue/597-plaza-timor-plaza-timor-20180706091134-70126,2998,0,1,1,interior/597_plaza-timor-plaza-timor_20180706091134_70126.jpg,interior,597_plaza-timor-plaza-timor_20180706091134_70126.jpg,uploaded,55674,597_plaza-timor-plaza-timor_20180706091134_70126.jpg,https://cdn-strapi.prod.99iddev.net/assets/597_plaza_timor_plaza_timor_20180706091134_70126_459dc47e34.jpg,,
597-plaza-timor-plaza-timor-20180706091134-71021,Media Library/Office Venue/597-plaza-timor-plaza-timor-20180706091134-71021,2999,0,1,1,interior/597_plaza-timor-plaza-timor_20180706091134_71021.jpg,interior,597_plaza-timor-plaza-timor_20180706091134_71021.jpg,uploaded,55675,597_plaza-timor-plaza-timor_20180706091134_71021.jpg,https://cdn-strapi.prod.99iddev.net/assets/597_plaza_timor_plaza_timor_20180706091134_71021_ef4910d399.jpg,,
597-plaza-timor-plaza-timor-20180706091135-26328,Media Library/Office Venue/597-plaza-timor-plaza-timor-20180706091135-26328,3000,0,1,1,interior/597_plaza-timor-plaza-timor_20180706091135_26328.jpg,interior,597_plaza-timor-plaza-timor_20180706091135_26328.jpg,uploaded,55676,597_plaza-timor-plaza-timor_20180706091135_26328.jpg,https://cdn-strapi.prod.99iddev.net/assets/597_plaza_timor_plaza_timor_20180706091135_26328_5e5b7bcd7a.jpg,,
597-plaza-timor-plaza-timor-20180706091135-51896,Media Library/Office Venue/597-plaza-timor-plaza-timor-20180706091135-51896,3001,0,1,1,interior/597_plaza-timor-plaza-timor_20180706091135_51896.jpg,interior,597_plaza-timor-plaza-timor_20180706091135_51896.jpg,uploaded,55677,597_plaza-timor-plaza-timor_20180706091135_51896.jpg,https://cdn-strapi.prod.99iddev.net/assets/597_plaza_timor_plaza_timor_20180706091135_51896_2e15c74a2a.jpg,,
600-mgk-kemayoran-mgk-office-tower-b-20180718035004-67017,Media Library/Office Venue/600-mgk-kemayoran-mgk-office-tower-b-20180718035004-67017,3002,0,1,1,floorplan/600_mgk-kemayoran-mgk-office-tower-b_20180718035004_67017.jpg,floorplan,600_mgk-kemayoran-mgk-office-tower-b_20180718035004_67017.jpg,uploaded,55678,600_mgk-kemayoran-mgk-office-tower-b_20180718035004_67017.jpg,https://cdn-strapi.prod.99iddev.net/assets/600_mgk_kemayoran_mgk_office_tower_b_20180718035004_67017_554258374c.jpg,,
600-mgk-kemayoran-mgk-office-tower-b-20180718035007-60440,Media Library/Office Venue/600-mgk-kemayoran-mgk-office-tower-b-20180718035007-60440,3003,0,1,1,floorplan/600_mgk-kemayoran-mgk-office-tower-b_20180718035007_60440.jpg,floorplan,600_mgk-kemayoran-mgk-office-tower-b_20180718035007_60440.jpg,uploaded,55679,600_mgk-kemayoran-mgk-office-tower-b_20180718035007_60440.jpg,https://cdn-strapi.prod.99iddev.net/assets/600_mgk_kemayoran_mgk_office_tower_b_20180718035007_60440_42d4963897.jpg,,
600-mgk-kemayoran-mgk-office-tower-b-20180718093908-68441,Media Library/Office Venue/600-mgk-kemayoran-mgk-office-tower-b-20180718093908-68441,3004,0,1,1,interior/600_mgk-kemayoran-mgk-office-tower-b_20180718093908_68441.jpg,interior,600_mgk-kemayoran-mgk-office-tower-b_20180718093908_68441.jpg,uploaded,55680,600_mgk-kemayoran-mgk-office-tower-b_20180718093908_68441.jpg,https://cdn-strapi.prod.99iddev.net/assets/600_mgk_kemayoran_mgk_office_tower_b_20180718093908_68441_ddfab9ce23.jpg,,
600-mgk-kemayoran-mgk-office-tower-b-20180718093908-81743,Media Library/Office Venue/600-mgk-kemayoran-mgk-office-tower-b-20180718093908-81743,3005,0,1,1,interior/600_mgk-kemayoran-mgk-office-tower-b_20180718093908_81743.jpg,interior,600_mgk-kemayoran-mgk-office-tower-b_20180718093908_81743.jpg,uploaded,55681,600_mgk-kemayoran-mgk-office-tower-b_20180718093908_81743.jpg,https://cdn-strapi.prod.99iddev.net/assets/600_mgk_kemayoran_mgk_office_tower_b_20180718093908_81743_aa5ebb1608.jpg,,
600-mgk-kemayoran-mgk-office-tower-b-20180718093909-17114,Media Library/Office Venue/600-mgk-kemayoran-mgk-office-tower-b-20180718093909-17114,3006,0,1,1,interior/600_mgk-kemayoran-mgk-office-tower-b_20180718093909_17114.jpg,interior,600_mgk-kemayoran-mgk-office-tower-b_20180718093909_17114.jpg,uploaded,55682,600_mgk-kemayoran-mgk-office-tower-b_20180718093909_17114.jpg,https://cdn-strapi.prod.99iddev.net/assets/600_mgk_kemayoran_mgk_office_tower_b_20180718093909_17114_409c3b7dec.jpg,,
600-mgk-kemayoran-mgk-office-tower-b-20180718093909-69478,Media Library/Office Venue/600-mgk-kemayoran-mgk-office-tower-b-20180718093909-69478,3007,0,1,1,interior/600_mgk-kemayoran-mgk-office-tower-b_20180718093909_69478.jpg,interior,600_mgk-kemayoran-mgk-office-tower-b_20180718093909_69478.jpg,uploaded,55683,600_mgk-kemayoran-mgk-office-tower-b_20180718093909_69478.jpg,https://cdn-strapi.prod.99iddev.net/assets/600_mgk_kemayoran_mgk_office_tower_b_20180718093909_69478_fe9b2bbb12.jpg,,
600-mgk-kemayoran-mgk-office-tower-b-20180718093910-19942,Media Library/Office Venue/600-mgk-kemayoran-mgk-office-tower-b-20180718093910-19942,3008,0,1,1,interior/600_mgk-kemayoran-mgk-office-tower-b_20180718093910_19942.jpg,interior,600_mgk-kemayoran-mgk-office-tower-b_20180718093910_19942.jpg,uploaded,55684,600_mgk-kemayoran-mgk-office-tower-b_20180718093910_19942.jpg,https://cdn-strapi.prod.99iddev.net/assets/600_mgk_kemayoran_mgk_office_tower_b_20180718093910_19942_fe8259db67.jpg,,
600-mgk-kemayoran-mgk-office-tower-b-20180718093911-20592,Media Library/Office Venue/600-mgk-kemayoran-mgk-office-tower-b-20180718093911-20592,3009,0,1,1,interior/600_mgk-kemayoran-mgk-office-tower-b_20180718093911_20592.jpg,interior,600_mgk-kemayoran-mgk-office-tower-b_20180718093911_20592.jpg,uploaded,55685,600_mgk-kemayoran-mgk-office-tower-b_20180718093911_20592.jpg,https://cdn-strapi.prod.99iddev.net/assets/600_mgk_kemayoran_mgk_office_tower_b_20180718093911_20592_f850074817.jpg,,
600-mgk-kemayoran-mgk-office-tower-b-20180718093911-77314,Media Library/Office Venue/600-mgk-kemayoran-mgk-office-tower-b-20180718093911-77314,3010,0,1,1,interior/600_mgk-kemayoran-mgk-office-tower-b_20180718093911_77314.jpg,interior,600_mgk-kemayoran-mgk-office-tower-b_20180718093911_77314.jpg,uploaded,55686,600_mgk-kemayoran-mgk-office-tower-b_20180718093911_77314.jpg,https://cdn-strapi.prod.99iddev.net/assets/600_mgk_kemayoran_mgk_office_tower_b_20180718093911_77314_a4cf232e53.jpg,,
600-mgk-kemayoran-mgk-office-tower-b-20180718093912-11003,Media Library/Office Venue/600-mgk-kemayoran-mgk-office-tower-b-20180718093912-11003,3011,0,1,1,interior/600_mgk-kemayoran-mgk-office-tower-b_20180718093912_11003.jpg,interior,600_mgk-kemayoran-mgk-office-tower-b_20180718093912_11003.jpg,uploaded,55687,600_mgk-kemayoran-mgk-office-tower-b_20180718093912_11003.jpg,https://cdn-strapi.prod.99iddev.net/assets/600_mgk_kemayoran_mgk_office_tower_b_20180718093912_11003_f469267ce4.jpg,,
600-mgk-kemayoran-mgk-office-tower-b-20180718093912-60286,Media Library/Office Venue/600-mgk-kemayoran-mgk-office-tower-b-20180718093912-60286,3012,0,1,1,interior/600_mgk-kemayoran-mgk-office-tower-b_20180718093912_60286.jpg,interior,600_mgk-kemayoran-mgk-office-tower-b_20180718093912_60286.jpg,uploaded,55688,600_mgk-kemayoran-mgk-office-tower-b_20180718093912_60286.jpg,https://cdn-strapi.prod.99iddev.net/assets/600_mgk_kemayoran_mgk_office_tower_b_20180718093912_60286_6fb44f781e.jpg,,
600-mgk-kemayoran-mgk-office-tower-b-20201111201003-11889,Media Library/Office Venue/600-mgk-kemayoran-mgk-office-tower-b-20201111201003-11889,3013,0,1,1,exterior/600_mgk-kemayoran-mgk-office-tower-b_20201111201003_11889.jpg,exterior,600_mgk-kemayoran-mgk-office-tower-b_20201111201003_11889.jpg,uploaded,55689,600_mgk-kemayoran-mgk-office-tower-b_20201111201003_11889.jpg,https://cdn-strapi.prod.99iddev.net/assets/600_mgk_kemayoran_mgk_office_tower_b_20201111201003_11889_73492ebfc1.jpg,,
600-mgk-kemayoran-mgk-office-tower-b-20180718093912833,Media Library/Office Venue/600-mgk-kemayoran-mgk-office-tower-b-20180718093912833,3014,0,1,1,interior/600_mgk-kemayoran-mgk-office-tower-b_20180718093912_28833.jpg,interior,600_mgk-kemayoran-mgk-office-tower-b_20180718093912_28833.jpg,uploaded,55690,600_mgk-kemayoran-mgk-office-tower-b_20180718093912_28833.jpg,https://cdn-strapi.prod.99iddev.net/assets/600_mgk_kemayoran_mgk_office_tower_b_20180718093912_28833_6e3f541b5b.jpg,,
603-gold-coast-gold-coast-office-tower-20190729042415-75053,Media Library/Office Venue/603-gold-coast-gold-coast-office-tower-20190729042415-75053,3015,0,1,1,floorplan/603_gold-coast-gold-coast-office-tower_20190729042415_75053.jpg,floorplan,603_gold-coast-gold-coast-office-tower_20190729042415_75053.jpg,uploaded,55691,603_gold-coast-gold-coast-office-tower_20190729042415_75053.jpg,https://cdn-strapi.prod.99iddev.net/assets/603_gold_coast_gold_coast_office_tower_20190729042415_75053_2c52a6c9a0.jpg,,
603-gold-coast-gold-coast-office-tower-20190729042416-24425,Media Library/Office Venue/603-gold-coast-gold-coast-office-tower-20190729042416-24425,3016,0,1,1,floorplan/603_gold-coast-gold-coast-office-tower_20190729042416_24425.jpg,floorplan,603_gold-coast-gold-coast-office-tower_20190729042416_24425.jpg,uploaded,55692,603_gold-coast-gold-coast-office-tower_20190729042416_24425.jpg,https://cdn-strapi.prod.99iddev.net/assets/603_gold_coast_gold_coast_office_tower_20190729042416_24425_a982aa0065.jpg,,
603-gold-coast-gold-coast-office-tower-20190729042416-67794,Media Library/Office Venue/603-gold-coast-gold-coast-office-tower-20190729042416-67794,3017,0,1,1,floorplan/603_gold-coast-gold-coast-office-tower_20190729042416_67794.jpg,floorplan,603_gold-coast-gold-coast-office-tower_20190729042416_67794.jpg,uploaded,55693,603_gold-coast-gold-coast-office-tower_20190729042416_67794.jpg,https://cdn-strapi.prod.99iddev.net/assets/603_gold_coast_gold_coast_office_tower_20190729042416_67794_5e74b7b44d.jpg,,
603-gold-coast-gold-coast-office-tower-20191121103151-18174,Media Library/Office Venue/603-gold-coast-gold-coast-office-tower-20191121103151-18174,3018,0,1,1,exterior/603_gold-coast-gold-coast-office-tower_20191121103151_18174.jpg,exterior,603_gold-coast-gold-coast-office-tower_20191121103151_18174.jpg,uploaded,55694,603_gold-coast-gold-coast-office-tower_20191121103151_18174.jpg,https://cdn-strapi.prod.99iddev.net/assets/603_gold_coast_gold_coast_office_tower_20191121103151_18174_9e54c95872.jpg,,
616-green-office-park-green-office-park-1-20180912101348783,Media Library/Office Venue/616-green-office-park-green-office-park-1-20180912101348783,3019,0,1,1,floorplan/616_green-office-park-green-office-park-1_20180912101348_28783.jpg,floorplan,616_green-office-park-green-office-park-1_20180912101348_28783.jpg,uploaded,55695,616_green-office-park-green-office-park-1_20180912101348_28783.jpg,https://cdn-strapi.prod.99iddev.net/assets/616_green_office_park_green_office_park_1_20180912101348_28783_5146020a06.jpg,,
632-social-security-tower-social-security-tower-20190516033725-11498,Media Library/Office Venue/632-social-security-tower-social-security-tower-20190516033725-11498,3020,0,1,1,floorplan/632_social-security-tower-social-security-tower_20190516033725_11498.jpg,floorplan,632_social-security-tower-social-security-tower_20190516033725_11498.jpg,uploaded,55696,632_social-security-tower-social-security-tower_20190516033725_11498.jpg,https://cdn-strapi.prod.99iddev.net/assets/632_social_security_tower_social_security_tower_20190516033725_11498_3e61dfc661.jpg,,
632-social-security-tower-social-security-tower-20190516033725-59550,Media Library/Office Venue/632-social-security-tower-social-security-tower-20190516033725-59550,3021,0,1,1,floorplan/632_social-security-tower-social-security-tower_20190516033725_59550.jpg,floorplan,632_social-security-tower-social-security-tower_20190516033725_59550.jpg,uploaded,55697,632_social-security-tower-social-security-tower_20190516033725_59550.jpg,https://cdn-strapi.prod.99iddev.net/assets/632_social_security_tower_social_security_tower_20190516033725_59550_a1fd299d0d.jpg,,
632-social-security-tower-social-security-tower-20190729034613-56243,Media Library/Office Venue/632-social-security-tower-social-security-tower-20190729034613-56243,3022,0,1,1,exterior/632_social-security-tower-social-security-tower_20190729034613_56243.jpg,exterior,632_social-security-tower-social-security-tower_20190729034613_56243.jpg,uploaded,55698,632_social-security-tower-social-security-tower_20190729034613_56243.jpg,https://cdn-strapi.prod.99iddev.net/assets/632_social_security_tower_social_security_tower_20190729034613_56243_9b96dfca2f.jpg,,
642-sophie-building-sophie-building-20190214101032-27955,Media Library/Office Venue/642-sophie-building-sophie-building-20190214101032-27955,3023,0,1,1,interior/642_sophie-building-sophie-building_20190214101032_27955.jpg,interior,642_sophie-building-sophie-building_20190214101032_27955.jpg,uploaded,55699,642_sophie-building-sophie-building_20190214101032_27955.jpg,https://cdn-strapi.prod.99iddev.net/assets/642_sophie_building_sophie_building_20190214101032_27955_d71841bf9d.jpg,,
642-sophie-building-sophie-building-20190214101033-72010,Media Library/Office Venue/642-sophie-building-sophie-building-20190214101033-72010,3024,0,1,1,interior/642_sophie-building-sophie-building_20190214101033_72010.jpg,interior,642_sophie-building-sophie-building_20190214101033_72010.jpg,uploaded,55700,642_sophie-building-sophie-building_20190214101033_72010.jpg,https://cdn-strapi.prod.99iddev.net/assets/642_sophie_building_sophie_building_20190214101033_72010_4cf1dddc16.jpg,,
649-trio-building-trio-building-20190214101707-85302,Media Library/Office Venue/649-trio-building-trio-building-20190214101707-85302,3025,0,1,1,interior/649_trio-building-trio-building_20190214101707_85302.jpg,interior,649_trio-building-trio-building_20190214101707_85302.jpg,uploaded,55701,649_trio-building-trio-building_20190214101707_85302.jpg,https://cdn-strapi.prod.99iddev.net/assets/649_trio_building_trio_building_20190214101707_85302_1cf6aa5064.jpg,,
649-trio-building-trio-building-20190214101707-94993,Media Library/Office Venue/649-trio-building-trio-building-20190214101707-94993,3026,0,1,1,interior/649_trio-building-trio-building_20190214101707_94993.jpg,interior,649_trio-building-trio-building_20190214101707_94993.jpg,uploaded,55702,649_trio-building-trio-building_20190214101707_94993.jpg,https://cdn-strapi.prod.99iddev.net/assets/649_trio_building_trio_building_20190214101707_94993_9887f31caf.jpg,,
649-trio-building-trio-building-20190214101708-10093,Media Library/Office Venue/649-trio-building-trio-building-20190214101708-10093,3027,0,1,1,interior/649_trio-building-trio-building_20190214101708_10093.jpg,interior,649_trio-building-trio-building_20190214101708_10093.jpg,uploaded,55703,649_trio-building-trio-building_20190214101708_10093.jpg,https://cdn-strapi.prod.99iddev.net/assets/649_trio_building_trio_building_20190214101708_10093_a5af726c21.jpg,,
649-trio-building-trio-building-20190214101708-16656,Media Library/Office Venue/649-trio-building-trio-building-20190214101708-16656,3028,0,1,1,interior/649_trio-building-trio-building_20190214101708_16656.jpg,interior,649_trio-building-trio-building_20190214101708_16656.jpg,uploaded,55704,649_trio-building-trio-building_20190214101708_16656.jpg,https://cdn-strapi.prod.99iddev.net/assets/649_trio_building_trio_building_20190214101708_16656_578b84c36d.jpg,,
649-trio-building-trio-building-20190214101708-42490,Media Library/Office Venue/649-trio-building-trio-building-20190214101708-42490,3029,0,1,1,interior/649_trio-building-trio-building_20190214101708_42490.jpg,interior,649_trio-building-trio-building_20190214101708_42490.jpg,uploaded,55705,649_trio-building-trio-building_20190214101708_42490.jpg,https://cdn-strapi.prod.99iddev.net/assets/649_trio_building_trio_building_20190214101708_42490_d431a9d476.jpg,,
649-trio-building-trio-building-20190214101708-53718,Media Library/Office Venue/649-trio-building-trio-building-20190214101708-53718,3030,0,1,1,interior/649_trio-building-trio-building_20190214101708_53718.jpg,interior,649_trio-building-trio-building_20190214101708_53718.jpg,uploaded,55706,649_trio-building-trio-building_20190214101708_53718.jpg,https://cdn-strapi.prod.99iddev.net/assets/649_trio_building_trio_building_20190214101708_53718_6c3e957b47.jpg,,
649-trio-building-trio-building-20190214101708-56096,Media Library/Office Venue/649-trio-building-trio-building-20190214101708-56096,3031,0,1,1,interior/649_trio-building-trio-building_20190214101708_56096.jpg,interior,649_trio-building-trio-building_20190214101708_56096.jpg,uploaded,55707,649_trio-building-trio-building_20190214101708_56096.jpg,https://cdn-strapi.prod.99iddev.net/assets/649_trio_building_trio_building_20190214101708_56096_1b0ce245b2.jpg,,
649-trio-building-trio-building-20190214101709-19930,Media Library/Office Venue/649-trio-building-trio-building-20190214101709-19930,3032,0,1,1,interior/649_trio-building-trio-building_20190214101709_19930.jpg,interior,649_trio-building-trio-building_20190214101709_19930.jpg,uploaded,55708,649_trio-building-trio-building_20190214101709_19930.jpg,https://cdn-strapi.prod.99iddev.net/assets/649_trio_building_trio_building_20190214101709_19930_77d9512456.jpg,,
649-trio-building-trio-building-20190214101709-32475,Media Library/Office Venue/649-trio-building-trio-building-20190214101709-32475,3033,0,1,1,interior/649_trio-building-trio-building_20190214101709_32475.jpg,interior,649_trio-building-trio-building_20190214101709_32475.jpg,uploaded,55709,649_trio-building-trio-building_20190214101709_32475.jpg,https://cdn-strapi.prod.99iddev.net/assets/649_trio_building_trio_building_20190214101709_32475_d556b702d8.jpg,,
649-trio-building-trio-building-20190214101709-32527,Media Library/Office Venue/649-trio-building-trio-building-20190214101709-32527,3034,0,1,1,interior/649_trio-building-trio-building_20190214101709_32527.jpg,interior,649_trio-building-trio-building_20190214101709_32527.jpg,uploaded,55710,649_trio-building-trio-building_20190214101709_32527.jpg,https://cdn-strapi.prod.99iddev.net/assets/649_trio_building_trio_building_20190214101709_32527_25d4d2bba6.jpg,,
649-trio-building-trio-building-20190214101709-53739,Media Library/Office Venue/649-trio-building-trio-building-20190214101709-53739,3035,0,1,1,interior/649_trio-building-trio-building_20190214101709_53739.jpg,interior,649_trio-building-trio-building_20190214101709_53739.jpg,uploaded,55711,649_trio-building-trio-building_20190214101709_53739.jpg,https://cdn-strapi.prod.99iddev.net/assets/649_trio_building_trio_building_20190214101709_53739_b9dc8833ca.jpg,,
649-trio-building-trio-building-20190214101709-92744,Media Library/Office Venue/649-trio-building-trio-building-20190214101709-92744,3036,0,1,1,interior/649_trio-building-trio-building_20190214101709_92744.jpg,interior,649_trio-building-trio-building_20190214101709_92744.jpg,uploaded,55712,649_trio-building-trio-building_20190214101709_92744.jpg,https://cdn-strapi.prod.99iddev.net/assets/649_trio_building_trio_building_20190214101709_92744_80676d7f74.jpg,,
649-trio-building-trio-building-20190214101710-32621,Media Library/Office Venue/649-trio-building-trio-building-20190214101710-32621,3037,0,1,1,interior/649_trio-building-trio-building_20190214101710_32621.jpg,interior,649_trio-building-trio-building_20190214101710_32621.jpg,uploaded,55713,649_trio-building-trio-building_20190214101710_32621.jpg,https://cdn-strapi.prod.99iddev.net/assets/649_trio_building_trio_building_20190214101710_32621_cce4ff1512.jpg,,
649-trio-building-trio-building-20190214101710-40657,Media Library/Office Venue/649-trio-building-trio-building-20190214101710-40657,3038,0,1,1,interior/649_trio-building-trio-building_20190214101710_40657.jpg,interior,649_trio-building-trio-building_20190214101710_40657.jpg,uploaded,55714,649_trio-building-trio-building_20190214101710_40657.jpg,https://cdn-strapi.prod.99iddev.net/assets/649_trio_building_trio_building_20190214101710_40657_b3cebb9b54.jpg,,
649-trio-building-trio-building-20190214101710-48635,Media Library/Office Venue/649-trio-building-trio-building-20190214101710-48635,3039,0,1,1,interior/649_trio-building-trio-building_20190214101710_48635.jpg,interior,649_trio-building-trio-building_20190214101710_48635.jpg,uploaded,55715,649_trio-building-trio-building_20190214101710_48635.jpg,https://cdn-strapi.prod.99iddev.net/assets/649_trio_building_trio_building_20190214101710_48635_b709164649.jpg,,
649-trio-building-trio-building-20190214101710-61372,Media Library/Office Venue/649-trio-building-trio-building-20190214101710-61372,3040,0,1,1,interior/649_trio-building-trio-building_20190214101710_61372.jpg,interior,649_trio-building-trio-building_20190214101710_61372.jpg,uploaded,55716,649_trio-building-trio-building_20190214101710_61372.jpg,https://cdn-strapi.prod.99iddev.net/assets/649_trio_building_trio_building_20190214101710_61372_f612be2c43.jpg,,
649-trio-building-trio-building-20190214101710-68116,Media Library/Office Venue/649-trio-building-trio-building-20190214101710-68116,3041,0,1,1,interior/649_trio-building-trio-building_20190214101710_68116.jpg,interior,649_trio-building-trio-building_20190214101710_68116.jpg,uploaded,55717,649_trio-building-trio-building_20190214101710_68116.jpg,https://cdn-strapi.prod.99iddev.net/assets/649_trio_building_trio_building_20190214101710_68116_1d2074cbf4.jpg,,
649-trio-building-trio-building-20190214101710-79315,Media Library/Office Venue/649-trio-building-trio-building-20190214101710-79315,3042,0,1,1,interior/649_trio-building-trio-building_20190214101710_79315.jpg,interior,649_trio-building-trio-building_20190214101710_79315.jpg,uploaded,55718,649_trio-building-trio-building_20190214101710_79315.jpg,https://cdn-strapi.prod.99iddev.net/assets/649_trio_building_trio_building_20190214101710_79315_964447c7f9.jpg,,
649-trio-building-trio-building-20190214101710-90137,Media Library/Office Venue/649-trio-building-trio-building-20190214101710-90137,3043,0,1,1,interior/649_trio-building-trio-building_20190214101710_90137.jpg,interior,649_trio-building-trio-building_20190214101710_90137.jpg,uploaded,55719,649_trio-building-trio-building_20190214101710_90137.jpg,https://cdn-strapi.prod.99iddev.net/assets/649_trio_building_trio_building_20190214101710_90137_bda18b0df1.jpg,,
649-trio-building-trio-building-20190214101709379,Media Library/Office Venue/649-trio-building-trio-building-20190214101709379,3044,0,1,1,interior/649_trio-building-trio-building_20190214101709_28379.jpg,interior,649_trio-building-trio-building_20190214101709_28379.jpg,uploaded,55720,649_trio-building-trio-building_20190214101709_28379.jpg,https://cdn-strapi.prod.99iddev.net/assets/649_trio_building_trio_building_20190214101709_28379_d04e7f5708.jpg,,
650-green-office-park-myrepublic-plaza-gop-6-20190729043141-61380,Media Library/Office Venue/650-green-office-park-myrepublic-plaza-gop-6-20190729043141-61380,3045,0,1,1,floorplan/650_green-office-park-myrepublic-plaza-gop-6_20190729043141_61380.jpg,floorplan,650_green-office-park-myrepublic-plaza-gop-6_20190729043141_61380.jpg,uploaded,55721,650_green-office-park-myrepublic-plaza-gop-6_20190729043141_61380.jpg,https://cdn-strapi.prod.99iddev.net/assets/650_green_office_park_myrepublic_plaza_gop_6_20190729043141_61380_3bf6593445.jpg,,
650-green-office-park-myrepublic-plaza-gop-6-20190729043142-50740,Media Library/Office Venue/650-green-office-park-myrepublic-plaza-gop-6-20190729043142-50740,3046,0,1,1,floorplan/650_green-office-park-myrepublic-plaza-gop-6_20190729043142_50740.jpg,floorplan,650_green-office-park-myrepublic-plaza-gop-6_20190729043142_50740.jpg,uploaded,55722,650_green-office-park-myrepublic-plaza-gop-6_20190729043142_50740.jpg,https://cdn-strapi.prod.99iddev.net/assets/650_green_office_park_myrepublic_plaza_gop_6_20190729043142_50740_8b161c3ec0.jpg,,
650-green-office-park-myrepublic-plaza-gop-6-20190729043142-56924,Media Library/Office Venue/650-green-office-park-myrepublic-plaza-gop-6-20190729043142-56924,3047,0,1,1,floorplan/650_green-office-park-myrepublic-plaza-gop-6_20190729043142_56924.jpg,floorplan,650_green-office-park-myrepublic-plaza-gop-6_20190729043142_56924.jpg,uploaded,55723,650_green-office-park-myrepublic-plaza-gop-6_20190729043142_56924.jpg,https://cdn-strapi.prod.99iddev.net/assets/650_green_office_park_myrepublic_plaza_gop_6_20190729043142_56924_8ee96946bb.jpg,,
656-wisma-megah-sunter-wisma-megah-sunter-20190731063806-19180,Media Library/Office Venue/656-wisma-megah-sunter-wisma-megah-sunter-20190731063806-19180,3048,0,1,1,exterior/656_wisma-megah-sunter-wisma-megah-sunter_20190731063806_19180.jpg,exterior,656_wisma-megah-sunter-wisma-megah-sunter_20190731063806_19180.jpg,uploaded,55724,656_wisma-megah-sunter-wisma-megah-sunter_20190731063806_19180.jpg,https://cdn-strapi.prod.99iddev.net/assets/656_wisma_megah_sunter_wisma_megah_sunter_20190731063806_19180_1a66c5b98d.jpg,,
656-wisma-megah-sunter-wisma-megah-sunter-20190731063806-20458,Media Library/Office Venue/656-wisma-megah-sunter-wisma-megah-sunter-20190731063806-20458,3049,0,1,1,exterior/656_wisma-megah-sunter-wisma-megah-sunter_20190731063806_20458.jpg,exterior,656_wisma-megah-sunter-wisma-megah-sunter_20190731063806_20458.jpg,uploaded,55725,656_wisma-megah-sunter-wisma-megah-sunter_20190731063806_20458.jpg,https://cdn-strapi.prod.99iddev.net/assets/656_wisma_megah_sunter_wisma_megah_sunter_20190731063806_20458_08c7eda062.jpg,,
656-wisma-megah-sunter-wisma-megah-sunter-20190731063806-55963,Media Library/Office Venue/656-wisma-megah-sunter-wisma-megah-sunter-20190731063806-55963,3050,0,1,1,exterior/656_wisma-megah-sunter-wisma-megah-sunter_20190731063806_55963.jpg,exterior,656_wisma-megah-sunter-wisma-megah-sunter_20190731063806_55963.jpg,uploaded,55726,656_wisma-megah-sunter-wisma-megah-sunter_20190731063806_55963.jpg,https://cdn-strapi.prod.99iddev.net/assets/656_wisma_megah_sunter_wisma_megah_sunter_20190731063806_55963_4b83f8d94d.jpg,,
656-wisma-megah-sunter-wisma-megah-sunter-20190731063911-96572,Media Library/Office Venue/656-wisma-megah-sunter-wisma-megah-sunter-20190731063911-96572,3051,0,1,1,interior/656_wisma-megah-sunter-wisma-megah-sunter_20190731063911_96572.jpg,interior,656_wisma-megah-sunter-wisma-megah-sunter_20190731063911_96572.jpg,uploaded,55727,656_wisma-megah-sunter-wisma-megah-sunter_20190731063911_96572.jpg,https://cdn-strapi.prod.99iddev.net/assets/656_wisma_megah_sunter_wisma_megah_sunter_20190731063911_96572_5302cbd1bd.jpg,,
656-wisma-megah-sunter-wisma-megah-sunter-20190731063912-12027,Media Library/Office Venue/656-wisma-megah-sunter-wisma-megah-sunter-20190731063912-12027,3052,0,1,1,interior/656_wisma-megah-sunter-wisma-megah-sunter_20190731063912_12027.jpg,interior,656_wisma-megah-sunter-wisma-megah-sunter_20190731063912_12027.jpg,uploaded,55728,656_wisma-megah-sunter-wisma-megah-sunter_20190731063912_12027.jpg,https://cdn-strapi.prod.99iddev.net/assets/656_wisma_megah_sunter_wisma_megah_sunter_20190731063912_12027_08004037b6.jpg,,
656-wisma-megah-sunter-wisma-megah-sunter-20190731063912-27688,Media Library/Office Venue/656-wisma-megah-sunter-wisma-megah-sunter-20190731063912-27688,3053,0,1,1,interior/656_wisma-megah-sunter-wisma-megah-sunter_20190731063912_27688.jpg,interior,656_wisma-megah-sunter-wisma-megah-sunter_20190731063912_27688.jpg,uploaded,55729,656_wisma-megah-sunter-wisma-megah-sunter_20190731063912_27688.jpg,https://cdn-strapi.prod.99iddev.net/assets/656_wisma_megah_sunter_wisma_megah_sunter_20190731063912_27688_177757cdc0.jpg,,
656-wisma-megah-sunter-wisma-megah-sunter-20190731063912-59289,Media Library/Office Venue/656-wisma-megah-sunter-wisma-megah-sunter-20190731063912-59289,3054,0,1,1,interior/656_wisma-megah-sunter-wisma-megah-sunter_20190731063912_59289.jpg,interior,656_wisma-megah-sunter-wisma-megah-sunter_20190731063912_59289.jpg,uploaded,55730,656_wisma-megah-sunter-wisma-megah-sunter_20190731063912_59289.jpg,https://cdn-strapi.prod.99iddev.net/assets/656_wisma_megah_sunter_wisma_megah_sunter_20190731063912_59289_45ec57b460.jpg,,
656-wisma-megah-sunter-wisma-megah-sunter-20190731063912-90491,Media Library/Office Venue/656-wisma-megah-sunter-wisma-megah-sunter-20190731063912-90491,3055,0,1,1,interior/656_wisma-megah-sunter-wisma-megah-sunter_20190731063912_90491.jpg,interior,656_wisma-megah-sunter-wisma-megah-sunter_20190731063912_90491.jpg,uploaded,55731,656_wisma-megah-sunter-wisma-megah-sunter_20190731063912_90491.jpg,https://cdn-strapi.prod.99iddev.net/assets/656_wisma_megah_sunter_wisma_megah_sunter_20190731063912_90491_8c09f74684.jpg,,
656-wisma-megah-sunter-wisma-megah-sunter-20190731063913-17850,Media Library/Office Venue/656-wisma-megah-sunter-wisma-megah-sunter-20190731063913-17850,3056,0,1,1,interior/656_wisma-megah-sunter-wisma-megah-sunter_20190731063913_17850.jpg,interior,656_wisma-megah-sunter-wisma-megah-sunter_20190731063913_17850.jpg,uploaded,55732,656_wisma-megah-sunter-wisma-megah-sunter_20190731063913_17850.jpg,https://cdn-strapi.prod.99iddev.net/assets/656_wisma_megah_sunter_wisma_megah_sunter_20190731063913_17850_c9b771d47e.jpg,,
656-wisma-megah-sunter-wisma-megah-sunter-20190731063913-24970,Media Library/Office Venue/656-wisma-megah-sunter-wisma-megah-sunter-20190731063913-24970,3057,0,1,1,interior/656_wisma-megah-sunter-wisma-megah-sunter_20190731063913_24970.jpg,interior,656_wisma-megah-sunter-wisma-megah-sunter_20190731063913_24970.jpg,uploaded,55733,656_wisma-megah-sunter-wisma-megah-sunter_20190731063913_24970.jpg,https://cdn-strapi.prod.99iddev.net/assets/656_wisma_megah_sunter_wisma_megah_sunter_20190731063913_24970_5655b565d5.jpg,,
656-wisma-megah-sunter-wisma-megah-sunter-20190731063913-30176,Media Library/Office Venue/656-wisma-megah-sunter-wisma-megah-sunter-20190731063913-30176,3058,0,1,1,interior/656_wisma-megah-sunter-wisma-megah-sunter_20190731063913_30176.jpg,interior,656_wisma-megah-sunter-wisma-megah-sunter_20190731063913_30176.jpg,uploaded,55734,656_wisma-megah-sunter-wisma-megah-sunter_20190731063913_30176.jpg,https://cdn-strapi.prod.99iddev.net/assets/656_wisma_megah_sunter_wisma_megah_sunter_20190731063913_30176_cc34f36601.jpg,,
656-wisma-megah-sunter-wisma-megah-sunter-20190731063913-51361,Media Library/Office Venue/656-wisma-megah-sunter-wisma-megah-sunter-20190731063913-51361,3059,0,1,1,interior/656_wisma-megah-sunter-wisma-megah-sunter_20190731063913_51361.jpg,interior,656_wisma-megah-sunter-wisma-megah-sunter_20190731063913_51361.jpg,uploaded,55735,656_wisma-megah-sunter-wisma-megah-sunter_20190731063913_51361.jpg,https://cdn-strapi.prod.99iddev.net/assets/656_wisma_megah_sunter_wisma_megah_sunter_20190731063913_51361_85c09f3c4e.jpg,,
656-wisma-megah-sunter-wisma-megah-sunter-20190731063913-59289,Media Library/Office Venue/656-wisma-megah-sunter-wisma-megah-sunter-20190731063913-59289,3060,0,1,1,interior/656_wisma-megah-sunter-wisma-megah-sunter_20190731063913_59289.jpg,interior,656_wisma-megah-sunter-wisma-megah-sunter_20190731063913_59289.jpg,uploaded,55736,656_wisma-megah-sunter-wisma-megah-sunter_20190731063913_59289.jpg,https://cdn-strapi.prod.99iddev.net/assets/656_wisma_megah_sunter_wisma_megah_sunter_20190731063913_59289_c668117bf9.jpg,,
656-wisma-megah-sunter-wisma-megah-sunter-20190731063913-71080,Media Library/Office Venue/656-wisma-megah-sunter-wisma-megah-sunter-20190731063913-71080,3061,0,1,1,interior/656_wisma-megah-sunter-wisma-megah-sunter_20190731063913_71080.jpg,interior,656_wisma-megah-sunter-wisma-megah-sunter_20190731063913_71080.jpg,uploaded,55737,656_wisma-megah-sunter-wisma-megah-sunter_20190731063913_71080.jpg,https://cdn-strapi.prod.99iddev.net/assets/656_wisma_megah_sunter_wisma_megah_sunter_20190731063913_71080_ed99c04ba7.jpg,,
656-wisma-megah-sunter-wisma-megah-sunter-20190731063914-19802,Media Library/Office Venue/656-wisma-megah-sunter-wisma-megah-sunter-20190731063914-19802,3062,0,1,1,interior/656_wisma-megah-sunter-wisma-megah-sunter_20190731063914_19802.jpg,interior,656_wisma-megah-sunter-wisma-megah-sunter_20190731063914_19802.jpg,uploaded,55738,656_wisma-megah-sunter-wisma-megah-sunter_20190731063914_19802.jpg,https://cdn-strapi.prod.99iddev.net/assets/656_wisma_megah_sunter_wisma_megah_sunter_20190731063914_19802_e0418ba500.jpg,,
656-wisma-megah-sunter-wisma-megah-sunter-20190731063914-20777,Media Library/Office Venue/656-wisma-megah-sunter-wisma-megah-sunter-20190731063914-20777,3063,0,1,1,interior/656_wisma-megah-sunter-wisma-megah-sunter_20190731063914_20777.jpg,interior,656_wisma-megah-sunter-wisma-megah-sunter_20190731063914_20777.jpg,uploaded,55739,656_wisma-megah-sunter-wisma-megah-sunter_20190731063914_20777.jpg,https://cdn-strapi.prod.99iddev.net/assets/656_wisma_megah_sunter_wisma_megah_sunter_20190731063914_20777_11720ca564.jpg,,
656-wisma-megah-sunter-wisma-megah-sunter-20190731063914-33409,Media Library/Office Venue/656-wisma-megah-sunter-wisma-megah-sunter-20190731063914-33409,3064,0,1,1,interior/656_wisma-megah-sunter-wisma-megah-sunter_20190731063914_33409.jpg,interior,656_wisma-megah-sunter-wisma-megah-sunter_20190731063914_33409.jpg,uploaded,55740,656_wisma-megah-sunter-wisma-megah-sunter_20190731063914_33409.jpg,https://cdn-strapi.prod.99iddev.net/assets/656_wisma_megah_sunter_wisma_megah_sunter_20190731063914_33409_515f1a02d3.jpg,,
656-wisma-megah-sunter-wisma-megah-sunter-20190731063914-44624,Media Library/Office Venue/656-wisma-megah-sunter-wisma-megah-sunter-20190731063914-44624,3065,0,1,1,interior/656_wisma-megah-sunter-wisma-megah-sunter_20190731063914_44624.jpg,interior,656_wisma-megah-sunter-wisma-megah-sunter_20190731063914_44624.jpg,uploaded,55741,656_wisma-megah-sunter-wisma-megah-sunter_20190731063914_44624.jpg,https://cdn-strapi.prod.99iddev.net/assets/656_wisma_megah_sunter_wisma_megah_sunter_20190731063914_44624_e2bc82f5dc.jpg,,
656-wisma-megah-sunter-wisma-megah-sunter-20190731063914-70454,Media Library/Office Venue/656-wisma-megah-sunter-wisma-megah-sunter-20190731063914-70454,3066,0,1,1,interior/656_wisma-megah-sunter-wisma-megah-sunter_20190731063914_70454.jpg,interior,656_wisma-megah-sunter-wisma-megah-sunter_20190731063914_70454.jpg,uploaded,55742,656_wisma-megah-sunter-wisma-megah-sunter_20190731063914_70454.jpg,https://cdn-strapi.prod.99iddev.net/assets/656_wisma_megah_sunter_wisma_megah_sunter_20190731063914_70454_10520de068.jpg,,
656-wisma-megah-sunter-wisma-megah-sunter-20190731063914-86235,Media Library/Office Venue/656-wisma-megah-sunter-wisma-megah-sunter-20190731063914-86235,3067,0,1,1,interior/656_wisma-megah-sunter-wisma-megah-sunter_20190731063914_86235.jpg,interior,656_wisma-megah-sunter-wisma-megah-sunter_20190731063914_86235.jpg,uploaded,55743,656_wisma-megah-sunter-wisma-megah-sunter_20190731063914_86235.jpg,https://cdn-strapi.prod.99iddev.net/assets/656_wisma_megah_sunter_wisma_megah_sunter_20190731063914_86235_0b212522bd.jpg,,
656-wisma-megah-sunter-wisma-megah-sunter-20190731063914-88428,Media Library/Office Venue/656-wisma-megah-sunter-wisma-megah-sunter-20190731063914-88428,3068,0,1,1,interior/656_wisma-megah-sunter-wisma-megah-sunter_20190731063914_88428.jpg,interior,656_wisma-megah-sunter-wisma-megah-sunter_20190731063914_88428.jpg,uploaded,55744,656_wisma-megah-sunter-wisma-megah-sunter_20190731063914_88428.jpg,https://cdn-strapi.prod.99iddev.net/assets/656_wisma_megah_sunter_wisma_megah_sunter_20190731063914_88428_e9c12e93f1.jpg,,
656-wisma-megah-sunter-wisma-megah-sunter-20190731063915-70665,Media Library/Office Venue/656-wisma-megah-sunter-wisma-megah-sunter-20190731063915-70665,3069,0,1,1,interior/656_wisma-megah-sunter-wisma-megah-sunter_20190731063915_70665.jpg,interior,656_wisma-megah-sunter-wisma-megah-sunter_20190731063915_70665.jpg,uploaded,55745,656_wisma-megah-sunter-wisma-megah-sunter_20190731063915_70665.jpg,https://cdn-strapi.prod.99iddev.net/assets/656_wisma_megah_sunter_wisma_megah_sunter_20190731063915_70665_6449b8d311.jpg,,
656-wisma-megah-sunter-wisma-megah-sunter-20190731064546-18592,Media Library/Office Venue/656-wisma-megah-sunter-wisma-megah-sunter-20190731064546-18592,3070,0,1,1,floorplan/656_wisma-megah-sunter-wisma-megah-sunter_20190731064546_18592.jpg,floorplan,656_wisma-megah-sunter-wisma-megah-sunter_20190731064546_18592.jpg,uploaded,55746,656_wisma-megah-sunter-wisma-megah-sunter_20190731064546_18592.jpg,https://cdn-strapi.prod.99iddev.net/assets/656_wisma_megah_sunter_wisma_megah_sunter_20190731064546_18592_8b5716a026.jpg,,
656-wisma-megah-sunter-wisma-megah-sunter-20190731064546-46826,Media Library/Office Venue/656-wisma-megah-sunter-wisma-megah-sunter-20190731064546-46826,3071,0,1,1,floorplan/656_wisma-megah-sunter-wisma-megah-sunter_20190731064546_46826.jpg,floorplan,656_wisma-megah-sunter-wisma-megah-sunter_20190731064546_46826.jpg,uploaded,55747,656_wisma-megah-sunter-wisma-megah-sunter_20190731064546_46826.jpg,https://cdn-strapi.prod.99iddev.net/assets/656_wisma_megah_sunter_wisma_megah_sunter_20190731064546_46826_ba90f006b8.jpg,,
656-wisma-megah-sunter-wisma-megah-sunter-20190731064546-97279,Media Library/Office Venue/656-wisma-megah-sunter-wisma-megah-sunter-20190731064546-97279,3072,0,1,1,floorplan/656_wisma-megah-sunter-wisma-megah-sunter_20190731064546_97279.jpg,floorplan,656_wisma-megah-sunter-wisma-megah-sunter_20190731064546_97279.jpg,uploaded,55748,656_wisma-megah-sunter-wisma-megah-sunter_20190731064546_97279.jpg,https://cdn-strapi.prod.99iddev.net/assets/656_wisma_megah_sunter_wisma_megah_sunter_20190731064546_97279_55660197a5.jpg,,
656-wisma-megah-sunter-wisma-megah-sunter-20190731063913045,Media Library/Office Venue/656-wisma-megah-sunter-wisma-megah-sunter-20190731063913045,3073,0,1,1,interior/656_wisma-megah-sunter-wisma-megah-sunter_20190731063913_28045.jpg,interior,656_wisma-megah-sunter-wisma-megah-sunter_20190731063913_28045.jpg,uploaded,55749,656_wisma-megah-sunter-wisma-megah-sunter_20190731063913_28045.jpg,https://cdn-strapi.prod.99iddev.net/assets/656_wisma_megah_sunter_wisma_megah_sunter_20190731063913_28045_43334be63a.jpg,,
