folder	image
exterior	exterior/01_-maritime-tower-exterior-1690519302980-0.jpg
exterior	exterior/01_100_graha-cimb-niaga-graha-cimb-niaga_20160914043942_72142.jpg
exterior	exterior/01_101_indonesia-stock-exchange-building-indonesia-stock-exchange-building-tower-1_20160914044045_40790.jpg
exterior	exterior/01_102_indonesia-stock-exchange-building-indonesia-stock-exchange-building-tower-2_20160914044049_70914.jpg
exterior	exterior/01_104_intiland-tower-intiland-tower_20160914044058_14383.jpg
exterior	exterior/01_108_mayapada-tower-mayapada-tower-2_20160914044145_47621.jpg
exterior	exterior/01_109_menara-sudirman-menara-sudirman_20160914044311_35853.jpg
exterior	exterior/01_10_menara-bidakara-menara-bidakara-2_20170125084932_30302.jpg
exterior	exterior/01_112_office-8-office-8_20160914044337_79054.jpg
exterior	exterior/01_113_one-pacific-place-one-pacific-place_20160914044344_81784.jpg
exterior	exterior/01_114_plaza-abda-ex-plaza-asia-plaza-abda_20160914044443_86388.jpg
exterior	exterior/01_115_plaza-bapindo-citibank-tower_20160914044453_83519.jpg
exterior	exterior/01_116_plaza-bapindo-mandiri-tower_20160914044453_48034.jpg
exterior	exterior/01_117_plaza-semanggi-gedung-veteran-ri-gedung-veteran-ri_20160914044504_59338.jpg
exterior	exterior/01_118_plaza-sentral-plaza-sentral_20160914044505_99929.jpg
exterior	exterior/01_119_prince-center-prince-center_20160914044510_82997.jpg
exterior	exterior/01_11_menara-global-menara-global_20160914044222_13139.jpg
exterior	exterior/01_120_prudential-tower-prudential-tower_20160914044511_27700.jpg
exterior	exterior/01_122_sahid-sudirman-center-sahid-sudirman-center_20160914044530_32375.JPG
exterior	exterior/01_123_sampoerna-strategic-square-sampoerna-strategic-south-tower_20160914044534_17390.jpg
exterior	exterior/01_124_sampoerna-strategic-square-sampoerna-strategic-north-tower_20160914044533_33577.jpg
exterior	exterior/01_125_senayan-square-sentral-senayan-1_20160914044538_98490.jpg
exterior	exterior/01_126_senayan-square-sentral-senayan-2_20160914044541_82258.jpg
exterior	exterior/01_127_senayan-square-sentral-senayan-3_20160914044544_15186.jpg
exterior	exterior/01_128_sequis-center-sequis-center_20160914044549_14230.jpg
exterior	exterior/01_129_sona-topas-tower-sona-topas-tower_20160914044612_80696.jpg
exterior	exterior/01_12_menara-jamsostek-menara-jamsostek-north-tower_20160914044236_65961.jpg
exterior	exterior/01_130_sudirman-plaza-indofood-tower_20160914044643_92141.jpg
exterior	exterior/01_131_sudirman-plaza-plaza-marein_20160915070608_84873.jpg
exterior	exterior/01_132_tamara-center-tamara-center_20160914044648_72672.jpg
exterior	exterior/01_133_the-energy-tower-the-energy-tower_20160914044715_30540.jpg
exterior	exterior/01_134_wisma-46-wisma-46_20160914044740_30729.jpg
exterior	exterior/01_136_wisma-bumiputera-wisma-bumiputera_20160914044752_58523.jpg
exterior	exterior/01_137_wisma-gkbi-wisma-gkbi_20160914044753_84149.jpg
exterior	exterior/01_138_wisma-indocement-wisma-indocement_20160914044754_33408.jpg
exterior	exterior/01_139_wisma-keiai-wisma-keiai_20160914044755_14749.jpg
exterior	exterior/01_13_menara-jamsostek-menara-jamsostek-south-tower_20160914044238_31337.jpg
exterior	exterior/01_140_wisma-nugra-santana-wisma-nugra-santana_20160914044823_28080.jpg
exterior	exterior/01_142_world-trade-center-complex-world-trade-center-1_20160914044850_73610.jpg
exterior	exterior/01_143_world-trade-center-complex-world-trade-center-2_20160914044851_96752.jpg
exterior	exterior/01_144_deutsche-bank-building-deutsche-bank-building_20160914043820_56701.jpg
exterior	exterior/01_145_gedung-jaya-gedung-jaya_20160914043906_76971.jpg
exterior	exterior/01_148_menara-bca-grand-indonesia-menara-bca_20160914044159_22565.jpg
exterior	exterior/01_149_menara-cakrawala-menara-cakrawala_20160915093957_99564.jpg
exterior	exterior/01_14_menara-mulia-menara-mulia_20160914044253_66337.jpg
exterior	exterior/01_150_menara-thamrin-menara-thamrin_20160914044314_57907.jpg
exterior	exterior/01_151_menara-topas-ex-menara-eksekutif-menara-topas_20160914044316_35586.jpg
exterior	exterior/01_152_oil-center-building-oil-center-building_20160914044339_78520.jpg
exterior	exterior/01_153_plaza-permata-plaza-permata_20160914044502_64527.jpg
exterior	exterior/01_154_sinarmas-land-plaza-ex-plaza-bii-sinarmas-land-plaza-menara-1_20180413074502_54528.jpg
exterior	exterior/01_155_sinarmas-land-plaza-ex-plaza-bii-sinarmas-land-plaza-menara-2_20180413075525_45611.jpg
exterior	exterior/01_157_sinarmas-land-plaza-ex-plaza-bii-sinarmas-land-plaza-menara-3_20180413080103_45465.jpg
exterior	exterior/01_158_the-city-tower-the-city-tower_20160914044706_31746.jpg
exterior	exterior/01_159_the-plaza-the-plaza_20160914044724_97546.jpg
exterior	exterior/01_161_wisma-mandiri-ex-plaza-bumidaya-wisma-mandiri_20160914044816_91632.jpg
exterior	exterior/01_162_wisma-nusantara-wisma-nusantara_20160914044824_58295.jpg
exterior	exterior/01_164_blue-green-integrated-boutique-office-blue-green-office-tower_20160914095521_20321.jpg
exterior	exterior/01_165_gallery-west-gallery-west_20171212071654_37394.jpg
exterior	exterior/01_166_gedung-graha-kencana-gedung-graha-kencana_20160914043859_88285.JPG
exterior	exterior/01_167_sastra-graha-sastra-graha_20160914044535_48519.JPG
exterior	exterior/01_168_the-vida-the-vida_20160914044736_11140.JPG
exterior	exterior/01_169_puri-indah-financial-tower-puri-indah-financial-tower_20160914044513_31773.JPG
exterior	exterior/01_16_wisma-aldiron-dirgantara-wisma-aldiron-dirgantara_20160914044745_21140.jpg
exterior	exterior/01_170_apl-tower-apl-tower_20160914043703_97305.JPG
exterior	exterior/01_171_gedung-total-gedung-total_20160914043927_30753.JPG
exterior	exterior/01_172_grand-slipi-tower-grand-slipi-tower_20160914044030_64750.JPG
exterior	exterior/01_173_menara-citicon-menara-citicon_20160914044215_59683.JPG
exterior	exterior/01_174_panin-life-center-panin-life-center_20160914044400_18687.JPG
exterior	exterior/01_175_wisma-76-wisma-76_20160914044742_24139.JPG
exterior	exterior/01_176_wisma-77-wisma-77-tower-1_20160914044742_28655.JPG
exterior	exterior/01_177_wisma-slipi-wisma-slipi_20160914044835_36252.JPG
exterior	exterior/01_178_wisma-sejahtera-wisma-sejahtera_20160914044834_87859.JPG
exterior	exterior/01_179_griya-sinta-griya-sinta_20160914044031_91689.JPG
exterior	exterior/01_17_wisma-argo-manunggal-wisma-argo-manunggal_20160914044746_13134.jpg
exterior	exterior/01_180_wisma-bsg-wisma-bsg_20160914044747_63592.JPG
exterior	exterior/01_181_menara-merdeka-menara-merdeka_20160914044251_45000.jpg
exterior	exterior/01_182_wisma-hayam-wuruk-wisma-hayam-wuruk_20160914044754_86093.JPG
exterior	exterior/01_184_grand-kebon-sirih-grand-kebon-sirih_20160914044029_31967.JPG
exterior	exterior/01_185_menara-ravindo-menara-ravindo_20160914044304_98574.JPG
exterior	exterior/01_186_mnc-tower-mnc-tower_20160914044136_78509.JPG
exterior	exterior/01_187_wisma-bisnis-indonesia-wisma-bisnis-indonesia_20160914044750_86954.JPG
exterior	exterior/01_188_gedung-arva-gedung-arva_20160914043846_94733.JPG
exterior	exterior/01_189_hdi-hive-ex-menteng-office-park-hdi-hive_20160914044034_30428.JPG
exterior	exterior/01_18_wisma-mulia-1-wisma-mulia-1_20160914044819_74070.jpg
exterior	exterior/01_191-Gedung-Perintis-Kemerdekaan-164740640959410.jpg
exterior	exterior/01_193_wisma-tugu-raden-saleh-wisma-tugu-raden-saleh_20160914044840_71222.JPG
exterior	exterior/01_194_lembaga-alkitab-indonesia-bible-center-lembaga-alkitab-indonesia-bible-center_20170125084027_14587.jpg
exterior	exterior/01_196_graha-dinamika-graha-dinamika_20160914043945_18832.JPG
exterior	exterior/01_198_gedung-e-trade-gedung-e-trade_20160914043855_97484.JPG
exterior	exterior/01_199_18-office-park-18-office-park_20160914043652_56284.JPG
exterior	exterior/01_19_wisma-mulia-2-wisma-mulia-2_20160914044820_48393.JPG
exterior	exterior/01_1_capital-place-capital-place_20160914043744_35698.JPG
exterior	exterior/01_200_ad-premier-ad-premier_20160914043656_21630.JPG
exterior	exterior/01_201_alamanda-tower-alamanda-tower_20160914043709_43850.jpg
exterior	exterior/01_202_antam-antam-tower-b_20160914043715_79582.JPG
exterior	exterior/01_203_beltway-office-park-beltway-office-park-tower-a_20160914043734_96764.jpg
exterior	exterior/01_204_beltway-office-park-beltway-office-park-tower-b_20160914043738_97040.jpg
exterior	exterior/01_205_beltway-office-park-beltway-office-park-tower-c_20160914043740_67645.JPG
exterior	exterior/01_206_cibis-tower-cibis-tower_20160914043744_86524.JPG
exterior	exterior/01_207_gedung-ventura-gedung-ventura_20160914043929_82078.jpg
exterior	exterior/01_208_gkm-tower-gkm-tower_20160914043831_84292.JPG
exterior	exterior/01_209_graha-elnusa-graha-elnusa_20160914043946_79209.JPG
exterior	exterior/01_20_the-city-center-batavia-city-the-city-center-annex-building_20160915043522_97184.jpg
exterior	exterior/01_210_graha-kanaan-graha-kanaan_20160914044000_78768.JPG
exterior	exterior/01_211_wisma-mra-wisma-mra_20160914044808_17312.JPG
exterior	exterior/01_212_graha-satria-tower-graha-satria-tower-1_20160914044016_76068.jpg
exterior	exterior/01_213_graha-satria-tower-graha-satria-tower-2_20160914044017_23917.jpg
exterior	exterior/01_214_graha-simatupang-graha-simatupang_20160914044021_79753.jpg
exterior	exterior/01_215_manhattan-square-manhattan-square-tower-1_20160914044139_70087.JPG
exterior	exterior/01_216_menara-165-menara-165_20160914044149_48448.jpg
exterior	exterior/01_217_menara-citibank-pondok-indah-menara-citibank-pondok-indah_20170125085017_49275.jpg
exterior	exterior/01_218_metropolitan-tower-metropolitan-tower_20160914044318_83868.JPG
exterior	exterior/01_219_oleos-2-oleos-2_20160914044340_56707.JPG
exterior	exterior/01_21_the-city-center-batavia-city-the-city-center-tower-1_20160914063349_22232.jpg
exterior	exterior/01_220_palma-tower-palma-tower_20160914044359_46301.JPG
exterior	exterior/01_221_perkantoran-hijau-arkadia-arkadia-tower-a_20160914044408_96810.jpg
exterior	exterior/01_222_perkantoran-hijau-arkadia-arkadia-tower-b_20160914044412_49184.JPG
exterior	exterior/01_223_perkantoran-hijau-arkadia-arkadia-tower-c_20160914044416_26307.JPG
exterior	exterior/01_224_perkantoran-hijau-arkadia-arkadia-tower-d_20160914044420_74490.JPG
exterior	exterior/01_225_perkantoran-hijau-arkadia-arkadia-tower-e_20160914044430_94380.jpg
exterior	exterior/01_226_perkantoran-hijau-arkadia-arkadia-tower-f_20160914044436_55903.JPG
exterior	exterior/01_227_phe-tower-phe-tower_20160914044349_37650.jpg
exterior	exterior/01_228_plaza-alstom-plaza-alstom_20160914044449_35388.jpg
exterior	exterior/01_229_plaza-aminta-plaza-aminta_20160914044450_98991.JPG
exterior	exterior/01_22_citylofts-sudirman-citylofts-sudirman_20160914043815_50265.jpg
exterior	exterior/01_230_plaza-oleos-plaza-oleos_20160914044459_64991.JPG
exterior	exterior/01_231_pondok-indah-office-tower-pondok-indah-office-tower-2_20160914044506_95645.JPG
exterior	exterior/01_232_pondok-indah-office-tower-pondok-indah-office-tower-3_20160914044508_57188.JPG
exterior	exterior/01_233_ratu-prabu-ratu-prabu-1_20160914044518_41129.jpg
exterior	exterior/01_234_ratu-prabu-ratu-prabu-2_20160914044523_19552.JPG
exterior	exterior/01_235_satmarindo-building-satmarindo-building_20170125085931_87860.jpg
exterior	exterior/01_236_south-quarter-south-quarter-tower-a_20160914044615_29693.JPG
exterior	exterior/01_237_south-quarter-south-quarter-tower-b_20160914044621_49783.JPG
exterior	exterior/01_238_south-quarter-south-quarter-tower-c_20160914044629_17229.JPG
exterior	exterior/01_239_sovereign-plaza-sovereign-plaza_20160914044630_93854.JPG
exterior	exterior/01_23_menara-batavia-menara-batavia_20160914044209_37101.jpg
exterior	exterior/01_240_talavera-talavera-office-park_20160914085421_32491.jpg
exterior	exterior/01_241_talavera-talavera-suites_20180130072123_58382.jpg
exterior	exterior/01_242_the-ceo-the-ceo_20160914044703_52665.JPG
exterior	exterior/01_244_trihamas-building-trihamas-building_20160914095434_58165.jpg
exterior	exterior/01_245_wisma-raharja-wisma-raharja_20160914044826_63795.jpg
exterior	exterior/01_246_graha-str-graha-str_20160914044015_10214.JPG
exterior	exterior/01_247_graha-inti-fauzi-graha-inti-fauzi_20160914043954_75171.JPG
exterior	exterior/01_248_kota-kasablanka-88-kasablanka-tower-b_20160914090847_30487.jpg
exterior	exterior/01_249_kota-kasablanka-88-kota-kasablanka-tower-prudential-center_20160914090630_48987.jpg
exterior	exterior/01_24_allianz-tower-allianz-tower_20160914043712_37640.jpg
exterior	exterior/01_250_wisma-staco-wisma-staco_20160914044837_44693.JPG
exterior	exterior/01_253_gandaria-8-gandaria-8_20160914043840_96867.JPG
exterior	exterior/01_254_wisma-pmi-ex-gedung-treva-wisma-pmi_20160914044825_12077.JPG
exterior	exterior/01_255_gedung-victoria-gedung-victoria_20160914043932_70376.JPG
exterior	exterior/01_256_one-wolter-place-one-wolter-place_20160914044346_10312.JPG
exterior	exterior/01_257_menara-sentraya-menara-sentraya_20160914044306_19209.JPG
exterior	exterior/01_258_haery-building-haery-building_20160914044035_71149.JPG
exterior	exterior/01_259_kemang-point-kemang-point_20160914044116_75442.JPG
exterior	exterior/01_25_ariobimo-sentral-ariobimo-sentral_20160914043717_81008.jpg
exterior	exterior/01_260_wisma-kemang-wisma-kemang_20160914044757_45993.JPG
exterior	exterior/01_261_graha-pratama-graha-pratama_20160914044010_35585.JPG
exterior	exterior/01_262_menara-hijau-menara-hijau_20160914044227_61234.JPG
exterior	exterior/01_264_wisma-korindo-wisma-korindo_20160914044804_53547.JPG
exterior	exterior/01_265_gedung-fuyinto-sentra-mampang-gedung-fuyinto-sentra-mampang_20160914043856_53356.JPG
exterior	exterior/01_266_multika-building-multika-building_20160914044326_29698.JPG
exterior	exterior/01_267_gedung-mutiara-gedung-mutiara_20160914043912_22015.JPG
exterior	exterior/01_268_graha-indomonang-graha-indomonang_20160914043950_38553.JPG
exterior	exterior/01_269_graha-mampang-graha-mampang_20160914044005_14426.JPG
exterior	exterior/01_26_arrtu-agro-nusantara-ex-graha-mip-arrtu-agro-nusantara_20160928070722_31694.jpg
exterior	exterior/01_270_gedung-bri-agro-ex-oleos-1-gedung-bri-agro_20160914043848_98620.JPG
exterior	exterior/01_272_kobexindo-tower-kobexindo-tower_20160914044121_14466.JPG
exterior	exterior/01_273_emerald-tower-emerald-tower_20160914043823_30422.JPG
exterior	exterior/01_274_graha-kirana-graha-kirana_20160914044001_54341.jpg
exterior	exterior/01_275_graha-rekso-graha-rekso_20160914044011_14543.jpg
exterior	exterior/01_276_harton-tower-harton-tower_20160914044036_64323.JPG
exterior	exterior/01_277_kirana-two-kirana-two_20160914044117_14462.JPG
exterior	exterior/01_278_menara-satu-menara-satu_20160914044305_74456.JPG
exterior	exterior/01_279_perwata-tower-perwata-tower_20160914044438_25245.JPG
exterior	exterior/01_27_atrium-mulia-atrium-mulia_20160914043722_57184.JPG
exterior	exterior/01_280_graha-sentra-graha-sentra_20160914044019_68341.JPG
exterior	exterior/01_281_the-prime-ex-bkp-office-tower-the-prime_20160914044732_25536.JPG
exterior	exterior/01_283_soewarna-business-park-soewarna-business-park_20201111200633_38929.jpg
exterior	exterior/01_284_world-capital-tower-world-capital-tower_20191205030338_83217.jpg
exterior	exterior/01_285_ciputra-world-2-ciputra-world-2_20160914043812_76951.jpg
exterior	exterior/01_288_district-8-prosperity-tower_20160914043821_19261.jpg
exterior	exterior/01_289_district-8-treasury-tower_20160914043822_37017.jpg
exterior	exterior/01_28_atrium-setiabudi-atrium-setiabudi_20160914043726_83825.JPG
exterior	exterior/01_290_sinarmas-msig-tower-sinarmas-msig-tower_20160915043405_98793.jpg
exterior	exterior/01_291_one-tower-one-tower_20160914044345_38018.jpg
exterior	exterior/01_296_gedung-setiabudi-one-gedung-setiabudi-one_20160914043923_48327.JPG
exterior	exterior/01_297_menara-kuningan-menara-kuningan_20160914044246_26530.JPG
exterior	exterior/01_298_the-convergence-the-convergence_20160914044709_28803.JPG
exterior	exterior/01_299_graha-xl-graha-xl_20160914044025_27183.JPG
exterior	exterior/01_29_bakrie-tower-bakrie-tower_20160914043732_28828.JPG
exterior	exterior/01_2_centennial-tower-centennial-tower_20160914043747_36742.JPG
exterior	exterior/01_302_wisma-bca-pondok-indah-wisma-bca-pondok-indah_20170125090858_38598.jpg
exterior	exterior/01_304_altira-altira_20160914043713_85498.JPG
exterior	exterior/01_305_menara-palma-2-menara-palma-2_20160914044259_98573.JPG
exterior	exterior/01_307_menara-binakarsa-ex-graha-binakarsa-menara-binakarsa-ex-graha-binakarsa_20200722170405_82890.jpg
exterior	exterior/01_30_cyber-2-tower-cyber-2-tower_20160914043818_59509.JPG
exterior	exterior/01_311_wisma-gawi-ex-graha-mik-wisma-gawi_20160928070920_34681.jpg
exterior	exterior/01_313_menara-bank-danamon-menara-bank-danamon_20160914044205_59235.JPG
exterior	exterior/01_314_plaza-crystal-plaza-crystal_20170418060524_58622.jpg
exterior	exterior/01_315_graha-fif-graha-fif_20160914043947_96605.JPG
exterior	exterior/01_316_graha-sapta-indra-graha-sapta-indra_20160914044016_89923.JPG
exterior	exterior/01_317_jgc-building-jgc-building_20160914044059_67069.JPG
exterior	exterior/01_319_astra-credit-company-astra-credit-company_20170125075140_43788.jpg
exterior	exterior/01_31_gama-tower-ex-cemindo-tower-gama-tower_20160914043835_66433.JPG
exterior	exterior/01_320_trakindo-tmt-trakindo-tmt_20160914092109_92543.jpg
exterior	exterior/01_32_gedung-lina-gedung-lina_20160914043907_59409.JPG
exterior	exterior/01_330_soho-pancoran-soho-pancoran_20160914044610_66324.jpg
exterior	exterior/01_332_gedung-mitra-gedung-mitra_20160914043911_24531.jpg
exterior	exterior/01_333_graha-unilever-graha-unilever_20160914044024_15649.jpg
exterior	exterior/01_335_telkom-landmark-tower-2-telkom-landmark-tower-2_20180413091814_20011.jpg
exterior	exterior/01_337_mangkuluhur-tower-mangkuluhur-tower_20160914044138_96169.jpg
exterior	exterior/01_339_the-city-center-batavia-city-the-city-center-tower-2_20160915092331_23423.jpg
exterior	exterior/01_33_gedung-permata-kuningan-gedung-permata-kuningan_20160914043912_47444.JPG
exterior	exterior/01_340_gran-rubina-tower-2-gran-rubina-tower-2_20160914044027_62495.jpg
exterior	exterior/01_344_the-hundred-the-hundred_20160914044722_75752.jpg
exterior	exterior/01_346_ciputra-world-1-ciputra-world-1-tower-2_20160914043805_28103.jpg
exterior	exterior/01_347_menara-astra-menara-astra_20160914044154_41462.jpg
exterior	exterior/01_348_millennium-centennial-center-millenium-centennial-center_20191113093825_31622.jpg
exterior	exterior/01_349_the-icon-tower-the-icon-tower_20160914044724_81934.jpg
exterior	exterior/01_34_gedung-pphui-gedung-pphui_20160928071132_38605.jpg
exterior	exterior/01_350_pacific-century-premium-developments-pcpd-pacific-century-place-tower-pcp-tower_20180416030140_27376.jpg
exterior	exterior/01_351_sequis-tower-sequis-tower_20160914044551_42314.jpg
exterior	exterior/01_352_sudirman-78-sudirman-78_20201111195717_56384.jpg
exterior	exterior/01_353_world-trade-center-complex-world-trade-center-3_20160914044853_47979.jpg
exterior	exterior/01_354_sme-tower-sme-tower_20160914044529_87239.jpg
exterior	exterior/01_355_wisma-baja-wisma-baja_20160914044748_17934.jpg
exterior	exterior/01_357_wisma-millenia-wisma-millenia_20160914044817_75782.jpg
exterior	exterior/01_358_indonesia-satu-indonesia-satu_20160914044044_23045.jpg
exterior	exterior/01_35_gedung-setiabudi-2-gedung-setiabudi-2_20160914043922_96507.jpg
exterior	exterior/01_362_antam-antam-tower-a_20160914043714_93993.JPG
exterior	exterior/01_363_fedex-fedex_20160914043829_34193.jpg
exterior	exterior/01_365_the-sima-the-sima_20160914044733_16892.jpg
exterior	exterior/01_366_zuria-tower-zuria-tower_20160914044853_44703.JPG
exterior	exterior/01_367_citra-towers-citra-north-towers_20200218042818_38457.jpg
exterior	exterior/01_368_citra-towers-citra-towers-2_20160914043814_75901.jpg
exterior	exterior/01_369_cowell-tower-ex-graha-atrium-cowell-tower_20160914043816_22659.JPG
exterior	exterior/01_36_gedung-wirausaha-gedung-wirausaha_20160914043933_84682.jpg
exterior	exterior/01_370_gedung-sarana-jaya-3-gedung-sarana-jaya-3_20160914043916_59474.JPG
exterior	exterior/01_375_gedung-mr-21-menara-jasindo-gedung-mr-21-menara-jasindo_20160914043909_45902.JPG
exterior	exterior/01_377_the-h-tower-the-h-tower_20160914044719_80094.jpg
exterior	exterior/01_378_wisma-bakrie-wisma-bakrie-1_20160914093705_15380.jpg
exterior	exterior/01_379_wisma-bakrie-wisma-bakrie-2_20160914044749_21750.jpg
exterior	exterior/01_37_generali-office-park-gran-rubina-tower-1-gran-rubina-tower-1_20160914043934_44156.JPG
exterior	exterior/01_382_plaza-mandiri-plaza-mandiri_20160914044458_78602.jpg
exterior	exterior/01_383_wisma-sudirman-wisma-sudirman_20160914044839_18155.jpg
exterior	exterior/01_384_parc-18-parc-18_20160914044401_93009.jpg
exterior	exterior/01_386_bangkok-bank-bangkok-bank_20160914043734_96716.jpg
exterior	exterior/01_387_gedung-sapta-pesona-gedung-sapta-pesona_20160914043915_60000.jpg
exterior	exterior/01_388_graha-mandiri-graha-mandiri_20160914044006_84484.jpg
exterior	exterior/01_389_gedung-indosat-gedung-indosat_20160914043906_73056.jpg
exterior	exterior/01_38_graha-aktiva-graha-aktiva_20160914043937_17632.JPG
exterior	exterior/01_390_indosurya-center-indosurya-center_20160914044052_31886.jpg
exterior	exterior/01_397_ciputra-international-puri-ciputra-international-puri-3-phase-1_20160914043804_94441.jpg
exterior	exterior/01_399_wisma-77-wisma-77-tower-2_20160914044745_60363.JPG
exterior	exterior/01_39_graha-arda-graha-arda_20160914043939_42183.JPG
exterior	exterior/01_3_city-plaza-city-plaza_20161124033950_84105.jpg
exterior	exterior/01_400_puri-matahari-puri-matahari_20160914095642_97026.jpg
exterior	exterior/01_401_st-moritz-office-tower-st-moritz-office-tower_20160914044640_84126.jpg
exterior	exterior/01_402_menara-bank-mega-menara-bank-mega_20160914100045_57425.jpg
exterior	exterior/01_403_gedung-hero-gedung-hero_20160914043905_86006.jpg
exterior	exterior/01_404_graha-induk-kud-graha-induk-kud_20160914043951_47375.JPG
exterior	exterior/01_405_menara-mth-menara-mth_20160914044249_40743.jpg
exterior	exterior/01_406_mugi-griya-mugi-griya_20160914044325_29314.JPG
exterior	exterior/01_407_nariba-office-suites-nariba-office-suites_20160914044331_54082.jpg
exterior	exterior/01_408_one-belpark-office-one-belpark-office_20160914044341_12823.JPG
exterior	exterior/01_409_pondok-indah-office-tower-pondok-indah-office-tower-1_20160914044505_44695.JPG
exterior	exterior/01_40_graha-codefin-ex-gedung-tira-graha-codefin_20160914043944_39847.jpg
exterior	exterior/01_410_recapital-building-recapital-building_20160914044526_22795.JPG
exterior	exterior/01_411_graha-indochem-graha-indochem_20160914043949_89296.JPG
exterior	exterior/01_412_honeylady-tower-honeylady-tower_20160914044039_24828.JPG
exterior	exterior/01_413_the-suites-tower-the-suites-tower_20160914044734_91993.JPG
exterior	exterior/01_414_wisma-smr-wisma-smr_20160914044833_91509.JPG
exterior	exterior/01_415_askrida-tower-askrida-tower_20160914043721_23420.JPG
exterior	exterior/01_416_gedung-gudang-garam-gedung-gudang-garam-1_20160914043902_22245.jpg
exterior	exterior/01_417_graha-mir-graha-mir_20160914044004_78611.jpg
exterior	exterior/01_418_is-plaza-is-plaza_20160914100412_96987.jpg
exterior	exterior/01_419_mth-square-mth-square_20160914044137_42041.JPG
exterior	exterior/01_41_graha-irama-graha-irama_20160914043957_94600.JPG
exterior	exterior/01_420_gedung-gudang-garam-gedung-gudang-garam-2_20160914043902_68449.jpg
exterior	exterior/01_422_rni-rni_20160915094548_71886.jpg
exterior	exterior/01_424_kirana-three-office-tower-kirana-three_20171212073614_17557.jpg
exterior	exterior/01_425_dipo-tower-dipo-tower_20160928074522_22920.jpg
exterior	exterior/01_426_l-avenue-office-park-l-avenue-office_20170502060109_11014.jpg
exterior	exterior/01_427_the-clover-tower-the-clover-tower_20161124035216_23460.jpg
exterior	exterior/01_428_wisma-aria-wisma-aria_20161124032910_11586.jpg
exterior	exterior/01_429_pulomas-office-tower-pulomas-office-tower_20161124034258_78714.jpg
exterior	exterior/01_42_lippo-kuningan-ex-life-tower-lippo-kuningan_20160914044127_16894.JPG
exterior	exterior/01_430_cengkareng-business-city-cengkareng-business-city_20161021071131_73397.jpg
exterior	exterior/01_431_multi-piranti-graha-multi-piranti-graha_20170125080005_24944.jpg
exterior	exterior/01_434_plaza-basmar-plaza-basmar_20180502072401_84694.jpg
exterior	exterior/01_435_wisma-prima-wisma-prima_20170517021308_64724.jpg
exterior	exterior/01_436_gedung-anakida-gedung-anakida_20161124034044_51383.jpg
exterior	exterior/01_437_soepomo-office-park-soepomo-office-park_20161124041530_85550.jpg
exterior	exterior/01_438_kemang-square-kemang-square_20170125082723_65723.jpg
exterior	exterior/01_439_gp-plaza-gp-plaza_20161024031641_55738.jpg
exterior	exterior/01_440_land-mark-pluit-land-mark-pluit_20161024033751_50670.jpg
exterior	exterior/01_441_wisma-barito-pacific-wisma-barito-pacific-tower-a_20161124033204_86741.jpg
exterior	exterior/01_442_wisma-barito-pacific-wisma-barito-pacific-tower-b_20161124033732_37627.jpg
exterior	exterior/01_443_graha-lestari-graha-lestari_20170125081346_70616.jpg
exterior	exterior/01_445_pakarti-center-building-pakarti-center-building_20170713012453_68167.jpg
exterior	exterior/01_447_wisma-mampang-wisma-mampang_20170418061530_63317.jpg
exterior	exterior/01_449_de-ploeit-centrale-de-ploeit-centrale_20161124040550_69294.jpg
exterior	exterior/01_44_md-place-md-place-tower-1_20160914071126_31534.jpg
exterior	exterior/01_450_graha-multi-graha-multi_20161124040914_22480.jpg
exterior	exterior/01_451_graha-tnt-graha-tnt_20161124041206_44774.jpg
exterior	exterior/01_452_the-koppel-building-the-koppel-building_20161124041842_25009.jpg
exterior	exterior/01_453_gedung-ugm-samator-pendidikan-gedung-ugm-samator-pendidikan_20161124042209_78546.jpg
exterior	exterior/01_454_wisma-adr-wisma-adr_20161124042409_69546.jpg
exterior	exterior/01_455_wisma-akr-wisma-akr_20161124042619_69556.jpg
exterior	exterior/01_456_wisma-81-toto-office-building-wisma-81-toto-office-building_20161124043937_17814.jpg
exterior	exterior/01_457_chase-worth-building-chase-worth-building_20170222105108_98400.jpg
exterior	exterior/01_459_maspion-plaza-maspion-plaza_20170222105406_60905.jpg
exterior	exterior/01_45_md-place-md-place-tower-2_20160914071514_24848.jpg
exterior	exterior/01_461_graha-kas-graha-kas_20170125081240_95041.jpg
exterior	exterior/01_463_gedung-tranka-gedung-tranka_20170125080632_44532.jpg
exterior	exterior/01_464_graha-utama-graha-utama_20170125081735_83839.jpg
exterior	exterior/01_465_menara-salemba-menara-salemba_20170418050047_37533.jpg
exterior	exterior/01_466_gedung-konica-gedung-konica_20180412045034_66533.jpg
exterior	exterior/01_468_gedung-cosa-gedung-cosa_20180809065827_87087.jpg
exterior	exterior/01_469_de-ritz-de-ritz_20170125075825_67932.jpg
exterior	exterior/01_46_mega-plaza-mega-plaza_20160914044147_32673.jpg
exterior	exterior/01_471_graha-adhi-media-graha-adhi-media_20170125082602_59916.jpg
exterior	exterior/01_472_sainath-tower-sainath-tower_20170125085817_28529.jpg
exterior	exterior/01_473_wisma-iwi-wisma-iwi_20170125091038_29219.jpg
exterior	exterior/01_474_wisma-bakti-mulia-wisma-bakti-mulia_20191223104906_80390.jpg
exterior	exterior/01_475_graha-persada-graha-persada-2_20201111201323_15615.jpg
exterior	exterior/01_476_gedung-samudera-indonesia-gedung-samudera-indonesia_20170620041121_88541.jpg
exterior	exterior/01_477_plaza-summarecon-bekasi-plaza-summarecon-bekasi_20170616081131_41983.jpg
exterior	exterior/01_478_menara-kompas-menara-kompas_20170206032411_49048.jpg
exterior	exterior/01_479_gedung-unifam-gedung-unifam_20170222101923_86827.jpg
exterior	exterior/01_47_menara-duta-menara-duta_20160914044221_90574.JPG
exterior	exterior/01_481_gedung-jaga-gedung-jaga_20170320101711_93642.jpg
exterior	exterior/01_482_bellezza-office-tower-bellezza-office-tower_20170418042628_28485.jpg
exterior	exterior/01_484_gedung-baja-gedung-baja-tower-b_20170411103119_33738.jpeg
exterior	exterior/01_485_its-office-tower-its-office-tower_20170512043816_93131.jpg
exterior	exterior/01_486_gedung-baja-gedung-baja-tower-c_20170418045225_23038.jpg
exterior	exterior/01_487_kencana-tower-kencana-tower_20170512044325_33925.jpg
exterior	exterior/01_492_springhill-office-tower-springhill-office-tower_20170418061025_18843.jpg
exterior	exterior/01_493_office-one-office-one_20170330025930_11098.jpg
exterior	exterior/01_494_menara-era-menara-era_20170418045847_61939.jpg
exterior	exterior/01_495_podomoro-city-soho-podomoro-city_20170418050336_42535.jpg
exterior	exterior/01_498_kmo-building-kmo-building_20170324070514_85355.jpg
exterior	exterior/01_499_altira-altira-office-park-mini-office_20180420064505_57417.jpg
exterior	exterior/01_49_menara-imperium-menara-imperium_20160914044231_66945.JPG
exterior	exterior/01_500_world-trade-center-complex-world-trade-center-5_20170418061905_40111.jpg
exterior	exterior/01_501_world-trade-center-complex-world-trade-center-6_20170418062043_71399.jpg
exterior	exterior/01_503_the-smith-alam-sutera-the-smith_20201229084700_57061.jpg
exterior	exterior/01_504_m-town-office-tower-1-m-town-office-tower-i_20201229084011_59040.jpg
exterior	exterior/01_505_the-prominence-the-prominence-office-tower_20170720081434_89520.jpg
exterior	exterior/01_506_kantor-taman-a9-kantor-taman-a9_20170620041648_61402.jpg
exterior	exterior/01_507_the-mansion-bougenville-fontana-office-tower_20200722165900_79294.jpg
exterior	exterior/01_50_menara-kadin-menara-kadin_20160914044239_81020.JPG
exterior	exterior/01_511_scientia-garden-scientia-business-park_20190618074932_23360.jpg
exterior	exterior/01_512_graha-tirtadi-graha-tirtadi-senopati_20180530032012_43077.jpg
exterior	exterior/01_514_graha-tirtadi-raden-saleh-graha-tirtadi-raden-saleh_20201111201013_96655.jpg
exterior	exterior/01_515_synergy-building-synergy-building_20180130063715_16289.jpg
exterior	exterior/01_516_gedung-datascrip-gedung-datascrip_20191223104307_87571.jpg
exterior	exterior/01_51_menara-karya-menara-karya_20160914044242_30894.JPG
exterior	exterior/01_521_bellezza-bellezza-shopping-arcade_20170612032850_69192.jpg
exterior	exterior/01_523_plaza-summarecon-serpong-plaza-summarecon-serpong_20190618075208_68459.jpg
exterior	exterior/01_524_intirub-business-park-intirub-business-park_20191223104906_44167.jpg
exterior	exterior/01_525_berrybenka-headquarter-berrybenka-headquarter_20170808102930_96324.jpg
exterior	exterior/01_527_kota-kasablanka-pakuwon-tower_20201111200345_93134.jpg
exterior	exterior/01_529_wisma-nugraha-wisma-nugraha_20180417043717_29427.jpg
exterior	exterior/01_52_menara-palma-1-menara-palma-1_20160914044257_33390.jpg
exterior	exterior/01_530_grha-niaga-thamrin-grha-niaga-thamrin_20170913060310_29740.jpg
exterior	exterior/01_533_graha-matapel-graha-matapel_20201111200352_37007.jpg
exterior	exterior/01_536_gajah-mada-tower-gajah-mada-tower_20200722165902_47087.jpg
exterior	exterior/01_537_graha-pena-graha-pena_20201111200349_97446.jpg
exterior	exterior/01_538_kem-tower-kem-tower_20180416041907_51892.jpg
exterior	exterior/01_539_gedung-pemuda-gedung-pemuda_20190516042003_51002.jpg
exterior	exterior/01_53_multivision-tower-multivision-tower_20160914044327_37631.JPG
exterior	exterior/01_540_irmc-cokro-irmc-cokro_20171212070205_60885.jpg
exterior	exterior/01_542_mgk-kemayoran-mgk-mall-retail_20201111201008_88702.jpg
exterior	exterior/01_543_mgk-kemayoran-mgk-office-tower-a_20201111201006_46694.jpg
exterior	exterior/01_544_yong-ma-yong-ma_20201111201337_25269.jpg
exterior	exterior/01_545_wisma-gondangdia-lama-wisma-gondangdia-lama_20201111201348_45667.jpg
exterior	exterior/01_546_menara-bidakara-gedung-binasentra_20181030044440_23410.jpg
exterior	exterior/01_548_vinilon-building-vinilon-building_20180706090224_88857.jpg
exterior	exterior/01_54_palma-one-palma-one_20160914044353_18908.jpg
exterior	exterior/01_552_thamrin-nine-uob-plaza_20171215024304_36424.jpg
exterior	exterior/01_553_thamrin-nine-indosurya-plaza_20171215025926_79943.jpg
exterior	exterior/01_554_gedung-prima-sejahtera-gedung-prima-sejahtera_20201229082522_97433.jpg
exterior	exterior/01_559_gedung-tanto-gedung-tanto_20201214060008_57532.jpg
exterior	exterior/01_55_plaza-89-plaza-89_20160914044440_20752.JPG
exterior	exterior/01_560_burza-tower-burza-tower_20180517095847_97705.jpg
exterior	exterior/01_561_tempo-building-tempo-building_20191121094957_91529.jpg
exterior	exterior/01_562_indomobil-tower-indomobil-tower_20180130063902_91031.jpg
exterior	exterior/01_563_temas-line-temas-line_20180227074308_15307.jpg
exterior	exterior/01_564_blue-bird-tower-blue-bird-tower_20180130063421_92168.jpg
exterior	exterior/01_568_jayatama-plaza-jayatama-plaza_20190729034407_69203.jpg
exterior	exterior/01_569_telesindo-tower-telesindo-tower_20190729034723_99048.jpg
exterior	exterior/01_56_plaza-agro-ex-gri-plaza-agro_20160914044448_27124.jpg
exterior	exterior/01_570_kebayoran-icon-kebayoran-icon-office-building_20180413093519_53730.jpg
exterior	exterior/01_571_the-boulevard-office-building-the-boulevard-office-building_20180201103127_72060.jpg
exterior	exterior/01_572_midpoint-place-midpoint-place_20180413095142_66284.jpg
exterior	exterior/01_573-Trinity-Tower-_28Daswin-Office-Tower_29-165811043422610.jpg
exterior	exterior/01_575_gedung-tata-puri-gedung-tata-puri_20191121094908_31910.jpg
exterior	exterior/01_576_gedung-rabana-gedung-rabana_20180301090712_77884.jpg
exterior	exterior/01_577_wisma-lumbini-wisma-lumbini_20180316082642_49630.jpg
exterior	exterior/01_578_kebayoran-icon-kebayoran-icon-mini-office_20180413093904_55414.jpg
exterior	exterior/01_579_menara-multimedia-menara-multimedia_20180403015437_41348.jpg
exterior	exterior/01_57_plaza-centris-plaza-centris_20160914044454_93937.jpg
exterior	exterior/01_581_wisma-lampung-wisma-lampung_20180417073056_49769.jpg
exterior	exterior/01_582_wisma-47-wisma-47_20180413092857_14126.jpg
exterior	exterior/01_583_ajn-center-ajn-center_20180413071756_69911.jpg
exterior	exterior/01_585_citywalk-gajah-mada-citywalk-gajah-mada_20180417074603_40015.jpg
exterior	exterior/01_586_foresta-business-loft-foresta-business-loft-2_20180525070701_32896.jpg
exterior	exterior/01_587_foresta-business-loft-foresta-business-loft-1_20180525064301_89233.jpg
exterior	exterior/01_588_foresta-business-loft-foresta-business-loft-signature_20180525071217_16910.jpg
exterior	exterior/01_589_wisma-geha-wisma-geha_20190729034835_97251.jpg
exterior	exterior/01_58_plaza-kuningan-plaza-kuningan-north-tower_20160914044456_11318.jpg
exterior	exterior/01_590_gedung-otis-gedung-otis_20201214055203_26294.jpg
exterior	exterior/01_591_menara-jakarta-menara-jakarta_20201229083304_13488.jpg
exterior	exterior/01_593_park-tower-ex-mnc-land-park-tower_20201111201404_68038.jpg
exterior	exterior/01_596_wisma-bisnis-indonesia-2-wisma-bisnis-indonesia-2_20201111200639_34576.jpg
exterior	exterior/01_597_plaza-timor-plaza-timor_20180706090601_53833.jpg
exterior	exterior/01_598_alfa-tower-alfa-tower_20180718100240_77086.jpeg
exterior	exterior/01_599_gedung-ranuza-gedung-ranuza_20180706090738_82123.jpg
exterior	exterior/01_59_plaza-kuningan-plaza-kuningan-south-tower_20160914044457_44703.jpg
exterior	exterior/01_5_gedung-tifa-gedung-tifa_20161118023722_98355.jpg
exterior	exterior/01_600_mgk-kemayoran-mgk-office-tower-b_20201111201003_11889.jpg
exterior	exterior/01_601_gedung-graha-iskandarsyah-gedung-graha-iskandarsyah_20200722170105_17276.jpg
exterior	exterior/01_602_graha-antero-graha-antero_20191223104526_29608.jpg
exterior	exterior/01_603_gold-coast-gold-coast-office-tower_20191121103151_18174.jpg
exterior	exterior/01_604_taman-sari-hive-office-taman-sari-hive-office_20201214084835_72253.jpg
exterior	exterior/01_605_menara-tanjungpura-menara-tanjungpura_20201111201016_15957.jpg
exterior	exterior/01_606_gedung-data-print-gedung-data-print_20180802024157_52492.jpg
exterior	exterior/01_607_gedung-gudang-listrik-gedung-gudang-listrik_20201214055850_48889.jpg
exterior	exterior/01_608_plaza-city-view-plaza-city-view_20200722170748_62594.jpg
exterior	exterior/01_609_gedung-mayora-gedung-mayora_20180809072035_68341.jpg
exterior	exterior/01_60_puri-imperium-puri-imperium-office-plaza_20160914044512_42199.JPG
exterior	exterior/01_610_gedung-toto-gedung-toto_20180809072136_51880.jpg
exterior	exterior/01_611_the-victoria-the-victoria_20201229084650_58465.jpg
exterior	exterior/01_612_graha-sukandamulia-graha-sukandamulia_20180809072300_94068.jpg
exterior	exterior/01_613_lelco-building-lelco-building_20180809072528_35775.jpg
exterior	exterior/01_615_green-office-park-green-office-park-9_20180913084244_98327.jpg
exterior	exterior/01_617_the-mahitala-the-mahitala_20190313034122_47166.jpg
exterior	exterior/01_618_perkantoran-taman-melati-margonda-margonda-office-building_20180928065205_15865.jpg
exterior	exterior/01_619_menara-bni-menara-bni_20180928071012_93639.jpg
exterior	exterior/01_61_tempo-pavilion-tempo-pavilion-1_20160914044654_78529.JPG
exterior	exterior/01_620_griya-cimb-niaga-griya-cimb-niaga_20201111201824_92404.jpg
exterior	exterior/01_622_gedung-bank-permata-gedung-bank-permata_20201229081923_60358.jpg
exterior	exterior/01_623_titan-center-titan-center_20201111201639_58137.jpg
exterior	exterior/01_624_hero-building-hero-building_20201229082804_55955.jpg
exterior	exterior/01_625_nissi-bintaro-campus-nissi-bintaro-campus_20181015070137_60889.jpg
exterior	exterior/01_626_cendrawasih-office-park-cendrawasih-office-park_20201229073515_43129.jpg
exterior	exterior/01_627_indy-office-park-new-office-tripatra-bintaro_20181015023536_92768.jpg
exterior	exterior/01_628_data-center-xl-data-center-xl_20201229081918_43659.jpg
exterior	exterior/01_62_tempo-pavilion-tempo-pavilion-2_20160914044656_80955.JPG
exterior	exterior/01_630_graha-abhitech-graha-abhitech_20190729034310_95251.jpg
exterior	exterior/01_632_social-security-tower-social-security-tower_20190729034613_56243.jpg
exterior	exterior/01_634_menara-tendean-menara-tendean_20201214055305_40455.jpg
exterior	exterior/01_638_wisma-bca-serpong-wisma-bca-serpong_20201229084707_96415.jpg
exterior	exterior/01_63_tempo-scan-tower-tempo-scan-tower_20160914044658_27035.jpg
exterior	exterior/01_644_graha-makmur-graha-makmur_20201029183104_20983.jpg
exterior	exterior/01_646_rdtx-place-rdtx-place_20201122154617_42626.jpg
exterior	exterior/01_648_graha-asia-utama-graha-asia-utama_20190214095428_84429.jpg
exterior	exterior/01_649_trio-building-trio-building_20190214095247_20706.jpg
exterior	exterior/01_64_wisma-budi-wisma-budi_20160914044751_37793.jpg
exterior	exterior/01_651_panin-tower-senayan-city-panin-tower-senayan-city_20191205030229_37825.jpg
exterior	exterior/01_652_tata-building-tata-building_20190313084014_60843.jpg
exterior	exterior/01_655_ra-mampang-office-ra-mampang-office_20191204051804_62994.jpg
exterior	exterior/01_656_wisma-megah-sunter-wisma-megah-sunter_20190731063806_55963.jpg
exterior	exterior/01_657_yodya-tower-yodya-tower_20201214055809_94779.jpg
exterior	exterior/01_658_unity-building-unity-building_20190911032623_47577.jpg
exterior	exterior/01_659_iconic-office-tower-iconic-office-tower-h_20191205033553_14123.jpg
exterior	exterior/01_65_wisma-kodel-wisma-kodel_20160914044759_50413.JPG
exterior	exterior/01_660_iconic-office-tower-iconic-office-tower-a_20191205032722_94187.jpg
exterior	exterior/01_661_iconic-office-tower-iconic-office-tower-b_20191205032807_58307.jpg
exterior	exterior/01_662_iconic-office-tower-iconic-office-tower-c_20191205033224_33532.jpg
exterior	exterior/01_663_iconic-office-tower-iconic-office-tower-d_20191205033225_34446.jpg
exterior	exterior/01_664_iconic-office-tower-iconic-office-tower-e_20191205033349_20243.jpg
exterior	exterior/01_665_iconic-office-tower-iconic-office-tower-f_20191205033355_86060.jpg
exterior	exterior/01_666_iconic-office-tower-iconic-office-tower-g_20191205033506_51524.jpg
exterior	exterior/01_668_esa-8-building-esa-8-building_20191029081411_51111.jpg
exterior	exterior/01_669_graha-inti-graha-inti_20191204052020_86733.jpg
exterior	exterior/01_66_wisma-tugu-wisma-tugu-1_20160914044843_86206.jpg
exterior	exterior/01_671_graha-ganesha-graha-ganesha_20191223104233_51532.jpg
exterior	exterior/01_672_graha-dirgantara-graha-dirgantara_20191204052053_62881.jpg
exterior	exterior/01_673_secure-building-secure-building_20191204052022_32393.jpg
exterior	exterior/01_674_menara-cardig-menara-cardig_20191204051837_66087.jpg
exterior	exterior/01_675_arcade-business-center-arcade-business-center_20191029081537_90522.jpg
exterior	exterior/01_676_kartika-towers-kartika-towers_20191121095040_27862.jpg
exterior	exterior/01_677_mensana-tower-mensana-tower_20201229083315_65994.jpg
exterior	exterior/01_679_graha-persada-graha-persada-3_20200722170109_75857.jpg
exterior	exterior/01_67_wisma-tugu-wisma-tugu-2_20160914044844_18503.jpg
exterior	exterior/01_680_triton-building-triton-building_20201229084703_37939.jpg
exterior	exterior/01_681_puri-matari-puri-matari-1_20201214055508_91278.jpg
exterior	exterior/01_682_puri-matari-puri-matari-2_20200722170745_10254.jpg
exterior	exterior/01_683_agung-sedayu-group-agung-sedayu-group_20200722165335_42267.jpg
exterior	exterior/01_684_gedung-soedarpo-informatika-gedung-soedarpo-informatika_20201229082523_27538.jpg
exterior	exterior/01_685_gedung-arva-gedung-arva-gondangdia_20201029185555_87716.jpg
exterior	exterior/01_686_graha-kapital-graha-kapital-1_20201229082757_72350.jpg
exterior	exterior/01_687_graha-kapital-graha-kapital-2_20201229082754_57447.jpg
exterior	exterior/01_689_epicentrum-walk-epicentrum-walk_20210107042941_39450.jpg
exterior	exterior/01_68_menara-anugrah-menara-anugrah_20160914044152_94307.JPG
exterior	exterior/01_690_gedung-sarana-square-gedung-sarana-square_20210107044506_73648.jpg
exterior	exterior/01_691_wisma-agung-wisma-agung_20210125173941_43005.jpg
exterior	exterior/01_694-Wisma-Indovision-165042146273010.jpg
exterior	exterior/01_69_menara-btpn-menara-btpn_20160914044201_71711.JPG
exterior	exterior/01_6_graha-bip-graha-bip_20160914043941_79864.jpg
exterior	exterior/01_70_menara-dea-menara-dea-i_20160914065147_90128.jpg
exterior	exterior/01_71_menara-dea-menara-dea-2_20160914065736_29528.jpg
exterior	exterior/01_72_menara-prima-menara-prima-i_20160914071800_34711.jpg
exterior	exterior/01_73_menara-prima-menara-prima-ii_20160914072030_47432.jpg
exterior	exterior/01_74_menara-rajawali-menara-rajawali_20160914044303_77705.JPG
exterior	exterior/01_75_noble-house-noble-house_20160914044332_79418.JPG
exterior	exterior/01_76_plaza-mutiara-plaza-mutiara_20160915094042_93040.jpg
exterior	exterior/01_77_the-east-the-east_20160914044712_95306.JPG
exterior	exterior/01_78_axa-tower-axa-tower_20160914043705_55502.JPG
exterior	exterior/01_79_ciputra-world-1-dbs-bank-tower_20160914043806_28715.JPG
exterior	exterior/01_7_graha-mustika-ratu-graha-mustika-ratu_20160914044007_57979.jpg
exterior	exterior/01_81_graha-paramita-graha-paramita_20160914044009_11323.JPG
exterior	exterior/01_82_menara-standard-chartered-menara-standard-chartered_20160914044307_70975.jpg
exterior	exterior/01_83_muamalat-tower-ex-satrio-square-muamalat-tower_20160914044322_83882.JPG
exterior	exterior/01_84_rdtx-tower-ex-menara-bank-danamon-mega-kuningan-rdtx-tower_20160914044513_11625.JPG
exterior	exterior/01_85_satrio-tower-satrio-tower_20160914044535_98600.jpg
exterior	exterior/01_86_aia-central-aia-central_20160914043659_85588.JPG
exterior	exterior/01_87_anz-tower-anz-tower_20160914043659_79488.jpg
exterior	exterior/01_8_k-link-tower-k-link-tower_20160914044108_73317.jpg
exterior	exterior/01_90_equity-tower-equity-tower_20160914043825_97373.jpg
exterior	exterior/01_91_gedung-artha-graha-gedung-artha-graha_20160914043844_24662.jpg
exterior	exterior/01_93_gedung-bank-panin-gedung-bank-panin-pusat_20160914043853_93142.jpg
exterior	exterior/01_94_gedung-bank-panin-gedung-bank-panin-senayan_20160914043853_78628.jpg
exterior	exterior/01_95_gedung-bni-gedung-bni-1_20160914043846_14356.jpg
exterior	exterior/01_96_gedung-bri-gedung-bri-1_20160914043849_87050.jpg
exterior	exterior/01_97_gedung-bri-gedung-bri-2_20160914043851_71978.jpg
exterior	exterior/01_99_gedung-summitmas-gedung-summitmas-2_20160914043925_19628.jpg
exterior	exterior/01_9_menara-bidakara-menara-bidakara-1_20160914044210_68286.jpg
exterior	exterior/01_adr-tower-exterior-1725332659009-0.jpg
exterior	exterior/01_arkadia-tower-g-exterior-1667360619112-0.jpg
exterior	exterior/01_asuransi-wahana-tata-exterior-1689659883109-0.jpg
exterior	exterior/01_autograph-tower-exterior-1690113454893-0.jpg
exterior	exterior/01_beltway-office-park---annex-building-exterior-1677140231719-0.jpg
exterior	exterior/01_chase-plaza-podium-exterior-1690516111153-0.jpg
exterior	exterior/01_chase-plaza-rise-exterior-1690364204476-0.jpg
exterior	exterior/01_chubb-square-exterior-1669345619923-0.jpg
exterior	exterior/01_commodity-square-_28ex-berita-satu-plaza_29-exterior-1690537339571-0.jpg
exterior	exterior/01_gedung-highend-exterior-1765358345655-0.jpg
exterior	exterior/01_gedung-kharisma-exterior-1692678823713-0.jpg
exterior	exterior/01_gedung-pemuda-7-exterior-1721097104884-0.jpg
exterior	exterior/01_gedung-rifa-exterior-1708420302164-0.jpg
exterior	exterior/01_gedung-sindo-exterior-1728358948072-0.jpg
exterior	exterior/01_gedung-summitmas-1-exterior-1675934995619-0.jpg
exterior	exterior/01_graha-arsa-exterior-1674109211418-0.jpg
exterior	exterior/01_graha-krama-yudha-exterior-1708419265891-1.jpg
exterior	exterior/01_graha-paramita-2-bintaro-exterior-1728378645286-0.jpg
exterior	exterior/01_graha-surveyor-indonesia-exterior-1690535795533-0.jpg
exterior	exterior/01_granadi-exterior-1689673256102-1.jpg
exterior	exterior/01_green-office-park-1-north-tower-exterior-1676437701833-0.jpg
exterior	exterior/01_green-office-park-1-south-tower-exterior-1676437642706-0.jpg
exterior	exterior/01_hermina-tower-1-exterior-1720151794250-0.jpg
exterior	exterior/01_hermina-tower-2-exterior-1683004824712-0.jpg
exterior	exterior/01_hwa-tower-exterior-1692589322889-1.jpg
exterior	exterior/01_indonesia-satu-north-tower-exterior-1667793779174-0.jpg
exterior	exterior/01_inews-tower-exterior-1667790957724-0.jpg
exterior	exterior/01_international-financial-center-tower-exterior-1670316033608-0.jpg
exterior	exterior/01_jakarta-box-tower-exterior-1670315325283-0.jpg
exterior	exterior/01_jakarta-mori-tower-exterior-1669109882791-1.jpg
exterior	exterior/01_kino-office-tower-exterior-1676949065645-0.jpg
exterior	exterior/01_landmark-tower-1-exterior-1690447317285-0.jpg
exterior	exterior/01_landmark-tower-2-exterior-1690511817179-0.jpg
exterior	exterior/01_liberty-tower-exterior-1692157762062-0.jpg
exterior	exterior/01_lippo-thamrin-exterior-1670312667131-0.jpg
exterior	exterior/01_lippo-tower-holland-village-exterior-1689658558142-0.jpg
exterior	exterior/01_lumina-tower-exterior-1690514065172-1.jpg
exterior	exterior/01_luminary-tower-exterior-1690353442596-1.jpg
exterior	exterior/01_mayapada-tower-1-exterior-1690432365122-0.jpg
exterior	exterior/01_menara-brilian-exterior-1690444064823-0.jpg
exterior	exterior/01_menara-pertiwi-exterior-1670811568381-0.jpg
exterior	exterior/01_menara-syariah-pik-2-exterior-1762847675124-0.jpg
exterior	exterior/01_mgold-tower-exterior-1721882502770-0.jpg
exterior	exterior/01_mid-plaza-1-exterior-1690536683120-0.jpg
exterior	exterior/01_mid-plaza-2-exterior-1690355518641-0.jpg
exterior	exterior/01_mmp-building-exterior-1725436404171-0.jpg
exterior	exterior/01_mnc-financial-center-exterior-1667791230748-0.jpg
exterior	exterior/01_mth-27-office-suites-exterior-1689663316461-0.jpg
exterior	exterior/01_myrepublic-plaza-_28gop-6_29-exterior-1676429843283-0.jpg
exterior	exterior/01_nt-tower-exterior-1765357860584-0.jpg
exterior	exterior/01_patra-jasa-exterior-1690359871085-2.jpg
exterior	exterior/01_pondok-indah-office-tower-5-exterior-1659429883423-0.jpg
exterior	exterior/01_pondok-indah-office-tower-6-exterior-1677470555383-0.jpg
exterior	exterior/01_propan-tower-exterior-1660100539385-0.jpg
exterior	exterior/01_ratu-plaza-exterior-1690527304492-0.jpg
exterior	exterior/01_revenue-tower-exterior-1668163462504-0.jpg
exterior	exterior/01_sctv-tower-exterior-1690441355105-0.jpg
exterior	exterior/01_seyeon-building-exterior-1693213146740-0.jpg
exterior	exterior/01_signature-pik-exterior-1660296033456-0.jpg
exterior	exterior/01_soho-capital-exterior-1667358540600-0.jpg
exterior	exterior/01_sopo-del-tower-a-exterior-1690526210958-0.jpg
exterior	exterior/01_sopo-del-tower-b-exterior-1690525828054-0.jpg
exterior	exterior/01_t-tower-exterior-1670208781004-0.jpg
exterior	exterior/01_tamansari-parama-exterior-1667360653031-0.jpg
exterior	exterior/01_the-arumaya-office-exterior-1770172922506-0.jpg
exterior	exterior/01_the-garden-center-exterior-1762497586281-0.jpg
exterior	exterior/01_the-kensington-office-tower-exterior-1692678794992-0.jpg
exterior	exterior/01_the-tower-exterior-1675915276445-0.jpg
exterior	exterior/01_trembesi-tower-exterior-1764736018542-0.jpg
exterior	exterior/01_wisma-barito-pacific-ii-exterior-1670211202587-0.jpg
exterior	exterior/01_wisma-udaya-exterior-1680664666440-0.jpg
exterior	exterior/02_100_graha-cimb-niaga-graha-cimb-niaga_20160914043943_98306.jpg
exterior	exterior/02_101_indonesia-stock-exchange-building-indonesia-stock-exchange-building-tower-1_20160914044046_26554.jpg
exterior	exterior/02_102_indonesia-stock-exchange-building-indonesia-stock-exchange-building-tower-2_20160914044049_60794.jpg
exterior	exterior/02_104_intiland-tower-intiland-tower_20160914044058_82828.jpg
exterior	exterior/02_108_mayapada-tower-mayapada-tower-2_20160914044146_26801.jpg
exterior	exterior/02_109_menara-sudirman-menara-sudirman_20160914044311_20548.jpg
exterior	exterior/02_10_menara-bidakara-menara-bidakara-2_20170125084932_15033.jpg
exterior	exterior/02_112_office-8-office-8_20160914044337_42119.jpg
exterior	exterior/02_113_one-pacific-place-one-pacific-place_20160914044345_89187.jpg
exterior	exterior/02_114_plaza-abda-ex-plaza-asia-plaza-abda_20160914044444_75074.jpg
exterior	exterior/02_115_plaza-bapindo-citibank-tower_20160914044453_57168.jpg
exterior	exterior/02_116_plaza-bapindo-mandiri-tower_20160914044454_53370.jpg
exterior	exterior/02_117_plaza-semanggi-gedung-veteran-ri-gedung-veteran-ri_20160914044504_87527.jpg
exterior	exterior/02_118_plaza-sentral-plaza-sentral_20160914044505_42857.jpg
exterior	exterior/02_119_prince-center-prince-center_20160914044510_58507.jpg
exterior	exterior/02_11_menara-global-menara-global_20160914044223_95376.jpg
exterior	exterior/02_120_prudential-tower-prudential-tower_20160914044511_70578.jpg
exterior	exterior/02_122_sahid-sudirman-center-sahid-sudirman-center_20160914044530_29439.JPG
exterior	exterior/02_123_sampoerna-strategic-square-sampoerna-strategic-south-tower_20160914044534_34871.jpg
exterior	exterior/02_124_sampoerna-strategic-square-sampoerna-strategic-north-tower_20160914044533_38083.jpg
exterior	exterior/02_125_senayan-square-sentral-senayan-1_20160914044539_71864.jpg
exterior	exterior/02_126_senayan-square-sentral-senayan-2_20160914044541_72114.jpg
exterior	exterior/02_127_senayan-square-sentral-senayan-3_20160914044545_81849.jpg
exterior	exterior/02_128_sequis-center-sequis-center_20160914044549_75839.jpg
exterior	exterior/02_129_sona-topas-tower-sona-topas-tower_20160914044613_13525.jpg
exterior	exterior/02_12_menara-jamsostek-menara-jamsostek-north-tower_20160914044236_42890.jpg
exterior	exterior/02_130_sudirman-plaza-indofood-tower_20160914044644_50919.jpg
exterior	exterior/02_131_sudirman-plaza-plaza-marein_20160915070608_35507.jpg
exterior	exterior/02_132_tamara-center-tamara-center_20160914044649_16019.jpg
exterior	exterior/02_133_the-energy-tower-the-energy-tower_20160914044717_74063.jpg
exterior	exterior/02_134_wisma-46-wisma-46_20160914044740_68427.jpg
exterior	exterior/02_136_wisma-bumiputera-wisma-bumiputera_20160914044753_45730.jpg
exterior	exterior/02_137_wisma-gkbi-wisma-gkbi_20160914044753_42804.jpg
exterior	exterior/02_139_wisma-keiai-wisma-keiai_20160914044755_74322.jpg
exterior	exterior/02_13_menara-jamsostek-menara-jamsostek-south-tower_20160914044239_54671.jpg
exterior	exterior/02_140_wisma-nugra-santana-wisma-nugra-santana_20160914044823_21937.jpg
exterior	exterior/02_142_world-trade-center-complex-world-trade-center-1_20160914044851_14530.jpg
exterior	exterior/02_143_world-trade-center-complex-world-trade-center-2_20160914044852_62957.jpg
exterior	exterior/02_144_deutsche-bank-building-deutsche-bank-building_20180413072331_44361.jpg
exterior	exterior/02_145_gedung-jaya-gedung-jaya_20160914043907_47896.jpg
exterior	exterior/02_149_menara-cakrawala-menara-cakrawala_20160915093958_72805.jpg
exterior	exterior/02_14_menara-mulia-menara-mulia_20160914044254_84081.JPG
exterior	exterior/02_150_menara-thamrin-menara-thamrin_20160914044315_72088.jpg
exterior	exterior/02_151_menara-topas-ex-menara-eksekutif-menara-topas_20160914044316_29297.jpg
exterior	exterior/02_152_oil-center-building-oil-center-building_20160914044339_58933.jpg
exterior	exterior/02_153_plaza-permata-plaza-permata_20160914044503_57315.jpg
exterior	exterior/02_155_sinarmas-land-plaza-ex-plaza-bii-sinarmas-land-plaza-menara-2_20180413075525_42534.jpg
exterior	exterior/02_158_the-city-tower-the-city-tower_20160914044707_52770.jpg
exterior	exterior/02_159_the-plaza-the-plaza_20160914044725_16323.jpg
exterior	exterior/02_161_wisma-mandiri-ex-plaza-bumidaya-wisma-mandiri_20160914044816_30851.jpg
exterior	exterior/02_162_wisma-nusantara-wisma-nusantara_20160914044824_71628.jpg
exterior	exterior/02_165_gallery-west-gallery-west_20171212071806_34106.jpg
exterior	exterior/02_166_gedung-graha-kencana-gedung-graha-kencana_20160914043900_68609.JPG
exterior	exterior/02_167_sastra-graha-sastra-graha_20160914044535_25814.JPG
exterior	exterior/02_169_puri-indah-financial-tower-puri-indah-financial-tower_20160914044513_41727.JPG
exterior	exterior/02_170_apl-tower-apl-tower_20160914043703_57611.JPG
exterior	exterior/02_171_gedung-total-gedung-total_20160914043928_70062.JPG
exterior	exterior/02_172_grand-slipi-tower-grand-slipi-tower_20160914044030_98036.JPG
exterior	exterior/02_173_menara-citicon-menara-citicon_20160914044215_58869.JPG
exterior	exterior/02_175_wisma-76-wisma-76_20160914044742_90604.JPG
exterior	exterior/02_177_wisma-slipi-wisma-slipi_20160914044835_51226.JPG
exterior	exterior/02_178_wisma-sejahtera-wisma-sejahtera_20160914044834_42229.JPG
exterior	exterior/02_179_griya-sinta-griya-sinta_20160914044032_21954.JPG
exterior	exterior/02_17_wisma-argo-manunggal-wisma-argo-manunggal_20160914044747_84183.jpg
exterior	exterior/02_181_menara-merdeka-menara-merdeka_20160914044252_39409.jpg
exterior	exterior/02_182_wisma-hayam-wuruk-wisma-hayam-wuruk_20160914044754_98288.JPG
exterior	exterior/02_185_menara-ravindo-menara-ravindo_20160914044305_40171.JPG
exterior	exterior/02_186_mnc-tower-mnc-tower_20170125085524_53154.jpg
exterior	exterior/02_187_wisma-bisnis-indonesia-wisma-bisnis-indonesia_20160914044750_26763.JPG
exterior	exterior/02_18_wisma-mulia-1-wisma-mulia-1_20160914044819_87064.jpg
exterior	exterior/02_191-Gedung-Perintis-Kemerdekaan-164740643398210.jpg
exterior	exterior/02_193_wisma-tugu-raden-saleh-wisma-tugu-raden-saleh_20160914044841_95066.JPG
exterior	exterior/02_194_lembaga-alkitab-indonesia-bible-center-lembaga-alkitab-indonesia-bible-center_20170125084029_84655.jpg
exterior	exterior/02_196_graha-dinamika-graha-dinamika_20160914043946_75573.JPG
exterior	exterior/02_198_gedung-e-trade-gedung-e-trade_20160914043855_62780.JPG
exterior	exterior/02_199_18-office-park-18-office-park_20160914043653_39651.JPG
exterior	exterior/02_1_capital-place-capital-place_20160914043745_19713.JPG
exterior	exterior/02_200_ad-premier-ad-premier_20160914043656_66378.JPG
exterior	exterior/02_203_beltway-office-park-beltway-office-park-tower-a_20160914043735_16948.JPG
exterior	exterior/02_20_the-city-center-batavia-city-the-city-center-annex-building_20160915043523_74156.jpg
exterior	exterior/02_21_the-city-center-batavia-city-the-city-center-tower-1_20160914063349_82807.jpg
exterior	exterior/02_228_plaza-alstom-plaza-alstom_20160914044449_15229.jpg
exterior	exterior/02_235_satmarindo-building-satmarindo-building_20170125085932_92102.jpg
exterior	exterior/02_240_talavera-talavera-office-park_20160914085422_15746.jpg
exterior	exterior/02_249_kota-kasablanka-88-kota-kasablanka-tower-prudential-center_20160914090631_63918.jpg
exterior	exterior/02_288_district-8-prosperity-tower_20160914043822_27291.jpg
exterior	exterior/02_289_district-8-treasury-tower_20160914043823_79799.jpg
exterior	exterior/02_298_the-convergence-the-convergence_20160914044709_37021.jpg
exterior	exterior/02_320_trakindo-tmt-trakindo-tmt_20160914092109_70114.jpg
exterior	exterior/02_348_millennium-centennial-center-millenium-centennial-center_20191113093826_58690.jpg
exterior	exterior/02_353_world-trade-center-complex-world-trade-center-3_20160914044853_39544.jpg
exterior	exterior/02_354_sme-tower-sme-tower_20160914044529_85084.jpg
exterior	exterior/02_363_fedex-fedex_20160914043830_92037.jpg
exterior	exterior/02_366_zuria-tower-zuria-tower_20160914044854_44197.jpg
exterior	exterior/02_378_wisma-bakrie-wisma-bakrie-1_20160914093706_68301.jpg
exterior	exterior/02_382_plaza-mandiri-plaza-mandiri_20160914044458_24499.jpg
exterior	exterior/02_383_wisma-sudirman-wisma-sudirman_20160914044840_92988.jpg
exterior	exterior/02_403_gedung-hero-gedung-hero_20160914043905_71426.jpg
exterior	exterior/02_406_mugi-griya-mugi-griya_20160914044326_99225.jpg
exterior	exterior/02_407_nariba-office-suites-nariba-office-suites_20160914044331_45284.jpg
exterior	exterior/02_414_wisma-smr-wisma-smr_20160914044833_70617.jpg
exterior	exterior/02_437_soepomo-office-park-soepomo-office-park_20161124041530_29826.jpg
exterior	exterior/02_455_wisma-akr-wisma-akr_20161124042620_12241.jpg
exterior	exterior/02_473_wisma-iwi-wisma-iwi_20170125091040_88064.jpg
exterior	exterior/02_474_wisma-bakti-mulia-wisma-bakti-mulia_20191223104906_41804.jpg
exterior	exterior/02_478_menara-kompas-menara-kompas_20170206032412_59793.jpg
exterior	exterior/02_493_office-one-office-one_20170330025931_52422.jpg
exterior	exterior/02_500_world-trade-center-complex-world-trade-center-5_20170418061919_89801.jpg
exterior	exterior/02_50_menara-kadin-menara-kadin_20160914044240_13541.jpg
exterior	exterior/02_515_synergy-building-synergy-building_20180130063718_12672.jpg
exterior	exterior/02_523_plaza-summarecon-serpong-plaza-summarecon-serpong_20190618075209_42929.jpg
exterior	exterior/02_529_wisma-nugraha-wisma-nugraha_20180417043718_73072.jpg
exterior	exterior/02_54_palma-one-palma-one_20160914044356_21332.jpg
exterior	exterior/02_552_thamrin-nine-uob-plaza_20171215024306_15099.jpg
exterior	exterior/02_553_thamrin-nine-indosurya-plaza_20171215025928_57912.jpg
exterior	exterior/02_563_temas-line-temas-line_20180227074310_69661.jpg
exterior	exterior/02_577_wisma-lumbini-wisma-lumbini_20180316082643_14482.jpg
exterior	exterior/02_581_wisma-lampung-wisma-lampung_20180417073057_22008.jpg
exterior	exterior/02_582_wisma-47-wisma-47_20180413092859_28096.jpg
exterior	exterior/02_59_plaza-kuningan-plaza-kuningan-south-tower_20160914044457_22071.jpg
exterior	exterior/02_625_nissi-bintaro-campus-nissi-bintaro-campus_20181015070140_14732.jpg
exterior	exterior/02_627_indy-office-park-new-office-tripatra-bintaro_20181015023538_27290.jpg
exterior	exterior/02_64_wisma-budi-wisma-budi_20160914044751_77303.jpg
exterior	exterior/02_658_unity-building-unity-building_20191029081754_96767.jpg
exterior	exterior/02_65_wisma-kodel-wisma-kodel_20160914044802_66946.jpg
exterior	exterior/02_66_wisma-tugu-wisma-tugu-1_20160914044843_58861.jpg
exterior	exterior/02_72_menara-prima-menara-prima-i_20160914071801_55020.jpg
exterior	exterior/02_76_plaza-mutiara-plaza-mutiara_20160915094042_21086.jpg
exterior	exterior/02_mid-plaza-1-exterior-1690536683120-1.jpg
exterior	exterior/02_nt-tower-exterior-1765357860584-1.jpg
exterior	exterior/02_seyeon-building-exterior-1693213146740-1.jpg
exterior	exterior/02_sinarmas-land-plaza-menara-1-exterior-1690532791569-0.jpg
exterior	exterior/02_soho-capital-exterior-1667358540600-1.jpg
exterior	exterior/02_world-capital-tower-exterior-1670322350141-0.jpg
exterior	exterior/03_114_plaza-abda-ex-plaza-asia-plaza-abda_20160914044444_88774.jpg
exterior	exterior/03_120_prudential-tower-prudential-tower_20160914044511_49091.jpg
exterior	exterior/03_123_sampoerna-strategic-square-sampoerna-strategic-south-tower_20160914044534_27567.jpg
exterior	exterior/03_124_sampoerna-strategic-square-sampoerna-strategic-north-tower_20160914044534_12126.jpg
exterior	exterior/03_12_menara-jamsostek-menara-jamsostek-north-tower_20160914044238_49523.jpg
exterior	exterior/03_131_sudirman-plaza-plaza-marein_20160915070609_21162.jpg
exterior	exterior/03_133_the-energy-tower-the-energy-tower_20160914044718_36759.jpg
exterior	exterior/03_13_menara-jamsostek-menara-jamsostek-south-tower_20160914044239_55000.jpg
exterior	exterior/03_143_world-trade-center-complex-world-trade-center-2_20160914044852_40783.jpg
exterior	exterior/03_151_menara-topas-ex-menara-eksekutif-menara-topas_20160914044317_97848.jpg
exterior	exterior/03_153_plaza-permata-plaza-permata_20160914044503_94154.jpg
exterior	exterior/03_161_wisma-mandiri-ex-plaza-bumidaya-wisma-mandiri_20160914044817_75896.jpg
exterior	exterior/03_169_puri-indah-financial-tower-puri-indah-financial-tower_20170330030035_98280.jpg
exterior	exterior/03_181_menara-merdeka-menara-merdeka_20160914044252_73029.jpg
exterior	exterior/03_18_wisma-mulia-1-wisma-mulia-1_20160914044820_66739.jpg
exterior	exterior/03_20_the-city-center-batavia-city-the-city-center-annex-building_20160915043523_36195.jpg
exterior	exterior/03_217_menara-citibank-pondok-indah-menara-citibank-pondok-indah_20170125085019_92993.jpg
exterior	exterior/03_21_the-city-center-batavia-city-the-city-center-tower-1_20160914063350_97319.jpg
exterior	exterior/03_249_kota-kasablanka-88-kota-kasablanka-tower-prudential-center_20160914090631_13773.jpg
exterior	exterior/03_264_wisma-korindo-wisma-korindo_20160914044805_53782.jpg
exterior	exterior/03_320_trakindo-tmt-trakindo-tmt_20160914092110_38514.jpg
exterior	exterior/03_350_pacific-century-premium-developments-pcpd-pacific-century-place-tower-pcp-tower_20180416030141_83108.jpg
exterior	exterior/03_357_wisma-millenia-wisma-millenia_20160914044819_61989.jpg
exterior	exterior/03_377_the-h-tower-the-h-tower_20160914044720_79425.jpg
exterior	exterior/03_382_plaza-mandiri-plaza-mandiri_20160914044459_46187.jpg
exterior	exterior/03_383_wisma-sudirman-wisma-sudirman_20160914044840_93628.jpg
exterior	exterior/03_384_parc-18-parc-18_20160914044402_84704.jpg
exterior	exterior/03_403_gedung-hero-gedung-hero_20160914043906_77029.jpg
exterior	exterior/03_407_nariba-office-suites-nariba-office-suites_20201111200141_98888.jpg
exterior	exterior/03_442_wisma-barito-pacific-wisma-barito-pacific-tower-b_20161124033734_45739.jpg
exterior	exterior/03_455_wisma-akr-wisma-akr_20161124042621_12726.jpg
exterior	exterior/03_456_wisma-81-toto-office-building-wisma-81-toto-office-building_20161124043940_51322.jpg
exterior	exterior/03_477_plaza-summarecon-bekasi-plaza-summarecon-bekasi_20170616081151_68884.jpg
exterior	exterior/03_478_menara-kompas-menara-kompas_20170317105001_33978.jpg
exterior	exterior/03_493_office-one-office-one_20170330025932_78699.jpg
exterior	exterior/03_505_the-prominence-the-prominence-office-tower_20170720081446_99481.jpg
exterior	exterior/03_529_wisma-nugraha-wisma-nugraha_20180417043718_19424.jpg
exterior	exterior/03_52_menara-palma-1-menara-palma-1_20160914044258_57208.jpg
exterior	exterior/03_54_palma-one-palma-one_20160914044356_59753.jpg
exterior	exterior/03_552_thamrin-nine-uob-plaza_20171215024307_57743.jpg
exterior	exterior/03_568_jayatama-plaza-jayatama-plaza_20190729034407_47370.jpg
exterior	exterior/03_572_midpoint-place-midpoint-place_20180413095143_58208.jpg
exterior	exterior/03_582_wisma-47-wisma-47_20180413092900_60138.jpg
exterior	exterior/03_65_wisma-kodel-wisma-kodel_20160914044803_90189.jpg
exterior	exterior/03_66_wisma-tugu-wisma-tugu-1_20160914044844_31108.jpg
exterior	exterior/03_673_secure-building-secure-building_20191204052022_81797.jpg
exterior	exterior/03_72_menara-prima-menara-prima-i_20160914071801_23162.jpg
exterior	exterior/03_77_the-east-the-east_20160914044713_73374.jpg
exterior	exterior/03_82_menara-standard-chartered-menara-standard-chartered_20160914044309_54210.jpg
exterior	exterior/03_menara-salemba-exterior-1680488026679-0.jpg
exterior	exterior/03_millenium-centennial-center-exterior-1670319548781-0.jpg
exterior	exterior/03_mugi-griya-exterior-1772426817589-0.jpg
exterior	exterior/03_seyeon-building-exterior-1693213146740-2.jpg
exterior	exterior/03_soho-capital-exterior-1667358540600-2.jpg
exterior	exterior/04_109_menara-sudirman-menara-sudirman_20160914044313_53882.jpg
exterior	exterior/04_125_senayan-square-sentral-senayan-1_20160914044540_59319.jpg
exterior	exterior/04_127_senayan-square-sentral-senayan-3_20160914044546_34626.jpg
exterior	exterior/04_131_sudirman-plaza-plaza-marein_20160915070609_77429.jpg
exterior	exterior/04_139_wisma-keiai-wisma-keiai_20160914044756_30501.jpg
exterior	exterior/04_13_menara-jamsostek-menara-jamsostek-south-tower_20170125085318_29858.jpg
exterior	exterior/04_159_the-plaza-the-plaza_20160914044728_17919.jpg
exterior	exterior/04_231_pondok-indah-office-tower-pondok-indah-office-tower-2_20180727084019_25711.jpg
exterior	exterior/04_234_ratu-prabu-ratu-prabu-2_20160914044525_86542.jpg
exterior	exterior/04_249_kota-kasablanka-88-kota-kasablanka-tower-prudential-center_20160914090633_53821.jpg
exterior	exterior/04_264_wisma-korindo-wisma-korindo_20160914044805_64157.jpg
exterior	exterior/04_266_multika-building-multika-building_20170523094847_17852.jpg
exterior	exterior/04_26_arrtu-agro-nusantara-ex-graha-mip-arrtu-agro-nusantara_20160928070724_24570.jpg
exterior	exterior/04_297_menara-kuningan-menara-kuningan_20160914044247_12492.jpg
exterior	exterior/04_311_wisma-gawi-ex-graha-mik-wisma-gawi_20161020045643_97144.jpg
exterior	exterior/04_320_trakindo-tmt-trakindo-tmt_20160914092111_75280.jpg
exterior	exterior/04_384_parc-18-parc-18_20160914044402_69415.jpg
exterior	exterior/04_403_synthesis-tower-ex-gedung-hero-synthesis-tower-2-ex-gedung-hero_20170512044855_72004.jpg
exterior	exterior/04_405_menara-mth-menara-mth_20160914044251_33505.jpg
exterior	exterior/04_409_pondok-indah-office-tower-pondok-indah-office-tower-1_20180727083732_39912.jpg
exterior	exterior/04_414_wisma-smr-wisma-smr_20160914044834_55164.jpg
exterior	exterior/04_442_wisma-barito-pacific-wisma-barito-pacific-tower-b_20161124033735_72232.jpg
exterior	exterior/04_456_wisma-81-wisma-81_20201229090651_82183.jpg
exterior	exterior/04_50_menara-kadin-menara-kadin_20160914044241_40320.jpg
exterior	exterior/04_51_menara-karya-menara-karya_20160914044243_34034.jpg
exterior	exterior/04_552_thamrin-nine-uob-plaza_20171215024309_56210.jpg
exterior	exterior/04_553_thamrin-nine-indosurya-plaza_20171215025931_44342.jpg
exterior	exterior/04_571_the-boulevard-office-building-the-boulevard-office-building_20180201103135_53546.jpg
exterior	exterior/04_572_midpoint-place-midpoint-place_20180413095144_79574.jpg
exterior	exterior/04_73_menara-prima-menara-prima-ii_20160914072033_92416.jpg
exterior	exterior/04_74_menara-rajawali-menara-rajawali_20160914044303_84035.jpg
exterior	exterior/04_77_the-east-the-east_20160914044713_10074.jpg
exterior	exterior/04_82_menara-standard-chartered-menara-standard-chartered_20160914044310_10384.jpg
exterior	exterior/04_myrepublic-plaza-_28gop-6_29-exterior-1676431624627-0.jpg
exterior	exterior/04_the-prominence-office-tower-exterior-1676949528582-0.jpg
exterior	exterior/05_114_plaza-abda-ex-plaza-asia-plaza-abda_20171212074631_94106.jpg
exterior	exterior/05_125_senayan-square-sentral-senayan-1_20160914044540_58407.jpg
exterior	exterior/05_126_senayan-square-sentral-senayan-2_20160914044544_55397.jpg
exterior	exterior/05_127_senayan-square-sentral-senayan-3_20160914044548_73699.jpg
exterior	exterior/05_12_menara-jamsostek-menara-jamsostek-north-tower_20170125085202_40892.jpg
exterior	exterior/05_134_wisma-46-wisma-46_20160914044741_50362.jpg
exterior	exterior/05_139_wisma-keiai-wisma-keiai_20160914044757_39273.jpg
exterior	exterior/05_13_menara-jamsostek-menara-jamsostek-south-tower_20170125085319_95641.jpg
exterior	exterior/05_159_the-plaza-the-plaza_20160914044729_97096.jpg
exterior	exterior/05_18_wisma-mulia-1-wisma-mulia-1_20161124040218_32275.jpg
exterior	exterior/05_20_the-city-center-batavia-city-the-city-center-annex-building_20160915043524_88526.jpg
exterior	exterior/05_234_ratu-prabu-ratu-prabu-2_20160914044525_65999.jpg
exterior	exterior/05_249_kota-kasablanka-88-kota-kasablanka-tower-prudential-center_20160914090634_13708.jpg
exterior	exterior/05_266_multika-building-multika-building_20170523094852_32122.jpg
exterior	exterior/05_297_menara-kuningan-menara-kuningan_20160914044247_24538.jpg
exterior	exterior/05_320_trakindo-tmt-trakindo-tmt_20160914092111_35739.jpg
exterior	exterior/05_335_telkom-landmark-tower-2-telkom-landmark-tower-2_20180413091817_22411.jpg
exterior	exterior/05_351_sequis-tower-sequis-tower_20160914044554_95534.jpg
exterior	exterior/05_366_zuria-tower-zuria-tower_20180130073054_36355.jpg
exterior	exterior/05_414_wisma-smr-wisma-smr_20160914044834_32607.jpg
exterior	exterior/05_437_soepomo-office-park-soepomo-office-park_20170125090007_65439.jpg
exterior	exterior/05_472_sainath-tower-sainath-tower_20170125085820_80137.jpg
exterior	exterior/05_473_wisma-iwi-wisma-iwi_20170125091043_84445.jpg
exterior	exterior/05_49_menara-imperium-menara-imperium_20160914044235_36156.jpg
exterior	exterior/05_51_menara-karya-menara-karya_20160914044244_12738.jpg
exterior	exterior/05_552_thamrin-nine-uob-plaza_20171215024310_61231.jpg
exterior	exterior/05_553_thamrin-nine-indosurya-plaza_20171215025932_68036.jpg
exterior	exterior/05_563_temas-line-temas-line_20180227091211_28139.jpg
exterior	exterior/05_572_midpoint-place-midpoint-place_20180413095146_26732.jpg
exterior	exterior/05_627_indy-office-park-new-office-tripatra-bintaro_20201111201750_29764.jpg
exterior	exterior/05_72_menara-prima-menara-prima-i_20180130071707_26108.jpg
exterior	exterior/05_73_menara-prima-menara-prima-ii_20180130071736_67709.jpg
exterior	exterior/05_74_menara-rajawali-menara-rajawali_20160914044304_55179.jpg
exterior	exterior/05_myrepublic-plaza-_28gop-6_29-exterior-1676431624627-1.jpg
exterior	exterior/05_the-prominence-office-tower-exterior-1676949528582-1.jpg
exterior	exterior/06_114_plaza-abda-ex-plaza-asia-plaza-abda_20171212074647_52661.jpg
exterior	exterior/06_12_menara-jamsostek-menara-jamsostek-north-tower_20170125085203_91950.jpg
exterior	exterior/06_13_menara-jamsostek-menara-jamsostek-south-tower_20170125085320_67907.jpg
exterior	exterior/06_159_the-plaza-the-plaza_20160914044731_88916.jpg
exterior	exterior/06_227_phe-tower-phe-tower_20160914044351_39853.jpg
exterior	exterior/06_266_multika-building-multika-building_20170523094858_72356.jpg
exterior	exterior/06_285_ciputra-world-2-tokopedia-tower-tokopedia-tower-ex-ciputra-world-2_20191105024928_59845.jpg
exterior	exterior/06_297_menara-kuningan-menara-kuningan_20160914044248_84991.jpg
exterior	exterior/06_335_telkom-landmark-tower-2-telkom-landmark-tower-2_20180413091818_28787.jpg
exterior	exterior/06_366_zuria-tower-zuria-tower_20180130073058_56807.jpg
exterior	exterior/06_397_ciputra-international-puri-ciputra-international-puri-3-phase-1_20180525082839_74447.jpg
exterior	exterior/06_427_the-clover-tower-the-clover-tower_20161124035219_95272.jpg
exterior	exterior/06_437_soepomo-office-park-soepomo-office-park_20170125090008_17497.jpg
exterior	exterior/06_51_menara-karya-menara-karya_20160914044244_89804.jpg
exterior	exterior/06_572_midpoint-place-midpoint-place_20180413095146_15529.jpg
exterior	exterior/06_74_menara-rajawali-menara-rajawali_20160914044304_14094.jpg
exterior	exterior/06_77_the-east-the-east_20160914044715_18003.jpg
exterior	exterior/06_85_satrio-tower-satrio-tower_20170331101351_31176.jpg
exterior	exterior/07_114_plaza-abda-ex-plaza-asia-plaza-abda_20171212074716_86803.jpg
exterior	exterior/07_227_phe-tower-phe-tower_20160914044352_79213.jpg
exterior	exterior/07_233_ratu-prabu-ratu-prabu-1_20160914044522_33324.jpg
exterior	exterior/07_266_multika-building-multika-building_20170523094905_11520.jpg
exterior	exterior/07_297_menara-kuningan-menara-kuningan_20160914044249_70362.jpg
exterior	exterior/07_320_trakindo-tmt-trakindo-tmt_20160914095606_77295.jpg
exterior	exterior/07_366_zuria-tower-zuria-tower_20180130073101_24953.jpg
exterior	exterior/07_427_the-clover-tower-the-clover-tower_20161124035221_36314.jpg
exterior	exterior/07_572_midpoint-place-midpoint-place_20180413095147_35812.jpg
exterior	exterior/07_talavera-tower-exterior-1678072586090-0.jpg
exterior	exterior/08_114_plaza-abda-ex-plaza-asia-plaza-abda_20171212074721_89865.jpg
exterior	exterior/08_227_phe-tower-phe-tower_20160914044352_73692.jpg
exterior	exterior/08_233_ratu-prabu-ratu-prabu-1_20160914044522_23165.jpg
exterior	exterior/08_320_trakindo-tmt-trakindo-tmt_20160914095607_44739.jpg
exterior	exterior/08_366_zuria-tower-zuria-tower_20180130073104_66900.jpg
exterior	exterior/08_378_wisma-bakrie-wisma-bakrie-1_20201122155946_36387.jpg
exterior	exterior/08_51_menara-karya-menara-karya_20160914044245_69825.jpg
exterior	exterior/08_572_midpoint-place-midpoint-place_20180926064127_50936.jpg
exterior	exterior/09_298_the-convergence-the-convergence_20160914044712_56338.jpg
exterior	exterior/09_320_trakindo-tmt-trakindo-tmt_20160914095608_68902.jpg
exterior	exterior/09_437_soepomo-office-park-soepomo-office-park_20170125090009_28478.jpg
exterior	exterior/09_53_multivision-tower-multivision-tower_20201122163319_49081.jpg
exterior	exterior/10_366_zuria-tower-zuria-tower_20180130073111_47928.jpg
exterior	exterior/10_397_ciputra-international-puri-ciputra-international-puri-3-phase-1_20180525082840_88568.jpg
exterior	exterior/11_320_trakindo-tmt-trakindo-tmt_20160914095608_38843.jpg
exterior	exterior/11_351_sequis-tower-sequis-tower_20180416025436_20469.jpg
exterior	exterior/12_351_sequis-tower-sequis-tower_20180926065204_90502.jpg
exterior	exterior/13_366_zuria-tower-zuria-tower_20180130073121_38723.jpg
exterior	exterior/14_12_menara-jamsostek-menara-jamsostek-north-tower_20170125085208_61771.jpg
exterior	exterior/15_12_menara-jamsostek-menara-jamsostek-north-tower_20170125085416_46422.jpg
floorplan	floorplan/01_101_indonesia-stock-exchange-building-indonesia-stock-exchange-building-tower-1_20170331112536_18635.jpg
floorplan	floorplan/01_102_indonesia-stock-exchange-building-indonesia-stock-exchange-building-tower-2_20170331112610_45147.jpg
floorplan	floorplan/01_103_international-financial-center-ifc-international-financial-center-tower-2_20170222072255_65340.jpg
floorplan	floorplan/01_108_mayapada-tower-mayapada-tower-2_20170222072358_66155.jpg
floorplan	floorplan/01_10_menara-bidakara-menara-bidakara-2_20170313102542_75247.jpg
floorplan	floorplan/01_126_senayan-square-sentral-senayan-2_20170310045045_48940.jpg
floorplan	floorplan/01_132_tamara-center-tamara-center_20180423091503_71850.jpg
floorplan	floorplan/01_133_the-energy-tower-the-energy-tower_20170222072622_12750.jpg
floorplan	floorplan/01_137_wisma-gkbi-wisma-gkbi_20170309104148_49060.jpg
floorplan	floorplan/01_148_menara-bca-grand-indonesia-menara-bca_20171212091822_84376.jpg
floorplan	floorplan/01_158_the-city-tower-the-city-tower_20170222073031_76563.jpg
floorplan	floorplan/01_17_wisma-argo-manunggal-wisma-argo-manunggal_20180718035714_46229.jpg
floorplan	floorplan/01_185_menara-ravindo-menara-ravindo_20170309101443_83582.jpg
floorplan	floorplan/01_198_gedung-e-trade-gedung-e-trade_20170222073125_56433.jpg
floorplan	floorplan/01_199_18-office-park-18-office-park_20170310064536_67001.jpg
floorplan	floorplan/01_214_graha-simatupang-graha-simatupang_20180606022054_23763.jpg
floorplan	floorplan/01_215_manhattan-square-manhattan-square-tower-1_20170320111511_19111.jpg
floorplan	floorplan/01_21_the-city-center-batavia-city-the-city-center-tower-1_20170222064022_40037.jpg
floorplan	floorplan/01_220_palma-tower-palma-tower_20170331113415_10139.jpg
floorplan	floorplan/01_222_perkantoran-hijau-arkadia-arkadia-tower-b_20170313022423_10406.jpg
floorplan	floorplan/01_223_perkantoran-hijau-arkadia-arkadia-tower-c_20170313022508_77308.jpg
floorplan	floorplan/01_230_plaza-oleos-plaza-oleos_20170222073721_95505.jpg
floorplan	floorplan/01_240_talavera-talavera-office-park_20170316042132_86738.jpg
floorplan	floorplan/01_248_kota-kasablanka-88-kasablanka-tower-a_20170222074615_82260.jpg
floorplan	floorplan/01_25_ariobimo-sentral-ariobimo-sentral_20170331115235_69352.jpg
floorplan	floorplan/01_27_atrium-mulia-atrium-mulia_20170317112911_78401.jpg
floorplan	floorplan/01_2_centennial-tower-centennial-tower_20170222061438_20251.jpg
floorplan	floorplan/01_353_world-trade-center-complex-world-trade-center-3_20170310074921_65152.jpg
floorplan	floorplan/01_372_jakarta-box-tower-jakarta-box-tower_20170310020208_31420.jpg
floorplan	floorplan/01_397_ciputra-international-puri-ciputra-international-puri-3-phase-1_20180523070609_51253.jpg
floorplan	floorplan/01_443_graha-lestari-graha-lestari_20170324095807_16929.jpg
floorplan	floorplan/01_467_gedung-kharisma-gedung-kharisma_20170323100205_22465.jpg
floorplan	floorplan/01_507_the-mansion-bougenville-fontana-office-tower_20170421084846_77039.jpg
floorplan	floorplan/01_50_menara-kadin-menara-kadin_20170331113343_59677.jpg
floorplan	floorplan/01_538_kem-tower-kem-tower_20180416061045_80034.jpg
floorplan	floorplan/01_54_palma-one-palma-one_20210211075924_26970.jpg
floorplan	floorplan/01_551_kino-office-tower-kino-office-tower_20180904075221_63333.jpg
floorplan	floorplan/01_564_blue-bird-tower-blue-bird-tower_20180718034350_10835.jpg
floorplan	floorplan/01_56_plaza-agro-ex-gri-plaza-agro_20170320074911_82826.jpg
floorplan	floorplan/01_593_mnc-center-park-hyatt-tower_20180524074357_73469.jpg
floorplan	floorplan/01_5_gedung-tifa-gedung-tifa_20170331112252_13331.jpg
floorplan	floorplan/01_616_green-office-park-green-office-park-1_20180912101348_28783.jpg
floorplan	floorplan/01_629_green-office-park-green-office-park-1-north-tower_20181105064206_55669.jpg
floorplan	floorplan/01_632_social-security-tower-social-security-tower_20190516033725_11498.jpg
floorplan	floorplan/01_691_wisma-agung-wisma-agung_20210125201752_69084.jpg
floorplan	floorplan/01_70_menara-dea-menara-dea-1_20170316041539_53823.jpg
floorplan	floorplan/01_72_menara-prima-menara-prima-i_20170316041647_24203.jpg
floorplan	floorplan/01_77_the-east-the-east_20170222072116_97860.jpg
floorplan	floorplan/01_7_graha-mustika-ratu-graha-mustika-ratu_20180705044336_97583.jpg
floorplan	floorplan/01_85_satrio-tower-satrio-tower_20170309102708_89804.jpg
floorplan	floorplan/01_87_anz-tower-anz-tower_20170222072221_79152.jpg
floorplan	floorplan/01_pondok-indah-office-tower-5-floor-plan-1681442922250-0.jpg
floorplan	floorplan/01_revenue-tower-floor-plan-1669346909154-0.jpg
floorplan	floorplan/02_103_international-financial-center-ifc-international-financial-center-tower-2_20170222072256_69079.jpg
floorplan	floorplan/02_205_beltway-office-park-beltway-office-park-tower-c_20180104022846_10719.jpg
floorplan	floorplan/02_214_graha-simatupang-graha-simatupang_20180606022054_45158.jpg
floorplan	floorplan/02_226_perkantoran-hijau-arkadia-arkadia-tower-f_20170313022350_53582.jpg
floorplan	floorplan/02_231_pondok-indah-office-tower-pondok-indah-office-tower-2_20180912090356_59786.jpg
floorplan	floorplan/02_243_the-garden-center-the-garden-center_20180730062105_86737.jpg
floorplan	floorplan/02_257_menara-sentraya-menara-sentraya_20170310065613_34779.jpg
floorplan	floorplan/02_278_menara-satu-menara-satu_20170317114529_98331.jpg
floorplan	floorplan/02_294_the-tower-the-tower_20170323100339_95345.jpg
floorplan	floorplan/02_397_ciputra-international-puri-ciputra-international-puri-3-phase-1_20180523070609_80264.jpg
floorplan	floorplan/02_467_gedung-kharisma-gedung-kharisma_20170323100206_36580.jpg
floorplan	floorplan/02_523_plaza-summarecon-serpong-plaza-summarecon-serpong_20190729043348_27759.jpg
floorplan	floorplan/02_538_kem-tower-kem-tower_20180416061046_36192.jpg
floorplan	floorplan/02_551_kino-office-tower-kino-office-tower_20180904075222_80559.jpg
floorplan	floorplan/02_570_kebayoran-icon-kebayoran-icon_20180202025205_57396.jpg
floorplan	floorplan/02_593_mnc-center-park-hyatt-tower_20180524074358_40818.jpg
floorplan	floorplan/02_600_mgk-kemayoran-mgk-office-tower-b_20180718035007_60440.jpg
floorplan	floorplan/02_632_social-security-tower-social-security-tower_20190516033725_59550.jpg
floorplan	floorplan/02_70_menara-dea-menara-dea-1_20170316043307_99604.jpg
floorplan	floorplan/02_71_menara-dea-menara-dea-2_20180801070203_38501.jpg
floorplan	floorplan/02_7_graha-mustika-ratu-graha-mustika-ratu_20180705044336_10331.jpg
floorplan	floorplan/02_87_anz-tower-anz-tower_20170222074137_85645.jpg
floorplan	floorplan/02_88_chase-plaza-chase-plaza-podium_20170313102206_84719.jpg
floorplan	floorplan/02_89_chase-plaza-chase-plaza-rise_20170313102248_72372.jpg
floorplan	floorplan/02_menara-bca-floor-plan-1663039200958-0.jpg
floorplan	floorplan/02_menara-karya-floor-plan-1681442873891-1.jpg
floorplan	floorplan/02_pondok-indah-office-tower-1-floor-plan-1681442962068-0.jpg
floorplan	floorplan/03_126_senayan-square-sentral-senayan-2_20170310045046_82244.jpg
floorplan	floorplan/03_133_the-energy-tower-the-energy-tower_20170310015601_80906.jpg
floorplan	floorplan/03_151_menara-topas-ex-menara-eksekutif-menara-topas_20170316041801_63548.jpg
floorplan	floorplan/03_173_menara-citicon-menara-citicon_20170309100315_50277.jpg
floorplan	floorplan/03_189_hdi-hive-ex-menteng-office-park-hdi-hive_20170222074413_84336.jpg
floorplan	floorplan/03_200_ad-premier-ad-premier_20170320071426_36317.jpg
floorplan	floorplan/03_219_oleos-2-oleos-2_20180124100238_78155.jpg
floorplan	floorplan/03_226_perkantoran-hijau-arkadia-arkadia-tower-f_20170313022351_49057.jpg
floorplan	floorplan/03_230_plaza-oleos-plaza-oleos_20170309102959_58534.jpg
floorplan	floorplan/03_243_the-garden-center-the-garden-center_20180730062105_70431.jpg
floorplan	floorplan/03_278_menara-satu-menara-satu_20170317114530_54125.jpg
floorplan	floorplan/03_370_gedung-sarana-jaya-3-gedung-sarana-jaya-3_20170320080218_80429.jpg
floorplan	floorplan/03_403_synthesis-tower-ex-gedung-hero-synthesis-tower-2-ex-gedung-hero_20170526045624_40685.jpg
floorplan	floorplan/03_426_l-avenue-office-park-l-avenue-office_20170320072646_18528.jpg
floorplan	floorplan/03_467_gedung-kharisma-gedung-kharisma_20170323100206_41024.jpg
floorplan	floorplan/03_63_tempo-scan-tower-tempo-scan-tower_20170324100601_21273.jpg
floorplan	floorplan/03_68_menara-anugrah-menara-anugrah_20170510101927_60304.jpg
floorplan	floorplan/03_menara-prima-i-floor-plan-1681458896784-0.jpg
floorplan	floorplan/04_103_international-financial-center-ifc-international-financial-center-tower-2_20170222074158_12417.jpg
floorplan	floorplan/04_127_senayan-square-sentral-senayan-3_20170310045124_93315.jpg
floorplan	floorplan/04_128_sequis-center-sequis-center_20170310081719_10258.jpg
floorplan	floorplan/04_12_menara-jamsostek-menara-jamsostek-north-tower_20170331113154_98689.jpg
floorplan	floorplan/04_133_the-energy-tower-the-energy-tower_20170310015601_19153.jpg
floorplan	floorplan/04_151_menara-topas-ex-menara-eksekutif-menara-topas_20170316041801_10834.jpg
floorplan	floorplan/04_209_graha-elnusa-graha-elnusa_20170615081522_81343.jpg
floorplan	floorplan/04_219_oleos-2-oleos-2_20180124100241_62682.jpg
floorplan	floorplan/04_21_the-city-center-batavia-city-the-city-center-tower-1_20170222064023_89169.jpg
floorplan	floorplan/04_232_pondok-indah-office-tower-pondok-indah-office-tower-3_20180912101250_64753.jpg
floorplan	floorplan/04_243_the-garden-center-the-garden-center_20180730062105_24315.jpg
floorplan	floorplan/04_63_tempo-scan-tower-tempo-scan-tower_20170324100602_37063.jpg
floorplan	floorplan/05_133_the-energy-tower-the-energy-tower_20170310015602_66617.jpg
floorplan	floorplan/05_186_mnc-center-mnc-tower_20180705043835_24730.jpg
floorplan	floorplan/05_230_plaza-oleos-plaza-oleos_20170309103001_84443.jpg
floorplan	floorplan/05_440_landmark-pluit-land-mark-pluit_20170505100032_76299.jpg
floorplan	floorplan/05_86_aia-central-aia-central_20171212083716_78693.jpg
floorplan	floorplan/06_186_mnc-center-mnc-tower_20180705043835_63757.jpg
floorplan	floorplan/06_205_beltway-office-park-beltway-office-park-tower-c_20180423093401_19366.jpg
floorplan	floorplan/06_440_landmark-pluit-land-mark-pluit_20170505100038_68461.jpg
floorplan	floorplan/06_507_the-mansion-bougenville-fontana-office-tower_20170421084915_10451.jpg
floorplan	floorplan/07_230_plaza-oleos-plaza-oleos_20170309103002_79820.jpg
floorplan	floorplan/07_257_menara-sentraya-menara-sentraya_20170310065705_66784.jpg
floorplan	floorplan/07_507_the-mansion-bougenville-fontana-office-tower_20170421085233_32484.jpg
floorplan	floorplan/08_186_mnc-center-mnc-tower_20180705044420_25309.jpg
floorplan	floorplan/08_230_plaza-oleos-plaza-oleos_20170309103003_41143.jpg
floorplan	floorplan/12_353_world-trade-center-complex-world-trade-center-3_20170313030359_12139.jpg
floorplan	floorplan/12_507_the-mansion-bougenville-fontana-office-tower_20170421085842_42922.jpg
interior	interior/01_10_menara-bidakara-menara-bidakara-2_20170913063746_90403.jpg
interior	interior/01_126_senayan-square-sentral-senayan-2_20170331110026_29418.jpg
interior	interior/01_129_sona-topas-tower-sona-topas-tower_20170214034148_30316.jpg
interior	interior/01_131_sudirman-plaza-plaza-marein_20171024034604_54208.jpg
interior	interior/01_136_wisma-bumiputera-wisma-bumiputera_20170214034452_70656.jpg
interior	interior/01_140_wisma-nugra-santana-wisma-nugra-santana_20170323090703_45389.jpg
interior	interior/01_142_world-trade-center-complex-world-trade-center-1_20170418101027_37016.jpg
interior	interior/01_161_wisma-mandiri-ex-plaza-bumidaya-wisma-mandiri_20180411040655_64672.jpg
interior	interior/01_162_wisma-nusantara-wisma-nusantara_20180104043224_93141.jpg
interior	interior/01_169_puri-indah-financial-tower-puri-indah-financial-tower_20180227073823_35518.jpg
interior	interior/01_173_menara-citicon-menara-citicon_20170214043001_42721.jpg
interior	interior/01_178_wisma-sejahtera-wisma-sejahtera_20180405025113_23958.jpg
interior	interior/01_180_wisma-bsg-wisma-bsg_20170418100626_42481.jpg
interior	interior/01_181_menara-merdeka-menara-merdeka_20170616080404_85041.jpg
interior	interior/01_182_wisma-hayam-wuruk-wisma-hayam-wuruk_20180411041439_29566.jpg
interior	interior/01_188_gedung-arva-gedung-arva_20180411083507_70846.jpg
interior	interior/01_211_wisma-mra-wisma-mra_20180605093421_92140.jpg
interior	interior/01_213_graha-satria-tower-graha-satria-tower-2_20180904045059_24249.jpg
interior	interior/01_245_wisma-raharja-wisma-raharja_20180105102803_85432.jpg
interior	interior/01_248_kota-kasablanka-88-kasablanka-tower-a_20170214042618_46442.jpg
interior	interior/01_254_wisma-pmi-ex-gedung-treva-wisma-pmi_20180718062556_17179.jpg
interior	interior/01_264_wisma-korindo-wisma-korindo_20180105101954_86636.jpg
interior	interior/01_274_graha-kirana-graha-kirana_20171017062448_81258.jpg
interior	interior/01_275_graha-rekso-graha-rekso_20180920091013_53944.jpg
interior	interior/01_277_kirana-two-kirana-two_20170331113416_75758.jpg
interior	interior/01_279_perwata-tower-perwata-tower_20170727093037_31487.jpg
interior	interior/01_285_ciputra-world-2-tokopedia-tower_20170309121505_87208.jpg
interior	interior/01_335_telkom-landmark-tower-2-telkom-landmark-tower-2_20170404103053_61845.jpg
interior	interior/01_342_sopo-del-tower-sopo-del-tower-a_20171212082026_15466.jpg
interior	interior/01_366_zuria-tower-zuria-tower_20181115021315_83463.jpg
interior	interior/01_377_the-h-tower-the-h-tower_20170616081604_86413.jpg
interior	interior/01_381_granadi-granadi_20180413063452_83444.jpg
interior	interior/01_384_parc-18-parc-18_20171212075113_54729.jpg
interior	interior/01_397_ciputra-international-puri-ciputra-international-puri-3-phase-1_20180525083204_43517.jpg
interior	interior/01_430_cengkareng-business-city-cengkareng-business-city_20181029031252_74068.jpg
interior	interior/01_435_wisma-prima-wisma-prima_20180420062443_16393.jpg
interior	interior/01_461_graha-kas-graha-kas_20170411040119_52686.jpg
interior	interior/01_464_graha-utama-graha-utama_20180420044326_67134.jpg
interior	interior/01_466_gedung-konica-gedung-konica_20180405065048_99923.jpg
interior	interior/01_492_springhill-office-tower-springhill-office-tower_20180417045302_87599.jpg
interior	interior/01_500_world-trade-center-complex-world-trade-center-5_20170418101219_87176.jpg
interior	interior/01_501_world-trade-center-complex-world-trade-center-6_20170418101541_33062.jpg
interior	interior/01_542_mgk-kemayoran-mall-mgk_20180405065341_96368.jpg
interior	interior/01_544_yong-ma-yong-ma_20180404071949_63663.jpg
interior	interior/01_545_wisma-gondangdia-lama-wisma-gondangdia-lama_20180404065410_30805.jpg
interior	interior/01_562_indomobil-tower-indomobil-tower_20180514092806_75102.jpg
interior	interior/01_610_gedung-toto-gedung-toto_20180808094232_19156.jpg
interior	interior/01_617_the-mahitala-the-mahitala_20190313033916_73018.jpg
interior	interior/01_642_sophie-building-sophie-building_20190214101032_27955.jpg
interior	interior/01_66_wisma-tugu-wisma-tugu-1_20180507102747_10610.jpg
interior	interior/01_68_menara-anugrah-menara-anugrah_20170809013632_31262.jpg
interior	interior/01_71_menara-dea-menara-dea-2_20170214040059_47489.jpg
interior	interior/01_86_aia-central-aia-central_20170428015336_30961.jpg
interior	interior/01_90_equity-tower-equity-tower_20170705095658_26810.jpg
interior	interior/01_97_gedung-bri-gedung-bri-2_20180405021836_58364.jpg
interior	interior/01_98_gedung-summitmas-gedung-summitmas-1_20170616075449_51095.jpg
interior	interior/02_108_mayapada-tower-mayapada-tower-2_20171114073556_61172.jpg
interior	interior/02_112_office-8-office-8_20170314090216_76573.jpg
interior	interior/02_116_plaza-bapindo-mandiri-tower_20170705100751_58199.jpg
interior	interior/02_120_prudential-tower-prudential-tower_20171212081812_44907.jpg
interior	interior/02_126_senayan-square-sentral-senayan-2_20170331110027_28510.jpg
interior	interior/02_140_wisma-nugra-santana-wisma-nugra-santana_20170323090704_46670.jpg
interior	interior/02_142_world-trade-center-complex-world-trade-center-1_20170418101034_65864.jpg
interior	interior/02_161_wisma-mandiri-ex-plaza-bumidaya-wisma-mandiri_20180411040655_52123.jpg
interior	interior/02_162_wisma-nusantara-wisma-nusantara_20180104043226_37344.jpg
interior	interior/02_174_panin-life-center-panin-life-center_20180904043747_55710.jpg
interior	interior/02_182_wisma-hayam-wuruk-wisma-hayam-wuruk_20180411041440_11982.jpg
interior	interior/02_196_graha-dinamika-graha-dinamika_20180522061823_72257.jpg
interior	interior/02_205_beltway-office-park-beltway-office-park-tower-c_20180105101755_78709.jpg
interior	interior/02_211_wisma-mra-wisma-mra_20180605093422_51285.jpg
interior	interior/02_216_menara-165-menara-165_20180502062103_96805.jpg
interior	interior/02_236_south-quarter-south-quarter-tower-a_20170404102549_60099.jpg
interior	interior/02_237_south-quarter-south-quarter-tower-b_20170404102822_64162.jpg
interior	interior/02_23_menara-batavia-menara-batavia_20180404071101_53678.jpg
interior	interior/02_253_gandaria-8-gandaria-8_20170331101834_93245.jpg
interior	interior/02_254_wisma-pmi-ex-gedung-treva-wisma-pmi_20180718062556_79035.jpg
interior	interior/02_264_wisma-korindo-wisma-korindo_20180105101956_42175.jpg
interior	interior/02_265_gedung-fuyinto-sentra-mampang-gedung-fuyinto-sentra-mampang_20180530082607_79629.jpg
interior	interior/02_268_graha-indomonang-graha-indomonang_20180530082801_91298.jpg
interior	interior/02_269_graha-mampang-graha-mampang_20180420043648_46660.jpg
interior	interior/02_281_the-prime-ex-bkp-office-tower-the-prime_20180507074443_26667.jpg
interior	interior/02_2_centennial-tower-centennial-tower_20170314084532_39445.jpg
interior	interior/02_304_altira-altira-office-tower_20180228094436_74168.jpg
interior	interior/02_31_gama-tower-ex-cemindo-tower-gama-tower_20170314084759_35956.jpg
interior	interior/02_320_trakindo-tmt-trakindo-tmt_20180712032322_99777.jpg
interior	interior/02_341_menara-pertiwi-menara-pertiwi_20181015061432_50891.jpg
interior	interior/02_343_sopo-del-tower-sopo-del-tower-b_20180503093923_28208.jpg
interior	interior/02_357_wisma-millenia-wisma-millenia_20180405024745_43540.jpg
interior	interior/02_366_zuria-tower-zuria-tower_20181115021315_16447.jpg
interior	interior/02_384_parc-18-parc-18_20171212075116_78901.jpg
interior	interior/02_435_wisma-prima-wisma-prima_20180420062444_20028.jpg
interior	interior/02_440_landmark-pluit-land-mark-pluit_20180522040051_42546.jpg
interior	interior/02_468_gedung-cosa-gedung-cosa_20180808085212_28839.jpg
interior	interior/02_479_gedung-unifam-gedung-unifam_20171017064554_97077.jpg
interior	interior/02_498_kmo-building-kmo-building_20170411040751_33108.jpg
interior	interior/02_500_world-trade-center-complex-world-trade-center-5_20170418101227_94969.jpg
interior	interior/02_501_world-trade-center-complex-world-trade-center-6_20170418101548_37907.jpg
interior	interior/02_512_graha-tirtadi-graha-tirtadi-senopati_20180514092114_92230.jpg
interior	interior/02_515_synergy-building-synergy-building_20180201102837_35561.jpg
interior	interior/02_529_wisma-nugraha-wisma-nugraha_20180411091629_76570.jpg
interior	interior/02_544_yong-ma-yong-ma_20180404071949_72849.jpg
interior	interior/02_577_wisma-lumbini-wisma-lumbini_20180808084337_21979.jpg
interior	interior/02_581_wisma-lampung-wisma-lampung_20180808102435_55226.jpg
interior	interior/02_609_gedung-mayora-gedung-mayora_20180808090100_95508.jpg
interior	interior/02_617_the-mahitala-the-mahitala_20190313033916_32381.jpg
interior	interior/02_62_tempo-pavilion-tempo-pavilion-2_20180416092952_73605.jpg
interior	interior/02_66_wisma-tugu-wisma-tugu-1_20180507102749_53279.jpg
interior	interior/02_67_wisma-tugu-wisma-tugu-2_20180404073035_70200.jpg
interior	interior/02_6_graha-bip-graha-bip_20170411034028_37898.jpg
interior	interior/02_82_menara-standard-chartered-menara-standard-chartered_20170314085916_83254.jpg
interior	interior/02_86_aia-central-aia-central_20170428015349_18823.jpg
interior	interior/02_88_chase-plaza-chase-plaza-podium_20180403095112_20223.jpg
interior	interior/02_adr-tower-interior-1725332675072-1.jpg
interior	interior/02_gedung-pemuda-7-interior-1694485852923-1.jpg
interior	interior/02_midpoint-place-interior-1729505872272-1.jpg
interior	interior/03_104_intiland-tower-intiland-tower_20180417040854_51898.jpg
interior	interior/03_129_sona-topas-tower-sona-topas-tower_20170214034149_10062.jpg
interior	interior/03_133_the-energy-building-the-energy-tower_20170713014724_59557.jpg
interior	interior/03_140_wisma-nugra-santana-wisma-nugra-santana_20170323090704_78826.jpg
interior	interior/03_143_world-trade-center-complex-world-trade-center-2_20170418101138_15704.jpg
interior	interior/03_148_menara-bca-grand-indonesia-menara-bca_20170320062516_56022.jpg
interior	interior/03_157_sinarmas-land-plaza-ex-plaza-bii-sinarmas-land-plaza-menara-3_20170314090500_98010.jpg
interior	interior/03_162_wisma-nusantara-wisma-nusantara_20180104043227_65740.jpg
interior	interior/03_174_panin-life-center-panin-life-center_20180904043748_84730.jpg
interior	interior/03_177_wisma-slipi-wisma-slipi_20170214043543_24524.jpg
interior	interior/03_194_lembaga-alkitab-indonesia-bible-center-lembaga-alkitab-indonesia-bible-center_20170523094427_44371.jpg
interior	interior/03_229_plaza-aminta-plaza-aminta_20180712031728_22543.jpg
interior	interior/03_231_pondok-indah-office-tower-pondok-indah-office-tower-2_20171114080911_14631.jpg
interior	interior/03_240_talavera-talavera-office-park_20180706090904_51156.jpg
interior	interior/03_245_wisma-raharja-wisma-raharja_20180105102808_37004.jpg
interior	interior/03_247_graha-inti-fauzi-graha-inti-fauzi_20180530083138_33219.jpg
interior	interior/03_248_kota-kasablanka-88-kasablanka-tower-a_20170214042620_87185.jpg
interior	interior/03_254_wisma-pmi-ex-gedung-treva-wisma-pmi_20180718062557_27422.jpg
interior	interior/03_267_mutiara-building-mutiara-building_20170602014003_48691.jpg
interior	interior/03_272_kobexindo-tower-kobexindo-tower_20180507074309_69861.jpg
interior	interior/03_274_graha-kirana-graha-kirana_20171017062513_53542.jpg
interior	interior/03_289_district-8-treasury-tower_20180412070236_81952.jpg
interior	interior/03_331_podomoro-city-soho-capital_20171027085747_10968.jpg
interior	interior/03_341_menara-pertiwi-menara-pertiwi_20181015061433_67040.jpg
interior	interior/03_350_pacific-century-premium-developments-pcpd-pacific-century-place-tower-pcp_20171024021911_87165.jpg
interior	interior/03_363_fedex-rpx-centre-building-rpx-centre-building_20180502075517_78864.jpg
interior	interior/03_366_zuria-tower-zuria-tower_20181115021316_11100.jpg
interior	interior/03_434_plaza-basmar-plaza-basmar_20180502073249_13950.jpg
interior	interior/03_435_wisma-prima-wisma-prima_20180420062445_27413.jpg
interior	interior/03_443_graha-lestari-graha-lestari_20180405025756_36635.jpg
interior	interior/03_445_pakarti-center-building-pakarti-center-building_20170713012553_61466.jpg
interior	interior/03_449_de-ploeit-centrale-de-ploeit-centrale_20180516090152_76312.jpg
interior	interior/03_459_maspion-plaza-maspion-plaza_20170720081120_13273.jpg
interior	interior/03_467_gedung-kharisma-gedung-kharisma_20180507072749_95781.jpg
interior	interior/03_481_gedung-jagat-gedung-jagat_20180227074150_82237.jpg
interior	interior/03_487_kencana-tower-kencana-tower_20180516091854_34681.jpg
interior	interior/03_494_menara-era-menara-era_20170314093319_73528.jpg
interior	interior/03_495_podomoro-city-soho-podomoro-city_20171027085927_11638.jpg
interior	interior/03_500_world-trade-center-complex-world-trade-center-5_20170418101252_73595.jpg
interior	interior/03_501_world-trade-center-complex-world-trade-center-6_20170418101553_61818.jpg
interior	interior/03_512_graha-tirtadi-graha-tirtadi-senopati_20180514092115_29697.jpg
interior	interior/03_514_graha-tirtadi-graha-tirtadi-raden-saleh_20180404070016_13265.jpg
interior	interior/03_529_wisma-nugraha-wisma-nugraha_20180411091630_73517.jpg
interior	interior/03_52_menara-palma-1-menara-palma-1_20170616080726_51554.jpg
interior	interior/03_544_yong-ma-yong-ma_20180404071949_22820.jpg
interior	interior/03_545_wisma-gondangdia-lama-wisma-gondangdia-lama_20180404065411_32496.jpg
interior	interior/03_55_plaza-89-plaza-89_20180416085853_77104.jpg
interior	interior/03_56_plaza-agro-ex-gri-plaza-agro_20180416090043_95344.jpg
interior	interior/03_570_kebayoran-icon-kebayoran-icon-office-building_20180412064952_95026.jpg
interior	interior/03_577_wisma-lumbini-wisma-lumbini_20180808084337_90674.jpg
interior	interior/03_596_wisma-bisnis-indonesia-2-wisma-bisnis-indonesia-2_20180913045633_59052.jpg
interior	interior/03_610_gedung-toto-gedung-toto_20180808094232_64644.jpg
interior	interior/03_656_wisma-megah-sunter-wisma-megah-sunter_20190731063912_59289.jpg
interior	interior/03_659_iconic-office-tower-iconic-office-tower-h_20191205033705_48406.jpg
interior	interior/03_67_wisma-tugu-wisma-tugu-2_20180404073036_23369.jpg
interior	interior/03_70_menara-dea-menara-dea-1_20170214040326_17904.jpg
interior	interior/03_81_graha-paramita-graha-paramita_20180416092458_46170.jpg
interior	interior/03_85_satrio-tower-satrio-tower_20170320063007_30662.jpg
interior	interior/03_86_aia-central-aia-central_20170428015357_45994.jpg
interior	interior/03_gedung-pemuda-7-interior-1712029508207-0.jpg
interior	interior/03_graha-dirgantara-interior-1755748881790-2.jpg
interior	interior/03_seyeon-building-interior-1693213777624-0.jpg
interior	interior/04_109_menara-sudirman-menara-sudirman_20171027084504_24119.jpg
interior	interior/04_112_office-8-office-8_20170314090216_69179.jpg
interior	interior/04_133_the-energy-building-the-energy-tower_20170713014731_86386.jpg
interior	interior/04_137_wisma-gkbi-wisma-gkbi_20170320063338_22207.jpg
interior	interior/04_140_wisma-nugra-santana-wisma-nugra-santana_20170323090705_78218.jpg
interior	interior/04_142_world-trade-center-complex-world-trade-center-1_20170418101050_60580.jpg
interior	interior/04_14_menara-mulia-menara-mulia_20170320062751_34112.jpg
interior	interior/04_155_sinarmas-land-plaza-ex-plaza-bii-sinarmas-land-plaza-menara-2_20170314090411_25374.jpg
interior	interior/04_162_wisma-nusantara-wisma-nusantara_20180104043229_65184.jpg
interior	interior/04_166_gedung-graha-kencana-gedung-graha-kencana_20170712101442_55273.jpg
interior	interior/04_176_wisma-77-wisma-77-tower-1_20170220030347_69248.jpg
interior	interior/04_177_wisma-slipi-wisma-slipi_20170214043544_27516.jpg
interior	interior/04_1_capital-place-capital-place_20170616073546_51797.jpg
interior	interior/04_200_ad-premier-ad-premier_20170314084423_76368.jpg
interior	interior/04_211_wisma-mra-wisma-mra_20180605093423_24947.jpg
interior	interior/04_218_metropolitan-tower-metropolitan-tower_20170809020213_54885.jpg
interior	interior/04_242_the-ceo-the-ceo_20180605093301_70647.jpg
interior	interior/04_245_wisma-raharja-wisma-raharja_20180105102810_52619.jpg
interior	interior/04_248_kota-kasablanka-88-kasablanka-tower-a_20170214042621_54857.jpg
interior	interior/04_257_menara-sentraya-menara-sentraya_20180522063130_95501.jpg
interior	interior/04_266_multika-building-multika-building_20170523094955_56709.jpg
interior	interior/04_267_mutiara-building-mutiara-building_20170602014028_67058.jpg
interior	interior/04_288_district-8-prosperity-tower_20180412065543_28525.jpg
interior	interior/04_34_gedung-pphui-gedung-pphui_20170720020254_68234.jpg
interior	interior/04_357_wisma-millenia-wisma-millenia_20180405024746_77233.jpg
interior	interior/04_366_zuria-tower-zuria-tower_20181115021316_68553.jpg
interior	interior/04_419_mth-square-mth-square_20180514094900_73060.jpg
interior	interior/04_41_graha-irama-graha-irama_20180416085558_69247.jpg
interior	interior/04_425_dipo-tower-dipo-tower_20170214043230_78956.jpg
interior	interior/04_435_wisma-prima-wisma-prima_20180420062445_85278.jpg
interior	interior/04_468_gedung-cosa-gedung-cosa_20180808085213_42695.jpg
interior	interior/04_479_gedung-unifam-gedung-unifam_20171017064558_53264.jpg
interior	interior/04_492_springhill-office-tower-springhill-office-tower_20180417045305_41459.jpg
interior	interior/04_495_podomoro-city-soho-podomoro-city_20171027085929_67955.jpg
interior	interior/04_511_scientia-garden-scientia-business-park_20190618080816_92061.jpg
interior	interior/04_529_wisma-nugraha-wisma-nugraha_20180411091631_22441.jpg
interior	interior/04_544_yong-ma-yong-ma_20180404071950_86075.jpg
interior	interior/04_548_vinilon-building-vinilon-building_20180404071446_49657.jpg
interior	interior/04_581_wisma-lampung-wisma-lampung_20180808102437_95241.jpg
interior	interior/04_652_tata-building-tata-building_20190313033733_58284.jpg
interior	interior/04_656_wisma-megah-sunter-wisma-megah-sunter_20190731063912_27688.jpg
interior	interior/04_77_the-east-the-east_20170927093822_95157.jpg
interior	interior/04_79_ciputra-world-1-dbs-bank-tower_20170214035632_25400.jpg
interior	interior/04_84_rdtx-tower-ex-menara-bank-danamon-mega-kuningan-rdtx-tower_20170214035819_96941.jpg
interior	interior/04_86_aia-central-aia-central_20170428015415_79795.jpg
interior	interior/04_99_gedung-summitmas-gedung-summitmas-2_20180507100314_43665.jpg
interior	interior/04_gedung-pemuda-7-interior-1712029508207-1.jpg
interior	interior/04_mmp-building-interior-1725436819817-3.jpg
interior	interior/04_seyeon-building-interior-1693213777624-1.jpg
interior	interior/05_120_prudential-tower-prudential-tower_20171212081856_53227.jpg
interior	interior/05_140_wisma-nugra-santana-wisma-nugra-santana_20170323090706_41770.jpg
interior	interior/05_142_world-trade-center-complex-world-trade-center-1_20171114081435_62778.jpg
interior	interior/05_143_world-trade-center-complex-world-trade-center-2_20170421061148_18208.jpg
interior	interior/05_149_menara-cakrawala-menara-cakrawala_20190524065816_93000.jpg
interior	interior/05_161_wisma-mandiri-ex-plaza-bumidaya-wisma-mandiri_20180411040657_37200.jpg
interior	interior/05_182_wisma-hayam-wuruk-wisma-hayam-wuruk_20180411041441_73719.jpg
interior	interior/05_202_antam-antam-tower-b_20170214050550_22428.jpg
interior	interior/05_211_wisma-mra-wisma-mra_20180605093423_82237.jpg
interior	interior/05_21_the-city-center-batavia-city-the-city-center-tower-1_20170217114124_12708.jpg
interior	interior/05_227_phe-tower-phe-tower_20180605092842_56620.jpg
interior	interior/05_236_south-quarter-south-quarter-tower-a_20170404102550_62622.jpg
interior	interior/05_238_south-quarter-south-quarter-tower-c_20170404102908_30022.jpg
interior	interior/05_249_kota-kasablanka-88-kota-kasablanka-tower-b-prudential-center_20180507095401_21415.jpg
interior	interior/05_254_wisma-pmi-ex-gedung-treva-wisma-pmi_20180718062557_59817.jpg
interior	interior/05_256_one-wolter-place-one-wolter-place_20170214042727_84385.jpg
interior	interior/05_264_wisma-korindo-wisma-korindo_20180105102002_64506.jpg
interior	interior/05_268_graha-indomonang-graha-indomonang_20180530082802_87033.jpg
interior	interior/05_271_graha-krama-yudha-graha-krama-yudha_20180530083348_36098.jpg
interior	interior/05_272_kobexindo-tower-kobexindo-tower_20180507074309_12305.jpg
interior	interior/05_280_graha-sentra-graha-sentra_20180507073447_88832.jpg
interior	interior/05_281_the-prime-ex-bkp-office-tower-the-prime_20180507074446_73976.jpg
interior	interior/05_294_the-tower-the-tower_20180205040142_44677.jpg
interior	interior/05_296_gedung-setiabudi-one-gedung-setiabudi-one_20170616075219_57399.jpg
interior	interior/05_30_cyber-2-tower-cyber-2-tower_20180507071909_77678.jpg
interior	interior/05_341_menara-pertiwi-menara-pertiwi_20181015061433_88593.jpg
interior	interior/05_366_zuria-tower-zuria-tower_20181115021316_76914.jpg
interior	interior/05_381_granadi-granadi_20180413063453_30855.jpg
interior	interior/05_397_ciputra-international-puri-ciputra-international-puri-3-phase-1_20180525083206_17704.jpg
interior	interior/05_41_graha-irama-graha-irama_20180416085559_19706.jpg
interior	interior/05_426_l-avenue-office-park-l-avenue-office_20170727093435_60505.jpg
interior	interior/05_435_wisma-prima-wisma-prima_20180420062445_39073.jpg
interior	interior/05_438_kemang-square-kemang-square_20180502061235_66290.jpg
interior	interior/05_450_graha-multi-graha-multi_20180516090534_14266.jpg
interior	interior/05_464_graha-utama-graha-utama_20180420044328_70293.jpg
interior	interior/05_467_gedung-kharisma-gedung-kharisma_20180507072749_80308.jpg
interior	interior/05_46_mega-plaza-mega-plaza_20170616075703_76475.jpg
interior	interior/05_500_world-trade-center-complex-world-trade-center-5_20170927094117_17587.jpg
interior	interior/05_512_graha-tirtadi-graha-tirtadi-senopati_20180514092118_40008.jpg
interior	interior/05_516_gedung-datascrip-gedung-datascrip_20180105101856_23964.jpg
interior	interior/05_51_menara-karya-menara-karya_20170331105812_36049.jpg
interior	interior/05_529_wisma-nugraha-wisma-nugraha_20180411091632_13497.jpg
interior	interior/05_52_menara-palma-1-menara-palma-1_20170616080743_18093.jpg
interior	interior/05_530_grha-niaga-thamrin-grha-niaga-thamrin_20180404070418_67640.jpg
interior	interior/05_544_yong-ma-yong-ma_20180404071951_59173.jpg
interior	interior/05_575_gedung-tata-puri-gedung-tata-puri_20180301090056_33986.jpg
interior	interior/05_577_wisma-lumbini-wisma-lumbini_20180808084338_65159.jpg
interior	interior/05_5_gedung-tifa-gedung-tifa_20170214041637_57193.jpg
interior	interior/05_60_puri-imperium-puri-imperium-office-plaza_20170214041240_36713.jpg
interior	interior/05_618_perkantoran-taman-melati-margonda-margonda-office-building_20180928072733_43097.jpg
interior	interior/05_64_wisma-budi-wisma-budi_20170616082948_81274.jpg
interior	interior/05_656_wisma-megah-sunter-wisma-megah-sunter_20190731063912_90491.jpg
interior	interior/05_66_wisma-tugu-wisma-tugu-1_20180507102750_61951.jpg
interior	interior/05_67_wisma-tugu-wisma-tugu-2_20180404073037_47872.jpg
interior	interior/05_69_menara-btpn-menara-btpn_20170331101534_44031.jpg
interior	interior/05_72_menara-prima-menara-prima-i_20170411093732_47045.jpg
interior	interior/05_81_graha-paramita-graha-paramita_20180416092458_95977.jpg
interior	interior/05_84_rdtx-tower-ex-menara-bank-danamon-mega-kuningan-rdtx-tower_20170214035820_52187.jpg
interior	interior/05_88_chase-plaza-chase-plaza-podium_20180403095114_93616.jpg
interior	interior/05_90_equity-tower-equity-tower_20170705095722_58500.jpg
interior	interior/05_93_gedung-bank-panin-gedung-bank-panin-pusat_20180416095101_83393.jpg
interior	interior/05_97_gedung-bri-gedung-bri-2_20180405021840_95253.jpg
interior	interior/05_gedung-pemuda-7-interior-1712029508207-2.jpg
interior	interior/06_105_landmark-tower-landmark-tower-1_20180416094118_43114.jpg
interior	interior/06_121_ratu-plaza-ratu-plaza_20180416095313_11383.jpg
interior	interior/06_128_sequis-center-sequis-center_20171027085520_96917.jpg
interior	interior/06_132_tamara-center-tamara-center_20180416090544_37441.jpg
interior	interior/06_137_wisma-gkbi-wisma-gkbi_20170320063340_62945.jpg
interior	interior/06_142_world-trade-center-complex-world-trade-center-1_20171114081437_39680.jpg
interior	interior/06_143_world-trade-center-complex-world-trade-center-2_20170421061154_54199.jpg
interior	interior/06_161_wisma-mandiri-ex-plaza-bumidaya-wisma-mandiri_20180411040657_89061.jpg
interior	interior/06_162_wisma-nusantara-wisma-nusantara_20180104043232_32825.jpg
interior	interior/06_177_wisma-slipi-wisma-slipi_20170214043545_98529.jpg
interior	interior/06_206_cibis-business-park-cibis-nine_20170331101703_65142.jpg
interior	interior/06_211_wisma-mra-wisma-mra_20180605093424_21706.jpg
interior	interior/06_213_graha-satria-tower-graha-satria-tower-2_20180904045100_79226.jpg
interior	interior/06_226_perkantoran-hijau-arkadia-arkadia-tower-f_20170217110403_38126.jpg
interior	interior/06_228_plaza-simatupang-ex-plaza-alstom-plaza-simatupang-ex-plaza-alstom_20180502074709_24384.jpg
interior	interior/06_237_south-quarter-south-quarter-tower-b_20170404102825_12810.jpg
interior	interior/06_238_south-quarter-south-quarter-tower-c_20170404102908_26681.jpg
interior	interior/06_240_talavera-talavera-office-park_20180706090905_13210.jpg
interior	interior/06_25_ariobimo-sentral-ariobimo-sentral_20170616072846_50535.jpg
interior	interior/06_264_wisma-korindo-wisma-korindo_20180105102004_45521.jpg
interior	interior/06_266_multika-building-multika-building_20170523095006_36598.jpg
interior	interior/06_267_mutiara-building-mutiara-building_20170602014048_10802.jpg
interior	interior/06_271_graha-krama-yudha-graha-krama-yudha_20180530083348_20691.jpg
interior	interior/06_276_harton-tower-harton-tower_20171218090841_98029.jpg
interior	interior/06_288_district-8-prosperity-tower_20180412065544_94441.jpg
interior	interior/06_289_district-8-treasury-tower_20180412070238_60940.jpg
interior	interior/06_366_zuria-tower-zuria-tower_20181115021316_39343.jpg
interior	interior/06_376_tamansari-parama-tamansari-parama_20180416095603_45213.jpg
interior	interior/06_384_parc-18-parc-18_20171212075125_51324.jpg
interior	interior/06_405_menara-mth-menara-mth_20180405022238_47751.jpg
interior	interior/06_412_honeylady-tower-honeylady-tower_20180516091027_55268.jpg
interior	interior/06_430_cengkareng-business-city-cengkareng-business-city_20181029031252_70983.jpg
interior	interior/06_435_wisma-prima-wisma-prima_20180420062446_14657.jpg
interior	interior/06_440_landmark-pluit-land-mark-pluit_20180522040056_51782.jpg
interior	interior/06_479_gedung-unifam-gedung-unifam_20171017064603_65477.jpg
interior	interior/06_47_menara-duta-menara-duta_20170616080011_77153.jpg
interior	interior/06_485_its-office-tower-its-office-tower_20180420045959_20945.jpg
interior	interior/06_500_world-trade-center-complex-world-trade-center-5_20170927094122_24586.jpg
interior	interior/06_51_menara-karya-menara-karya_20170331105812_51017.jpg
interior	interior/06_521_bellezza-bellezza-shopping-arcade_20170612033106_42592.jpg
interior	interior/06_523_plaza-summarecon-serpong-plaza-summarecon-serpong_20171212081654_44344.jpg
interior	interior/06_524_intirub-business-park-intirub-business-park_20180417083259_92498.jpg
interior	interior/06_52_menara-palma-1-menara-palma-1_20170616080749_57250.jpg
interior	interior/06_544_yong-ma-yong-ma_20180404071951_43060.jpg
interior	interior/06_545_wisma-gondangdia-lama-wisma-gondangdia-lama_20180404065411_19205.jpg
interior	interior/06_571_the-boulevard-office-building-the-boulevard-office-building_20180201103231_87910.jpg
interior	interior/06_577_wisma-lumbini-wisma-lumbini_20180808084338_68618.jpg
interior	interior/06_581_wisma-lampung-wisma-lampung_20180808102437_61111.jpg
interior	interior/06_652_tata-building-tata-building_20190313033735_26640.jpg
interior	interior/06_656_wisma-megah-sunter-wisma-megah-sunter_20190731063913_30176.jpg
interior	interior/06_73_menara-prima-menara-prima-ii_20170411094054_56236.jpg
interior	interior/06_88_chase-plaza-chase-plaza-podium_20180403095115_57754.jpg
interior	interior/06_8_k-link-tower-k-link-tower_20170214041738_74884.jpg
interior	interior/06_98_gedung-summitmas-gedung-summitmas-1_20180327091638_69581.jpg
interior	interior/06_gedung-pemuda-7-interior-1712029508207-3.jpg
interior	interior/07_101_indonesia-stock-exchange-building-indonesia-stock-exchange-building-tower-1_20170320061527_79861.jpg
interior	interior/07_104_intiland-tower-intiland-tower_20180417040856_51839.jpg
interior	interior/07_106_landmark-tower-landmark-tower-2_20180801073332_86113.jpg
interior	interior/07_10_menara-bidakara-menara-bidakara-2_20170913063800_69422.jpg
interior	interior/07_111_mid-plaza-mid-plaza-2_20170428022307_97146.jpg
interior	interior/07_112_office-8-office-8_20170314090217_64821.jpg
interior	interior/07_128_sequis-center-sequis-center_20171027085522_63552.jpg
interior	interior/07_12_menara-jamsostek-menara-jamsostek-north-tower_20170214042010_92743.jpg
interior	interior/07_133_the-energy-building-the-energy-tower_20170713014755_91301.jpg
interior	interior/07_142_world-trade-center-complex-world-trade-center-1_20171114081439_70141.jpg
interior	interior/07_143_world-trade-center-complex-world-trade-center-2_20170421061200_10373.jpg
interior	interior/07_155_sinarmas-land-plaza-ex-plaza-bii-sinarmas-land-plaza-menara-2_20170314090412_94120.jpg
interior	interior/07_161_wisma-mandiri-ex-plaza-bumidaya-wisma-mandiri_20180411040658_44940.jpg
interior	interior/07_162_wisma-nusantara-wisma-nusantara_20180104043234_68738.jpg
interior	interior/07_177_wisma-slipi-wisma-slipi_20170214043545_51744.jpg
interior	interior/07_180_wisma-bsg-wisma-bsg_20170418100728_37720.jpg
interior	interior/07_181_menara-merdeka-menara-merdeka_20170616080451_41260.jpg
interior	interior/07_205_beltway-office-park-beltway-office-park-tower-c_20180105101804_30276.jpg
interior	interior/07_211_wisma-mra-wisma-mra_20180605093424_37711.jpg
interior	interior/07_230_plaza-oleos-plaza-oleos_20170314090752_18466.jpg
interior	interior/07_231_pondok-indah-office-tower-pondok-indah-office-tower-2_20171114080919_48901.jpg
interior	interior/07_242_the-ceo-the-ceo_20180605093303_13883.jpg
interior	interior/07_249_kota-kasablanka-88-kota-kasablanka-tower-b-prudential-center_20180507095402_63038.jpg
interior	interior/07_25_ariobimo-sentral-ariobimo-sentral_20170616072853_44848.jpg
interior	interior/07_261_graha-pratama-graha-pratama_20180530084622_58913.jpg
interior	interior/07_262_menara-hijau-menara-hijau_20181015023256_74471.jpg
interior	interior/07_264_wisma-korindo-wisma-korindo_20180105102005_33373.jpg
interior	interior/07_267_mutiara-building-mutiara-building_20170602014101_73896.jpg
interior	interior/07_304_altira-altira-office-tower_20180228094440_25173.jpg
interior	interior/07_30_cyber-2-tower-cyber-2-tower_20180507071910_11750.jpg
interior	interior/07_335_telkom-landmark-tower-2-telkom-landmark-tower-2_20170404103056_13122.jpg
interior	interior/07_342_sopo-del-tower-sopo-del-tower-a_20171212082127_69830.jpg
interior	interior/07_366_zuria-tower-zuria-tower_20181115021316_62515.jpg
interior	interior/07_397_ciputra-international-puri-ciputra-international-puri-3-phase-1_20180525083206_86485.jpg
interior	interior/07_399_wisma-77-wisma-77-tower-2_20170220030439_89723.jpg
interior	interior/07_411_graha-indochem-graha-indochem_20171017062100_27873.jpg
interior	interior/07_428_wisma-aria-wisma-aria_20180417042041_53016.jpg
interior	interior/07_431_multi-piranti-graha-multi-piranti-graha_20180514090859_99918.jpg
interior	interior/07_438_kemang-square-kemang-square_20180502061235_41700.jpg
interior	interior/07_449_de-ploeit-centrale-de-ploeit-centrale_20180516090153_75256.jpg
interior	interior/07_459_maspion-plaza-maspion-plaza_20170720081131_34304.jpg
interior	interior/07_47_menara-duta-menara-duta_20170616080016_80530.jpg
interior	interior/07_481_gedung-jagat-gedung-jagat_20180227074152_50324.jpg
interior	interior/07_492_springhill-office-tower-springhill-office-tower_20180417045306_51763.jpg
interior	interior/07_500_world-trade-center-complex-world-trade-center-5_20170927094125_56031.jpg
interior	interior/07_511_scientia-garden-scientia-business-park_20190618080817_46310.jpg
interior	interior/07_51_menara-karya-menara-karya_20170331105813_65651.jpg
interior	interior/07_529_wisma-nugraha-wisma-nugraha_20180411091633_66315.jpg
interior	interior/07_52_menara-palma-1-menara-palma-1_20170616080756_69531.jpg
interior	interior/07_544_yong-ma-yong-ma_20180404071951_80712.jpg
interior	interior/07_564_blue-bird-tower-blue-bird-tower_20180201100441_19098.jpg
interior	interior/07_576_gedung-rabana-gedung-rabana_20180808093511_19259.jpg
interior	interior/07_581_wisma-lampung-wisma-lampung_20180808102437_41260.jpg
interior	interior/07_600_mgk-kemayoran-mgk-office-tower-b_20180718093911_20592.jpg
interior	interior/07_60_puri-imperium-puri-imperium-office-plaza_20170214041242_49130.jpg
interior	interior/07_64_wisma-budi-wisma-budi_20170616083054_54343.jpg
interior	interior/07_656_wisma-megah-sunter-wisma-megah-sunter_20190731063913_17850.jpg
interior	interior/07_75_noble-house-noble-house_20170428022654_26361.jpg
interior	interior/07_93_gedung-bank-panin-gedung-bank-panin-pusat_20180416095101_54350.jpg
interior	interior/07_gedung-pemuda-7-interior-1712029508207-4.jpg
interior	interior/07_indonesia-stock-exchange-building---tower-2-interior-1668163038022-1.jpg
interior	interior/07_mmp-building-interior-1725437679908-1.jpg
interior	interior/07_seyeon-building-interior-1693213777625-4.jpg
interior	interior/08_115_plaza-bapindo-menara-mandiri-menara-mandiri-2_20180502044549_37530.jpg
interior	interior/08_133_the-energy-building-the-energy-tower_20170713014800_34587.jpg
interior	interior/08_142_world-trade-center-complex-world-trade-center-1_20171114081441_17096.jpg
interior	interior/08_159_the-plaza-the-plaza_20171114081252_79161.jpg
interior	interior/08_162_wisma-nusantara-wisma-nusantara_20180104043235_86090.jpg
interior	interior/08_167_sastra-graha-sastra-graha_20180913021951_58916.jpg
interior	interior/08_177_wisma-slipi-wisma-slipi_20170214043546_67350.jpg
interior	interior/08_179_griya-sinta-griya-sinta_20180411084427_98082.jpg
interior	interior/08_180_wisma-bsg-wisma-bsg_20170418100733_93532.jpg
interior	interior/08_181_menara-merdeka-menara-merdeka_20170616080500_39720.jpg
interior	interior/08_189_hdi-hive-ex-menteng-office-park-hdi-hive_20170214042121_24396.jpg
interior	interior/08_202_antam-antam-tower-b_20170214050551_74674.jpg
interior	interior/08_220_palma-tower-palma-tower_20170913044813_70998.jpg
interior	interior/08_254_wisma-pmi-ex-gedung-treva-wisma-pmi_20180718062558_66601.jpg
interior	interior/08_261_graha-pratama-graha-pratama_20180530084623_87227.jpg
interior	interior/08_262_menara-hijau-menara-hijau_20181015023256_67719.jpg
interior	interior/08_264_wisma-korindo-wisma-korindo_20180105102007_71859.jpg
interior	interior/08_274_graha-kirana-graha-kirana_20171017062522_43200.jpg
interior	interior/08_281_the-prime-ex-bkp-office-tower-the-prime_20180507074447_67962.jpg
interior	interior/08_289_district-8-treasury-tower_20180412070238_51206.jpg
interior	interior/08_31_gama-tower-ex-cemindo-tower-gama-tower_20170314084801_19583.jpg
interior	interior/08_331_podomoro-city-soho-capital_20171027085756_55013.jpg
interior	interior/08_342_sopo-del-tower-sopo-del-tower-a_20171212082134_72900.jpg
interior	interior/08_366_zuria-tower-zuria-tower_20181115021317_44662.jpg
interior	interior/08_381_granadi-granadi_20180413063454_90851.jpg
interior	interior/08_388_graha-mandiri-graha-mandiri_20180416063829_78921.jpg
interior	interior/08_38_graha-aktiva-graha-aktiva_20170428021447_89315.jpg
interior	interior/08_401_st-moritz-office-tower-lippo-st-moritz-office-tower_20171212082435_14843.jpg
interior	interior/08_430_cengkareng-business-city-cengkareng-business-city_20181029031253_91641.jpg
interior	interior/08_431_multi-piranti-graha-multi-piranti-graha_20180514090900_58913.jpg
interior	interior/08_443_graha-lestari-graha-lestari_20180405025758_61409.jpg
interior	interior/08_469_de-ritz-de-ritz-building_20170720015916_98133.jpg
interior	interior/08_46_mega-plaza-mega-plaza_20170616075730_90249.jpg
interior	interior/08_474_wisma-bakti-mulia-wisma-bakti-mulia_20180404071808_18060.jpg
interior	interior/08_500_world-trade-center-complex-world-trade-center-5_20170927094132_72289.jpg
interior	interior/08_512_graha-tirtadi-graha-tirtadi-senopati_20180514092120_69239.jpg
interior	interior/08_538_kem-tower-kem-tower_20180405063507_35128.jpg
interior	interior/08_544_yong-ma-yong-ma_20180404071952_29598.jpg
interior	interior/08_545_wisma-gondangdia-lama-wisma-gondangdia-lama_20180404065413_97595.jpg
interior	interior/08_562_indomobil-tower-indomobil-tower_20180514092810_42976.jpg
interior	interior/08_564_blue-bird-tower-blue-bird-tower_20180201100445_98082.jpg
interior	interior/08_581_wisma-lampung-wisma-lampung_20180808102437_71203.jpg
interior	interior/08_63_tempo-scan-tower-tempo-scan-tower_20170331102612_75530.jpg
interior	interior/08_65_wisma-kodel-wisma-kodel_20180105102735_34767.jpg
interior	interior/08_68_menara-anugrah-menara-anugrah_20170809013637_72094.jpg
interior	interior/08_77_the-east-the-east_20170927093830_65387.jpg
interior	interior/08_86_aia-central-aia-central_20170428021004_18815.jpg
interior	interior/08_8_k-link-tower-k-link-tower_20170214041739_69102.jpg
interior	interior/08_93_gedung-bank-panin-gedung-bank-panin-pusat_20180416095102_26536.jpg
interior	interior/08_gedung-pemuda-7-interior-1712029508207-5.jpg
interior	interior/08_seyeon-building-interior-1693213777625-6.jpg
interior	interior/09_113_one-pacific-place-one-pacific-place_20170314090322_70001.jpg
interior	interior/09_145_gedung-jaya-gedung-jaya_20170220025321_80641.jpg
interior	interior/09_162_wisma-nusantara-wisma-nusantara_20180104043237_39407.jpg
interior	interior/09_177_wisma-slipi-wisma-slipi_20170214043546_28362.jpg
interior	interior/09_208_gkm-tower-gkm-tower_20170214050704_98250.jpg
interior	interior/09_209_graha-elnusa-graha-elnusa_20170612020734_38341.jpg
interior	interior/09_211_wisma-mra-wisma-mra_20180605093425_51388.jpg
interior	interior/09_24_allianz-tower-allianz-tower_20170616071839_71110.jpg
interior	interior/09_254_wisma-pmi-ex-gedung-treva-wisma-pmi_20180718062558_22828.jpg
interior	interior/09_264_wisma-korindo-wisma-korindo_20180105102009_79904.jpg
interior	interior/09_271_graha-krama-yudha-graha-krama-yudha_20180530083349_78168.jpg
interior	interior/09_285_ciputra-world-2-tokopedia-tower-tokopedia-tower-ex-ciputra-world-2_20171017064406_46220.jpg
interior	interior/09_30_cyber-2-tower-cyber-2-tower_20180507071911_65267.jpg
interior	interior/09_331_podomoro-city-soho-capital_20171027085759_52352.jpg
interior	interior/09_366_zuria-tower-zuria-tower_20181115021317_73815.jpg
interior	interior/09_411_graha-indochem-graha-indochem_20171017062106_82369.jpg
interior	interior/09_41_graha-irama-graha-irama_20180416085601_27529.jpg
interior	interior/09_429_pulomas-office-tower-pulomas-office-tower_20170809020631_46601.jpg
interior	interior/09_430_cengkareng-business-city-cengkareng-business-city_20181029031253_34830.jpg
interior	interior/09_454_wisma-adr-wisma-adr_20180516094232_16877.jpg
interior	interior/09_463_gedung-tranka-gedung-tranka_20180420042521_19238.jpg
interior	interior/09_465_menara-salemba-menara-salemba_20171212080542_16569.jpg
interior	interior/09_466_gedung-konica-gedung-konica_20180405065057_65864.jpg
interior	interior/09_478_menara-kompas-menara-kompas_20180105102407_98380.jpg
interior	interior/09_479_gedung-unifam-gedung-unifam_20171017064617_83785.jpg
interior	interior/09_500_world-trade-center-complex-world-trade-center-5_20170927094219_95453.jpg
interior	interior/09_563_temas-line-temas-line_20180227074423_99464.jpg
interior	interior/09_581_wisma-lampung-wisma-lampung_20180808102438_89828.jpg
interior	interior/09_656_wisma-megah-sunter-wisma-megah-sunter_20190731063913_59289.jpg
interior	interior/09_65_wisma-kodel-wisma-kodel_20180105102738_51588.jpg
interior	interior/09_91_gedung-artha-graha-gedung-artha-graha_20171027084146_73596.jpg
interior	interior/09_93_gedung-bank-panin-gedung-bank-panin-pusat_20180416095102_14869.jpg
interior	interior/09_99_gedung-summitmas-gedung-summitmas-2_20180507100317_51259.jpg
interior	interior/09_gedung-pemuda-7-interior-1712029508207-6.jpg
interior	interior/10_106_landmark-tower-landmark-tower-2_20180801073334_39248.jpg
interior	interior/10_108_mayapada-tower-mayapada-tower-2_20171114073616_61710.jpg
interior	interior/10_112_office-8-office-8_20170314090218_10259.jpg
interior	interior/10_113_one-pacific-place-one-pacific-place_20170314090322_77843.jpg
interior	interior/10_117_graha-purna-yudha-gedung-veteran-ri-gedung-veteran-ri_20180605031443_13587.jpg
interior	interior/10_133_the-energy-building-the-energy-tower_20170713014811_98330.jpg
interior	interior/10_136_wisma-bumiputera-wisma-bumiputera_20170214034601_10554.jpg
interior	interior/10_142_world-trade-center-complex-world-trade-center-1_20171114081444_43467.jpg
interior	interior/10_153_plaza-permata-plaza-permata_20170727092724_81145.jpg
interior	interior/10_159_the-plaza-the-plaza_20171114081259_47768.jpg
interior	interior/10_162_wisma-nusantara-wisma-nusantara_20180104043239_51075.jpg
interior	interior/10_167_sastra-graha-sastra-graha_20180913021952_74877.jpg
interior	interior/10_168_the-vida-the-vida_20170331110151_35617.jpg
interior	interior/10_179_griya-sinta-griya-sinta_20180411084428_70477.jpg
interior	interior/10_181_menara-merdeka-menara-merdeka_20170616080512_17917.jpg
interior	interior/10_196_graha-dinamika-graha-dinamika_20180522061828_24243.jpg
interior	interior/10_209_graha-elnusa-graha-elnusa_20170612020741_49566.jpg
interior	interior/10_211_wisma-mra-wisma-mra_20180605093426_98273.jpg
interior	interior/10_257_menara-sentraya-menara-sentraya_20180522063135_44397.jpg
interior	interior/10_266_multika-building-multika-building_20170523095027_61733.jpg
interior	interior/10_285_ciputra-world-2-tokopedia-tower-tokopedia-tower-ex-ciputra-world-2_20171017064408_46121.jpg
interior	interior/10_28_atrium-setiabudi-atrium-setiabudi_20171212075354_78131.jpg
interior	interior/10_366_zuria-tower-zuria-tower_20181115021317_46028.jpg
interior	interior/10_376_tamansari-parama-tamansari-parama_20180416095605_29232.jpg
interior	interior/10_401_st-moritz-office-tower-lippo-st-moritz-office-tower_20171212082439_65867.jpg
interior	interior/10_419_mth-square-mth-square_20180514094904_30202.jpg
interior	interior/10_435_wisma-prima-wisma-prima_20180420062448_75718.jpg
interior	interior/10_449_de-ploeit-centrale-de-ploeit-centrale_20180516090154_83818.jpg
interior	interior/10_46_mega-plaza-mega-plaza_20170616075740_87659.jpg
interior	interior/10_492_springhill-office-tower-springhill-office-tower_20180417045307_24876.jpg
interior	interior/10_500_world-trade-center-complex-world-trade-center-5_20170927094220_34309.jpg
interior	interior/10_506_kantor-taman-a9-kantor-taman-a9_20180514094242_10411.jpg
interior	interior/10_523_plaza-summarecon-serpong-plaza-summarecon-serpong_20171212081703_64064.jpg
interior	interior/10_539_gedung-pemuda-gedung-pemuda_20180514082412_32193.jpg
interior	interior/10_544_yong-ma-yong-ma_20180404071953_52406.jpg
interior	interior/10_575_gedung-tata-puri-gedung-tata-puri_20180301090100_86288.jpg
interior	interior/10_576_gedung-rabana-gedung-rabana_20180808093514_32936.jpg
interior	interior/10_581_wisma-lampung-wisma-lampung_20180808102439_37965.jpg
interior	interior/10_59_plaza-kuningan-plaza-kuningan-south-tower_20170314090659_37201.jpg
interior	interior/10_618_perkantoran-taman-melati-margonda-margonda-office-building_20180928072734_13023.jpg
interior	interior/10_63_tempo-scan-tower-tempo-scan-tower_20170331102612_94057.jpg
interior	interior/10_64_wisma-budi-wisma-budi_20170616083112_81550.jpg
interior	interior/10_656_wisma-megah-sunter-wisma-megah-sunter_20190731063913_24970.jpg
interior	interior/10_68_menara-anugrah-menara-anugrah_20170809013638_36245.jpg
interior	interior/10_84_rdtx-tower-ex-menara-bank-danamon-mega-kuningan-rdtx-tower_20170411094330_18993.jpg
interior	interior/11_111_mid-plaza-mid-plaza-2_20180301085554_19386.jpg
interior	interior/11_118_plaza-sentral-plaza-sentral_20180516065504_53621.jpg
interior	interior/11_132_tamara-center-tamara-center_20180416090545_19492.jpg
interior	interior/11_142_world-trade-center-complex-world-trade-center-1_20171114081445_62445.jpg
interior	interior/11_148_menara-bca-grand-indonesia-menara-bca_20170320062519_80839.jpg
interior	interior/11_162_wisma-nusantara-wisma-nusantara_20180104043240_64827.jpg
interior	interior/11_164_blue-green-integrated-boutique-office-blue-green-office-tower_20181015023013_92523.jpg
interior	interior/11_179_griya-sinta-griya-sinta_20180411084428_94841.jpg
interior	interior/11_211_wisma-mra-wisma-mra_20180605093426_50035.jpg
interior	interior/11_228_plaza-simatupang-ex-plaza-alstom-plaza-simatupang-ex-plaza-alstom_20180502074711_77081.jpg
interior	interior/11_256_one-wolter-place-one-wolter-place_20170411041529_34460.jpg
interior	interior/11_266_multika-building-multika-building_20170523095035_51697.jpg
interior	interior/11_273_emerald-tower-emerald-tower_20180507072416_54162.jpg
interior	interior/11_285_ciputra-world-2-tokopedia-tower-tokopedia-tower-ex-ciputra-world-2_20171017064410_28587.jpg
interior	interior/11_288_district-8-prosperity-tower_20180412065546_49614.jpg
interior	interior/11_289_district-8-treasury-tower_20180412070240_66607.jpg
interior	interior/11_31_gama-tower-ex-cemindo-tower-gama-tower_20170314084802_38145.jpg
interior	interior/11_350_pacific-century-premium-developments-pcpd-pacific-century-place-tower-pcp_20171024022001_56235.jpg
interior	interior/11_366_zuria-tower-zuria-tower_20181115021317_90030.jpg
interior	interior/11_369_cowell-tower-ex-graha-atrium-cowell-tower_20180522040731_91403.jpg
interior	interior/11_38_graha-aktiva-graha-aktiva_20170428021541_58342.jpg
interior	interior/11_403_synthesis-tower-ex-gedung-hero-synthesis-tower-2-ex-gedung-hero_20170612022056_71222.jpg
interior	interior/11_435_wisma-prima-wisma-prima_20180420062449_36502.jpg
interior	interior/11_449_de-ploeit-centrale-de-ploeit-centrale_20180516090154_36149.jpg
interior	interior/11_472_sainath-tower-sainath-tower_20180417044931_14484.jpg
interior	interior/11_478_menara-kompas-menara-kompas_20180105102412_78744.jpg
interior	interior/11_481_gedung-jagat-gedung-jagat_20180227074153_66455.jpg
interior	interior/11_492_springhill-office-tower-springhill-office-tower_20180417045307_11740.jpg
interior	interior/11_500_world-trade-center-complex-world-trade-center-5_20170927094221_47746.jpg
interior	interior/11_564_blue-bird-tower-blue-bird-tower_20180201100457_71121.jpg
interior	interior/11_656_wisma-megah-sunter-wisma-megah-sunter_20190731063913_71080.jpg
interior	interior/11_71_menara-dea-menara-dea-2_20170214040103_13996.jpg
interior	interior/11_82_menara-standard-chartered-menara-standard-chartered_20170314085920_69319.jpg
interior	interior/11_8_k-link-tower-k-link-tower_20170214041739_33533.jpg
interior	interior/11_90_equity-tower-equity-tower_20170705095916_11197.jpg
interior	interior/12_107_mayapada-tower-mayapada-tower-1_20171212080236_58531.jpg
interior	interior/12_128_sequis-center-sequis-center_20171027085533_86131.jpg
interior	interior/12_132_tamara-center-tamara-center_20180416090546_33383.jpg
interior	interior/12_142_world-trade-center-complex-world-trade-center-1_20171114081447_41807.jpg
interior	interior/12_148_menara-bca-grand-indonesia-menara-bca_20170320062520_28315.jpg
interior	interior/12_153_plaza-permata-plaza-permata_20170727092741_27623.jpg
interior	interior/12_159_the-plaza-the-plaza_20171114081303_65582.jpg
interior	interior/12_162_wisma-nusantara-wisma-nusantara_20180104043242_13485.jpg
interior	interior/12_166_gedung-graha-kencana-gedung-graha-kencana_20170712101505_19085.jpg
interior	interior/12_188_gedung-arva-gedung-arva_20180411083512_33304.jpg
interior	interior/12_211_wisma-mra-wisma-mra_20180605093427_58880.jpg
interior	interior/12_217_menara-citibank-pondok-indah-menara-citibank-pondok-indah_20180105102143_94246.jpg
interior	interior/12_220_palma-tower-palma-tower_20170913044822_48749.jpg
interior	interior/12_272_kobexindo-tower-kobexindo-tower_20180507074311_76267.jpg
interior	interior/12_276_harton-tower-harton-tower_20180507073910_38157.jpg
interior	interior/12_277_kirana-two-kirana-two_20171017063047_25912.jpg
interior	interior/12_294_the-tower-the-tower_20180205040200_15996.jpg
interior	interior/12_30_cyber-2-tower-cyber-2-tower_20180507071912_84030.jpg
interior	interior/12_341_menara-pertiwi-menara-pertiwi_20181015061435_42586.jpg
interior	interior/12_366_zuria-tower-zuria-tower_20181115021317_64686.jpg
interior	interior/12_424_kirana-three-office-tower-kirana-three_20171017062727_42120.jpg
interior	interior/12_430_cengkareng-business-city-cengkareng-business-city_20181029031253_66625.jpg
interior	interior/12_435_wisma-prima-wisma-prima_20180420062449_20468.jpg
interior	interior/12_439_gp-plaza-gp-plaza_20170411092228_47142.jpg
interior	interior/12_498_kmo-building-kmo-building_20170411041113_28791.jpg
interior	interior/12_515_synergy-building-synergy-building_20180201102913_42656.jpg
interior	interior/12_528_graha-tirtadi-graha-tirtadi-antasari_20180718044249_77526.jpg
interior	interior/12_538_kem-tower-kem-tower_20180405063511_37978.jpg
interior	interior/12_544_yong-ma-yong-ma_20180404071954_51543.jpg
interior	interior/12_562_indomobil-tower-indomobil-tower_20180514092811_88124.jpg
interior	interior/12_597_plaza-timor-plaza-timor_20180706091135_51896.jpg
interior	interior/12_656_wisma-megah-sunter-wisma-megah-sunter_20190731063913_28045.jpg
interior	interior/12_66_wisma-tugu-wisma-tugu-1_20180507102754_76283.jpg
interior	interior/12_88_chase-plaza-chase-plaza-podium_20180403095118_96649.jpg
interior	interior/12_99_gedung-summitmas-gedung-summitmas-2_20180507100319_68012.jpg
interior	interior/13_142_world-trade-center-complex-world-trade-center-1_20171114081449_28085.jpg
interior	interior/13_159_the-plaza-the-plaza_20171114081304_14359.jpg
interior	interior/13_162_wisma-nusantara-wisma-nusantara_20180104043244_43119.jpg
interior	interior/13_1_capital-place-capital-place_20170616073651_43710.jpg
interior	interior/13_207_gedung-ventura-gedung-ventura_20170913061851_92512.jpg
interior	interior/13_261_graha-pratama-graha-pratama_20180530084625_20216.jpg
interior	interior/13_267_mutiara-building-mutiara-building_20171114075236_18529.jpg
interior	interior/13_26_arrtu-agro-nusantara-ex-graha-mip-arrtu-agro-nusantara_20180404072320_34864.jpg
interior	interior/13_279_perwata-tower-perwata-tower_20170727093127_14224.jpg
interior	interior/13_289_district-8-treasury-tower_20180412070241_83851.jpg
interior	interior/13_304_altira-altira-office-tower_20180228094443_42360.jpg
interior	interior/13_428_wisma-aria-wisma-aria_20180417042044_56559.jpg
interior	interior/13_430_cengkareng-business-city-cengkareng-business-city_20181029031254_85199.jpg
interior	interior/13_435_wisma-prima-wisma-prima_20180420062449_12209.jpg
interior	interior/13_439_gp-plaza-gp-plaza_20170411092229_54561.jpg
interior	interior/13_445_pakarti-center-building-pakarti-center-building_20170713012703_98512.jpg
interior	interior/13_463_gedung-tranka-gedung-tranka_20180420042522_25036.jpg
interior	interior/13_467_gedung-kharisma-gedung-kharisma_20180507072753_43441.jpg
interior	interior/13_511_scientia-garden-scientia-business-park_20190618080819_41164.jpg
interior	interior/13_512_graha-tirtadi-graha-tirtadi-senopati_20180514092130_21197.jpg
interior	interior/13_539_gedung-pemuda-gedung-pemuda_20180514082413_43492.jpg
interior	interior/13_544_yong-ma-yong-ma_20180404071954_97534.jpg
interior	interior/13_562_indomobil-tower-indomobil-tower_20180514092811_56858.jpg
interior	interior/13_581_wisma-lampung-wisma-lampung_20180808102440_36583.jpg
interior	interior/13_59_plaza-kuningan-plaza-kuningan-south-tower_20170314090700_33365.jpg
interior	interior/13_656_wisma-megah-sunter-wisma-megah-sunter_20190731063914_19802.jpg
interior	interior/13_67_wisma-tugu-wisma-tugu-2_20180404073040_61277.jpg
interior	interior/13_69_menara-btpn-menara-btpn_20170411092953_72176.jpg
interior	interior/13_71_menara-dea-menara-dea-2_20170214040103_19115.jpg
interior	interior/13_78_axa-tower-axa-tower_20180412063015_17392.jpg
interior	interior/13_indonesia-stock-exchange-building---tower-2-interior-1668163073629-0.jpg
interior	interior/14_150_menara-thamrin-menara-thamrin_20170713012050_70830.jpg
interior	interior/14_172_grand-slipi-tower-grand-slipi-tower_20180323092144_42083.jpg
interior	interior/14_17_wisma-argo-manunggal-wisma-argo-manunggal_20180411090114_31374.jpg
interior	interior/14_180_wisma-bsg-wisma-bsg_20170418100857_41115.jpg
interior	interior/14_189_hdi-hive-ex-menteng-office-park-hdi-hive_20181029031819_15640.jpg
interior	interior/14_194_lembaga-alkitab-indonesia-bible-center-lembaga-alkitab-indonesia-bible-center_20170523094633_32976.jpg
interior	interior/14_199_18-office-park-18-office-park_20180919062404_83353.jpg
interior	interior/14_1_capital-place-capital-place_20170616073659_21505.jpg
interior	interior/14_201_alamanda-tower-alamanda-tower_20190215024015_58879.jpg
interior	interior/14_202_antam-antam-tower-b_20170214050552_48140.jpg
interior	interior/14_207_gedung-ventura-gedung-ventura_20170913061853_29458.jpg
interior	interior/14_208_gkm-tower-gkm-tower_20170214050708_34669.jpg
interior	interior/14_209_graha-elnusa-graha-elnusa_20170612020814_36491.jpg
interior	interior/14_211_wisma-mra-wisma-mra_20180605093427_22177.jpg
interior	interior/14_212_graha-satria-tower-graha-satria-tower-1_20180904044854_75269.jpg
interior	interior/14_216_menara-165-menara-165_20180502062108_95162.jpg
interior	interior/14_217_menara-citibank-pondok-indah-menara-citibank-pondok-indah_20180105102156_79603.jpg
interior	interior/14_218_metropolitan-tower-metropolitan-tower_20170809020219_35579.jpg
interior	interior/14_220_palma-tower-palma-tower_20170913044827_24354.jpg
interior	interior/14_228_plaza-simatupang-ex-plaza-alstom-plaza-simatupang-ex-plaza-alstom_20180502074712_40635.jpg
interior	interior/14_229_plaza-aminta-plaza-aminta_20180712031732_82955.jpg
interior	interior/14_232_pondok-indah-office-tower-pondok-indah-office-tower-3_20171114081125_96391.jpg
interior	interior/14_236_south-quarter-south-quarter-tower-a_20180316084033_96095.jpg
interior	interior/14_23_menara-batavia-menara-batavia_20180404071108_49380.jpg
interior	interior/14_240_talavera-talavera-office-park_20180706090907_43160.jpg
interior	interior/14_247_graha-inti-fauzi-graha-inti-fauzi_20180530083143_49399.jpg
interior	interior/14_254_wisma-pmi-ex-gedung-treva-wisma-pmi_20180718062600_91435.jpg
interior	interior/14_255_gedung-victoria-gedung-victoria_20180718044101_30135.jpg
interior	interior/14_256_one-wolter-place-one-wolter-place_20180718045834_57942.jpg
interior	interior/14_257_menara-sentraya-menara-sentraya_20180522063138_48648.jpg
interior	interior/14_261_graha-pratama-graha-pratama_20180530084625_62930.jpg
interior	interior/14_262_menara-hijau-menara-hijau_20181015023257_30222.jpg
interior	interior/14_264_wisma-korindo-wisma-korindo_20180105102018_61500.jpg
interior	interior/14_265_gedung-fuyinto-sentra-mampang-gedung-fuyinto-sentra-mampang_20180530082612_79916.jpg
interior	interior/14_266_multika-building-multika-building_20170523095054_69270.jpg
interior	interior/14_267_mutiara-building-mutiara-building_20171114075238_20810.jpg
interior	interior/14_269_graha-mampang-graha-mampang_20180420043652_98658.jpg
interior	interior/14_272_kobexindo-tower-kobexindo-tower_20180507074312_63450.jpg
interior	interior/14_273_emerald-tower-emerald-tower_20180507072417_22438.jpg
interior	interior/14_274_graha-kirana-graha-kirana_20171017062542_56120.jpg
interior	interior/14_275_graha-rekso-graha-rekso_20180920091017_92332.jpg
interior	interior/14_276_harton-tower-harton-tower_20180507073911_63332.jpg
interior	interior/14_277_kirana-two-kirana-two_20171017063051_17016.jpg
interior	interior/14_279_perwata-tower-perwata-tower_20170727093131_61715.jpg
interior	interior/14_285_ciputra-world-2-tokopedia-tower-tokopedia-tower-ex-ciputra-world-2_20171027090042_46369.jpg
interior	interior/14_288_district-8-prosperity-tower_20180412065548_97193.jpg
interior	interior/14_289_district-8-treasury-tower_20180412070242_96114.jpg
interior	interior/14_28_atrium-setiabudi-atrium-setiabudi_20171212075413_97686.jpg
interior	interior/14_294_the-tower-the-tower_20180205040204_79540.jpg
interior	interior/14_304_altira-altira-office-tower_20180228094444_76389.jpg
interior	interior/14_30_cyber-2-tower-cyber-2-tower_20180507071914_28349.jpg
interior	interior/14_31_gama-tower-ex-cemindo-tower-gama-tower_20180201101214_93389.jpg
interior	interior/14_337_mangkuluhur-city-mangkuluhur-city_20190215024431_82723.jpg
interior	interior/14_341_menara-pertiwi-menara-pertiwi_20181015061435_53069.jpg
interior	interior/14_34_gedung-pphui-gedung-pphui_20170720020356_94559.jpg
interior	interior/14_350_pacific-century-premium-developments-pcpd-pacific-century-place-tower-pcp_20171024022007_71496.jpg
interior	interior/14_35_gedung-setiabudi-2-gedung-setiabudi-2_20170616075015_76904.jpg
interior	interior/14_366_zuria-tower-zuria-tower_20181115021318_48899.jpg
interior	interior/14_369_cowell-tower-ex-graha-atrium-cowell-tower_20180522040732_24125.jpg
interior	interior/14_375_gedung-mr-21-menara-jasindo-gedung-mr-21-menara-jasindo_20170712101248_95192.jpg
interior	interior/14_376_tamansari-parama-tamansari-parama_20180416095606_59170.jpg
interior	interior/14_377_the-h-tower-the-h-tower_20170616082148_18326.jpg
interior	interior/14_378_wisma-bakrie-wisma-bakrie-1_20180404072536_75171.jpg
interior	interior/14_379_wisma-bakrie-wisma-bakrie-2_20170404103205_70764.jpg
interior	interior/14_388_graha-mandiri-graha-mandiri_20180416063832_78931.jpg
interior	interior/14_397_ciputra-international-puri-ciputra-international-puri-3-phase-1_20180525083209_20902.jpg
interior	interior/14_401_st-moritz-office-tower-lippo-st-moritz-office-tower_20171212082449_91124.jpg
interior	interior/14_403_synthesis-tower-ex-gedung-hero-synthesis-tower-2-ex-gedung-hero_20170612022119_27102.jpg
interior	interior/14_404_graha-induk-kud-graha-induk-kud_20180405021318_90365.jpg
interior	interior/14_411_graha-indochem-graha-indochem_20171017062217_96163.jpg
interior	interior/14_412_honeylady-tower-honeylady-tower_20180516091031_16351.jpg
interior	interior/14_418_is-plaza-is-plaza_20180507074018_44504.jpg
interior	interior/14_419_mth-square-mth-square_20180514094906_16423.jpg
interior	interior/14_41_graha-irama-graha-irama_20180416085603_81818.jpg
interior	interior/14_424_kirana-three-office-tower-kirana-three_20171017062729_20104.jpg
interior	interior/14_426_l-avenue-office-park-l-avenue-office_20170727093519_45504.jpg
interior	interior/14_428_wisma-aria-wisma-aria_20180417042044_25843.jpg
interior	interior/14_431_multi-piranti-graha-multi-piranti-graha_20180514090903_42694.jpg
interior	interior/14_434_plaza-basmar-plaza-basmar_20180502073253_75925.jpg
interior	interior/14_435_wisma-prima-wisma-prima_20180420062449_50817.jpg
interior	interior/14_438_kemang-square-kemang-square_20180502061238_35419.jpg
interior	interior/14_439_gp-plaza-gp-plaza_20170411092229_91926.jpg
interior	interior/14_440_landmark-pluit-land-mark-pluit_20180522040102_41814.jpg
interior	interior/14_443_graha-lestari-graha-lestari_20180405025800_36207.jpg
interior	interior/14_445_pakarti-center-building-pakarti-center-building_20170713012720_95471.jpg
interior	interior/14_44_md-place-md-place-tower-1_20170214040737_23758.jpg
interior	interior/14_452_the-koppel-building-the-koppel-building_20180516093505_91442.jpg
interior	interior/14_454_wisma-adr-wisma-adr_20180516094233_61684.jpg
interior	interior/14_455_wisma-akr-wisma-akr_20180412064032_84595.jpg
interior	interior/14_459_maspion-plaza-maspion-plaza_20170720081155_32010.jpg
interior	interior/14_463_gedung-tranka-gedung-tranka_20180420042522_89702.jpg
interior	interior/14_465_menara-salemba-menara-salemba_20171212080556_59980.jpg
interior	interior/14_467_gedung-kharisma-gedung-kharisma_20180507072753_19891.jpg
interior	interior/14_468_gedung-cosa-gedung-cosa_20180808085218_82574.jpg
interior	interior/14_469_de-ritz-de-ritz-building_20170720020031_43138.jpg
interior	interior/14_46_mega-plaza-mega-plaza_20170616075806_66960.jpg
interior	interior/14_472_sainath-tower-sainath-tower_20180417044932_72089.jpg
interior	interior/14_478_menara-kompas-menara-kompas_20180105102419_41362.jpg
interior	interior/14_479_gedung-unifam-gedung-unifam_20171017064629_72689.jpg
interior	interior/14_481_gedung-jagat-gedung-jagat_20180227074155_43369.jpg
interior	interior/14_485_its-office-tower-its-office-tower_20180420050002_18614.jpg
interior	interior/14_487_kencana-tower-kencana-tower_20180516091858_95137.jpg
interior	interior/14_492_springhill-office-tower-springhill-office-tower_20180417045308_73358.jpg
interior	interior/14_495_podomoro-city-soho-podomoro-city_20171027085950_53624.jpg
interior	interior/14_498_kmo-building-kmo-building_20170411041131_65648.jpg
interior	interior/14_4_graha-surveyor-indonesia-ex-adhi-graha-graha-surveyor-indonesia_20180411085757_58897.jpg
interior	interior/14_505_the-prominence-the-prominence-office-tower_20180202025454_77427.jpg
interior	interior/14_506_kantor-taman-a9-kantor-taman-a9_20180514094244_68156.jpg
interior	interior/14_511_scientia-garden-scientia-business-park_20190618080819_75004.jpg
interior	interior/14_512_graha-tirtadi-graha-tirtadi-senopati_20180514092131_10817.jpg
interior	interior/14_515_synergy-building-synergy-building_20180201102919_45104.jpg
interior	interior/14_516_gedung-datascrip-gedung-datascrip_20180105101914_37415.jpg
interior	interior/14_523_plaza-summarecon-serpong-plaza-summarecon-serpong_20171212081720_62191.jpg
interior	interior/14_528_graha-tirtadi-graha-tirtadi-antasari_20180718044250_18843.jpg
interior	interior/14_52_menara-palma-1-menara-palma-1_20170616080846_36145.jpg
interior	interior/14_530_grha-niaga-thamrin-grha-niaga-thamrin_20180404070421_65757.jpg
interior	interior/14_538_kem-tower-kem-tower_20180405063512_97674.jpg
interior	interior/14_539_gedung-pemuda-gedung-pemuda_20180514082414_40180.jpg
interior	interior/14_53_multivision-tower-multivision-tower_20180926031919_59428.jpg
interior	interior/14_545_wisma-gondangdia-lama-wisma-gondangdia-lama_20180404065416_56795.jpg
interior	interior/14_546_menara-bidakara-gedung-binasentra_20181105073239_66395.jpeg
interior	interior/14_548_vinilon-building-vinilon-building_20180404071451_95978.jpg
interior	interior/14_552_thamrin-nine-uob-plaza_20171215024431_36762.jpg
interior	interior/14_562_indomobil-tower-indomobil-tower_20180514092813_45218.jpg
interior	interior/14_563_temas-line-temas-line_20180227074425_15581.jpg
interior	interior/14_564_blue-bird-tower-blue-bird-tower_20180201100510_30871.jpg
interior	interior/14_571_the-boulevard-office-building-the-boulevard-office-building_20180201103256_76797.jpg
interior	interior/14_576_gedung-rabana-gedung-rabana_20180808093516_56669.jpg
interior	interior/14_581_wisma-lampung-wisma-lampung_20180808102440_34070.jpg
interior	interior/14_582_wisma-47-wisma-47_20180412072316_37394.jpg
interior	interior/14_611_the-victoria-the-victoria_20180808100524_81903.jpg
interior	interior/14_615_green-office-park-green-office-park-9_20180904045908_83023.jpeg
interior	interior/14_617_the-mahitala-the-mahitala_20190313033922_19172.jpg
interior	interior/14_618_perkantoran-taman-melati-margonda-margonda-office-building_20180928072735_14872.jpg
interior	interior/14_649_trio-building-trio-building_20190214101710_79315.jpg
interior	interior/14_64_wisma-budi-wisma-budi_20170616083540_50769.jpg
interior	interior/14_652_tata-building-tata-building_20190313033741_87815.jpg
interior	interior/14_656_wisma-megah-sunter-wisma-megah-sunter_20190731063914_88428.jpg
interior	interior/14_659_iconic-office-tower-iconic-office-tower-h_20191205033709_14062.jpg
interior	interior/14_67_wisma-tugu-wisma-tugu-2_20180507102449_29358.jpg
interior	interior/14_68_menara-anugrah-menara-anugrah_20170809013640_90941.jpg
interior	interior/14_69_menara-btpn-menara-btpn_20170411093000_96527.jpg
interior	interior/14_71_menara-dea-menara-dea-2_20170214040104_74198.jpg
interior	interior/14_75_noble-house-noble-house_20170428022808_50084.jpg
interior	interior/14_78_axa-tower-axa-tower_20180412063016_11520.jpg
interior	interior/14_81_graha-paramita-graha-paramita_20190702024628_20961.jpg
interior	interior/14_82_menara-standard-chartered-menara-standard-chartered_20170314085921_81838.jpg
interior	interior/14_88_chase-plaza-chase-plaza-podium_20180403095119_36364.jpg
interior	interior/14_8_k-link-tower-k-link-tower_20171212080024_96195.jpg
interior	interior/14_90_equity-tower-equity-tower_20170705095932_75272.jpg
interior	interior/14_98_gedung-summitmas-gedung-summitmas-1_20180327091642_35621.jpg
interior	interior/14_99_gedung-summitmas-gedung-summitmas-2_20180507100319_17665.jpg
interior	interior/14_9_menara-bidakara-menara-bidakara-1_20170809014319_77369.jpg
interior	interior/14_citra-north-towers-interior-1672626620071-1.jpg
interior	interior/14_indonesia-stock-exchange-building---tower-2-interior-1668163073629-1.jpg
interior	interior/14_revenue-tower-interior-1668163729926-1.jpg
interior	interior/14_seyeon-building-interior-1693213793696-5.jpg
interior	interior/15_101_indonesia-stock-exchange-building-indonesia-stock-exchange-building-tower-1_20170320061529_61943.jpg
interior	interior/15_106_landmark-tower-landmark-tower-2_20180801073336_24181.jpg
interior	interior/15_107_mayapada-tower-mayapada-tower-1_20171212080250_16996.jpg
interior	interior/15_112_office-8-office-8_20170314090220_17509.jpg
interior	interior/15_115_plaza-bapindo-menara-mandiri-menara-mandiri-2_20180502044552_73566.jpg
interior	interior/15_129_sona-topas-tower-sona-topas-tower_20170727092346_90959.jpg
interior	interior/15_130_sudirman-plaza-indofood-tower_20170314084926_94934.jpg
interior	interior/15_133_the-energy-building-the-energy-tower_20170713014841_59300.jpg
interior	interior/15_134_wisma-46-bni-46-wisma-46_20171212082949_72121.jpg
interior	interior/15_136_wisma-bumiputera-wisma-bumiputera_20170214034604_88477.jpg
interior	interior/15_137_wisma-gkbi-wisma-gkbi_20170320063342_24907.jpg
interior	interior/15_142_world-trade-center-complex-world-trade-center-1_20171114081452_45993.jpg
interior	interior/15_145_gedung-jaya-gedung-jaya_20170220025714_20527.jpg
interior	interior/15_150_menara-thamrin-menara-thamrin_20170713012056_31476.jpg
interior	interior/15_153_plaza-permata-plaza-permata_20170727092752_68427.jpg
interior	interior/15_155_sinarmas-land-plaza-ex-plaza-bii-sinarmas-land-plaza-menara-2_20171017064114_27379.jpg
interior	interior/15_159_the-plaza-the-plaza_20171114081312_90459.jpg
interior	interior/15_15_patra-jasa-patra-jasa_20170523100349_16982.jpg
interior	interior/15_162_wisma-nusantara-wisma-nusantara_20180507101827_25808.jpg
interior	interior/15_164_blue-green-integrated-boutique-office-blue-green-office-tower_20181015023013_96545.jpg
interior	interior/15_165_gallery-west-gallery-west_20180412062240_29166.jpg
interior	interior/15_166_gedung-graha-kencana-gedung-graha-kencana_20170712101514_93421.jpg
interior	interior/15_169_puri-indah-financial-tower-puri-indah-financial-tower_20180227073831_83248.jpg
interior	interior/15_16_wisma-aldiron-dirgantara-wisma-aldiron-dirgantara_20170809021143_68792.jpg
interior	interior/15_172_grand-slipi-tower-grand-slipi-tower_20180323092144_17874.jpg
interior	interior/15_173_menara-citicon-menara-citicon_20170214043444_85291.jpg
interior	interior/15_17_wisma-argo-manunggal-wisma-argo-manunggal_20180411090115_26194.jpg
interior	interior/15_180_wisma-bsg-wisma-bsg_20170418100903_73687.jpg
interior	interior/15_189_hdi-hive-ex-menteng-office-park-hdi-hive_20181029031819_64437.jpg
interior	interior/15_194_lembaga-alkitab-indonesia-bible-center-lembaga-alkitab-indonesia-bible-center_20170523094641_25685.jpg
interior	interior/15_199_18-office-park-18-office-park_20180919062405_78691.jpg
interior	interior/15_1_capital-place-capital-place_20170616073705_53752.jpg
interior	interior/15_201_alamanda-tower-alamanda-tower_20190215024015_89842.jpg
interior	interior/15_202_antam-antam-tower-b_20170214050552_83897.jpg
interior	interior/15_207_gedung-ventura-gedung-ventura_20170913061854_55663.jpg
interior	interior/15_208_gkm-tower-gkm-tower_20170214050708_89238.jpg
interior	interior/15_209_graha-elnusa-graha-elnusa_20170612020821_60381.jpg
interior	interior/15_212_graha-satria-tower-graha-satria-tower-1_20180904044855_14137.jpg
interior	interior/15_216_menara-165-menara-165_20180502062108_17259.jpg
interior	interior/15_217_menara-citibank-pondok-indah-menara-citibank-pondok-indah_20180105102158_80770.jpg
interior	interior/15_218_metropolitan-tower-metropolitan-tower_20170809020220_45028.jpg
interior	interior/15_220_palma-tower-palma-tower_20170913044829_20467.jpg
interior	interior/15_228_plaza-simatupang-ex-plaza-alstom-plaza-simatupang-ex-plaza-alstom_20180502074712_21025.jpg
interior	interior/15_229_plaza-aminta-plaza-aminta_20180712031732_68848.jpg
interior	interior/15_232_pondok-indah-office-tower-pondok-indah-office-tower-3_20171114081127_34494.jpg
interior	interior/15_236_south-quarter-south-quarter-tower-a_20180316084152_47509.jpg
interior	interior/15_23_menara-batavia-menara-batavia_20180404071108_18827.jpg
interior	interior/15_240_talavera-talavera-office-park_20180706090907_34193.jpg
interior	interior/15_254_wisma-pmi-ex-gedung-treva-wisma-pmi_20180718062600_54489.jpg
interior	interior/15_255_gedung-victoria-gedung-victoria_20180718044102_38071.jpg
interior	interior/15_256_one-wolter-place-one-wolter-place_20180718045834_13802.jpg
interior	interior/15_257_menara-sentraya-menara-sentraya_20180522063138_81527.jpg
interior	interior/15_261_graha-pratama-graha-pratama_20180530084625_40050.jpg
interior	interior/15_262_menara-hijau-menara-hijau_20181015023257_77626.jpg
interior	interior/15_264_wisma-korindo-wisma-korindo_20180105102020_83976.jpg
interior	interior/15_266_multika-building-multika-building_20170523095101_98740.jpg
interior	interior/15_267_mutiara-building-mutiara-building_20171114075241_78999.jpg
interior	interior/15_269_graha-mampang-graha-mampang_20180420043653_46025.jpg
interior	interior/15_272_kobexindo-tower-kobexindo-tower_20180507074312_97737.jpg
interior	interior/15_273_emerald-tower-emerald-tower_20180507072417_76682.jpg
interior	interior/15_274_graha-kirana-graha-kirana_20171017062544_97460.jpg
interior	interior/15_275_graha-rekso-graha-rekso_20180920091018_38604.jpg
interior	interior/15_276_harton-tower-harton-tower_20180507073911_97453.jpg
interior	interior/15_277_kirana-two-kirana-two_20171017063052_40323.jpg
interior	interior/15_279_perwata-tower-perwata-tower_20170727093134_46826.jpg
interior	interior/15_285_ciputra-world-2-tokopedia-tower-tokopedia-tower-ex-ciputra-world-2_20171027090044_19758.jpg
interior	interior/15_289_district-8-treasury-tower_20180412070242_72024.jpg
interior	interior/15_28_atrium-setiabudi-atrium-setiabudi_20171212075421_85019.jpg
interior	interior/15_304_altira-altira-office-tower_20180228094444_89957.jpg
interior	interior/15_30_cyber-2-tower-cyber-2-tower_20180507071914_52037.jpg
interior	interior/15_31_gama-tower-ex-cemindo-tower-gama-tower_20180201101220_86203.jpg
interior	interior/15_337_mangkuluhur-city-mangkuluhur-city_20190215024431_23639.jpg
interior	interior/15_341_menara-pertiwi-menara-pertiwi_20181015061435_41509.jpg
interior	interior/15_34_gedung-pphui-gedung-pphui_20170720020400_68666.jpg
interior	interior/15_350_pacific-century-premium-developments-pcpd-pacific-century-place-tower-pcp_20171024022008_45196.jpg
interior	interior/15_35_gedung-setiabudi-2-gedung-setiabudi-2_20170616075020_74310.jpg
interior	interior/15_366_zuria-tower-zuria-tower_20181115021318_89470.jpg
interior	interior/15_369_cowell-tower-ex-graha-atrium-cowell-tower_20180522040732_84739.jpg
interior	interior/15_375_gedung-mr-21-menara-jasindo-gedung-mr-21-menara-jasindo_20170712101251_24899.jpg
interior	interior/15_376_tamansari-parama-tamansari-parama_20180416095607_18494.jpg
interior	interior/15_377_the-h-tower-the-h-tower_20170616082303_36295.jpg
interior	interior/15_378_wisma-bakrie-wisma-bakrie-1_20180404072538_32979.jpg
interior	interior/15_379_wisma-bakrie-wisma-bakrie-2_20170404103205_64896.jpg
interior	interior/15_388_graha-mandiri-graha-mandiri_20180416063832_40242.jpg
interior	interior/15_397_ciputra-international-puri-ciputra-international-puri-3-phase-1_20180525083210_40182.jpg
interior	interior/15_401_st-moritz-office-tower-lippo-st-moritz-office-tower_20171212082450_26914.jpg
interior	interior/15_403_synthesis-tower-ex-gedung-hero-synthesis-tower-2-ex-gedung-hero_20170612022124_63284.jpg
interior	interior/15_404_graha-induk-kud-graha-induk-kud_20180405021319_68497.jpg
interior	interior/15_411_graha-indochem-graha-indochem_20171017062218_13960.jpg
interior	interior/15_412_honeylady-tower-honeylady-tower_20180516091031_16001.jpg
interior	interior/15_419_mth-square-mth-square_20180514094906_38192.jpg
interior	interior/15_41_graha-irama-graha-irama_20180416085603_54078.jpg
interior	interior/15_424_kirana-three-office-tower-kirana-three_20171017062730_59479.jpg
interior	interior/15_426_l-avenue-office-park-l-avenue-office_20170727093523_99416.jpg
interior	interior/15_428_wisma-aria-wisma-aria_20180417042044_51113.jpg
interior	interior/15_431_multi-piranti-graha-multi-piranti-graha_20180514090903_58657.jpg
interior	interior/15_434_plaza-basmar-plaza-basmar_20180502073254_38205.jpg
interior	interior/15_435_wisma-prima-wisma-prima_20180420062450_18373.jpg
interior	interior/15_439_gp-plaza-gp-plaza_20170411092230_15971.jpg
interior	interior/15_440_landmark-pluit-land-mark-pluit_20180522040102_62597.jpg
interior	interior/15_443_graha-lestari-graha-lestari_20180405025800_92723.jpg
interior	interior/15_445_pakarti-center-building-pakarti-center-building_20170713012725_79881.jpg
interior	interior/15_44_md-place-md-place-tower-1_20171017063557_46208.jpg
interior	interior/15_452_the-koppel-building-the-koppel-building_20180516093506_94366.jpg
interior	interior/15_454_wisma-adr-wisma-adr_20180516094233_97963.jpg
interior	interior/15_455_wisma-akr-wisma-akr_20180412064032_95994.jpg
interior	interior/15_459_maspion-plaza-maspion-plaza_20170720081157_87531.jpg
interior	interior/15_463_gedung-tranka-gedung-tranka_20180420042523_43825.jpg
interior	interior/15_465_menara-salemba-menara-salemba_20171212080559_46936.jpg
interior	interior/15_467_gedung-kharisma-gedung-kharisma_20180507072755_32358.jpg
interior	interior/15_468_gedung-cosa-gedung-cosa_20180808085218_72135.jpg
interior	interior/15_469_de-ritz-de-ritz-building_20170720020038_32231.jpg
interior	interior/15_472_sainath-tower-sainath-tower_20180417044932_42933.jpg
interior	interior/15_478_menara-kompas-menara-kompas_20180105102421_59342.jpg
interior	interior/15_479_gedung-unifam-gedung-unifam_20171017064631_86733.jpg
interior	interior/15_481_gedung-jagat-gedung-jagat_20180227074155_65009.jpg
interior	interior/15_485_its-office-tower-its-office-tower_20180420050003_50499.jpg
interior	interior/15_487_kencana-tower-kencana-tower_20180516091858_82703.jpg
interior	interior/15_492_springhill-office-tower-springhill-office-tower_20180417045309_59456.jpg
interior	interior/15_495_podomoro-city-soho-podomoro-city_20171027085952_83732.jpg
interior	interior/15_498_kmo-building-kmo-building_20171017063246_17221.jpg
interior	interior/15_4_graha-surveyor-indonesia-ex-adhi-graha-graha-surveyor-indonesia_20180411085758_46645.jpg
interior	interior/15_505_the-prominence-the-prominence-office-tower_20180202025458_82424.jpg
interior	interior/15_506_kantor-taman-a9-kantor-taman-a9_20180514094245_88249.jpg
interior	interior/15_511_scientia-garden-scientia-business-park_20190618080819_97891.jpg
interior	interior/15_512_graha-tirtadi-graha-tirtadi-senopati_20180514092131_49427.jpg
interior	interior/15_515_synergy-building-synergy-building_20180201102922_70272.jpg
interior	interior/15_516_gedung-datascrip-gedung-datascrip_20180105101916_83663.jpg
interior	interior/15_523_plaza-summarecon-serpong-plaza-summarecon-serpong_20171212081724_75626.jpg
interior	interior/15_52_menara-palma-1-menara-palma-1_20170616080854_32737.jpg
interior	interior/15_530_grha-niaga-thamrin-grha-niaga-thamrin_20180404070421_90125.jpg
interior	interior/15_538_kem-tower-kem-tower_20180405063512_53764.jpg
interior	interior/15_539_gedung-pemuda-gedung-pemuda_20180514082414_92290.jpg
interior	interior/15_53_multivision-tower-multivision-tower_20180926031920_93180.jpg
interior	interior/15_546_menara-bidakara-gedung-binasentra_20181105073239_15925.jpeg
interior	interior/15_548_vinilon-building-vinilon-building_20180404071452_31138.jpg
interior	interior/15_562_indomobil-tower-indomobil-tower_20180514092813_26084.jpg
interior	interior/15_563_temas-line-temas-line_20180227074426_93836.jpg
interior	interior/15_564_blue-bird-tower-blue-bird-tower_20180201100514_66289.jpg
interior	interior/15_571_the-boulevard-office-building-the-boulevard-office-building_20180201103259_48060.jpg
interior	interior/15_576_gedung-rabana-gedung-rabana_20180808093516_84224.jpg
interior	interior/15_581_wisma-lampung-wisma-lampung_20180808102440_49716.jpg
interior	interior/15_582_wisma-47-wisma-47_20180412072317_80796.jpg
interior	interior/15_611_the-victoria-the-victoria_20180808100525_15711.jpg
interior	interior/15_615_green-office-park-green-office-park-9_20180904045908_43354.jpeg
interior	interior/15_617_the-mahitala-the-mahitala_20190313033922_53186.jpg
interior	interior/15_618_perkantoran-taman-melati-margonda-margonda-office-building_20180928072735_31254.jpg
interior	interior/15_649_trio-building-trio-building_20190214101710_48635.jpg
interior	interior/15_64_wisma-budi-wisma-budi_20170616083547_81740.jpg
interior	interior/15_652_tata-building-tata-building_20190313033742_61075.jpg
interior	interior/15_656_wisma-megah-sunter-wisma-megah-sunter_20190731063914_44624.jpg
interior	interior/15_659_iconic-office-tower-iconic-office-tower-h_20191205033709_63305.jpg
interior	interior/15_67_wisma-tugu-wisma-tugu-2_20180507102450_79592.jpg
interior	interior/15_68_menara-anugrah-menara-anugrah_20170809013640_26594.jpg
interior	interior/15_69_menara-btpn-menara-btpn_20170411093014_41193.jpg
interior	interior/15_71_menara-dea-menara-dea-2_20170411093452_14284.jpg
interior	interior/15_75_noble-house-noble-house_20170428022817_95416.jpg
interior	interior/15_78_axa-tower-axa-tower_20180412063016_77295.jpg
interior	interior/15_81_graha-paramita-graha-paramita_20190702024628_48242.jpg
interior	interior/15_82_menara-standard-chartered-menara-standard-chartered_20170314085921_28472.jpg
interior	interior/15_88_chase-plaza-chase-plaza-podium_20180403095119_62473.jpg
interior	interior/15_8_k-link-tower-k-link-tower_20171212080028_68775.jpg
interior	interior/15_90_equity-tower-equity-tower_20170705095938_59734.jpg
interior	interior/15_98_gedung-summitmas-gedung-summitmas-1_20180327091642_49704.jpg
interior	interior/15_99_gedung-summitmas-gedung-summitmas-2_20180507100321_24709.jpg
interior	interior/15_9_menara-bidakara-menara-bidakara-1_20170809014320_91275.jpg
interior	interior/15_citra-north-towers-interior-1672626643863-0.jpg
interior	interior/15_indonesia-stock-exchange-building---tower-2-interior-1668163073629-2.jpg
interior	interior/15_revenue-tower-interior-1668163729926-2.jpg
interior	interior/15_seyeon-building-interior-1693213793696-6.jpg
interior	interior/16_101_indonesia-stock-exchange-building-indonesia-stock-exchange-building-tower-1_20170320061529_75318.jpg
interior	interior/16_106_landmark-tower-landmark-tower-2_20180801073337_87772.jpg
interior	interior/16_107_mayapada-tower-mayapada-tower-1_20171212080253_45662.jpg
interior	interior/16_112_office-8-office-8_20170314090221_32500.jpg
interior	interior/16_115_plaza-bapindo-menara-mandiri-menara-mandiri-2_20180502044553_40757.jpg
interior	interior/16_129_sona-topas-tower-sona-topas-tower_20170727092349_43016.jpg
interior	interior/16_130_sudirman-plaza-indofood-tower_20170314084926_71905.jpg
interior	interior/16_133_the-energy-building-the-energy-tower_20170713014846_65211.jpg
interior	interior/16_134_wisma-46-bni-46-wisma-46_20171212082952_71741.jpg
interior	interior/16_136_wisma-bumiputera-wisma-bumiputera_20170214034604_40567.jpg
interior	interior/16_137_wisma-gkbi-wisma-gkbi_20170320063342_86447.jpg
interior	interior/16_145_gedung-jaya-gedung-jaya_20171024014928_33377.jpg
interior	interior/16_150_menara-thamrin-menara-thamrin_20170713012101_81384.jpg
interior	interior/16_153_plaza-permata-plaza-permata_20170727092806_94228.jpg
interior	interior/16_155_sinarmas-land-plaza-ex-plaza-bii-sinarmas-land-plaza-menara-2_20171017064115_50269.jpg
interior	interior/16_15_patra-jasa-patra-jasa_20170523100356_39802.jpg
interior	interior/16_162_wisma-nusantara-wisma-nusantara_20180507101828_54614.jpg
interior	interior/16_164_blue-green-integrated-boutique-office-blue-green-office-tower_20181015023014_45287.jpg
interior	interior/16_165_gallery-west-gallery-west_20180412062241_34223.jpg
interior	interior/16_166_gedung-graha-kencana-gedung-graha-kencana_20170712101518_11274.jpg
interior	interior/16_169_puri-indah-financial-tower-puri-indah-financial-tower_20180227073831_79926.jpg
interior	interior/16_16_wisma-aldiron-dirgantara-wisma-aldiron-dirgantara_20170809021143_99230.jpg
interior	interior/16_172_grand-slipi-tower-grand-slipi-tower_20180323092145_98297.jpg
interior	interior/16_173_menara-citicon-menara-citicon_20170214043444_47064.jpg
interior	interior/16_17_wisma-argo-manunggal-wisma-argo-manunggal_20180411090115_17571.jpg
interior	interior/16_180_wisma-bsg-wisma-bsg_20170705093816_42356.jpg
interior	interior/16_189_hdi-hive-ex-menteng-office-park-hdi-hive_20181029031819_95560.jpg
interior	interior/16_199_18-office-park-18-office-park_20180919062405_23828.jpg
interior	interior/16_1_capital-place-capital-place_20170616073717_30141.jpg
interior	interior/16_201_alamanda-tower-alamanda-tower_20190215024015_29615.jpg
interior	interior/16_202_antam-antam-tower-b_20170214050553_42981.jpg
interior	interior/16_208_gkm-tower-gkm-tower_20170214050709_37514.jpg
interior	interior/16_209_graha-elnusa-graha-elnusa_20170612020827_99600.jpg
interior	interior/16_216_menara-165-menara-165_20180502062109_69361.jpg
interior	interior/16_217_menara-citibank-pondok-indah-menara-citibank-pondok-indah_20180201101543_17589.jpg
interior	interior/16_218_metropolitan-tower-metropolitan-tower_20170809020220_61395.jpg
interior	interior/16_220_palma-tower-palma-tower_20180105102533_60508.jpg
interior	interior/16_228_plaza-simatupang-ex-plaza-alstom-plaza-simatupang-ex-plaza-alstom_20180502074714_22169.jpg
interior	interior/16_229_plaza-aminta-plaza-aminta_20180712031732_41921.jpg
interior	interior/16_232_pondok-indah-office-tower-pondok-indah-office-tower-3_20171114081128_35363.jpg
interior	interior/16_236_south-quarter-south-quarter-tower-a_20180316084345_18820.jpg
interior	interior/16_23_menara-batavia-menara-batavia_20180404071109_24999.jpg
interior	interior/16_240_talavera-talavera-office-park_20180706090908_22728.jpg
interior	interior/16_254_wisma-pmi-ex-gedung-treva-wisma-pmi_20180718062600_31724.jpg
interior	interior/16_255_gedung-victoria-gedung-victoria_20180718044102_47519.jpg
interior	interior/16_256_one-wolter-place-one-wolter-place_20180718045835_21544.jpg
interior	interior/16_257_menara-sentraya-menara-sentraya_20180522063138_21675.jpg
interior	interior/16_262_menara-hijau-menara-hijau_20181015023257_28378.jpg
interior	interior/16_264_wisma-korindo-wisma-korindo_20180105102021_22606.jpg
interior	interior/16_266_multika-building-multika-building_20170523095118_66704.jpg
interior	interior/16_267_mutiara-building-mutiara-building_20171114075244_48158.jpg
interior	interior/16_269_graha-mampang-graha-mampang_20180420043653_99507.jpg
interior	interior/16_272_kobexindo-tower-kobexindo-tower_20180507074313_60669.jpg
interior	interior/16_273_emerald-tower-emerald-tower_20180507072417_19030.jpg
interior	interior/16_274_graha-kirana-graha-kirana_20171017062545_62066.jpg
interior	interior/16_275_graha-rekso-graha-rekso_20180920091018_92137.jpg
interior	interior/16_276_harton-tower-harton-tower_20180507073911_92562.jpg
interior	interior/16_277_kirana-two-kirana-two_20171017063054_20724.jpg
interior	interior/16_279_perwata-tower-perwata-tower_20170727093137_60278.jpg
interior	interior/16_285_ciputra-world-2-tokopedia-tower-tokopedia-tower-ex-ciputra-world-2_20171027090047_74925.jpg
interior	interior/16_289_district-8-treasury-tower_20180412070242_75708.jpg
interior	interior/16_28_atrium-setiabudi-atrium-setiabudi_20171212075423_31571.jpg
interior	interior/16_304_altira-altira-office-tower_20180228094445_76438.jpg
interior	interior/16_30_cyber-2-tower-cyber-2-tower_20180507071914_66883.jpg
interior	interior/16_337_mangkuluhur-city-mangkuluhur-city_20190215024431_86144.jpg
interior	interior/16_34_gedung-pphui-gedung-pphui_20170720020402_51782.jpg
interior	interior/16_350_pacific-century-premium-developments-pcpd-pacific-century-place-tower-pcp_20171024022010_16252.jpg
interior	interior/16_366_zuria-tower-zuria-tower_20181115021318_76194.jpg
interior	interior/16_369_cowell-tower-ex-graha-atrium-cowell-tower_20180522040732_64375.jpg
interior	interior/16_375_gedung-mr-21-menara-jasindo-gedung-mr-21-menara-jasindo_20170712101255_71421.jpg
interior	interior/16_376_tamansari-parama-tamansari-parama_20180416095608_68668.jpg
interior	interior/16_379_wisma-bakrie-wisma-bakrie-2_20170404103205_13379.jpg
interior	interior/16_388_graha-mandiri-graha-mandiri_20180416063833_83946.jpg
interior	interior/16_397_ciputra-international-puri-ciputra-international-puri-3-phase-1_20180525083210_49769.jpg
interior	interior/16_401_st-moritz-office-tower-lippo-st-moritz-office-tower_20171212082453_70878.jpg
interior	interior/16_403_synthesis-tower-ex-gedung-hero-synthesis-tower-2-ex-gedung-hero_20170612022132_53984.jpg
interior	interior/16_404_graha-induk-kud-graha-induk-kud_20180405021319_73454.jpg
interior	interior/16_411_graha-indochem-graha-indochem_20171017062220_68709.jpg
interior	interior/16_412_honeylady-tower-honeylady-tower_20180516091032_37251.jpg
interior	interior/16_419_mth-square-mth-square_20180514094906_37439.jpg
interior	interior/16_41_graha-irama-graha-irama_20180416085603_72200.jpg
interior	interior/16_424_kirana-three-office-tower-kirana-three_20171017062731_92417.jpg
interior	interior/16_426_l-avenue-office-park-l-avenue-office_20170727093526_25885.jpg
interior	interior/16_428_wisma-aria-wisma-aria_20180417042045_49624.jpg
interior	interior/16_431_multi-piranti-graha-multi-piranti-graha_20180514090904_55001.jpg
interior	interior/16_434_plaza-basmar-plaza-basmar_20180502073254_35251.jpg
interior	interior/16_435_wisma-prima-wisma-prima_20180420062450_89787.jpg
interior	interior/16_439_gp-plaza-gp-plaza_20170411092230_91023.jpg
interior	interior/16_440_landmark-pluit-land-mark-pluit_20180522040102_20259.jpg
interior	interior/16_443_graha-lestari-graha-lestari_20180405025800_60203.jpg
interior	interior/16_445_pakarti-center-building-pakarti-center-building_20170713012731_13874.jpg
interior	interior/16_44_md-place-md-place-tower-1_20171027095737_50874.jpg
interior	interior/16_452_the-koppel-building-the-koppel-building_20180516093506_26182.jpg
interior	interior/16_454_wisma-adr-wisma-adr_20180516094233_11407.jpg
interior	interior/16_455_wisma-akr-wisma-akr_20180412064033_63813.jpg
interior	interior/16_459_maspion-plaza-maspion-plaza_20170720081200_14433.jpg
interior	interior/16_463_gedung-tranka-gedung-tranka_20180420042524_34561.jpg
interior	interior/16_465_menara-salemba-menara-salemba_20171212080601_81924.jpg
interior	interior/16_467_gedung-kharisma-gedung-kharisma_20180507072755_44294.jpg
interior	interior/16_468_gedung-cosa-gedung-cosa_20180808085219_28212.jpg
interior	interior/16_469_de-ritz-de-ritz-building_20170720020111_30296.jpg
interior	interior/16_472_sainath-tower-sainath-tower_20180417044933_95770.jpg
interior	interior/16_478_menara-kompas-menara-kompas_20180105102423_31212.jpg
interior	interior/16_479_gedung-unifam-gedung-unifam_20171017064633_87468.jpg
interior	interior/16_481_gedung-jagat-gedung-jagat_20180227074155_11590.jpg
interior	interior/16_485_its-office-tower-its-office-tower_20180420050003_25341.jpg
interior	interior/16_487_kencana-tower-kencana-tower_20180516091859_94024.jpg
interior	interior/16_492_springhill-office-tower-springhill-office-tower_20180417045309_37315.jpg
interior	interior/16_495_podomoro-city-soho-podomoro-city_20171027085954_87617.jpg
interior	interior/16_498_kmo-building-kmo-building_20171017063251_74571.jpg
interior	interior/16_4_graha-surveyor-indonesia-ex-adhi-graha-graha-surveyor-indonesia_20180411085758_28846.jpg
interior	interior/16_505_the-prominence-the-prominence-office-tower_20180202025500_53506.jpg
interior	interior/16_506_kantor-taman-a9-kantor-taman-a9_20180514094246_90165.jpg
interior	interior/16_511_scientia-garden-scientia-business-park_20190618080819_18177.jpg
interior	interior/16_512_graha-tirtadi-graha-tirtadi-senopati_20180514092131_87515.jpg
interior	interior/16_515_synergy-building-synergy-building_20180201102925_79406.jpg
interior	interior/16_516_gedung-datascrip-gedung-datascrip_20180105101918_29371.jpg
interior	interior/16_523_plaza-summarecon-serpong-plaza-summarecon-serpong_20171212081727_67534.jpg
interior	interior/16_52_menara-palma-1-menara-palma-1_20170616080902_82018.jpg
interior	interior/16_530_grha-niaga-thamrin-grha-niaga-thamrin_20180404070422_84371.jpg
interior	interior/16_538_kem-tower-kem-tower_20180405063512_39302.jpg
interior	interior/16_539_gedung-pemuda-gedung-pemuda_20180514082415_74882.jpg
interior	interior/16_53_multivision-tower-multivision-tower_20180926031920_19655.jpg
interior	interior/16_546_menara-bidakara-gedung-binasentra_20181105073240_94920.jpeg
interior	interior/16_548_vinilon-building-vinilon-building_20180404071452_55844.jpg
interior	interior/16_562_indomobil-tower-indomobil-tower_20180514092813_18202.jpg
interior	interior/16_563_temas-line-temas-line_20180227074426_18247.jpg
interior	interior/16_564_blue-bird-tower-blue-bird-tower_20180201100519_22685.jpg
interior	interior/16_571_the-boulevard-office-building-the-boulevard-office-building_20180201103301_51000.jpg
interior	interior/16_576_gedung-rabana-gedung-rabana_20180808093516_14619.jpg
interior	interior/16_581_wisma-lampung-wisma-lampung_20180808102441_61368.jpg
interior	interior/16_582_wisma-47-wisma-47_20180412072317_92991.jpg
interior	interior/16_611_the-victoria-the-victoria_20180808100525_38426.jpg
interior	interior/16_615_green-office-park-green-office-park-9_20180904045908_85090.jpeg
interior	interior/16_617_the-mahitala-the-mahitala_20190313033923_51262.jpg
interior	interior/16_618_perkantoran-taman-melati-margonda-margonda-office-building_20180928072735_11619.jpg
interior	interior/16_649_trio-building-trio-building_20190214101710_90137.jpg
interior	interior/16_64_wisma-budi-wisma-budi_20170616083601_90072.jpg
interior	interior/16_652_tata-building-tata-building_20190313033742_34132.jpg
interior	interior/16_656_wisma-megah-sunter-wisma-megah-sunter_20190731063914_70454.jpg
interior	interior/16_659_iconic-office-tower-iconic-office-tower-h_20191205033710_85106.jpg
interior	interior/16_67_wisma-tugu-wisma-tugu-2_20180507102452_21528.jpg
interior	interior/16_68_menara-anugrah-menara-anugrah_20170809013641_48111.jpg
interior	interior/16_69_menara-btpn-menara-btpn_20170411093025_92281.jpg
interior	interior/16_71_menara-dea-menara-dea-2_20170411093502_62609.jpg
interior	interior/16_75_noble-house-noble-house_20170428022839_55556.jpg
interior	interior/16_78_axa-tower-axa-tower_20180412063016_68632.jpg
interior	interior/16_81_graha-paramita-graha-paramita_20190702024628_30995.jpg
interior	interior/16_82_menara-standard-chartered-menara-standard-chartered_20170314085921_60341.jpg
interior	interior/16_8_k-link-tower-k-link-tower_20171212080032_39594.jpg
interior	interior/16_98_gedung-summitmas-gedung-summitmas-1_20180327091643_91797.jpg
interior	interior/16_99_gedung-summitmas-gedung-summitmas-2_20180507100322_70987.jpg
interior	interior/16_9_menara-bidakara-menara-bidakara-1_20170809014320_24102.jpg
interior	interior/16_citra-north-towers-interior-1672626643864-1.jpg
interior	interior/16_indonesia-stock-exchange-building---tower-2-interior-1668163073629-3.jpg
interior	interior/16_revenue-tower-interior-1668163818150-0.jpg
interior	interior/16_seyeon-building-interior-1693213793696-7.jpg
interior	interior/17_106_landmark-tower-landmark-tower-2_20180801073337_76465.jpg
interior	interior/17_107_mayapada-tower-mayapada-tower-1_20171212080256_19925.jpg
interior	interior/17_112_office-8-office-8_20170314090221_13761.jpg
interior	interior/17_115_plaza-bapindo-menara-mandiri-menara-mandiri-2_20180502044553_14122.jpg
interior	interior/17_129_sona-topas-tower-sona-topas-tower_20170727092352_21762.jpg
interior	interior/17_130_sudirman-plaza-indofood-tower_20170314084927_46021.jpg
interior	interior/17_133_the-energy-building-the-energy-tower_20170713014853_11935.jpg
interior	interior/17_134_wisma-46-bni-46-wisma-46_20171212083024_35912.jpg
interior	interior/17_136_wisma-bumiputera-wisma-bumiputera_20170214034605_16345.jpg
interior	interior/17_145_gedung-jaya-gedung-jaya_20171024015103_90414.jpg
interior	interior/17_150_menara-thamrin-menara-thamrin_20170713012111_29929.jpg
interior	interior/17_153_plaza-permata-plaza-permata_20170727092810_89539.jpg
interior	interior/17_155_sinarmas-land-plaza-ex-plaza-bii-sinarmas-land-plaza-menara-2_20171017064117_20488.jpg
interior	interior/17_162_wisma-nusantara-wisma-nusantara_20180507101828_83351.jpg
interior	interior/17_164_blue-green-integrated-boutique-office-blue-green-office-tower_20181015023014_88203.jpg
interior	interior/17_165_gallery-west-gallery-west_20180412062241_16144.jpg
interior	interior/17_166_gedung-graha-kencana-gedung-graha-kencana_20170712101521_74034.jpg
interior	interior/17_169_puri-indah-financial-tower-puri-indah-financial-tower_20180227073833_25486.jpg
interior	interior/17_16_wisma-aldiron-dirgantara-wisma-aldiron-dirgantara_20170809021144_84435.jpg
interior	interior/17_172_grand-slipi-tower-grand-slipi-tower_20180323092146_27032.jpg
interior	interior/17_173_menara-citicon-menara-citicon_20170214043445_46094.jpg
interior	interior/17_17_wisma-argo-manunggal-wisma-argo-manunggal_20180411090115_93555.jpg
interior	interior/17_180_wisma-bsg-wisma-bsg_20170705093835_92559.jpg
interior	interior/17_189_hdi-hive-ex-menteng-office-park-hdi-hive_20181029031819_71405.jpg
interior	interior/17_199_18-office-park-18-office-park_20180919062405_10860.jpg
interior	interior/17_1_capital-place-capital-place_20170616073723_64015.jpg
interior	interior/17_201_alamanda-tower-alamanda-tower_20190215024016_37721.jpg
interior	interior/17_202_antam-antam-tower-b_20170214050553_82899.jpg
interior	interior/17_208_gkm-tower-gkm-tower_20170214050709_92965.jpg
interior	interior/17_209_graha-elnusa-graha-elnusa_20170612020834_50118.jpg
interior	interior/17_216_menara-165-menara-165_20180502062109_42607.jpg
interior	interior/17_217_menara-citibank-pondok-indah-menara-citibank-pondok-indah_20180201101547_77964.jpg
interior	interior/17_218_metropolitan-tower-metropolitan-tower_20170809020220_99804.jpg
interior	interior/17_220_palma-tower-palma-tower_20180105102535_81870.jpg
interior	interior/17_228_plaza-simatupang-ex-plaza-alstom-plaza-simatupang-ex-plaza-alstom_20180502074714_17381.jpg
interior	interior/17_229_plaza-aminta-plaza-aminta_20180712031733_35810.jpg
interior	interior/17_236_south-quarter-south-quarter-tower-a_20180316084346_75971.jpg
interior	interior/17_23_menara-batavia-menara-batavia_20180404071109_86729.jpg
interior	interior/17_240_talavera-talavera-office-park_20180706090908_92668.jpg
interior	interior/17_254_wisma-pmi-ex-gedung-treva-wisma-pmi_20180718062600_87634.jpg
interior	interior/17_255_gedung-victoria-gedung-victoria_20180718044102_35981.jpg
interior	interior/17_256_one-wolter-place-one-wolter-place_20180718045835_28421.jpg
interior	interior/17_257_menara-sentraya-menara-sentraya_20180522063139_10095.jpg
interior	interior/17_262_menara-hijau-menara-hijau_20181015023257_32568.jpg
interior	interior/17_264_wisma-korindo-wisma-korindo_20180105102023_76744.jpg
interior	interior/17_266_multika-building-multika-building_20170523095121_91745.jpg
interior	interior/17_267_mutiara-building-mutiara-building_20171114075245_11914.jpg
interior	interior/17_269_graha-mampang-graha-mampang_20180420043653_53895.jpg
interior	interior/17_272_kobexindo-tower-kobexindo-tower_20180507074313_27040.jpg
interior	interior/17_273_emerald-tower-emerald-tower_20180507072418_61157.jpg
interior	interior/17_274_graha-kirana-graha-kirana_20171017062546_98388.jpg
interior	interior/17_275_graha-rekso-graha-rekso_20180920091018_84508.jpg
interior	interior/17_277_kirana-two-kirana-two_20171017063055_95322.jpg
interior	interior/17_279_perwata-tower-perwata-tower_20170727093140_27213.jpg
interior	interior/17_285_ciputra-world-2-tokopedia-tower-tokopedia-tower-ex-ciputra-world-2_20171027090049_37539.jpg
interior	interior/17_289_district-8-treasury-tower_20180412070243_73212.jpg
interior	interior/17_28_atrium-setiabudi-atrium-setiabudi_20171212075439_47204.jpg
interior	interior/17_304_altira-altira-office-tower_20180228094445_95717.jpg
interior	interior/17_30_cyber-2-tower-cyber-2-tower_20180507071914_99591.jpg
interior	interior/17_337_mangkuluhur-city-mangkuluhur-city_20190215024431_17899.jpg
interior	interior/17_34_gedung-pphui-gedung-pphui_20170720020406_15706.jpg
interior	interior/17_350_pacific-century-premium-developments-pcpd-pacific-century-place-tower-pcp_20171024022012_97825.jpg
interior	interior/17_366_zuria-tower-zuria-tower_20181115021318_52047.jpg
interior	interior/17_375_gedung-mr-21-menara-jasindo-gedung-mr-21-menara-jasindo_20170712101257_30402.jpg
interior	interior/17_376_tamansari-parama-tamansari-parama_20180416095608_18637.jpg
interior	interior/17_379_wisma-bakrie-wisma-bakrie-2_20170404103206_38370.jpg
interior	interior/17_388_graha-mandiri-graha-mandiri_20180416063833_54663.jpg
interior	interior/17_397_ciputra-international-puri-ciputra-international-puri-3-phase-1_20180525083211_30397.jpg
interior	interior/17_401_st-moritz-office-tower-lippo-st-moritz-office-tower_20171212082455_25393.jpg
interior	interior/17_403_synthesis-tower-ex-gedung-hero-synthesis-tower-2-ex-gedung-hero_20170612022138_24858.jpg
interior	interior/17_411_graha-indochem-graha-indochem_20171017062221_11100.jpg
interior	interior/17_412_honeylady-tower-honeylady-tower_20180516091032_19078.jpg
interior	interior/17_419_mth-square-mth-square_20180514094907_12485.jpg
interior	interior/17_424_kirana-three-office-tower-kirana-three_20171017062733_84758.jpg
interior	interior/17_426_l-avenue-office-park-l-avenue-office_20170727093530_89712.jpg
interior	interior/17_428_wisma-aria-wisma-aria_20180417042045_39341.jpg
interior	interior/17_431_multi-piranti-graha-multi-piranti-graha_20180514090905_11538.jpg
interior	interior/17_434_plaza-basmar-plaza-basmar_20180502073254_19115.jpg
interior	interior/17_435_wisma-prima-wisma-prima_20180420062450_65344.jpg
interior	interior/17_439_gp-plaza-gp-plaza_20170411092231_52491.jpg
interior	interior/17_440_landmark-pluit-land-mark-pluit_20180522040102_84739.jpg
interior	interior/17_443_graha-lestari-graha-lestari_20180405025801_25017.jpg
interior	interior/17_445_pakarti-center-building-pakarti-center-building_20170713012741_93319.jpg
interior	interior/17_44_md-place-md-place-tower-1_20171027095913_32793.jpg
interior	interior/17_452_the-koppel-building-the-koppel-building_20180516093507_10707.jpg
interior	interior/17_454_wisma-adr-wisma-adr_20180516094234_47006.jpg
interior	interior/17_455_wisma-akr-wisma-akr_20180412064033_23861.jpg
interior	interior/17_459_maspion-plaza-maspion-plaza_20170720081203_55021.jpg
interior	interior/17_463_gedung-tranka-gedung-tranka_20180420042524_24873.jpg
interior	interior/17_465_menara-salemba-menara-salemba_20171212080606_80023.jpg
interior	interior/17_467_gedung-kharisma-gedung-kharisma_20180507072755_36875.jpg
interior	interior/17_468_gedung-cosa-gedung-cosa_20180808085219_89467.jpg
interior	interior/17_469_de-ritz-de-ritz-building_20170720020118_53065.jpg
interior	interior/17_472_sainath-tower-sainath-tower_20180417044934_69964.jpg
interior	interior/17_478_menara-kompas-menara-kompas_20180105102425_26019.jpg
interior	interior/17_479_gedung-unifam-gedung-unifam_20171024023055_86757.jpg
interior	interior/17_481_gedung-jagat-gedung-jagat_20180227074156_11184.jpg
interior	interior/17_485_its-office-tower-its-office-tower_20180420050004_48609.jpg
interior	interior/17_487_kencana-tower-kencana-tower_20180516091859_87370.jpg
interior	interior/17_492_springhill-office-tower-springhill-office-tower_20180417045309_15100.jpg
interior	interior/17_498_kmo-building-kmo-building_20171017063253_95718.jpg
interior	interior/17_505_the-prominence-the-prominence-office-tower_20180202025504_26403.jpg
interior	interior/17_506_kantor-taman-a9-kantor-taman-a9_20180514094246_54872.jpg
interior	interior/17_511_scientia-garden-scientia-business-park_20190618080819_49271.jpg
interior	interior/17_512_graha-tirtadi-graha-tirtadi-senopati_20180514092131_31312.jpg
interior	interior/17_515_synergy-building-synergy-building_20180201102928_73086.jpg
interior	interior/17_516_gedung-datascrip-gedung-datascrip_20180105101920_64173.jpg
interior	interior/17_523_plaza-summarecon-serpong-plaza-summarecon-serpong_20190618080626_88694.jpg
interior	interior/17_52_menara-palma-1-menara-palma-1_20170616080913_27194.jpg
interior	interior/17_530_grha-niaga-thamrin-grha-niaga-thamrin_20180404070422_83162.jpg
interior	interior/17_539_gedung-pemuda-gedung-pemuda_20180514082416_49575.jpg
interior	interior/17_53_multivision-tower-multivision-tower_20180926031920_34681.jpg
interior	interior/17_546_menara-bidakara-gedung-binasentra_20181105073240_93359.jpeg
interior	interior/17_548_vinilon-building-vinilon-building_20180404071452_26072.jpg
interior	interior/17_562_indomobil-tower-indomobil-tower_20180514092814_94924.jpg
interior	interior/17_563_temas-line-temas-line_20180227074426_73463.jpg
interior	interior/17_564_blue-bird-tower-blue-bird-tower_20180201100525_87687.jpg
interior	interior/17_576_gedung-rabana-gedung-rabana_20180808093518_13933.jpg
interior	interior/17_582_wisma-47-wisma-47_20180412072318_97615.jpg
interior	interior/17_611_the-victoria-the-victoria_20180808100526_19996.jpg
interior	interior/17_617_the-mahitala-the-mahitala_20190313033924_35997.jpg
interior	interior/17_618_perkantoran-taman-melati-margonda-margonda-office-building_20180928072735_47853.jpg
interior	interior/17_649_trio-building-trio-building_20190214101710_40657.jpg
interior	interior/17_64_wisma-budi-wisma-budi_20170616083614_53618.jpg
interior	interior/17_652_tata-building-tata-building_20190313033742_66897.jpg
interior	interior/17_656_wisma-megah-sunter-wisma-megah-sunter_20190731063914_20777.jpg
interior	interior/17_67_wisma-tugu-wisma-tugu-2_20180507102452_63269.jpg
interior	interior/17_68_menara-anugrah-menara-anugrah_20170809013641_24285.jpg
interior	interior/17_75_noble-house-noble-house_20170428022854_63075.jpg
interior	interior/17_78_axa-tower-axa-tower_20180412063017_24836.jpg
interior	interior/17_81_graha-paramita-graha-paramita_20190702024629_35433.jpg
interior	interior/17_8_k-link-tower-k-link-tower_20171212080035_58620.jpg
interior	interior/17_98_gedung-summitmas-gedung-summitmas-1_20180327091644_22165.jpg
interior	interior/17_99_gedung-summitmas-gedung-summitmas-2_20180507100322_27584.jpg
interior	interior/17_9_menara-bidakara-menara-bidakara-1_20170809014321_50613.jpg
interior	interior/17_citra-north-towers-interior-1672626643864-2.jpg
interior	interior/17_revenue-tower-interior-1668163818150-1.jpg
interior	interior/17_seyeon-building-interior-1693213862655-0.jpg
interior	interior/18_106_landmark-tower-landmark-tower-2_20180801073337_77081.jpg
interior	interior/18_112_office-8-office-8_20170913064907_58717.jpg
interior	interior/18_115_plaza-bapindo-menara-mandiri-menara-mandiri-2_20180502044555_15181.jpg
interior	interior/18_129_sona-topas-tower-sona-topas-tower_20170727092405_52608.jpg
interior	interior/18_130_sudirman-plaza-indofood-tower_20170314084927_66614.jpg
interior	interior/18_133_the-energy-building-the-energy-tower_20170713014858_83900.jpg
interior	interior/18_136_wisma-bumiputera-wisma-bumiputera_20170214034605_69038.jpg
interior	interior/18_145_gedung-jaya-gedung-jaya_20171024015106_38622.jpg
interior	interior/18_150_menara-thamrin-menara-thamrin_20170713012120_32725.jpg
interior	interior/18_153_plaza-permata-plaza-permata_20170727092813_63294.jpg
interior	interior/18_155_sinarmas-land-plaza-ex-plaza-bii-sinarmas-land-plaza-menara-2_20171017064119_37750.jpg
interior	interior/18_162_wisma-nusantara-wisma-nusantara_20180507101829_40513.jpg
interior	interior/18_164_blue-green-integrated-boutique-office-blue-green-office-tower_20181015023014_63360.jpg
interior	interior/18_165_gallery-west-gallery-west_20180412062242_63967.jpg
interior	interior/18_166_gedung-graha-kencana-gedung-graha-kencana_20170712101524_76394.jpg
interior	interior/18_169_puri-indah-financial-tower-puri-indah-financial-tower_20180227073833_91903.jpg
interior	interior/18_16_wisma-aldiron-dirgantara-wisma-aldiron-dirgantara_20170809021145_81579.jpg
interior	interior/18_172_grand-slipi-tower-grand-slipi-tower_20180420032046_89574.jpg
interior	interior/18_17_wisma-argo-manunggal-wisma-argo-manunggal_20180411090116_32427.jpg
interior	interior/18_180_wisma-bsg-wisma-bsg_20170705093841_91051.jpg
interior	interior/18_189_hdi-hive-ex-menteng-office-park-hdi-hive_20181029031819_10152.jpg
interior	interior/18_199_18-office-park-18-office-park_20180919062406_15685.jpg
interior	interior/18_1_capital-place-capital-place_20170616073728_51948.jpg
interior	interior/18_201_alamanda-tower-alamanda-tower_20190215024016_90316.jpg
interior	interior/18_202_antam-antam-tower-b_20170214050553_99640.jpg
interior	interior/18_208_gkm-tower-gkm-tower_20170214050709_52051.jpg
interior	interior/18_209_graha-elnusa-graha-elnusa_20170612020840_62314.jpg
interior	interior/18_216_menara-165-menara-165_20180502062109_37801.jpg
interior	interior/18_218_metropolitan-tower-metropolitan-tower_20170809020220_83093.jpg
interior	interior/18_220_palma-tower-palma-tower_20180105102537_44046.jpg
interior	interior/18_228_plaza-simatupang-ex-plaza-alstom-plaza-simatupang-ex-plaza-alstom_20180502074714_92782.jpg
interior	interior/18_229_plaza-aminta-plaza-aminta_20180712031733_73155.jpg
interior	interior/18_236_south-quarter-south-quarter-tower-a_20180316084346_61644.jpg
interior	interior/18_23_menara-batavia-menara-batavia_20180404071110_51387.jpg
interior	interior/18_254_wisma-pmi-ex-gedung-treva-wisma-pmi_20180718062600_29288.jpg
interior	interior/18_255_gedung-victoria-gedung-victoria_20180718044102_40980.jpg
interior	interior/18_256_one-wolter-place-one-wolter-place_20180718045835_76085.jpg
interior	interior/18_257_menara-sentraya-menara-sentraya_20180522063140_87179.jpg
interior	interior/18_262_menara-hijau-menara-hijau_20181015023258_46940.jpg
interior	interior/18_264_wisma-korindo-wisma-korindo_20180327100638_69782.jpg
interior	interior/18_267_mutiara-building-mutiara-building_20171114075248_97351.jpg
interior	interior/18_269_graha-mampang-graha-mampang_20180420043654_89907.jpg
interior	interior/18_272_kobexindo-tower-kobexindo-tower_20180507074314_26433.jpg
interior	interior/18_273_emerald-tower-emerald-tower_20180507072418_19007.jpg
interior	interior/18_274_graha-kirana-graha-kirana_20171017062548_20792.jpg
interior	interior/18_275_graha-rekso-graha-rekso_20180920091018_68936.jpg
interior	interior/18_277_kirana-two-kirana-two_20171017063100_54027.jpg
interior	interior/18_279_perwata-tower-perwata-tower_20170727093144_60952.jpg
interior	interior/18_285_ciputra-world-2-tokopedia-tower-tokopedia-tower-ex-ciputra-world-2_20180525073931_30101.jpg
interior	interior/18_289_district-8-treasury-tower_20180412070244_51505.jpg
interior	interior/18_28_atrium-setiabudi-atrium-setiabudi_20171212075447_94526.jpg
interior	interior/18_304_altira-altira-office-tower_20180228094446_60653.jpg
interior	interior/18_30_cyber-2-tower-cyber-2-tower_20180507071915_97673.jpg
interior	interior/18_34_gedung-pphui-gedung-pphui_20170720020408_57040.jpg
interior	interior/18_350_pacific-century-premium-developments-pcpd-pacific-century-place-tower-pcp_20171024022015_45240.jpg
interior	interior/18_366_zuria-tower-zuria-tower_20181115021318_87712.jpg
interior	interior/18_375_gedung-mr-21-menara-jasindo-gedung-mr-21-menara-jasindo_20170712101259_41097.jpg
interior	interior/18_376_tamansari-parama-tamansari-parama_20180416095608_30334.jpg
interior	interior/18_379_wisma-bakrie-wisma-bakrie-2_20170404103206_49582.jpg
interior	interior/18_388_graha-mandiri-graha-mandiri_20180416063837_78892.jpg
interior	interior/18_401_st-moritz-office-tower-lippo-st-moritz-office-tower_20171212082457_56761.jpg
interior	interior/18_403_synthesis-tower-ex-gedung-hero-synthesis-tower-2-ex-gedung-hero_20170612022144_59297.jpg
interior	interior/18_411_graha-indochem-graha-indochem_20171017062222_54113.jpg
interior	interior/18_412_honeylady-tower-honeylady-tower_20180516091032_91219.jpg
interior	interior/18_419_mth-square-mth-square_20180514094907_57106.jpg
interior	interior/18_426_l-avenue-office-park-l-avenue-office_20170727093534_83701.jpg
interior	interior/18_428_wisma-aria-wisma-aria_20180417042046_77784.jpg
interior	interior/18_431_multi-piranti-graha-multi-piranti-graha_20180514090905_99449.jpg
interior	interior/18_434_plaza-basmar-plaza-basmar_20180502073255_77327.jpg
interior	interior/18_435_wisma-prima-wisma-prima_20180420062451_32200.jpg
interior	interior/18_439_gp-plaza-gp-plaza_20170411092231_84224.jpg
interior	interior/18_440_landmark-pluit-land-mark-pluit_20180522040103_38766.jpg
interior	interior/18_443_graha-lestari-graha-lestari_20180405025801_42328.jpg
interior	interior/18_445_pakarti-center-building-pakarti-center-building_20170713012749_82083.jpg
interior	interior/18_452_the-koppel-building-the-koppel-building_20180516093507_34594.jpg
interior	interior/18_454_wisma-adr-wisma-adr_20180516094234_33273.jpg
interior	interior/18_455_wisma-akr-wisma-akr_20180412064034_37876.jpg
interior	interior/18_459_maspion-plaza-maspion-plaza_20170720081206_24206.jpg
interior	interior/18_463_gedung-tranka-gedung-tranka_20180420042524_61607.jpg
interior	interior/18_467_gedung-kharisma-gedung-kharisma_20180507072755_92927.jpg
interior	interior/18_468_gedung-cosa-gedung-cosa_20180808085219_92130.jpg
interior	interior/18_469_de-ritz-de-ritz-building_20170720020127_44889.jpg
interior	interior/18_472_sainath-tower-sainath-tower_20180417044934_63055.jpg
interior	interior/18_478_menara-kompas-menara-kompas_20180105102427_99567.jpg
interior	interior/18_479_gedung-unifam-gedung-unifam_20171024023234_99203.jpg
interior	interior/18_481_gedung-jagat-gedung-jagat_20180227074156_80517.jpg
interior	interior/18_485_its-office-tower-its-office-tower_20180420050004_55138.jpg
interior	interior/18_487_kencana-tower-kencana-tower_20180516091900_55165.jpg
interior	interior/18_492_springhill-office-tower-springhill-office-tower_20180417045309_11513.jpg
interior	interior/18_498_kmo-building-kmo-building_20171017063259_29903.jpg
interior	interior/18_505_the-prominence-the-prominence-office-tower_20180202025506_54447.jpg
interior	interior/18_506_kantor-taman-a9-kantor-taman-a9_20180514094247_12846.jpg
interior	interior/18_511_scientia-garden-scientia-business-park_20190618080819_28182.jpg
interior	interior/18_512_graha-tirtadi-graha-tirtadi-senopati_20180514092133_41872.jpg
interior	interior/18_515_synergy-building-synergy-building_20180201102932_94362.jpg
interior	interior/18_516_gedung-datascrip-gedung-datascrip_20180105101921_40884.jpg
interior	interior/18_523_plaza-summarecon-serpong-plaza-summarecon-serpong_20190618080626_78508.jpg
interior	interior/18_52_menara-palma-1-menara-palma-1_20170616080919_58132.jpg
interior	interior/18_530_grha-niaga-thamrin-grha-niaga-thamrin_20180404070422_88121.jpg
interior	interior/18_539_gedung-pemuda-gedung-pemuda_20180514082416_54660.jpg
interior	interior/18_53_multivision-tower-multivision-tower_20180926031921_27256.jpg
interior	interior/18_546_menara-bidakara-gedung-binasentra_20181105073240_86900.jpeg
interior	interior/18_548_vinilon-building-vinilon-building_20180404071453_99387.jpg
interior	interior/18_562_indomobil-tower-indomobil-tower_20180514092814_80744.jpg
interior	interior/18_563_temas-line-temas-line_20180227074426_70777.jpg
interior	interior/18_564_blue-bird-tower-blue-bird-tower_20180201100531_92414.jpg
interior	interior/18_576_gedung-rabana-gedung-rabana_20180808093518_37720.jpg
interior	interior/18_582_wisma-47-wisma-47_20180412072318_25303.jpg
interior	interior/18_618_perkantoran-taman-melati-margonda-margonda-office-building_20180928072735_25811.jpg
interior	interior/18_649_trio-building-trio-building_20190214101710_68116.jpg
interior	interior/18_64_wisma-budi-wisma-budi_20170616083621_43187.jpg
interior	interior/18_652_tata-building-tata-building_20190313082024_40642.jpg
interior	interior/18_656_wisma-megah-sunter-wisma-megah-sunter_20190731063914_33409.jpg
interior	interior/18_67_wisma-tugu-wisma-tugu-2_20180507102452_74208.jpg
interior	interior/18_75_noble-house-noble-house_20170523095823_42065.jpg
interior	interior/18_78_axa-tower-axa-tower_20180412063018_10468.jpg
interior	interior/18_81_graha-paramita-graha-paramita_20190702024629_13185.jpg
interior	interior/18_8_k-link-tower-k-link-tower_20171212080037_52155.jpg
interior	interior/18_98_gedung-summitmas-gedung-summitmas-1_20180327091645_29510.jpg
interior	interior/18_9_menara-bidakara-menara-bidakara-1_20170809014321_47272.jpg
interior	interior/18_citra-north-towers-interior-1672626662390-0.jpg
interior	interior/18_revenue-tower-interior-1668163818150-2.jpg
interior	interior/19_106_landmark-tower-landmark-tower-2_20180801073338_48361.jpg
interior	interior/19_112_office-8-office-8_20170913064910_18825.jpg
interior	interior/19_129_sona-topas-tower-sona-topas-tower_20170727092407_36340.jpg
interior	interior/19_130_sudirman-plaza-indofood-tower_20170314084927_67893.jpg
interior	interior/19_133_the-energy-building-the-energy-tower_20170713014904_25102.jpg
interior	interior/19_145_gedung-jaya-gedung-jaya_20171024015108_22499.jpg
interior	interior/19_150_menara-thamrin-menara-thamrin_20170713012126_12425.jpg
interior	interior/19_153_plaza-permata-plaza-permata_20170727092817_50864.jpg
interior	interior/19_155_sinarmas-land-plaza-ex-plaza-bii-sinarmas-land-plaza-menara-2_20171017064120_67257.jpg
interior	interior/19_162_wisma-nusantara-wisma-nusantara_20180507101829_63260.jpg
interior	interior/19_164_blue-green-integrated-boutique-office-blue-green-office-tower_20181015023014_38339.jpg
interior	interior/19_165_gallery-west-gallery-west_20180412062242_24564.jpg
interior	interior/19_166_gedung-graha-kencana-gedung-graha-kencana_20170712101527_44446.jpg
interior	interior/19_169_puri-indah-financial-tower-puri-indah-financial-tower_20180227073834_53719.jpg
interior	interior/19_16_wisma-aldiron-dirgantara-wisma-aldiron-dirgantara_20170809021145_52281.jpg
interior	interior/19_172_grand-slipi-tower-grand-slipi-tower_20180420032047_40233.jpg
interior	interior/19_17_wisma-argo-manunggal-wisma-argo-manunggal_20180411090116_17015.jpg
interior	interior/19_180_wisma-bsg-wisma-bsg_20170705093846_51636.jpg
interior	interior/19_189_hdi-hive-ex-menteng-office-park-hdi-hive_20181029031820_39933.jpg
interior	interior/19_199_18-office-park-18-office-park_20180919062406_49950.jpg
interior	interior/19_1_capital-place-capital-place_20170616073738_35133.jpg
interior	interior/19_201_alamanda-tower-alamanda-tower_20190215024016_61135.jpg
interior	interior/19_202_antam-antam-tower-b_20170214050553_31676.jpg
interior	interior/19_208_gkm-tower-gkm-tower_20170214050709_32628.jpg
interior	interior/19_209_graha-elnusa-graha-elnusa_20170612020848_39244.jpg
interior	interior/19_216_menara-165-menara-165_20180502062109_17534.jpg
interior	interior/19_218_metropolitan-tower-metropolitan-tower_20170809020221_20353.jpg
interior	interior/19_220_palma-tower-palma-tower_20180105102538_79955.jpg
interior	interior/19_228_plaza-simatupang-ex-plaza-alstom-plaza-simatupang-ex-plaza-alstom_20180502074714_35978.jpg
interior	interior/19_229_plaza-aminta-plaza-aminta_20180712031733_65928.jpg
interior	interior/19_236_south-quarter-south-quarter-tower-a_20180316084347_30849.jpg
interior	interior/19_23_menara-batavia-menara-batavia_20180404071110_72309.jpg
interior	interior/19_254_wisma-pmi-ex-gedung-treva-wisma-pmi_20180718062600_69112.jpg
interior	interior/19_255_gedung-victoria-gedung-victoria_20180718044102_14136.jpg
interior	interior/19_256_one-wolter-place-one-wolter-place_20180718045835_30475.jpg
interior	interior/19_257_menara-sentraya-menara-sentraya_20180522063141_76164.jpg
interior	interior/19_262_menara-hijau-menara-hijau_20181015023258_34535.jpg
interior	interior/19_264_wisma-korindo-wisma-korindo_20180327100638_72887.jpg
interior	interior/19_272_kobexindo-tower-kobexindo-tower_20180507074314_62038.jpg
interior	interior/19_273_emerald-tower-emerald-tower_20180507072418_53778.jpg
interior	interior/19_274_graha-kirana-graha-kirana_20171017062554_96294.jpg
interior	interior/19_275_graha-rekso-graha-rekso_20180920091018_19872.jpg
interior	interior/19_277_kirana-two-kirana-two_20171017063101_24629.jpg
interior	interior/19_279_perwata-tower-perwata-tower_20170727093148_45417.jpg
interior	interior/19_285_ciputra-world-2-tokopedia-tower-tokopedia-tower-ex-ciputra-world-2_20180525073931_13336.jpg
interior	interior/19_289_district-8-treasury-tower_20180412070244_98287.jpg
interior	interior/19_28_atrium-setiabudi-atrium-setiabudi_20171212075449_34954.jpg
interior	interior/19_304_altira-altira-office-tower_20180228094446_61146.jpg
interior	interior/19_30_cyber-2-tower-cyber-2-tower_20180507071915_90855.jpg
interior	interior/19_34_gedung-pphui-gedung-pphui_20170720020411_16050.jpg
interior	interior/19_350_pacific-century-premium-developments-pcpd-pacific-century-place-tower-pcp_20171024022017_57777.jpg
interior	interior/19_366_zuria-tower-zuria-tower_20181115021318_74805.jpg
interior	interior/19_375_gedung-mr-21-menara-jasindo-gedung-mr-21-menara-jasindo_20170712101301_62730.jpg
interior	interior/19_376_tamansari-parama-tamansari-parama_20180416095609_42153.jpg
interior	interior/19_379_wisma-bakrie-wisma-bakrie-2_20170411042107_51085.jpg
interior	interior/19_388_graha-mandiri-graha-mandiri_20180416063838_66868.jpg
interior	interior/19_401_st-moritz-office-tower-lippo-st-moritz-office-tower_20171212082500_38193.jpg
interior	interior/19_403_synthesis-tower-ex-gedung-hero-synthesis-tower-2-ex-gedung-hero_20170612022150_43689.jpg
interior	interior/19_411_graha-indochem-graha-indochem_20171017062227_27105.jpg
interior	interior/19_412_honeylady-tower-honeylady-tower_20180516091033_24102.jpg
interior	interior/19_419_mth-square-mth-square_20180514094909_44821.jpg
interior	interior/19_426_l-avenue-office-park-l-avenue-office_20170727093538_86607.jpg
interior	interior/19_428_wisma-aria-wisma-aria_20180417042046_59794.jpg
interior	interior/19_431_multi-piranti-graha-multi-piranti-graha_20180514090905_79659.jpg
interior	interior/19_434_plaza-basmar-plaza-basmar_20180502073255_46436.jpg
interior	interior/19_435_wisma-prima-wisma-prima_20180420062451_45388.jpg
interior	interior/19_439_gp-plaza-gp-plaza_20170411092231_21551.jpg
interior	interior/19_440_landmark-pluit-land-mark-pluit_20180522040104_14332.jpg
interior	interior/19_443_graha-lestari-graha-lestari_20180405025802_29429.jpg
interior	interior/19_445_pakarti-center-building-pakarti-center-building_20170713012757_55364.jpg
interior	interior/19_452_the-koppel-building-the-koppel-building_20180516093507_38335.jpg
interior	interior/19_454_wisma-adr-wisma-adr_20180516094234_44242.jpg
interior	interior/19_455_wisma-akr-wisma-akr_20180412064034_10209.jpg
interior	interior/19_463_gedung-tranka-gedung-tranka_20180420042525_25814.jpg
interior	interior/19_467_gedung-kharisma-gedung-kharisma_20180507072755_19161.jpg
interior	interior/19_468_gedung-cosa-gedung-cosa_20180808085220_40055.jpg
interior	interior/19_469_de-ritz-de-ritz-building_20170720020134_80230.jpg
interior	interior/19_472_sainath-tower-sainath-tower_20180417044935_98560.jpg
interior	interior/19_478_menara-kompas-menara-kompas_20180105102429_95796.jpg
interior	interior/19_479_gedung-unifam-gedung-unifam_20171024023308_34855.jpg
interior	interior/19_481_gedung-jagat-gedung-jagat_20180227074156_68406.jpg
interior	interior/19_485_its-office-tower-its-office-tower_20180420050004_73867.jpg
interior	interior/19_487_kencana-tower-kencana-tower_20180516091900_88800.jpg
interior	interior/19_492_springhill-office-tower-springhill-office-tower_20180417045310_99199.jpg
interior	interior/19_498_kmo-building-kmo-building_20171027095218_37649.jpg
interior	interior/19_505_the-prominence-the-prominence-office-tower_20180202025508_15244.jpg
interior	interior/19_506_kantor-taman-a9-kantor-taman-a9_20180514094248_56221.jpg
interior	interior/19_511_scientia-garden-scientia-business-park_20190618080820_84606.jpg
interior	interior/19_512_graha-tirtadi-graha-tirtadi-senopati_20180530032138_78029.jpg
interior	interior/19_516_gedung-datascrip-gedung-datascrip_20180105101924_37115.jpg
interior	interior/19_523_plaza-summarecon-serpong-plaza-summarecon-serpong_20190618080626_61695.jpg
interior	interior/19_530_grha-niaga-thamrin-grha-niaga-thamrin_20180404070423_99634.jpg
interior	interior/19_539_gedung-pemuda-gedung-pemuda_20180514082416_88630.jpg
interior	interior/19_53_multivision-tower-multivision-tower_20180926031921_50437.jpg
interior	interior/19_546_menara-bidakara-gedung-binasentra_20181105073240_54617.jpeg
interior	interior/19_548_vinilon-building-vinilon-building_20180404071453_79042.jpg
interior	interior/19_562_indomobil-tower-indomobil-tower_20180514092814_33457.jpg
interior	interior/19_563_temas-line-temas-line_20180227074427_40988.jpg
interior	interior/19_564_blue-bird-tower-blue-bird-tower_20180201100537_33840.jpg
interior	interior/19_576_gedung-rabana-gedung-rabana_20180808093518_33043.jpg
interior	interior/19_582_wisma-47-wisma-47_20180412072318_49941.jpg
interior	interior/19_618_perkantoran-taman-melati-margonda-margonda-office-building_20180928072735_70619.jpg
interior	interior/19_649_trio-building-trio-building_20190214101710_32621.jpg
interior	interior/19_64_wisma-budi-wisma-budi_20170616083633_52858.jpg
interior	interior/19_652_tata-building-tata-building_20190313082025_69498.jpg
interior	interior/19_656_wisma-megah-sunter-wisma-megah-sunter_20190731063914_86235.jpg
interior	interior/19_67_wisma-tugu-wisma-tugu-2_20180507102452_73070.jpg
interior	interior/19_75_noble-house-noble-house_20170523095849_76573.jpg
interior	interior/19_78_axa-tower-axa-tower_20180412063018_62317.jpg
interior	interior/19_81_graha-paramita-graha-paramita_20190702024629_33021.jpg
interior	interior/19_98_gedung-summitmas-gedung-summitmas-1_20180327091645_84689.jpg
interior	interior/19_9_menara-bidakara-menara-bidakara-1_20170809014322_64181.jpg
interior	interior/19_citra-north-towers-interior-1672626662390-1.jpg
interior	interior/19_revenue-tower-interior-1668163818150-3.jpg
interior	interior/20_106_landmark-tower-landmark-tower-2_20180801073338_19520.jpg
interior	interior/20_112_office-8-office-8_20170913064948_88961.jpg
interior	interior/20_129_sona-topas-tower-sona-topas-tower_20170727092412_39149.jpg
interior	interior/20_130_sudirman-plaza-indofood-tower_20170314084927_77074.jpg
interior	interior/20_133_the-energy-building-the-energy-tower_20170713014908_46388.jpg
interior	interior/20_145_gedung-jaya-gedung-jaya_20171024015113_23067.jpg
interior	interior/20_150_menara-thamrin-menara-thamrin_20170713012133_26562.jpg
interior	interior/20_153_plaza-permata-plaza-permata_20170727092821_36546.jpg
interior	interior/20_155_sinarmas-land-plaza-ex-plaza-bii-sinarmas-land-plaza-menara-2_20171017064120_76060.jpg
interior	interior/20_162_wisma-nusantara-wisma-nusantara_20180507101830_38367.jpg
interior	interior/20_164_blue-green-integrated-boutique-office-blue-green-office-tower_20181015023014_18370.jpg
interior	interior/20_165_gallery-west-gallery-west_20180412062243_76905.jpg
interior	interior/20_166_gedung-graha-kencana-gedung-graha-kencana_20170712101530_41221.jpg
interior	interior/20_169_puri-indah-financial-tower-puri-indah-financial-tower_20180227073834_66765.jpg
interior	interior/20_16_wisma-aldiron-dirgantara-wisma-aldiron-dirgantara_20170809021145_41312.jpg
interior	interior/20_172_grand-slipi-tower-grand-slipi-tower_20180420032047_20749.jpg
interior	interior/20_17_wisma-argo-manunggal-wisma-argo-manunggal_20180411090116_74018.jpg
interior	interior/20_180_wisma-bsg-wisma-bsg_20170705093856_48846.jpg
interior	interior/20_189_hdi-hive-ex-menteng-office-park-hdi-hive_20181029031820_30901.jpg
interior	interior/20_199_18-office-park-18-office-park_20180919062406_30494.jpg
interior	interior/20_1_capital-place-capital-place_20170616073744_85123.jpg
interior	interior/20_201_alamanda-tower-alamanda-tower_20190215024016_28974.jpg
interior	interior/20_202_antam-antam-tower-b_20170214050554_91100.jpg
interior	interior/20_208_gkm-tower-gkm-tower_20170214050709_30120.jpg
interior	interior/20_209_graha-elnusa-graha-elnusa_20170612020856_88854.jpg
interior	interior/20_216_menara-165-menara-165_20180502062109_67805.jpg
interior	interior/20_218_metropolitan-tower-metropolitan-tower_20170809020221_88095.jpg
interior	interior/20_220_palma-tower-palma-tower_20180105102542_30070.jpg
interior	interior/20_228_plaza-simatupang-ex-plaza-alstom-plaza-simatupang-ex-plaza-alstom_20180502074714_97408.jpg
interior	interior/20_229_plaza-aminta-plaza-aminta_20180712031733_42783.jpg
interior	interior/20_236_south-quarter-south-quarter-tower-a_20180316084348_68281.jpg
interior	interior/20_23_menara-batavia-menara-batavia_20180404071110_59449.jpg
interior	interior/20_254_wisma-pmi-ex-gedung-treva-wisma-pmi_20180718062601_46578.jpg
interior	interior/20_255_gedung-victoria-gedung-victoria_20180718044102_45347.jpg
interior	interior/20_256_one-wolter-place-one-wolter-place_20180718045836_90923.jpg
interior	interior/20_257_menara-sentraya-menara-sentraya_20180522063142_24045.jpg
interior	interior/20_262_menara-hijau-menara-hijau_20181015023258_88720.jpg
interior	interior/20_264_wisma-korindo-wisma-korindo_20180327100639_92073.jpg
interior	interior/20_272_kobexindo-tower-kobexindo-tower_20180507074314_93057.jpg
interior	interior/20_274_graha-kirana-graha-kirana_20171017062556_84530.jpg
interior	interior/20_275_graha-rekso-graha-rekso_20180920091018_43178.jpg
interior	interior/20_277_kirana-two-kirana-two_20171027094423_12811.jpg
interior	interior/20_279_perwata-tower-perwata-tower_20170727093150_65737.jpg
interior	interior/20_285_ciputra-world-2-tokopedia-tower-tokopedia-tower-ex-ciputra-world-2_20180525073931_15796.jpg
interior	interior/20_289_district-8-treasury-tower_20180412070244_78649.jpg
interior	interior/20_28_atrium-setiabudi-atrium-setiabudi_20171212075455_70267.jpg
interior	interior/20_304_altira-altira-office-tower_20180228094446_71788.jpg
interior	interior/20_30_cyber-2-tower-cyber-2-tower_20180507071916_68579.jpg
interior	interior/20_34_gedung-pphui-gedung-pphui_20170720020421_35534.jpg
interior	interior/20_350_pacific-century-premium-developments-pcpd-pacific-century-place-tower-pcp_20171024022019_40509.jpg
interior	interior/20_366_zuria-tower-zuria-tower_20181115021319_95892.jpg
interior	interior/20_376_tamansari-parama-tamansari-parama_20180416095610_44101.jpg
interior	interior/20_379_wisma-bakrie-wisma-bakrie-2_20170411042118_46689.jpg
interior	interior/20_401_st-moritz-office-tower-lippo-st-moritz-office-tower_20171212082502_76617.jpg
interior	interior/20_403_synthesis-tower-ex-gedung-hero-synthesis-tower-2-ex-gedung-hero_20170612022200_76086.jpg
interior	interior/20_411_graha-indochem-graha-indochem_20171017062228_25261.jpg
interior	interior/20_412_honeylady-tower-honeylady-tower_20180516091033_23516.jpg
interior	interior/20_419_mth-square-mth-square_20180514094909_20969.jpg
interior	interior/20_426_l-avenue-office-park-l-avenue-office_20170727093542_99137.jpg
interior	interior/20_431_multi-piranti-graha-multi-piranti-graha_20180514090906_24007.jpg
interior	interior/20_434_plaza-basmar-plaza-basmar_20180502073255_96949.jpg
interior	interior/20_435_wisma-prima-wisma-prima_20180420062452_91123.jpg
interior	interior/20_439_gp-plaza-gp-plaza_20170411092232_73309.jpg
interior	interior/20_440_landmark-pluit-land-mark-pluit_20180522040104_55920.jpg
interior	interior/20_443_graha-lestari-graha-lestari_20180405025802_67435.jpg
interior	interior/20_445_pakarti-center-building-pakarti-center-building_20170713012811_16706.jpg
interior	interior/20_452_the-koppel-building-the-koppel-building_20180516093508_40541.jpg
interior	interior/20_454_wisma-adr-wisma-adr_20180516094235_86894.jpg
interior	interior/20_455_wisma-akr-wisma-akr_20180412064036_94463.jpg
interior	interior/20_463_gedung-tranka-gedung-tranka_20180420042525_97959.jpg
interior	interior/20_467_gedung-kharisma-gedung-kharisma_20180507072756_76413.jpg
interior	interior/20_468_gedung-cosa-gedung-cosa_20180808085220_50459.jpg
interior	interior/20_469_de-ritz-de-ritz-building_20170720020144_46173.jpg
interior	interior/20_472_sainath-tower-sainath-tower_20180417044935_87290.jpg
interior	interior/20_478_menara-kompas-menara-kompas_20180105102431_72195.jpg
interior	interior/20_479_gedung-unifam-gedung-unifam_20171024023341_36285.jpg
interior	interior/20_485_its-office-tower-its-office-tower_20180420050005_37259.jpg
interior	interior/20_498_kmo-building-kmo-building_20171027095219_12952.jpg
interior	interior/20_505_the-prominence-the-prominence-office-tower_20180202025511_72007.jpg
interior	interior/20_506_kantor-taman-a9-kantor-taman-a9_20180514094248_66372.jpg
interior	interior/20_512_graha-tirtadi-graha-tirtadi-senopati_20180530032139_23231.jpg
interior	interior/20_523_plaza-summarecon-serpong-plaza-summarecon-serpong_20190618080627_94580.jpg
interior	interior/20_530_grha-niaga-thamrin-grha-niaga-thamrin_20180404070423_63472.jpg
interior	interior/20_539_gedung-pemuda-gedung-pemuda_20180514082417_18681.jpg
interior	interior/20_53_multivision-tower-multivision-tower_20180926031921_93163.jpg
interior	interior/20_546_menara-bidakara-gedung-binasentra_20181105073240_98646.jpeg
interior	interior/20_548_vinilon-building-vinilon-building_20180404071453_66322.jpg
interior	interior/20_562_indomobil-tower-indomobil-tower_20180514092815_28436.jpg
interior	interior/20_576_gedung-rabana-gedung-rabana_20180808093519_33402.jpg
interior	interior/20_618_perkantoran-taman-melati-margonda-margonda-office-building_20180928072736_51790.jpg
interior	interior/20_649_trio-building-trio-building_20190214101710_61372.jpg
interior	interior/20_64_wisma-budi-wisma-budi_20170616083647_47424.jpg
interior	interior/20_652_tata-building-tata-building_20190313082025_89543.jpg
interior	interior/20_656_wisma-megah-sunter-wisma-megah-sunter_20190731063915_70665.jpg
interior	interior/20_67_wisma-tugu-wisma-tugu-2_20180507102455_41161.jpg
interior	interior/20_75_noble-house-noble-house_20170523095901_52499.jpg
interior	interior/20_78_axa-tower-axa-tower_20180412063018_17707.jpg
interior	interior/20_81_graha-paramita-graha-paramita_20190702024630_61327.jpg
interior	interior/20_98_gedung-summitmas-gedung-summitmas-1_20180327091645_35434.jpg
interior	interior/20_9_menara-bidakara-menara-bidakara-1_20170809014322_72604.jpg
interior	interior/20_citra-north-towers-interior-1672626662390-2.jpg
interior	interior/20_revenue-tower-interior-1668163818150-4.jpg
interior	interior/21_106_landmark-tower-landmark-tower-2_20180801073338_10895.jpg
interior	interior/21_112_office-8-office-8_20170913064950_83491.jpg
interior	interior/21_129_sona-topas-tower-sona-topas-tower_20170727092416_32602.jpg
interior	interior/21_130_sudirman-plaza-indofood-tower_20170314084928_61833.jpg
interior	interior/21_133_the-energy-building-the-energy-tower_20170713014915_48212.jpg
interior	interior/21_145_gedung-jaya-gedung-jaya_20171024015116_88109.jpg
interior	interior/21_150_menara-thamrin-menara-thamrin_20170713012141_19937.jpg
interior	interior/21_153_plaza-permata-plaza-permata_20170727092831_31940.jpg
interior	interior/21_155_sinarmas-land-plaza-ex-plaza-bii-sinarmas-land-plaza-menara-2_20171017064122_59204.jpg
interior	interior/21_162_wisma-nusantara-wisma-nusantara_20180507101830_15328.jpg
interior	interior/21_164_blue-green-integrated-boutique-office-blue-green-office-tower_20181015023014_32354.jpg
interior	interior/21_165_gallery-west-gallery-west_20180412062243_84892.jpg
interior	interior/21_166_gedung-graha-kencana-gedung-graha-kencana_20170712101533_67861.jpg
interior	interior/21_169_puri-indah-financial-tower-puri-indah-financial-tower_20180227073834_92369.jpg
interior	interior/21_16_wisma-aldiron-dirgantara-wisma-aldiron-dirgantara_20170809021145_96822.jpg
interior	interior/21_17_wisma-argo-manunggal-wisma-argo-manunggal_20180411090117_72922.jpg
interior	interior/21_180_wisma-bsg-wisma-bsg_20170705093905_73388.jpg
interior	interior/21_189_hdi-hive-ex-menteng-office-park-hdi-hive_20181029031820_37505.jpg
interior	interior/21_199_18-office-park-18-office-park_20180919062406_60155.jpg
interior	interior/21_1_capital-place-capital-place_20170616073751_50070.jpg
interior	interior/21_201_alamanda-tower-alamanda-tower_20190215024016_57125.jpg
interior	interior/21_202_antam-antam-tower-b_20170214050554_50731.jpg
interior	interior/21_208_gkm-tower-gkm-tower_20201126102408_53688.jpg
interior	interior/21_209_graha-elnusa-graha-elnusa_20170612020904_53192.jpg
interior	interior/21_216_menara-165-menara-165_20180502062111_96635.jpg
interior	interior/21_218_metropolitan-tower-metropolitan-tower_20170809020222_20904.jpg
interior	interior/21_220_palma-tower-palma-tower_20180105102545_85253.jpg
interior	interior/21_228_plaza-simatupang-ex-plaza-alstom-plaza-simatupang-ex-plaza-alstom_20180502074714_93513.jpg
interior	interior/21_229_plaza-aminta-plaza-aminta_20180712031733_10683.jpg
interior	interior/21_236_south-quarter-south-quarter-tower-a_20180316084348_10756.jpg
interior	interior/21_23_menara-batavia-menara-batavia_20180404071111_79486.jpg
interior	interior/21_254_wisma-pmi-ex-gedung-treva-wisma-pmi_20180718062601_15135.jpg
interior	interior/21_255_gedung-victoria-gedung-victoria_20180718044103_88187.jpg
interior	interior/21_256_one-wolter-place-one-wolter-place_20180718045836_63494.jpg
interior	interior/21_257_menara-sentraya-menara-sentraya_20180522063142_14583.jpg
interior	interior/21_262_menara-hijau-menara-hijau_20181015023258_23914.jpg
interior	interior/21_264_wisma-korindo-wisma-korindo_20180327100639_86299.jpg
interior	interior/21_274_graha-kirana-graha-kirana_20171017062558_21286.jpg
interior	interior/21_277_kirana-two-kirana-two_20171027094652_71023.jpg
interior	interior/21_279_perwata-tower-perwata-tower_20170727093153_52765.jpg
interior	interior/21_289_district-8-treasury-tower_20180412070244_99031.jpg
interior	interior/21_28_atrium-setiabudi-atrium-setiabudi_20171212075457_47302.jpg
interior	interior/21_304_altira-altira-office-tower_20180228094447_50955.jpg
interior	interior/21_30_cyber-2-tower-cyber-2-tower_20180507071916_94256.jpg
interior	interior/21_34_gedung-pphui-gedung-pphui_20170720020424_79874.jpg
interior	interior/21_350_pacific-century-premium-developments-pcpd-pacific-century-place-tower-pcp_20171024022021_78722.jpg
interior	interior/21_366_zuria-tower-zuria-tower_20181115021319_30593.jpg
interior	interior/21_376_tamansari-parama-tamansari-parama_20180416095610_29904.jpg
interior	interior/21_379_wisma-bakrie-wisma-bakrie-2_20170411042142_89634.jpg
interior	interior/21_401_st-moritz-office-tower-lippo-st-moritz-office-tower_20171212082503_59924.jpg
interior	interior/21_403_synthesis-tower-ex-gedung-hero-synthesis-tower-2-ex-gedung-hero_20170612022210_57303.jpg
interior	interior/21_411_graha-indochem-graha-indochem_20171024015347_47551.jpg
interior	interior/21_412_honeylady-tower-honeylady-tower_20180516091033_82093.jpg
interior	interior/21_419_mth-square-mth-square_20180514094909_78594.jpg
interior	interior/21_426_l-avenue-office-park-l-avenue-office_20170727093544_58920.jpg
interior	interior/21_431_multi-piranti-graha-multi-piranti-graha_20180514090907_25661.jpg
interior	interior/21_434_plaza-basmar-plaza-basmar_20180502073256_27382.jpg
interior	interior/21_435_wisma-prima-wisma-prima_20180420062452_42104.jpg
interior	interior/21_439_gp-plaza-gp-plaza_20170411094844_78525.jpg
interior	interior/21_440_landmark-pluit-land-mark-pluit_20180522040104_36781.jpg
interior	interior/21_443_graha-lestari-graha-lestari_20180405025802_51066.jpg
interior	interior/21_445_pakarti-center-building-pakarti-center-building_20170713012820_56693.jpg
interior	interior/21_452_the-koppel-building-the-koppel-building_20180516093508_66621.jpg
interior	interior/21_454_wisma-adr-wisma-adr_20180516094235_46024.jpg
interior	interior/21_455_wisma-akr-wisma-akr_20180412064036_22927.jpg
interior	interior/21_463_gedung-tranka-gedung-tranka_20180420042525_10887.jpg
interior	interior/21_468_gedung-cosa-gedung-cosa_20180808085220_71447.jpg
interior	interior/21_469_de-ritz-de-ritz-building_20170720020158_51632.jpg
interior	interior/21_472_sainath-tower-sainath-tower_20180417044935_82326.jpg
interior	interior/21_478_menara-kompas-menara-kompas_20180105102433_63413.jpg
interior	interior/21_479_gedung-unifam-gedung-unifam_20171024023441_67735.jpg
interior	interior/21_485_its-office-tower-its-office-tower_20180420050005_23089.jpg
interior	interior/21_505_the-prominence-the-prominence-office-tower_20180202025514_14708.jpg
interior	interior/21_506_kantor-taman-a9-kantor-taman-a9_20180514094249_58398.jpg
interior	interior/21_512_graha-tirtadi-graha-tirtadi-senopati_20180530032139_71858.jpg
interior	interior/21_523_plaza-summarecon-serpong-plaza-summarecon-serpong_20190618080627_54211.jpg
interior	interior/21_530_grha-niaga-thamrin-grha-niaga-thamrin_20180404070423_18937.jpg
interior	interior/21_539_gedung-pemuda-gedung-pemuda_20180514082417_88181.jpg
interior	interior/21_53_multivision-tower-multivision-tower_20180926031921_62029.jpg
interior	interior/21_546_menara-bidakara-gedung-binasentra_20181105073240_30717.jpeg
interior	interior/21_548_vinilon-building-vinilon-building_20180404071454_51103.jpg
interior	interior/21_562_indomobil-tower-indomobil-tower_20180514092815_79313.jpg
interior	interior/21_576_gedung-rabana-gedung-rabana_20180808093519_36305.jpg
interior	interior/21_618_perkantoran-taman-melati-margonda-margonda-office-building_20180928072736_91578.jpg
interior	interior/21_652_tata-building-tata-building_20190313082025_18994.jpg
interior	interior/21_656_wisma-megah-sunter-wisma-megah-sunter_20190731063915_72183.jpg
interior	interior/21_67_wisma-tugu-wisma-tugu-2_20180507102456_57192.jpg
interior	interior/21_75_noble-house-noble-house_20170523100008_35727.jpg
interior	interior/21_78_axa-tower-axa-tower_20180412063019_77316.jpg
interior	interior/21_81_graha-paramita-graha-paramita_20190702024631_36922.jpg
interior	interior/21_98_gedung-summitmas-gedung-summitmas-1_20180327091646_96276.jpg
interior	interior/21_9_menara-bidakara-menara-bidakara-1_20170809014323_61906.jpg
interior	interior/21_citra-north-towers-interior-1672626698526-0.jpg
interior	interior/21_revenue-tower-interior-1668164208693-0.jpg
interior	interior/22_106_landmark-tower-landmark-tower-2_20180801073338_60453.jpg
interior	interior/22_112_office-8-office-8_20170913064952_43763.jpg
interior	interior/22_129_sona-topas-tower-sona-topas-tower_20170727092418_78834.jpg
interior	interior/22_130_sudirman-plaza-indofood-tower_20170314084928_20343.jpg
interior	interior/22_133_the-energy-building-the-energy-tower_20170713014923_58776.jpg
interior	interior/22_145_gedung-jaya-gedung-jaya_20171024015118_91826.jpg
interior	interior/22_150_menara-thamrin-menara-thamrin_20170713012148_70865.jpg
interior	interior/22_153_plaza-permata-plaza-permata_20170727092835_14023.jpg
interior	interior/22_162_wisma-nusantara-wisma-nusantara_20180507101831_19447.jpg
interior	interior/22_164_blue-green-integrated-boutique-office-blue-green-office-tower_20181015023014_26161.jpg
interior	interior/22_165_gallery-west-gallery-west_20180412062243_37671.jpg
interior	interior/22_166_gedung-graha-kencana-gedung-graha-kencana_20170712101535_36483.jpg
interior	interior/22_169_puri-indah-financial-tower-puri-indah-financial-tower_20180227073841_57708.jpg
interior	interior/22_17_wisma-argo-manunggal-wisma-argo-manunggal_20180411090117_11002.jpg
interior	interior/22_180_wisma-bsg-wisma-bsg_20170705093913_33535.jpg
interior	interior/22_189_hdi-hive-ex-menteng-office-park-hdi-hive_20181029031820_73759.jpg
interior	interior/22_199_18-office-park-18-office-park_20180919062407_26544.jpg
interior	interior/22_1_capital-place-capital-place_20170616073758_32507.jpg
interior	interior/22_202_antam-antam-tower-b_20170214050554_62171.jpg
interior	interior/22_208_gkm-tower-gkm-tower_20201126102409_74247.jpg
interior	interior/22_209_graha-elnusa-graha-elnusa_20170612020910_23633.jpg
interior	interior/22_216_menara-165-menara-165_20180502062111_57178.jpg
interior	interior/22_218_metropolitan-tower-metropolitan-tower_20170809020222_13183.jpg
interior	interior/22_220_palma-tower-palma-tower_20180105102556_91581.jpg
interior	interior/22_228_plaza-simatupang-ex-plaza-alstom-plaza-simatupang-ex-plaza-alstom_20180502074715_42343.jpg
interior	interior/22_229_plaza-aminta-plaza-aminta_20180712031734_52489.jpg
interior	interior/22_236_south-quarter-south-quarter-tower-a_20180316084348_86031.jpg
interior	interior/22_23_menara-batavia-menara-batavia_20180404071111_19259.jpg
interior	interior/22_254_wisma-pmi-ex-gedung-treva-wisma-pmi_20180718062601_83003.jpg
interior	interior/22_255_gedung-victoria-gedung-victoria_20180718044103_84033.jpg
interior	interior/22_256_one-wolter-place-one-wolter-place_20180718045836_90985.jpg
interior	interior/22_257_menara-sentraya-menara-sentraya_20180522063142_14512.jpg
interior	interior/22_262_menara-hijau-menara-hijau_20181015023258_46962.jpg
interior	interior/22_274_graha-kirana-graha-kirana_20171017062559_96385.jpg
interior	interior/22_277_kirana-two-kirana-two_20171027094827_32481.jpg
interior	interior/22_279_perwata-tower-perwata-tower_20170727093157_32238.jpg
interior	interior/22_289_district-8-treasury-tower_20180412070245_16665.jpg
interior	interior/22_28_atrium-setiabudi-atrium-setiabudi_20171212075459_98028.jpg
interior	interior/22_304_altira-altira-office-tower_20180228094448_39360.jpg
interior	interior/22_30_cyber-2-tower-cyber-2-tower_20180507071917_11120.jpg
interior	interior/22_34_gedung-pphui-gedung-pphui_20170720020429_61979.jpg
interior	interior/22_350_pacific-century-premium-developments-pcpd-pacific-century-place-tower-pcp_20171024022022_82388.jpg
interior	interior/22_366_zuria-tower-zuria-tower_20181115021319_96826.jpg
interior	interior/22_376_tamansari-parama-tamansari-parama_20180416095611_18736.jpg
interior	interior/22_379_wisma-bakrie-wisma-bakrie-2_20170411042148_37330.jpg
interior	interior/22_401_st-moritz-office-tower-lippo-st-moritz-office-tower_20171212082506_21914.jpg
interior	interior/22_403_synthesis-tower-ex-gedung-hero-synthesis-tower-2-ex-gedung-hero_20170612022215_94157.jpg
interior	interior/22_411_graha-indochem-graha-indochem_20171024020218_42285.jpg
interior	interior/22_412_honeylady-tower-honeylady-tower_20180516091034_63067.jpg
interior	interior/22_419_mth-square-mth-square_20180514094910_22218.jpg
interior	interior/22_426_l-avenue-office-park-l-avenue-office_20170727093702_26817.jpg
interior	interior/22_431_multi-piranti-graha-multi-piranti-graha_20180514090909_77153.jpg
interior	interior/22_434_plaza-basmar-plaza-basmar_20180502073256_60042.jpg
interior	interior/22_435_wisma-prima-wisma-prima_20180420062452_40202.jpg
interior	interior/22_439_gp-plaza-gp-plaza_20170411094851_74011.jpg
interior	interior/22_440_landmark-pluit-land-mark-pluit_20180522040105_47429.jpg
interior	interior/22_443_graha-lestari-graha-lestari_20180405025803_54703.jpg
interior	interior/22_445_pakarti-center-building-pakarti-center-building_20170713012828_29627.jpg
interior	interior/22_452_the-koppel-building-the-koppel-building_20180516093508_13081.jpg
interior	interior/22_454_wisma-adr-wisma-adr_20180516094236_23589.jpg
interior	interior/22_455_wisma-akr-wisma-akr_20180412064036_59984.jpg
interior	interior/22_468_gedung-cosa-gedung-cosa_20180808085221_96523.jpg
interior	interior/22_469_de-ritz-de-ritz-building_20170720020203_36248.jpg
interior	interior/22_472_sainath-tower-sainath-tower_20180417044936_71906.jpg
interior	interior/22_479_gedung-unifam-gedung-unifam_20171024023456_67697.jpg
interior	interior/22_485_its-office-tower-its-office-tower_20180420050006_49532.jpg
interior	interior/22_505_the-prominence-the-prominence-office-tower_20180202025515_60218.jpg
interior	interior/22_506_kantor-taman-a9-kantor-taman-a9_20180514094250_20831.jpg
interior	interior/22_512_graha-tirtadi-graha-tirtadi-senopati_20180530032139_25152.jpg
interior	interior/22_523_plaza-summarecon-serpong-plaza-summarecon-serpong_20190618080627_88322.jpg
interior	interior/22_530_grha-niaga-thamrin-grha-niaga-thamrin_20180404070424_30782.jpg
interior	interior/22_539_gedung-pemuda-gedung-pemuda_20180514082418_51311.jpg
interior	interior/22_53_multivision-tower-multivision-tower_20180926031922_42192.jpg
interior	interior/22_546_menara-bidakara-gedung-binasentra_20181105073240_79394.jpeg
interior	interior/22_548_vinilon-building-vinilon-building_20180404071454_30797.jpg
interior	interior/22_562_indomobil-tower-indomobil-tower_20180514092816_12650.jpg
interior	interior/22_576_gedung-rabana-gedung-rabana_20180808093519_40877.jpg
interior	interior/22_618_perkantoran-taman-melati-margonda-margonda-office-building_20180928072736_15539.jpg
interior	interior/22_656_wisma-megah-sunter-wisma-megah-sunter_20190731063915_95177.jpg
interior	interior/22_67_wisma-tugu-wisma-tugu-2_20180507102456_47048.jpg
interior	interior/22_75_noble-house-noble-house_20170523100021_53307.jpg
interior	interior/22_78_axa-tower-axa-tower_20180412063019_35313.jpg
interior	interior/22_81_graha-paramita-graha-paramita_20190702024631_67033.jpg
interior	interior/22_98_gedung-summitmas-gedung-summitmas-1_20180327091647_73289.jpg
interior	interior/22_9_menara-bidakara-menara-bidakara-1_20170809014324_86119.jpg
interior	interior/22_citra-north-towers-interior-1672626698526-1.jpg
interior	interior/22_revenue-tower-interior-1668164208693-1.jpg
interior	interior/23_112_office-8-office-8_20170913064958_58535.jpg
interior	interior/23_129_sona-topas-tower-sona-topas-tower_20170727092443_65329.jpg
interior	interior/23_133_the-energy-building-the-energy-tower_20170713014929_35511.jpg
interior	interior/23_145_gedung-jaya-gedung-jaya_20171024015121_86212.jpg
interior	interior/23_150_menara-thamrin-menara-thamrin_20170713012155_67043.jpg
interior	interior/23_153_plaza-permata-plaza-permata_20170727092837_17348.jpg
interior	interior/23_162_wisma-nusantara-wisma-nusantara_20180507101831_49182.jpg
interior	interior/23_164_blue-green-integrated-boutique-office-blue-green-office-tower_20181015023014_77139.jpg
interior	interior/23_165_gallery-west-gallery-west_20180412062243_54443.jpg
interior	interior/23_166_gedung-graha-kencana-gedung-graha-kencana_20170712101538_30650.jpg
interior	interior/23_169_puri-indah-financial-tower-puri-indah-financial-tower_20180507062149_64879.jpg
interior	interior/23_17_wisma-argo-manunggal-wisma-argo-manunggal_20180411090117_17409.jpg
interior	interior/23_180_wisma-bsg-wisma-bsg_20170705093921_25231.jpg
interior	interior/23_189_hdi-hive-ex-menteng-office-park-hdi-hive_20181029031820_66818.jpg
interior	interior/23_199_18-office-park-18-office-park_20180919062407_39432.jpg
interior	interior/23_1_capital-place-capital-place_20170616073818_14082.jpg
interior	interior/23_202_antam-antam-tower-b_20170214050554_37927.jpg
interior	interior/23_208_gkm-tower-gkm-tower_20201126102411_85774.jpg
interior	interior/23_209_graha-elnusa-graha-elnusa_20170612020919_36251.jpg
interior	interior/23_216_menara-165-menara-165_20180502062111_22023.jpg
interior	interior/23_218_metropolitan-tower-metropolitan-tower_20170809020223_45445.jpg
interior	interior/23_220_palma-tower-palma-tower_20180105102558_17570.jpg
interior	interior/23_228_plaza-simatupang-ex-plaza-alstom-plaza-simatupang-ex-plaza-alstom_20180502074715_62077.jpg
interior	interior/23_229_plaza-aminta-plaza-aminta_20180712031734_33724.jpg
interior	interior/23_236_south-quarter-south-quarter-tower-a_20180316084349_29421.jpg
interior	interior/23_23_menara-batavia-menara-batavia_20180404071112_69137.jpg
interior	interior/23_254_wisma-pmi-ex-gedung-treva-wisma-pmi_20180718062601_96781.jpg
interior	interior/23_255_gedung-victoria-gedung-victoria_20180718044103_64788.jpg
interior	interior/23_256_one-wolter-place-one-wolter-place_20180718045836_20174.jpg
interior	interior/23_257_menara-sentraya-menara-sentraya_20180522063144_87384.jpg
interior	interior/23_262_menara-hijau-menara-hijau_20181015023258_83665.jpg
interior	interior/23_279_perwata-tower-perwata-tower_20170727093200_48833.jpg
interior	interior/23_289_district-8-treasury-tower_20180412070245_87554.jpg
interior	interior/23_28_atrium-setiabudi-atrium-setiabudi_20180201095540_17779.jpg
interior	interior/23_304_altira-altira-office-tower_20180228094448_99885.jpg
interior	interior/23_30_cyber-2-tower-cyber-2-tower_20180507071917_91441.jpg
interior	interior/23_34_gedung-pphui-gedung-pphui_20170720020433_63924.jpg
interior	interior/23_350_pacific-century-premium-developments-pcpd-pacific-century-place-tower-pcp_20171024022025_21892.jpg
interior	interior/23_366_zuria-tower-zuria-tower_20181115021319_14170.jpg
interior	interior/23_376_tamansari-parama-tamansari-parama_20180416095612_46050.jpg
interior	interior/23_379_wisma-bakrie-wisma-bakrie-2_20170411042200_78966.jpg
interior	interior/23_401_st-moritz-office-tower-lippo-st-moritz-office-tower_20171212082508_70929.jpg
interior	interior/23_403_synthesis-tower-ex-gedung-hero-synthesis-tower-2-ex-gedung-hero_20170612022221_10192.jpg
interior	interior/23_411_graha-indochem-graha-indochem_20171024020220_95044.jpg
interior	interior/23_412_honeylady-tower-honeylady-tower_20180516091034_76187.jpg
interior	interior/23_419_mth-square-mth-square_20180514094910_62351.jpg
interior	interior/23_431_multi-piranti-graha-multi-piranti-graha_20180514090912_31876.jpg
interior	interior/23_434_plaza-basmar-plaza-basmar_20180502073257_49510.jpg
interior	interior/23_439_gp-plaza-gp-plaza_20170411094903_95879.jpg
interior	interior/23_440_landmark-pluit-land-mark-pluit_20180522040105_73189.jpg
interior	interior/23_443_graha-lestari-graha-lestari_20180405025803_80449.jpg
interior	interior/23_445_pakarti-center-building-pakarti-center-building_20170713012843_72494.jpg
interior	interior/23_452_the-koppel-building-the-koppel-building_20180516093508_82693.jpg
interior	interior/23_455_wisma-akr-wisma-akr_20180412064036_54158.jpg
interior	interior/23_468_gedung-cosa-gedung-cosa_20180808085221_87011.jpg
interior	interior/23_469_de-ritz-de-ritz-building_20170720020208_54098.jpg
interior	interior/23_472_sainath-tower-sainath-tower_20180417044936_49120.jpg
interior	interior/23_479_gedung-unifam-gedung-unifam_20171024023719_93729.jpg
interior	interior/23_505_the-prominence-the-prominence-office-tower_20180202025519_31020.jpg
interior	interior/23_506_kantor-taman-a9-kantor-taman-a9_20180514094250_10857.jpg
interior	interior/23_512_graha-tirtadi-graha-tirtadi-senopati_20180530032140_47467.jpg
interior	interior/23_523_plaza-summarecon-serpong-plaza-summarecon-serpong_20190618080627_39284.jpg
interior	interior/23_530_grha-niaga-thamrin-grha-niaga-thamrin_20180404070424_39519.jpg
interior	interior/23_539_gedung-pemuda-gedung-pemuda_20180514082418_74540.jpg
interior	interior/23_53_multivision-tower-multivision-tower_20180926031922_34068.jpg
interior	interior/23_546_menara-bidakara-gedung-binasentra_20181105073240_95211.jpeg
interior	interior/23_548_vinilon-building-vinilon-building_20180404071454_99074.jpg
interior	interior/23_562_indomobil-tower-indomobil-tower_20180514092816_60777.jpg
interior	interior/23_618_perkantoran-taman-melati-margonda-margonda-office-building_20180928072736_43995.jpg
interior	interior/23_656_wisma-megah-sunter-wisma-megah-sunter_20190731063915_91029.jpg
interior	interior/23_67_wisma-tugu-wisma-tugu-2_20180507102456_19800.jpg
interior	interior/23_75_noble-house-noble-house_20170523100030_69498.jpg
interior	interior/23_78_axa-tower-axa-tower_20180412063020_24631.jpg
interior	interior/23_81_graha-paramita-graha-paramita_20190702024631_31429.jpg
interior	interior/23_98_gedung-summitmas-gedung-summitmas-1_20180327091647_46008.jpg
interior	interior/23_9_menara-bidakara-menara-bidakara-1_20170809014324_36833.jpg
interior	interior/23_citra-north-towers-interior-1672626716283-0.jpg
interior	interior/23_revenue-tower-interior-1668164208693-2.jpg
interior	interior/24_112_office-8-office-8_20170913065001_65720.jpg
interior	interior/24_129_sona-topas-tower-sona-topas-tower_20170727092445_70639.jpg
interior	interior/24_133_the-energy-building-the-energy-tower_20170713014936_74660.jpg
interior	interior/24_145_gedung-jaya-gedung-jaya_20171024015124_22204.jpg
interior	interior/24_150_menara-thamrin-menara-thamrin_20170713012200_70856.jpg
interior	interior/24_153_plaza-permata-plaza-permata_20170727092840_60880.jpg
interior	interior/24_164_blue-green-integrated-boutique-office-blue-green-office-tower_20181015023015_37757.jpg
interior	interior/24_165_gallery-west-gallery-west_20180412062244_63743.jpg
interior	interior/24_166_gedung-graha-kencana-gedung-graha-kencana_20170712101539_50452.jpg
interior	interior/24_169_puri-indah-financial-tower-puri-indah-financial-tower_20180507062150_86997.jpg
interior	interior/24_180_wisma-bsg-wisma-bsg_20170705093934_97903.jpg
interior	interior/24_189_hdi-hive-ex-menteng-office-park-hdi-hive_20181029031820_45457.jpg
interior	interior/24_199_18-office-park-18-office-park_20180919062407_72000.jpg
interior	interior/24_1_capital-place-capital-place_20170616073858_45009.jpg
interior	interior/24_208_gkm-tower-gkm-tower_20201126102413_91379.jpg
interior	interior/24_209_graha-elnusa-graha-elnusa_20170612020929_72163.jpg
interior	interior/24_216_menara-165-menara-165_20180502062112_59244.jpg
interior	interior/24_218_metropolitan-tower-metropolitan-tower_20170809020223_64842.jpg
interior	interior/24_220_palma-tower-palma-tower_20180105102600_29379.jpg
interior	interior/24_228_plaza-simatupang-ex-plaza-alstom-plaza-simatupang-ex-plaza-alstom_20180502074716_84079.jpg
interior	interior/24_236_south-quarter-south-quarter-tower-a_20180316084349_52018.jpg
interior	interior/24_23_menara-batavia-menara-batavia_20180404071113_99691.jpg
interior	interior/24_254_wisma-pmi-ex-gedung-treva-wisma-pmi_20180718062601_70866.jpg
interior	interior/24_257_menara-sentraya-menara-sentraya_20180522063144_46294.jpg
interior	interior/24_262_menara-hijau-menara-hijau_20181015023259_16096.jpg
interior	interior/24_279_perwata-tower-perwata-tower_20170727093204_82749.jpg
interior	interior/24_289_district-8-treasury-tower_20180412070246_10617.jpg
interior	interior/24_28_atrium-setiabudi-atrium-setiabudi_20180201095549_33035.jpg
interior	interior/24_304_altira-altira-office-tower_20180228094448_37331.jpg
interior	interior/24_30_cyber-2-tower-cyber-2-tower_20180507071918_64245.jpg
interior	interior/24_350_pacific-century-premium-developments-pcpd-pacific-century-place-tower-pcp_20171024022027_18233.jpg
interior	interior/24_366_zuria-tower-zuria-tower_20181115021319_30529.jpg
interior	interior/24_376_tamansari-parama-tamansari-parama_20180416095613_35641.jpg
interior	interior/24_379_wisma-bakrie-wisma-bakrie-2_20170411042208_26861.jpg
interior	interior/24_401_st-moritz-office-tower-lippo-st-moritz-office-tower_20171212082509_17200.jpg
interior	interior/24_403_synthesis-tower-ex-gedung-hero-synthesis-tower-2-ex-gedung-hero_20171212082810_74236.jpg
interior	interior/24_411_graha-indochem-graha-indochem_20171024020223_43242.jpg
interior	interior/24_412_honeylady-tower-honeylady-tower_20180516091034_46416.jpg
interior	interior/24_419_mth-square-mth-square_20180514094910_90171.jpg
interior	interior/24_431_multi-piranti-graha-multi-piranti-graha_20180530031532_61899.jpg
interior	interior/24_434_plaza-basmar-plaza-basmar_20180502073257_66984.jpg
interior	interior/24_439_gp-plaza-gp-plaza_20170411094909_69795.jpg
interior	interior/24_440_landmark-pluit-land-mark-pluit_20180522040105_92170.jpg
interior	interior/24_443_graha-lestari-graha-lestari_20180405025803_63555.jpg
interior	interior/24_445_pakarti-center-building-pakarti-center-building_20170713012853_32659.jpg
interior	interior/24_452_the-koppel-building-the-koppel-building_20180516093508_84658.jpg
interior	interior/24_455_wisma-akr-wisma-akr_20180412064037_60582.jpg
interior	interior/24_468_gedung-cosa-gedung-cosa_20180808085221_56955.jpg
interior	interior/24_472_sainath-tower-sainath-tower_20180417044937_89587.jpg
interior	interior/24_479_gedung-unifam-gedung-unifam_20171024024003_43394.jpg
interior	interior/24_505_the-prominence-the-prominence-office-tower_20180202025521_53769.jpg
interior	interior/24_506_kantor-taman-a9-kantor-taman-a9_20180514094250_69661.jpg
interior	interior/24_512_graha-tirtadi-graha-tirtadi-senopati_20180530032140_55262.jpg
interior	interior/24_523_plaza-summarecon-serpong-plaza-summarecon-serpong_20190618080627_98252.jpg
interior	interior/24_530_grha-niaga-thamrin-grha-niaga-thamrin_20180404070424_62405.jpg
interior	interior/24_539_gedung-pemuda-gedung-pemuda_20180514082418_72418.jpg
interior	interior/24_53_multivision-tower-multivision-tower_20180926031922_60680.jpg
interior	interior/24_546_menara-bidakara-gedung-binasentra_20181105073241_73879.jpeg
interior	interior/24_548_vinilon-building-vinilon-building_20180404071454_54758.jpg
interior	interior/24_562_indomobil-tower-indomobil-tower_20180514092816_82371.jpg
interior	interior/24_618_perkantoran-taman-melati-margonda-margonda-office-building_20180928072736_26023.jpg
interior	interior/24_656_wisma-megah-sunter-wisma-megah-sunter_20190731063915_34045.jpg
interior	interior/24_67_wisma-tugu-wisma-tugu-2_20180507102456_59791.jpg
interior	interior/24_75_noble-house-noble-house_20170523100037_46723.jpg
interior	interior/24_78_axa-tower-axa-tower_20180412063020_16863.jpg
interior	interior/24_81_graha-paramita-graha-paramita_20190702024632_68418.jpg
interior	interior/24_98_gedung-summitmas-gedung-summitmas-1_20180327091647_50267.jpg
interior	interior/24_9_menara-bidakara-menara-bidakara-1_20170809014325_58603.jpg
interior	interior/24_citra-north-towers-interior-1672626716283-1.jpg
interior	interior/24_revenue-tower-interior-1668164208693-3.jpg
interior	interior/25_112_office-8-office-8_20170913065006_27469.jpg
interior	interior/25_129_sona-topas-tower-sona-topas-tower_20170727092450_84505.jpg
interior	interior/25_133_the-energy-building-the-energy-tower_20170713014941_47654.jpg
interior	interior/25_145_gedung-jaya-gedung-jaya_20171024015127_71538.jpg
interior	interior/25_150_menara-thamrin-menara-thamrin_20170713012206_53569.jpg
interior	interior/25_153_plaza-permata-plaza-permata_20170727092842_64059.jpg
interior	interior/25_164_blue-green-integrated-boutique-office-blue-green-office-tower_20181015023015_65348.jpg
interior	interior/25_165_gallery-west-gallery-west_20180412062244_59381.jpg
interior	interior/25_166_gedung-graha-kencana-gedung-graha-kencana_20170712101542_67285.jpg
interior	interior/25_180_wisma-bsg-wisma-bsg_20170705093939_50544.jpg
interior	interior/25_189_hdi-hive-ex-menteng-office-park-hdi-hive_20181029031821_49496.jpg
interior	interior/25_199_18-office-park-18-office-park_20180919062407_71593.jpg
interior	interior/25_1_capital-place-capital-place_20170616073910_64190.jpg
interior	interior/25_208_gkm-tower-gkm-tower_20201126102415_92795.jpg
interior	interior/25_209_graha-elnusa-graha-elnusa_20170612020940_61280.jpg
interior	interior/25_216_menara-165-menara-165_20180502062112_65381.jpg
interior	interior/25_218_metropolitan-tower-metropolitan-tower_20170809020223_80788.jpg
interior	interior/25_220_palma-tower-palma-tower_20180105102602_78225.jpg
interior	interior/25_236_south-quarter-south-quarter-tower-a_20180316084349_23326.jpg
interior	interior/25_23_menara-batavia-menara-batavia_20180404071113_11779.jpg
interior	interior/25_257_menara-sentraya-menara-sentraya_20180522063145_31898.jpg
interior	interior/25_262_menara-hijau-menara-hijau_20181015023259_31842.jpg
interior	interior/25_279_perwata-tower-perwata-tower_20170727093208_29355.jpg
interior	interior/25_28_atrium-setiabudi-atrium-setiabudi_20180201100207_16343.jpg
interior	interior/25_304_altira-altira-office-tower_20180228094449_18954.jpg
interior	interior/25_30_cyber-2-tower-cyber-2-tower_20180507071918_35483.jpg
interior	interior/25_350_pacific-century-premium-developments-pcpd-pacific-century-place-tower-pcp_20171024022029_36486.jpg
interior	interior/25_366_zuria-tower-zuria-tower_20181115021319_89705.jpg
interior	interior/25_379_wisma-bakrie-wisma-bakrie-2_20170411042220_75234.jpg
interior	interior/25_401_st-moritz-office-tower-lippo-st-moritz-office-tower_20171212082511_35406.jpg
interior	interior/25_403_synthesis-tower-ex-gedung-hero-synthesis-tower-2-ex-gedung-hero_20171212082820_84142.jpg
interior	interior/25_411_graha-indochem-graha-indochem_20171024020226_83055.jpg
interior	interior/25_412_honeylady-tower-honeylady-tower_20180516091034_24595.jpg
interior	interior/25_419_mth-square-mth-square_20180514094910_53739.jpg
interior	interior/25_431_multi-piranti-graha-multi-piranti-graha_20180530031533_14831.jpg
interior	interior/25_434_plaza-basmar-plaza-basmar_20180502073257_80015.jpg
interior	interior/25_439_gp-plaza-gp-plaza_20170411094916_10114.jpg
interior	interior/25_440_landmark-pluit-land-mark-pluit_20180522040107_10928.jpg
interior	interior/25_443_graha-lestari-graha-lestari_20180405025804_66685.jpg
interior	interior/25_445_pakarti-center-building-pakarti-center-building_20170713012904_32635.jpg
interior	interior/25_468_gedung-cosa-gedung-cosa_20180808085222_12883.jpg
interior	interior/25_472_sainath-tower-sainath-tower_20180417044938_23314.jpg
interior	interior/25_479_gedung-unifam-gedung-unifam_20171024024005_87885.jpg
interior	interior/25_505_the-prominence-the-prominence-office-tower_20180202025523_14845.jpg
interior	interior/25_506_kantor-taman-a9-kantor-taman-a9_20180514094251_62442.jpg
interior	interior/25_512_graha-tirtadi-graha-tirtadi-senopati_20180530032141_44234.jpg
interior	interior/25_523_plaza-summarecon-serpong-plaza-summarecon-serpong_20190618080628_71701.jpg
interior	interior/25_530_grha-niaga-thamrin-grha-niaga-thamrin_20180404070424_88455.jpg
interior	interior/25_539_gedung-pemuda-gedung-pemuda_20180530030947_92852.jpg
interior	interior/25_53_multivision-tower-multivision-tower_20180926031922_46103.jpg
interior	interior/25_546_menara-bidakara-gedung-binasentra_20181105073241_47341.jpeg
interior	interior/25_548_vinilon-building-vinilon-building_20180404071455_85465.jpg
interior	interior/25_562_indomobil-tower-indomobil-tower_20180514092817_12690.jpg
interior	interior/25_618_perkantoran-taman-melati-margonda-margonda-office-building_20180928072736_10816.jpg
interior	interior/25_656_wisma-megah-sunter-wisma-megah-sunter_20190731063915_39314.jpg
interior	interior/25_67_wisma-tugu-wisma-tugu-2_20180507102457_44448.jpg
interior	interior/25_75_noble-house-noble-house_20170523100046_28786.jpg
interior	interior/25_78_axa-tower-axa-tower_20180412063020_84067.jpg
interior	interior/25_81_graha-paramita-graha-paramita_20190702024632_87192.jpg
interior	interior/25_98_gedung-summitmas-gedung-summitmas-1_20180327091648_85171.jpg
interior	interior/25_9_menara-bidakara-menara-bidakara-1_20170809014325_88851.jpg
interior	interior/25_citra-north-towers-interior-1672626733948-0.jpg
interior	interior/25_revenue-tower-interior-1668164208693-4.jpg
interior	interior/26_112_office-8-office-8_20170913065012_88080.jpg
interior	interior/26_129_sona-topas-tower-sona-topas-tower_20170727092452_43285.jpg
interior	interior/26_133_the-energy-building-the-energy-tower_20170713014948_30777.jpg
interior	interior/26_145_gedung-jaya-gedung-jaya_20171024015130_31020.jpg
interior	interior/26_150_menara-thamrin-menara-thamrin_20170713012211_13037.jpg
interior	interior/26_153_plaza-permata-plaza-permata_20170727092859_31383.jpg
interior	interior/26_164_blue-green-integrated-boutique-office-blue-green-office-tower_20181015023015_79318.jpg
interior	interior/26_165_gallery-west-gallery-west_20180412062245_83472.jpg
interior	interior/26_166_gedung-graha-kencana-gedung-graha-kencana_20170712101544_26680.jpg
interior	interior/26_180_wisma-bsg-wisma-bsg_20170705094050_90697.jpg
interior	interior/26_189_hdi-hive-ex-menteng-office-park-hdi-hive_20181029031821_94356.jpg
interior	interior/26_199_18-office-park-18-office-park_20180919062408_24661.jpg
interior	interior/26_1_capital-place-capital-place_20170616073917_75397.jpg
interior	interior/26_208_gkm-tower-gkm-tower_20201126102419_76106.jpg
interior	interior/26_209_graha-elnusa-graha-elnusa_20170612020946_38215.jpg
interior	interior/26_216_menara-165-menara-165_20180502062113_67658.jpg
interior	interior/26_218_metropolitan-tower-metropolitan-tower_20170809020224_12974.jpg
interior	interior/26_220_palma-tower-palma-tower_20180105102604_59443.jpg
interior	interior/26_236_south-quarter-south-quarter-tower-a_20180316084350_61412.jpg
interior	interior/26_23_menara-batavia-menara-batavia_20180404071113_30853.jpg
interior	interior/26_257_menara-sentraya-menara-sentraya_20180522063146_11797.jpg
interior	interior/26_262_menara-hijau-menara-hijau_20181015023259_19012.jpg
interior	interior/26_279_perwata-tower-perwata-tower_20170727093223_15780.jpg
interior	interior/26_28_atrium-setiabudi-atrium-setiabudi_20180201100211_63201.jpg
interior	interior/26_304_altira-altira-office-tower_20180228094449_90543.jpg
interior	interior/26_30_cyber-2-tower-cyber-2-tower_20180507071918_54579.jpg
interior	interior/26_350_pacific-century-premium-developments-pcpd-pacific-century-place-tower-pcp_20171024022031_26242.jpg
interior	interior/26_366_zuria-tower-zuria-tower_20181115021319_17838.jpg
interior	interior/26_379_wisma-bakrie-wisma-bakrie-2_20170411042229_73082.jpg
interior	interior/26_401_st-moritz-office-tower-lippo-st-moritz-office-tower_20171212082513_59154.jpg
interior	interior/26_403_synthesis-tower-ex-gedung-hero-synthesis-tower-2-ex-gedung-hero_20171212082824_68119.jpg
interior	interior/26_411_graha-indochem-graha-indochem_20171024020246_69922.jpg
interior	interior/26_412_honeylady-tower-honeylady-tower_20180516091035_19363.jpg
interior	interior/26_419_mth-square-mth-square_20180514094911_17233.jpg
interior	interior/26_431_multi-piranti-graha-multi-piranti-graha_20180530031533_78001.jpg
interior	interior/26_434_plaza-basmar-plaza-basmar_20180502073258_16395.jpg
interior	interior/26_439_gp-plaza-gp-plaza_20170411094923_95231.jpg
interior	interior/26_440_landmark-pluit-land-mark-pluit_20180522040107_54188.jpg
interior	interior/26_445_pakarti-center-building-pakarti-center-building_20170713012910_91209.jpg
interior	interior/26_472_sainath-tower-sainath-tower_20180417044938_53742.jpg
interior	interior/26_479_gedung-unifam-gedung-unifam_20171024024007_99535.jpg
interior	interior/26_505_the-prominence-the-prominence-office-tower_20180522044621_93264.jpg
interior	interior/26_506_kantor-taman-a9-kantor-taman-a9_20180514094316_25994.jpg
interior	interior/26_512_graha-tirtadi-graha-tirtadi-senopati_20180530032141_60162.jpg
interior	interior/26_523_plaza-summarecon-serpong-plaza-summarecon-serpong_20190618080628_65031.jpg
interior	interior/26_539_gedung-pemuda-gedung-pemuda_20180530030947_86920.jpg
interior	interior/26_53_multivision-tower-multivision-tower_20180926031923_96953.jpg
interior	interior/26_546_menara-bidakara-gedung-binasentra_20181105073241_40288.jpeg
interior	interior/26_562_indomobil-tower-indomobil-tower_20180514092817_52267.jpg
interior	interior/26_618_perkantoran-taman-melati-margonda-margonda-office-building_20180928072737_58831.jpg
interior	interior/26_67_wisma-tugu-wisma-tugu-2_20180507102458_92447.jpg
interior	interior/26_75_noble-house-noble-house_20170523100053_58380.jpg
interior	interior/26_78_axa-tower-axa-tower_20180412063021_40928.jpg
interior	interior/26_81_graha-paramita-graha-paramita_20190702024632_23791.jpg
interior	interior/26_98_gedung-summitmas-gedung-summitmas-1_20180327091648_65298.jpg
interior	interior/26_9_menara-bidakara-menara-bidakara-1_20170809014325_21846.jpg
interior	interior/26_citra-north-towers-interior-1672626733948-1.jpg
interior	interior/26_revenue-tower-interior-1668164208693-5.jpg
interior	interior/27_112_office-8-office-8_20171024021512_48621.jpg
interior	interior/27_129_sona-topas-tower-sona-topas-tower_20170727092456_35326.jpg
interior	interior/27_133_the-energy-building-the-energy-tower_20170713014955_54148.jpg
interior	interior/27_145_gedung-jaya-gedung-jaya_20171024015132_64050.jpg
interior	interior/27_150_menara-thamrin-menara-thamrin_20170713012318_51991.jpg
interior	interior/27_153_plaza-permata-plaza-permata_20170727092904_77020.jpg
interior	interior/27_164_blue-green-integrated-boutique-office-blue-green-office-tower_20181015023015_39704.jpg
interior	interior/27_165_gallery-west-gallery-west_20180412062245_95301.jpg
interior	interior/27_166_gedung-graha-kencana-gedung-graha-kencana_20170712101547_42402.jpg
interior	interior/27_180_wisma-bsg-wisma-bsg_20170705094058_82204.jpg
interior	interior/27_189_hdi-hive-ex-menteng-office-park-hdi-hive_20181029031821_96044.jpg
interior	interior/27_199_18-office-park-18-office-park_20180919062408_17188.jpg
interior	interior/27_1_capital-place-capital-place_20170616073923_64040.jpg
interior	interior/27_208_gkm-tower-gkm-tower_20201126102421_98396.jpg
interior	interior/27_209_graha-elnusa-graha-elnusa_20170612020952_86728.jpg
interior	interior/27_216_menara-165-menara-165_20180502062113_42880.jpg
interior	interior/27_218_metropolitan-tower-metropolitan-tower_20170809020224_10037.jpg
interior	interior/27_220_palma-tower-palma-tower_20180105102606_57364.jpg
interior	interior/27_236_south-quarter-south-quarter-tower-a_20180316084351_67858.jpg
interior	interior/27_23_menara-batavia-menara-batavia_20180404071113_20962.jpg
interior	interior/27_257_menara-sentraya-menara-sentraya_20180522063146_93813.jpg
interior	interior/27_262_menara-hijau-menara-hijau_20181015023259_74561.jpg
interior	interior/27_279_perwata-tower-perwata-tower_20170727093225_98861.jpg
interior	interior/27_304_altira-altira-office-tower_20180228094450_17719.jpg
interior	interior/27_350_pacific-century-premium-developments-pcpd-pacific-century-place-tower-pcp_20171024022033_24471.jpg
interior	interior/27_366_zuria-tower-zuria-tower_20181115021320_50760.jpg
interior	interior/27_379_wisma-bakrie-wisma-bakrie-2_20170411042242_33413.jpg
interior	interior/27_401_st-moritz-office-tower-lippo-st-moritz-office-tower_20180228095125_50148.jpg
interior	interior/27_403_synthesis-tower-ex-gedung-hero-synthesis-tower-2-ex-gedung-hero_20171212082827_65345.jpg
interior	interior/27_411_graha-indochem-graha-indochem_20171024020251_62182.jpg
interior	interior/27_412_honeylady-tower-honeylady-tower_20180516091035_18299.jpg
interior	interior/27_419_mth-square-mth-square_20180530040632_41850.jpg
interior	interior/27_431_multi-piranti-graha-multi-piranti-graha_20180530031533_42441.jpg
interior	interior/27_434_plaza-basmar-plaza-basmar_20180502073259_16537.jpg
interior	interior/27_439_gp-plaza-gp-plaza_20170411094931_44612.jpg
interior	interior/27_440_landmark-pluit-land-mark-pluit_20180522040107_18255.jpg
interior	interior/27_445_pakarti-center-building-pakarti-center-building_20170713012919_73658.jpg
interior	interior/27_472_sainath-tower-sainath-tower_20180417044938_16874.jpg
interior	interior/27_479_gedung-unifam-gedung-unifam_20171024024009_74902.jpg
interior	interior/27_505_the-prominence-the-prominence-office-tower_20180522044622_30993.jpg
interior	interior/27_506_kantor-taman-a9-kantor-taman-a9_20180522042257_66496.jpg
interior	interior/27_512_graha-tirtadi-graha-tirtadi-senopati_20180530032142_77626.jpg
interior	interior/27_523_plaza-summarecon-serpong-plaza-summarecon-serpong_20190618080628_98197.jpg
interior	interior/27_539_gedung-pemuda-gedung-pemuda_20180530030948_16666.jpg
interior	interior/27_53_multivision-tower-multivision-tower_20180926031923_14340.jpg
interior	interior/27_546_menara-bidakara-gedung-binasentra_20181105073241_99283.jpeg
interior	interior/27_562_indomobil-tower-indomobil-tower_20180514092817_32873.jpg
interior	interior/27_618_perkantoran-taman-melati-margonda-margonda-office-building_20180928072737_40426.jpg
interior	interior/27_67_wisma-tugu-wisma-tugu-2_20180507102458_57743.jpg
interior	interior/27_78_axa-tower-axa-tower_20180412063022_83544.jpg
interior	interior/27_81_graha-paramita-graha-paramita_20190702024632_60719.jpg
interior	interior/27_98_gedung-summitmas-gedung-summitmas-1_20180327091648_87549.jpg
interior	interior/27_9_menara-bidakara-menara-bidakara-1_20170809014326_64093.jpg
interior	interior/27_citra-north-towers-interior-1672626733948-2.jpg
interior	interior/27_revenue-tower-interior-1668164208693-6.jpg
interior	interior/28_112_office-8-office-8_20171024021634_98297.jpg
interior	interior/28_129_sona-topas-tower-sona-topas-tower_20170727092511_48869.jpg
interior	interior/28_133_the-energy-building-the-energy-tower_20170713015003_14430.jpg
interior	interior/28_150_menara-thamrin-menara-thamrin_20170713012324_36384.jpg
interior	interior/28_153_plaza-permata-plaza-permata_20170727092908_37348.jpg
interior	interior/28_164_blue-green-integrated-boutique-office-blue-green-office-tower_20181015023015_67169.jpg
interior	interior/28_165_gallery-west-gallery-west_20180412062245_43183.jpg
interior	interior/28_166_gedung-graha-kencana-gedung-graha-kencana_20170712101548_24804.jpg
interior	interior/28_189_hdi-hive-ex-menteng-office-park-hdi-hive_20181029031821_53094.jpg
interior	interior/28_199_18-office-park-18-office-park_20180919062409_28961.jpg
interior	interior/28_1_capital-place-capital-place_20170616073933_42327.jpg
interior	interior/28_208_gkm-tower-gkm-tower_20201126102424_23273.jpg
interior	interior/28_209_graha-elnusa-graha-elnusa_20170615081356_94146.jpg
interior	interior/28_216_menara-165-menara-165_20180502062113_34233.jpg
interior	interior/28_218_metropolitan-tower-metropolitan-tower_20170809020224_48981.jpg
interior	interior/28_220_palma-tower-palma-tower_20180105102607_27979.jpg
interior	interior/28_236_south-quarter-south-quarter-tower-a_20180316084351_86849.jpg
interior	interior/28_257_menara-sentraya-menara-sentraya_20180522063146_79999.jpg
interior	interior/28_262_menara-hijau-menara-hijau_20181015023259_16595.jpg
interior	interior/28_279_perwata-tower-perwata-tower_20170727093229_86948.jpg
interior	interior/28_304_altira-altira-office-tower_20180228094451_78573.jpg
interior	interior/28_350_pacific-century-premium-developments-pcpd-pacific-century-place-tower-pcp_20171024022035_81639.jpg
interior	interior/28_366_zuria-tower-zuria-tower_20181115021320_32086.jpg
interior	interior/28_379_wisma-bakrie-wisma-bakrie-2_20170411042249_31461.jpg
interior	interior/28_401_st-moritz-office-tower-lippo-st-moritz-office-tower_20180228095127_75286.jpg
interior	interior/28_403_synthesis-tower-ex-gedung-hero-synthesis-tower-2-ex-gedung-hero_20171212082829_75664.jpg
interior	interior/28_411_graha-indochem-graha-indochem_20171024020334_26611.jpg
interior	interior/28_419_mth-square-mth-square_20180530040632_36899.jpg
interior	interior/28_431_multi-piranti-graha-multi-piranti-graha_20180530031534_17666.jpg
interior	interior/28_434_plaza-basmar-plaza-basmar_20180502073259_61055.jpg
interior	interior/28_439_gp-plaza-gp-plaza_20170411094940_52996.jpg
interior	interior/28_440_landmark-pluit-land-mark-pluit_20180522040107_51513.jpg
interior	interior/28_445_pakarti-center-building-pakarti-center-building_20170713012927_40393.jpg
interior	interior/28_472_sainath-tower-sainath-tower_20180417044939_69464.jpg
interior	interior/28_479_gedung-unifam-gedung-unifam_20171024024011_33033.jpg
interior	interior/28_506_kantor-taman-a9-kantor-taman-a9_20180522042257_38645.jpg
interior	interior/28_512_graha-tirtadi-graha-tirtadi-senopati_20180530032142_82063.jpg
interior	interior/28_523_plaza-summarecon-serpong-plaza-summarecon-serpong_20190618080628_96176.jpg
interior	interior/28_539_gedung-pemuda-gedung-pemuda_20180530030948_42511.jpg
interior	interior/28_53_multivision-tower-multivision-tower_20180926031924_72245.jpg
interior	interior/28_546_menara-bidakara-gedung-binasentra_20181105073241_77315.jpeg
interior	interior/28_562_indomobil-tower-indomobil-tower_20180514092818_86404.jpg
interior	interior/28_618_perkantoran-taman-melati-margonda-margonda-office-building_20180928072737_56574.jpg
interior	interior/28_67_wisma-tugu-wisma-tugu-2_20180507102458_52949.jpg
interior	interior/28_78_axa-tower-axa-tower_20180412063022_76721.jpg
interior	interior/28_98_gedung-summitmas-gedung-summitmas-1_20180420041147_32819.jpg
interior	interior/28_9_menara-bidakara-menara-bidakara-1_20170809014326_90147.jpg
interior	interior/28_citra-north-towers-interior-1672626762379-0.jpg
interior	interior/28_revenue-tower-interior-1668164250390-0.jpg
interior	interior/29_112_office-8-office-8_20171024021808_64250.jpg
interior	interior/29_129_sona-topas-tower-sona-topas-tower_20170727092515_41538.jpg
interior	interior/29_133_the-energy-building-the-energy-tower_20170713015009_70059.jpg
interior	interior/29_150_menara-thamrin-menara-thamrin_20170713012329_29286.jpg
interior	interior/29_153_plaza-permata-plaza-permata_20170727092911_10469.jpg
interior	interior/29_164_blue-green-integrated-boutique-office-blue-green-office-tower_20181015023015_77496.jpg
interior	interior/29_165_gallery-west-gallery-west_20180412062246_78340.jpg
interior	interior/29_166_gedung-graha-kencana-gedung-graha-kencana_20170712101552_94757.jpg
interior	interior/29_189_hdi-hive-ex-menteng-office-park-hdi-hive_20181029031821_50093.jpg
interior	interior/29_199_18-office-park-18-office-park_20180919062409_85454.jpg
interior	interior/29_1_capital-place-capital-place_20170616073939_52811.jpg
interior	interior/29_208_gkm-tower-gkm-tower_20201126102427_65561.jpg
interior	interior/29_209_graha-elnusa-graha-elnusa_20170615081414_99840.jpg
interior	interior/29_216_menara-165-menara-165_20180502062113_56364.jpg
interior	interior/29_218_metropolitan-tower-metropolitan-tower_20170809020225_47028.jpg
interior	interior/29_220_palma-tower-palma-tower_20180105102609_76776.jpg
interior	interior/29_236_south-quarter-south-quarter-tower-a_20180316084352_10271.jpg
interior	interior/29_257_menara-sentraya-menara-sentraya_20180522063147_28504.jpg
interior	interior/29_262_menara-hijau-menara-hijau_20181015023259_15435.jpg
interior	interior/29_279_perwata-tower-perwata-tower_20170727093232_70115.jpg
interior	interior/29_304_altira-altira-office-tower_20180228094451_59130.jpg
interior	interior/29_350_pacific-century-premium-developments-pcpd-pacific-century-place-tower-pcp_20171024022036_17860.jpg
interior	interior/29_366_zuria-tower-zuria-tower_20181115021320_89917.jpg
interior	interior/29_379_wisma-bakrie-wisma-bakrie-2_20170411042300_61131.jpg
interior	interior/29_401_st-moritz-office-tower-lippo-st-moritz-office-tower_20180228095127_14000.jpg
interior	interior/29_403_synthesis-tower-ex-gedung-hero-synthesis-tower-2-ex-gedung-hero_20171212082835_36648.jpg
interior	interior/29_411_graha-indochem-graha-indochem_20171024020336_66461.jpg
interior	interior/29_419_mth-square-mth-square_20180530040633_41034.jpg
interior	interior/29_431_multi-piranti-graha-multi-piranti-graha_20180530031534_53714.jpg
interior	interior/29_434_plaza-basmar-plaza-basmar_20180502073259_41548.jpg
interior	interior/29_439_gp-plaza-gp-plaza_20170411094947_13276.jpg
interior	interior/29_440_landmark-pluit-land-mark-pluit_20180522040108_35553.jpg
interior	interior/29_445_pakarti-center-building-pakarti-center-building_20170713012950_24413.jpg
interior	interior/29_472_sainath-tower-sainath-tower_20180417044939_71227.jpg
interior	interior/29_479_gedung-unifam-gedung-unifam_20171024024013_93320.jpg
interior	interior/29_506_kantor-taman-a9-kantor-taman-a9_20180522042258_13111.jpg
interior	interior/29_512_graha-tirtadi-graha-tirtadi-senopati_20180530032143_95173.jpg
interior	interior/29_523_plaza-summarecon-serpong-plaza-summarecon-serpong_20190618080628_71998.jpg
interior	interior/29_539_gedung-pemuda-gedung-pemuda_20180530030949_98262.jpg
interior	interior/29_53_multivision-tower-multivision-tower_20180926031924_84754.jpg
interior	interior/29_546_menara-bidakara-gedung-binasentra_20181105073241_18998.jpeg
interior	interior/29_562_indomobil-tower-indomobil-tower_20180514092818_69576.jpg
interior	interior/29_67_wisma-tugu-wisma-tugu-2_20180507102458_43160.jpg
interior	interior/29_78_axa-tower-axa-tower_20180412063022_57715.jpg
interior	interior/29_98_gedung-summitmas-gedung-summitmas-1_20180420041147_81619.jpg
interior	interior/29_9_menara-bidakara-menara-bidakara-1_20170809015026_84600.jpg
interior	interior/29_citra-north-towers-interior-1672626774127-0.jpg
interior	interior/29_revenue-tower-interior-1668164250390-1.jpg
interior	interior/30_129_sona-topas-tower-sona-topas-tower_20170727092519_48852.jpg
interior	interior/30_133_the-energy-building-the-energy-tower_20170713015015_22954.jpg
interior	interior/30_150_menara-thamrin-menara-thamrin_20170713012335_28587.jpg
interior	interior/30_153_plaza-permata-plaza-permata_20170727092915_18933.jpg
interior	interior/30_164_blue-green-integrated-boutique-office-blue-green-office-tower_20181015023015_92260.jpg
interior	interior/30_165_gallery-west-gallery-west_20180412062246_92498.jpg
interior	interior/30_166_gedung-graha-kencana-gedung-graha-kencana_20170712101554_27512.jpg
interior	interior/30_189_hdi-hive-ex-menteng-office-park-hdi-hive_20181029031821_16577.jpg
interior	interior/30_199_18-office-park-18-office-park_20180919062410_64991.jpg
interior	interior/30_1_capital-place-capital-place_20170616073946_23517.jpg
interior	interior/30_208_gkm-tower-gkm-tower_20201126102429_78769.jpg
interior	interior/30_216_menara-165-menara-165_20180502062114_46824.jpg
interior	interior/30_218_metropolitan-tower-metropolitan-tower_20170809020225_92695.jpg
interior	interior/30_220_palma-tower-palma-tower_20180105102611_97688.jpg
interior	interior/30_236_south-quarter-south-quarter-tower-a_20180316084352_16127.jpg
interior	interior/30_257_menara-sentraya-menara-sentraya_20180522063148_17578.jpg
interior	interior/30_262_menara-hijau-menara-hijau_20181015023259_65450.jpg
interior	interior/30_279_perwata-tower-perwata-tower_20170727093235_51271.jpg
interior	interior/30_304_altira-altira-office-tower_20180228094452_36687.jpg
interior	interior/30_350_pacific-century-premium-developments-pcpd-pacific-century-place-tower-pcp_20171024022039_31835.jpg
interior	interior/30_366_zuria-tower-zuria-tower_20181115021320_14970.jpg
interior	interior/30_379_wisma-bakrie-wisma-bakrie-2_20170411042311_93364.jpg
interior	interior/30_401_st-moritz-office-tower-lippo-st-moritz-office-tower_20180228095128_22761.jpg
interior	interior/30_403_synthesis-tower-ex-gedung-hero-synthesis-tower-2-ex-gedung-hero_20171212082837_60135.jpg
interior	interior/30_411_graha-indochem-graha-indochem_20171024020359_69559.jpg
interior	interior/30_419_mth-square-mth-square_20180530040633_21388.jpg
interior	interior/30_431_multi-piranti-graha-multi-piranti-graha_20180530031535_74043.jpg
interior	interior/30_440_landmark-pluit-land-mark-pluit_20180522040109_95274.jpg
interior	interior/30_445_pakarti-center-building-pakarti-center-building_20170713012957_27817.jpg
interior	interior/30_472_sainath-tower-sainath-tower_20180417044940_48487.jpg
interior	interior/30_479_gedung-unifam-gedung-unifam_20171024024015_80529.jpg
interior	interior/30_506_kantor-taman-a9-kantor-taman-a9_20180522042258_13985.jpg
interior	interior/30_512_graha-tirtadi-graha-tirtadi-senopati_20180530032143_27123.jpg
interior	interior/30_523_plaza-summarecon-serpong-plaza-summarecon-serpong_20190618080628_60096.jpg
interior	interior/30_539_gedung-pemuda-gedung-pemuda_20180530030949_35785.jpg
interior	interior/30_53_multivision-tower-multivision-tower_20180926031925_34434.jpg
interior	interior/30_562_indomobil-tower-indomobil-tower_20180530034822_19311.jpg
interior	interior/30_67_wisma-tugu-wisma-tugu-2_20180507102500_32810.jpg
interior	interior/30_78_axa-tower-axa-tower_20180412063023_50780.jpg
interior	interior/30_98_gedung-summitmas-gedung-summitmas-1_20180420041148_28800.jpg
interior	interior/30_9_menara-bidakara-menara-bidakara-1_20170809015028_45988.jpg
interior	interior/30_citra-north-towers-interior-1672626774127-1.jpg
interior	interior/30_revenue-tower-interior-1668164250390-2.jpg
interior	interior/31_129_sona-topas-tower-sona-topas-tower_20170727092522_27409.jpg
interior	interior/31_133_the-energy-building-the-energy-tower_20170713015020_20655.jpg
interior	interior/31_150_menara-thamrin-menara-thamrin_20170713012342_53553.jpg
interior	interior/31_153_plaza-permata-plaza-permata_20170727092917_68350.jpg
interior	interior/31_164_blue-green-integrated-boutique-office-blue-green-office-tower_20181015023015_90887.jpg
interior	interior/31_165_gallery-west-gallery-west_20180412062247_31623.jpg
interior	interior/31_166_gedung-graha-kencana-gedung-graha-kencana_20180507095047_62854.jpg
interior	interior/31_189_hdi-hive-ex-menteng-office-park-hdi-hive_20181029031821_61915.jpg
interior	interior/31_199_18-office-park-18-office-park_20180919062410_38992.jpg
interior	interior/31_1_capital-place-capital-place_20170616074011_88034.jpg
interior	interior/31_208_gkm-tower-gkm-tower_20201126102431_11871.jpg
interior	interior/31_218_metropolitan-tower-metropolitan-tower_20170809020226_46252.jpg
interior	interior/31_220_palma-tower-palma-tower_20180105102613_88768.jpg
interior	interior/31_236_south-quarter-south-quarter-tower-a_20180316084352_82589.jpg
interior	interior/31_257_menara-sentraya-menara-sentraya_20180522063148_67448.jpg
interior	interior/31_262_menara-hijau-menara-hijau_20181015023259_21912.jpg
interior	interior/31_279_perwata-tower-perwata-tower_20170727093247_55580.jpg
interior	interior/31_304_altira-altira-office-tower_20180228094452_19867.jpg
interior	interior/31_366_zuria-tower-zuria-tower_20181115021320_64106.jpg
interior	interior/31_379_wisma-bakrie-wisma-bakrie-2_20170411042324_41198.jpg
interior	interior/31_401_st-moritz-office-tower-lippo-st-moritz-office-tower_20180228095128_53984.jpg
interior	interior/31_403_synthesis-tower-ex-gedung-hero-synthesis-tower-2-ex-gedung-hero_20171212082839_85308.jpg
interior	interior/31_411_graha-indochem-graha-indochem_20171024020402_68657.jpg
interior	interior/31_419_mth-square-mth-square_20180530040634_32919.jpg
interior	interior/31_431_multi-piranti-graha-multi-piranti-graha_20180530031535_90393.jpg
interior	interior/31_440_landmark-pluit-land-mark-pluit_20180522040109_29707.jpg
interior	interior/31_472_sainath-tower-sainath-tower_20180417044940_73040.jpg
interior	interior/31_479_gedung-unifam-gedung-unifam_20171024024017_18164.jpg
interior	interior/31_506_kantor-taman-a9-kantor-taman-a9_20180522042258_15037.jpg
interior	interior/31_512_graha-tirtadi-graha-tirtadi-senopati_20180530032144_50804.jpg
interior	interior/31_523_plaza-summarecon-serpong-plaza-summarecon-serpong_20190618080629_91210.jpg
interior	interior/31_539_gedung-pemuda-gedung-pemuda_20180530030949_14369.jpg
interior	interior/31_53_multivision-tower-multivision-tower_20180926031925_92723.jpg
interior	interior/31_562_indomobil-tower-indomobil-tower_20180530034822_55283.jpg
interior	interior/31_78_axa-tower-axa-tower_20180412063024_65088.jpg
interior	interior/31_98_gedung-summitmas-gedung-summitmas-1_20180420041148_26822.jpg
interior	interior/31_9_menara-bidakara-menara-bidakara-1_20170809015030_83836.jpg
interior	interior/31_revenue-tower-interior-1668164250390-3.jpg
interior	interior/32_129_sona-topas-tower-sona-topas-tower_20170727092525_41764.jpg
interior	interior/32_133_the-energy-building-the-energy-tower_20170713015025_29473.jpg
interior	interior/32_150_menara-thamrin-menara-thamrin_20170713012353_21244.jpg
interior	interior/32_153_plaza-permata-plaza-permata_20171027084703_54860.jpg
interior	interior/32_164_blue-green-integrated-boutique-office-blue-green-office-tower_20181015023016_31193.jpg
interior	interior/32_165_gallery-west-gallery-west_20180412062247_59735.jpg
interior	interior/32_166_gedung-graha-kencana-gedung-graha-kencana_20180507095048_59400.jpg
interior	interior/32_189_hdi-hive-ex-menteng-office-park-hdi-hive_20181029031821_13855.jpg
interior	interior/32_199_18-office-park-18-office-park_20180919062410_64757.jpg
interior	interior/32_1_capital-place-capital-place_20170927091944_44423.jpg
interior	interior/32_208_gkm-tower-gkm-tower_20201126102434_46133.jpg
interior	interior/32_218_metropolitan-tower-metropolitan-tower_20170809020226_82445.jpg
interior	interior/32_220_palma-tower-palma-tower_20180105102614_47282.jpg
interior	interior/32_236_south-quarter-south-quarter-tower-a_20180316084353_60589.jpg
interior	interior/32_279_perwata-tower-perwata-tower_20170727093249_65646.jpg
interior	interior/32_304_altira-altira-office-tower_20180228094453_53313.jpg
interior	interior/32_366_zuria-tower-zuria-tower_20181115021320_19929.jpg
interior	interior/32_379_wisma-bakrie-wisma-bakrie-2_20170411093359_51949.jpg
interior	interior/32_401_st-moritz-office-tower-lippo-st-moritz-office-tower_20180228095129_39943.jpg
interior	interior/32_403_synthesis-tower-ex-gedung-hero-synthesis-tower-2-ex-gedung-hero_20171212082843_25201.jpg
interior	interior/32_411_graha-indochem-graha-indochem_20171024020403_71245.jpg
interior	interior/32_419_mth-square-mth-square_20180530040634_53936.jpg
interior	interior/32_431_multi-piranti-graha-multi-piranti-graha_20180530031536_70396.jpg
interior	interior/32_440_landmark-pluit-land-mark-pluit_20180522040109_38635.jpg
interior	interior/32_472_sainath-tower-sainath-tower_20180417044940_81597.jpg
interior	interior/32_479_gedung-unifam-gedung-unifam_20171024024019_95762.jpg
interior	interior/32_506_kantor-taman-a9-kantor-taman-a9_20180522042259_86769.jpg
interior	interior/32_512_graha-tirtadi-graha-tirtadi-senopati_20180530032144_15217.jpg
interior	interior/32_523_plaza-summarecon-serpong-plaza-summarecon-serpong_20190618080629_79507.jpg
interior	interior/32_539_gedung-pemuda-gedung-pemuda_20180530030949_12949.jpg
interior	interior/32_53_multivision-tower-multivision-tower_20180926031925_14227.jpg
interior	interior/32_562_indomobil-tower-indomobil-tower_20180530034823_98781.jpg
interior	interior/32_78_axa-tower-axa-tower_20180412063024_79272.jpg
interior	interior/32_98_gedung-summitmas-gedung-summitmas-1_20180420041148_25384.jpg
interior	interior/32_9_menara-bidakara-menara-bidakara-1_20170809015032_77426.jpg
interior	interior/32_revenue-tower-interior-1668164250390-4.jpg
interior	interior/33_129_sona-topas-tower-sona-topas-tower_20170727092535_72955.jpg
interior	interior/33_133_the-energy-building-the-energy-tower_20170713015030_91462.jpg
interior	interior/33_150_menara-thamrin-menara-thamrin_20171017063812_60030.jpg
interior	interior/33_153_plaza-permata-plaza-permata_20171027085015_28862.jpg
interior	interior/33_165_gallery-west-gallery-west_20180412062248_63261.jpg
interior	interior/33_166_gedung-graha-kencana-gedung-graha-kencana_20180507095049_76593.jpg
interior	interior/33_199_18-office-park-18-office-park_20180919062410_73858.jpg
interior	interior/33_1_capital-place-capital-place_20170927092047_72150.jpg
interior	interior/33_208_gkm-tower-gkm-tower_20201126102437_82615.jpg
interior	interior/33_218_metropolitan-tower-metropolitan-tower_20170809020226_34029.jpg
interior	interior/33_220_palma-tower-palma-tower_20180105102616_73078.jpg
interior	interior/33_236_south-quarter-south-quarter-tower-a_20180316084354_95895.jpg
interior	interior/33_279_perwata-tower-perwata-tower_20170727093252_12054.jpg
interior	interior/33_304_altira-altira-office-tower_20180228094453_70891.jpg
interior	interior/33_366_zuria-tower-zuria-tower_20181115021321_90855.jpg
interior	interior/33_379_wisma-bakrie-wisma-bakrie-2_20170411093401_77333.jpg
interior	interior/33_401_st-moritz-office-tower-lippo-st-moritz-office-tower_20180228095129_71631.jpg
interior	interior/33_403_synthesis-tower-ex-gedung-hero-synthesis-tower-2-ex-gedung-hero_20171212082845_98930.jpg
interior	interior/33_411_graha-indochem-graha-indochem_20171024020406_20508.jpg
interior	interior/33_419_mth-square-mth-square_20180530040635_84743.jpg
interior	interior/33_431_multi-piranti-graha-multi-piranti-graha_20180530031536_25477.jpg
interior	interior/33_440_landmark-pluit-land-mark-pluit_20180522040109_32516.jpg
interior	interior/33_472_sainath-tower-sainath-tower_20180417044940_40895.jpg
interior	interior/33_479_gedung-unifam-gedung-unifam_20171024024021_52084.jpg
interior	interior/33_512_graha-tirtadi-graha-tirtadi-senopati_20180530032144_99069.jpg
interior	interior/33_523_plaza-summarecon-serpong-plaza-summarecon-serpong_20190618080629_71035.jpg
interior	interior/33_539_gedung-pemuda-gedung-pemuda_20180530030950_61514.jpg
interior	interior/33_53_multivision-tower-multivision-tower_20180926031925_72154.jpg
interior	interior/33_562_indomobil-tower-indomobil-tower_20180530034824_97046.jpg
interior	interior/33_78_axa-tower-axa-tower_20180412063024_19424.jpg
interior	interior/33_98_gedung-summitmas-gedung-summitmas-1_20180420041148_49872.jpg
interior	interior/33_9_menara-bidakara-menara-bidakara-1_20170913064427_58096.jpg
interior	interior/33_revenue-tower-interior-1668164281000-0.jpg
interior	interior/34_129_sona-topas-tower-sona-topas-tower_20170727092538_81493.jpg
interior	interior/34_133_the-energy-building-the-energy-tower_20170713015035_13994.jpg
interior	interior/34_150_menara-thamrin-menara-thamrin_20171017063816_57252.jpg
interior	interior/34_153_plaza-permata-plaza-permata_20171027085018_16195.jpg
interior	interior/34_165_gallery-west-gallery-west_20180412062248_82971.jpg
interior	interior/34_199_18-office-park-18-office-park_20180919062410_81158.jpg
interior	interior/34_1_capital-place-capital-place_20170927092213_71953.jpg
interior	interior/34_208_gkm-tower-gkm-tower_20201126102443_10871.jpg
interior	interior/34_218_metropolitan-tower-metropolitan-tower_20170809020227_94278.jpg
interior	interior/34_236_south-quarter-south-quarter-tower-a_20180316084355_72030.jpg
interior	interior/34_279_perwata-tower-perwata-tower_20170727093255_16939.jpg
interior	interior/34_304_altira-altira-office-tower_20180323092015_76072.jpg
interior	interior/34_379_wisma-bakrie-wisma-bakrie-2_20170411093402_72160.jpg
interior	interior/34_401_st-moritz-office-tower-lippo-st-moritz-office-tower_20180228095130_10451.jpg
interior	interior/34_419_mth-square-mth-square_20180530040635_34637.jpg
interior	interior/34_431_multi-piranti-graha-multi-piranti-graha_20180530031536_79912.jpg
interior	interior/34_440_landmark-pluit-land-mark-pluit_20180522040110_38175.jpg
interior	interior/34_472_sainath-tower-sainath-tower_20180417044941_71639.jpg
interior	interior/34_479_gedung-unifam-gedung-unifam_20171024024022_87743.jpg
interior	interior/34_512_graha-tirtadi-graha-tirtadi-senopati_20180530032144_81553.jpg
interior	interior/34_523_plaza-summarecon-serpong-plaza-summarecon-serpong_20190618080629_89585.jpg
interior	interior/34_539_gedung-pemuda-gedung-pemuda_20180530030950_31852.jpg
interior	interior/34_53_multivision-tower-multivision-tower_20180926031925_65583.jpg
interior	interior/34_562_indomobil-tower-indomobil-tower_20180530034824_95889.jpg
interior	interior/34_78_axa-tower-axa-tower_20180412063025_44661.jpg
interior	interior/34_98_gedung-summitmas-gedung-summitmas-1_20180420041150_59536.jpg
interior	interior/34_9_menara-bidakara-menara-bidakara-1_20170913064430_61734.jpg
interior	interior/34_revenue-tower-interior-1668164281000-1.jpg
interior	interior/35_129_sona-topas-tower-sona-topas-tower_20170727092543_69938.jpg
interior	interior/35_133_the-energy-building-the-energy-tower_20170713015042_28453.jpg
interior	interior/35_150_menara-thamrin-menara-thamrin_20171017063838_84405.jpg
interior	interior/35_153_plaza-permata-plaza-permata_20171027085020_68747.jpg
interior	interior/35_165_gallery-west-gallery-west_20180412062248_65755.jpg
interior	interior/35_199_18-office-park-18-office-park_20180919062410_20543.jpg
interior	interior/35_1_capital-place-capital-place_20170927092216_46363.jpg
interior	interior/35_208_gkm-tower-gkm-tower_20201126102445_47183.jpg
interior	interior/35_218_metropolitan-tower-metropolitan-tower_20170809020228_32081.jpg
interior	interior/35_236_south-quarter-south-quarter-tower-a_20180316084355_69205.jpg
interior	interior/35_279_perwata-tower-perwata-tower_20170727093259_81645.jpg
interior	interior/35_379_wisma-bakrie-wisma-bakrie-2_20170411093403_66330.jpg
interior	interior/35_401_st-moritz-office-tower-lippo-st-moritz-office-tower_20180228095130_98252.jpg
interior	interior/35_419_mth-square-mth-square_20180530040635_36645.jpg
interior	interior/35_431_multi-piranti-graha-multi-piranti-graha_20180530031537_56608.jpg
interior	interior/35_440_landmark-pluit-land-mark-pluit_20180522040111_95188.jpg
interior	interior/35_472_sainath-tower-sainath-tower_20180417044941_64918.jpg
interior	interior/35_479_gedung-unifam-gedung-unifam_20171024024025_49548.jpg
interior	interior/35_512_graha-tirtadi-graha-tirtadi-senopati_20180530032145_18337.jpg
interior	interior/35_523_plaza-summarecon-serpong-plaza-summarecon-serpong_20190618080629_80385.jpg
interior	interior/35_539_gedung-pemuda-gedung-pemuda_20180530030951_96580.jpg
interior	interior/35_53_multivision-tower-multivision-tower_20180926031926_63343.jpg
interior	interior/35_562_indomobil-tower-indomobil-tower_20180530034824_64071.jpg
interior	interior/35_78_axa-tower-axa-tower_20180412063025_21540.jpg
interior	interior/35_98_gedung-summitmas-gedung-summitmas-1_20180420041150_43030.jpg
interior	interior/35_9_menara-bidakara-menara-bidakara-1_20170913064431_53513.jpg
interior	interior/35_revenue-tower-interior-1668164281000-2.jpg
interior	interior/36_129_sona-topas-tower-sona-topas-tower_20170727092546_71962.jpg
interior	interior/36_133_the-energy-building-the-energy-tower_20170713015049_34277.jpg
interior	interior/36_150_menara-thamrin-menara-thamrin_20171024020642_41885.jpg
interior	interior/36_153_plaza-permata-plaza-permata_20171027085033_75547.jpg
interior	interior/36_165_gallery-west-gallery-west_20180412062249_95421.jpg
interior	interior/36_199_18-office-park-18-office-park_20180919062411_13716.jpg
interior	interior/36_1_capital-place-capital-place_20170927092229_98746.jpg
interior	interior/36_208_gkm-tower-gkm-tower_20201126102449_66690.jpg
interior	interior/36_218_metropolitan-tower-metropolitan-tower_20170809020228_55032.jpg
interior	interior/36_236_south-quarter-south-quarter-tower-a_20180316084355_36109.jpg
interior	interior/36_279_perwata-tower-perwata-tower_20170727093303_46950.jpg
interior	interior/36_379_wisma-bakrie-wisma-bakrie-2_20170411093404_42210.jpg
interior	interior/36_401_st-moritz-office-tower-lippo-st-moritz-office-tower_20180228095131_18728.jpg
interior	interior/36_419_mth-square-mth-square_20180530040636_82338.jpg
interior	interior/36_431_multi-piranti-graha-multi-piranti-graha_20180530031537_68480.jpg
interior	interior/36_440_landmark-pluit-land-mark-pluit_20180522040111_90105.jpg
interior	interior/36_472_sainath-tower-sainath-tower_20180417044942_35709.jpg
interior	interior/36_479_gedung-unifam-gedung-unifam_20171024024026_14688.jpg
interior	interior/36_512_graha-tirtadi-graha-tirtadi-senopati_20180530032145_51918.jpg
interior	interior/36_523_plaza-summarecon-serpong-plaza-summarecon-serpong_20190618080629_13179.jpg
interior	interior/36_539_gedung-pemuda-gedung-pemuda_20180530030952_95021.jpg
interior	interior/36_562_indomobil-tower-indomobil-tower_20180530034824_63818.jpg
interior	interior/36_78_axa-tower-axa-tower_20180412063025_44237.jpg
interior	interior/36_98_gedung-summitmas-gedung-summitmas-1_20180420041150_61714.jpg
interior	interior/36_9_menara-bidakara-menara-bidakara-1_20170913064433_17512.jpg
interior	interior/36_revenue-tower-interior-1668164281000-3.jpg
interior	interior/37_129_sona-topas-tower-sona-topas-tower_20170727092549_72959.jpg
interior	interior/37_133_the-energy-building-the-energy-tower_20170713015055_84448.jpg
interior	interior/37_150_menara-thamrin-menara-thamrin_20171024020755_36046.jpg
interior	interior/37_153_plaza-permata-plaza-permata_20171027085036_89809.jpg
interior	interior/37_165_gallery-west-gallery-west_20180412062249_64657.jpg
interior	interior/37_1_capital-place-capital-place_20170927092230_31026.jpg
interior	interior/37_208_gkm-tower-gkm-tower_20201126102450_15517.jpg
interior	interior/37_218_metropolitan-tower-metropolitan-tower_20170809020229_63646.jpg
interior	interior/37_236_south-quarter-south-quarter-tower-a_20180316084356_13033.jpg
interior	interior/37_279_perwata-tower-perwata-tower_20170727093306_98900.jpg
interior	interior/37_379_wisma-bakrie-wisma-bakrie-2_20170411093404_75696.jpg
interior	interior/37_401_st-moritz-office-tower-lippo-st-moritz-office-tower_20180228095131_92033.jpg
interior	interior/37_419_mth-square-mth-square_20180530040637_44210.jpg
interior	interior/37_431_multi-piranti-graha-multi-piranti-graha_20180530031537_19398.jpg
interior	interior/37_440_landmark-pluit-land-mark-pluit_20180522040112_59649.jpg
interior	interior/37_472_sainath-tower-sainath-tower_20180417044942_25673.jpg
interior	interior/37_479_gedung-unifam-gedung-unifam_20171024024029_35904.jpg
interior	interior/37_523_plaza-summarecon-serpong-plaza-summarecon-serpong_20190618080629_22830.jpg
interior	interior/37_539_gedung-pemuda-gedung-pemuda_20180530030952_22666.jpg
interior	interior/37_562_indomobil-tower-indomobil-tower_20180530034825_74230.jpg
interior	interior/37_78_axa-tower-axa-tower_20180412063025_29779.jpg
interior	interior/37_98_gedung-summitmas-gedung-summitmas-1_20180420041150_92848.jpg
interior	interior/37_9_menara-bidakara-menara-bidakara-1_20170913064435_50412.jpg
interior	interior/37_revenue-tower-interior-1668164281000-4.jpg
interior	interior/38_133_the-energy-building-the-energy-tower_20170713015101_84605.jpg
interior	interior/38_150_menara-thamrin-menara-thamrin_20171024020758_56865.jpg
interior	interior/38_153_plaza-permata-plaza-permata_20171027085038_62550.jpg
interior	interior/38_165_gallery-west-gallery-west_20180412062249_93342.jpg
interior	interior/38_1_capital-place-capital-place_20170927092233_72042.jpg
interior	interior/38_208_gkm-tower-gkm-tower_20201126102453_99845.jpg
interior	interior/38_218_metropolitan-tower-metropolitan-tower_20170809020229_52480.jpg
interior	interior/38_236_south-quarter-south-quarter-tower-a_20180316084357_62554.jpg
interior	interior/38_279_perwata-tower-perwata-tower_20171024022551_27351.jpg
interior	interior/38_379_wisma-bakrie-wisma-bakrie-2_20170411093405_61598.jpg
interior	interior/38_401_st-moritz-office-tower-lippo-st-moritz-office-tower_20180228095131_52739.jpg
interior	interior/38_419_mth-square-mth-square_20180530040637_79856.jpg
interior	interior/38_431_multi-piranti-graha-multi-piranti-graha_20180530031538_62586.jpg
interior	interior/38_440_landmark-pluit-land-mark-pluit_20180522040113_69206.jpg
interior	interior/38_472_sainath-tower-sainath-tower_20180417044943_16204.jpg
interior	interior/38_479_gedung-unifam-gedung-unifam_20171024024031_12944.jpg
interior	interior/38_523_plaza-summarecon-serpong-plaza-summarecon-serpong_20190618080629_30046.jpg
interior	interior/38_539_gedung-pemuda-gedung-pemuda_20180530030953_62311.jpg
interior	interior/38_562_indomobil-tower-indomobil-tower_20180530034826_15724.jpg
interior	interior/38_78_axa-tower-axa-tower_20180412063027_82240.jpg
interior	interior/38_98_gedung-summitmas-gedung-summitmas-1_20180420041151_65655.jpg
interior	interior/38_9_menara-bidakara-menara-bidakara-1_20170913064436_63020.jpg
interior	interior/39_133_the-energy-building-the-energy-tower_20170713015106_25159.jpg
interior	interior/39_150_menara-thamrin-menara-thamrin_20171024020932_24948.jpg
interior	interior/39_153_plaza-permata-plaza-permata_20171027085040_62571.jpg
interior	interior/39_165_gallery-west-gallery-west_20180412062250_19728.jpg
interior	interior/39_1_capital-place-capital-place_20170927092236_37304.jpg
interior	interior/39_218_metropolitan-tower-metropolitan-tower_20170809020230_53473.jpg
interior	interior/39_236_south-quarter-south-quarter-tower-a_20180316084358_11580.jpg
interior	interior/39_279_perwata-tower-perwata-tower_20171024022612_83250.jpg
interior	interior/39_379_wisma-bakrie-wisma-bakrie-2_20170411093411_51306.jpg
interior	interior/39_401_st-moritz-office-tower-lippo-st-moritz-office-tower_20180228095132_35750.jpg
interior	interior/39_419_mth-square-mth-square_20180530040637_53986.jpg
interior	interior/39_431_multi-piranti-graha-multi-piranti-graha_20180530031539_61361.jpg
interior	interior/39_440_landmark-pluit-land-mark-pluit_20180522040114_67662.jpg
interior	interior/39_472_sainath-tower-sainath-tower_20180417044943_78930.jpg
interior	interior/39_479_gedung-unifam-gedung-unifam_20171024024033_17785.jpg
interior	interior/39_523_plaza-summarecon-serpong-plaza-summarecon-serpong_20190618080630_38792.jpg
interior	interior/39_539_gedung-pemuda-gedung-pemuda_20180530030953_38456.jpg
interior	interior/39_562_indomobil-tower-indomobil-tower_20180530034826_27148.jpg
interior	interior/39_78_axa-tower-axa-tower_20180412063027_88939.jpg
interior	interior/39_98_gedung-summitmas-gedung-summitmas-1_20180420041152_64596.jpg
interior	interior/39_9_menara-bidakara-menara-bidakara-1_20170913064438_41722.jpg
interior	interior/40_133_the-energy-building-the-energy-tower_20170713015112_29850.jpg
interior	interior/40_150_menara-thamrin-menara-thamrin_20171024020959_20108.jpg
interior	interior/40_153_plaza-permata-plaza-permata_20171027085042_18710.jpg
interior	interior/40_165_gallery-west-gallery-west_20180412062250_97486.jpg
interior	interior/40_1_capital-place-capital-place_20170927092239_21858.jpg
interior	interior/40_236_south-quarter-south-quarter-tower-a_20180316084358_33380.jpg
interior	interior/40_279_perwata-tower-perwata-tower_20171024022656_93685.jpg
interior	interior/40_379_wisma-bakrie-wisma-bakrie-2_20170411093412_31568.jpg
interior	interior/40_401_st-moritz-office-tower-lippo-st-moritz-office-tower_20180228095132_51532.jpg
interior	interior/40_419_mth-square-mth-square_20180530040638_13640.jpg
interior	interior/40_431_multi-piranti-graha-multi-piranti-graha_20180530031539_55035.jpg
interior	interior/40_440_landmark-pluit-land-mark-pluit_20180522040114_46382.jpg
interior	interior/40_472_sainath-tower-sainath-tower_20180417044943_83284.jpg
interior	interior/40_479_gedung-unifam-gedung-unifam_20171024024037_10728.jpg
interior	interior/40_523_plaza-summarecon-serpong-plaza-summarecon-serpong_20190618080630_69152.jpg
interior	interior/40_539_gedung-pemuda-gedung-pemuda_20180530030954_97066.jpg
interior	interior/40_562_indomobil-tower-indomobil-tower_20180530034827_49701.jpg
interior	interior/40_78_axa-tower-axa-tower_20180412063027_97121.jpg
interior	interior/40_98_gedung-summitmas-gedung-summitmas-1_20180420041152_91144.jpg
interior	interior/40_9_menara-bidakara-menara-bidakara-1_20170913064440_54029.jpg
interior	interior/41_133_the-energy-building-the-energy-tower_20170713015118_49057.jpg
interior	interior/41_150_menara-thamrin-menara-thamrin_20171024021002_40997.jpg
interior	interior/41_153_plaza-permata-plaza-permata_20171027085043_89373.jpg
interior	interior/41_165_gallery-west-gallery-west_20180412062251_85843.jpg
interior	interior/41_1_capital-place-capital-place_20170927092259_98120.jpg
interior	interior/41_236_south-quarter-south-quarter-tower-a_20180316084358_47344.jpg
interior	interior/41_379_wisma-bakrie-wisma-bakrie-2_20170411093414_71955.jpg
interior	interior/41_401_st-moritz-office-tower-lippo-st-moritz-office-tower_20180228095133_54061.jpg
interior	interior/41_419_mth-square-mth-square_20180530040638_44111.jpg
interior	interior/41_431_multi-piranti-graha-multi-piranti-graha_20180530031539_23743.jpg
interior	interior/41_440_landmark-pluit-land-mark-pluit_20180522040115_16829.jpg
interior	interior/41_472_sainath-tower-sainath-tower_20180417044943_37144.jpg
interior	interior/41_479_gedung-unifam-gedung-unifam_20171024024038_42206.jpg
interior	interior/41_539_gedung-pemuda-gedung-pemuda_20180530030954_32797.jpg
interior	interior/41_562_indomobil-tower-indomobil-tower_20180530034827_24879.jpg
interior	interior/41_78_axa-tower-axa-tower_20180412063027_47393.jpg
interior	interior/41_98_gedung-summitmas-gedung-summitmas-1_20180420041153_92810.jpg
interior	interior/41_9_menara-bidakara-menara-bidakara-1_20170913064446_85709.jpg
interior	interior/42_133_the-energy-building-the-energy-tower_20170713015123_89517.jpg
interior	interior/42_150_menara-thamrin-menara-thamrin_20171024021042_45647.jpg
interior	interior/42_153_plaza-permata-plaza-permata_20171027085045_76098.jpg
interior	interior/42_165_gallery-west-gallery-west_20180412062251_90723.jpg
interior	interior/42_1_capital-place-capital-place_20170927092441_25507.jpg
interior	interior/42_236_south-quarter-south-quarter-tower-a_20180316084358_17145.jpg
interior	interior/42_379_wisma-bakrie-wisma-bakrie-2_20170411093415_48304.jpg
interior	interior/42_401_st-moritz-office-tower-lippo-st-moritz-office-tower_20180228095133_19224.jpg
interior	interior/42_419_mth-square-mth-square_20180530040638_20128.jpg
interior	interior/42_431_multi-piranti-graha-multi-piranti-graha_20180530031540_12603.jpg
interior	interior/42_440_landmark-pluit-land-mark-pluit_20180522040116_45987.jpg
interior	interior/42_472_sainath-tower-sainath-tower_20180417044943_35335.jpg
interior	interior/42_479_gedung-unifam-gedung-unifam_20171024024040_67922.jpg
interior	interior/42_539_gedung-pemuda-gedung-pemuda_20180530030954_60677.jpg
interior	interior/42_562_indomobil-tower-indomobil-tower_20180530034828_33859.jpg
interior	interior/42_78_axa-tower-axa-tower_20180412063028_62069.jpg
interior	interior/42_98_gedung-summitmas-gedung-summitmas-1_20180420041153_42612.jpg
interior	interior/42_9_menara-bidakara-menara-bidakara-1_20170913064448_97109.jpg
interior	interior/43_133_the-energy-building-the-energy-tower_20170713015129_38659.jpg
interior	interior/43_150_menara-thamrin-menara-thamrin_20171024021044_19949.jpg
interior	interior/43_153_plaza-permata-plaza-permata_20171027085047_84406.jpg
interior	interior/43_165_gallery-west-gallery-west_20180412062252_47441.jpg
interior	interior/43_1_capital-place-capital-place_20180201100919_85802.jpg
interior	interior/43_236_south-quarter-south-quarter-tower-a_20180316084359_31837.jpg
interior	interior/43_379_wisma-bakrie-wisma-bakrie-2_20170411094713_16413.jpg
interior	interior/43_401_st-moritz-office-tower-lippo-st-moritz-office-tower_20180228095133_45137.jpg
interior	interior/43_419_mth-square-mth-square_20180530040639_72794.jpg
interior	interior/43_431_multi-piranti-graha-multi-piranti-graha_20180530031540_40126.jpg
interior	interior/43_440_landmark-pluit-land-mark-pluit_20180522040117_41528.jpg
interior	interior/43_472_sainath-tower-sainath-tower_20180417044944_20031.jpg
interior	interior/43_479_gedung-unifam-gedung-unifam_20171024024042_29275.jpg
interior	interior/43_539_gedung-pemuda-gedung-pemuda_20180530030955_32735.jpg
interior	interior/43_562_indomobil-tower-indomobil-tower_20180530034828_41928.jpg
interior	interior/43_78_axa-tower-axa-tower_20180412063028_12673.jpg
interior	interior/43_98_gedung-summitmas-gedung-summitmas-1_20180420041154_93351.jpg
interior	interior/43_9_menara-bidakara-menara-bidakara-1_20170913064451_70720.jpg
interior	interior/44_133_the-energy-building-the-energy-tower_20170713015139_64030.jpg
interior	interior/44_150_menara-thamrin-menara-thamrin_20171024021117_77808.jpg
interior	interior/44_153_plaza-permata-plaza-permata_20171027085057_36573.jpg
interior	interior/44_165_gallery-west-gallery-west_20180412062252_44501.jpg
interior	interior/44_1_capital-place-capital-place_20180201100923_48124.jpg
interior	interior/44_236_south-quarter-south-quarter-tower-a_20180316084400_94170.jpg
interior	interior/44_379_wisma-bakrie-wisma-bakrie-2_20170411094714_60793.jpg
interior	interior/44_401_st-moritz-office-tower-lippo-st-moritz-office-tower_20180228095134_82851.jpg
interior	interior/44_419_mth-square-mth-square_20180530040639_53836.jpg
interior	interior/44_440_landmark-pluit-land-mark-pluit_20180522040117_59654.jpg
interior	interior/44_479_gedung-unifam-gedung-unifam_20171024024044_54784.jpg
interior	interior/44_539_gedung-pemuda-gedung-pemuda_20180530030955_56231.jpg
interior	interior/44_562_indomobil-tower-indomobil-tower_20180530034828_24200.jpg
interior	interior/44_98_gedung-summitmas-gedung-summitmas-1_20180420041154_78291.jpg
interior	interior/44_9_menara-bidakara-menara-bidakara-1_20170913064454_83850.jpg
interior	interior/45_133_the-energy-building-the-energy-tower_20170713015145_33415.jpg
interior	interior/45_150_menara-thamrin-menara-thamrin_20171024021130_43405.jpg
interior	interior/45_153_plaza-permata-plaza-permata_20171027085102_44159.jpg
interior	interior/45_165_gallery-west-gallery-west_20180412062258_63616.jpg
interior	interior/45_236_south-quarter-south-quarter-tower-a_20180316084401_68469.jpg
interior	interior/45_379_wisma-bakrie-wisma-bakrie-2_20170411094714_42655.jpg
interior	interior/45_401_st-moritz-office-tower-lippo-st-moritz-office-tower_20180228095134_80287.jpg
interior	interior/45_419_mth-square-mth-square_20180530040640_77571.jpg
interior	interior/45_440_landmark-pluit-land-mark-pluit_20180522040118_38824.jpg
interior	interior/45_479_gedung-unifam-gedung-unifam_20180323075813_86598.jpg
interior	interior/45_539_gedung-pemuda-gedung-pemuda_20180530030956_83982.jpg
interior	interior/45_562_indomobil-tower-indomobil-tower_20180530034828_61881.jpg
interior	interior/45_98_gedung-summitmas-gedung-summitmas-1_20180420041155_48074.jpg
interior	interior/45_9_menara-bidakara-menara-bidakara-1_20170913064512_12081.jpg
interior	interior/45_capital-place-interior-1762403120336-0.jpg
interior	interior/46_133_the-energy-building-the-energy-tower_20170713015152_62406.jpg
interior	interior/46_150_menara-thamrin-menara-thamrin_20171024021203_57177.jpg
interior	interior/46_153_plaza-permata-plaza-permata_20171027085108_43576.jpg
interior	interior/46_236_south-quarter-south-quarter-tower-a_20180316084401_49587.jpg
interior	interior/46_379_wisma-bakrie-wisma-bakrie-2_20170411094715_43673.jpg
interior	interior/46_401_st-moritz-office-tower-lippo-st-moritz-office-tower_20180228095134_66589.jpg
interior	interior/46_419_mth-square-mth-square_20180530040640_80832.jpg
interior	interior/46_440_landmark-pluit-land-mark-pluit_20180522040118_88447.jpg
interior	interior/46_479_gedung-unifam-gedung-unifam_20180323075814_34383.jpg
interior	interior/46_539_gedung-pemuda-gedung-pemuda_20180530030956_66339.jpg
interior	interior/46_562_indomobil-tower-indomobil-tower_20180530034828_41629.jpg
interior	interior/46_98_gedung-summitmas-gedung-summitmas-1_20180420041155_22748.jpg
interior	interior/46_9_menara-bidakara-menara-bidakara-1_20170913064516_35531.jpg
interior	interior/47_133_the-energy-building-the-energy-tower_20170713015159_46210.jpg
interior	interior/47_150_menara-thamrin-menara-thamrin_20171024021247_50918.jpg
interior	interior/47_153_plaza-permata-plaza-permata_20171027085111_74264.jpg
interior	interior/47_236_south-quarter-south-quarter-tower-a_20180316084401_78577.jpg
interior	interior/47_379_wisma-bakrie-wisma-bakrie-2_20170411094716_81452.jpg
interior	interior/47_401_st-moritz-office-tower-lippo-st-moritz-office-tower_20180228095135_42384.jpg
interior	interior/47_419_mth-square-mth-square_20180530040640_26587.jpg
interior	interior/47_440_landmark-pluit-land-mark-pluit_20180522040119_60918.jpg
interior	interior/47_479_gedung-unifam-gedung-unifam_20180323075814_25278.jpg
interior	interior/47_562_indomobil-tower-indomobil-tower_20180530034829_23394.jpg
interior	interior/47_98_gedung-summitmas-gedung-summitmas-1_20180420041155_89061.jpg
interior	interior/47_9_menara-bidakara-menara-bidakara-1_20170913064519_23542.jpg
interior	interior/48_133_the-energy-building-the-energy-tower_20170713015209_52556.jpg
interior	interior/48_150_menara-thamrin-menara-thamrin_20171024021251_76722.jpg
interior	interior/48_153_plaza-permata-plaza-permata_20171027085112_84018.jpg
interior	interior/48_379_wisma-bakrie-wisma-bakrie-2_20170411094716_54994.jpg
interior	interior/48_401_st-moritz-office-tower-lippo-st-moritz-office-tower_20180228095135_79810.jpg
interior	interior/48_419_mth-square-mth-square_20180530040640_72362.jpg
interior	interior/48_440_landmark-pluit-land-mark-pluit_20180522040120_94441.jpg
interior	interior/48_479_gedung-unifam-gedung-unifam_20180323075815_60969.jpg
interior	interior/48_562_indomobil-tower-indomobil-tower_20180530034829_16581.jpg
interior	interior/48_98_gedung-summitmas-gedung-summitmas-1_20180420041155_98575.jpg
interior	interior/48_9_menara-bidakara-menara-bidakara-1_20170913064521_48818.jpg
interior	interior/49_133_the-energy-building-the-energy-tower_20170713015217_72573.jpg
interior	interior/49_153_plaza-permata-plaza-permata_20171027085115_33707.jpg
interior	interior/49_379_wisma-bakrie-wisma-bakrie-2_20170411094717_24628.jpg
interior	interior/49_419_mth-square-mth-square_20180530040640_18968.jpg
interior	interior/49_440_landmark-pluit-land-mark-pluit_20180522040120_57434.jpg
interior	interior/49_479_gedung-unifam-gedung-unifam_20180323075815_97276.jpg
interior	interior/49_562_indomobil-tower-indomobil-tower_20180530034829_75980.jpg
interior	interior/49_98_gedung-summitmas-gedung-summitmas-1_20180420041156_24735.jpg
interior	interior/49_9_menara-bidakara-menara-bidakara-1_20170913064546_54673.jpg
interior	interior/50_133_the-energy-building-the-energy-tower_20170713015225_90534.jpg
interior	interior/50_379_wisma-bakrie-wisma-bakrie-2_20170411094717_95852.jpg
interior	interior/50_419_mth-square-mth-square_20180727075947_54995.jpg
interior	interior/50_440_landmark-pluit-land-mark-pluit_20180522040120_71952.jpg
interior	interior/50_479_gedung-unifam-gedung-unifam_20180323075815_27325.jpg
interior	interior/50_562_indomobil-tower-indomobil-tower_20180530034830_24988.jpg
interior	interior/51_133_the-energy-building-the-energy-tower_20170713015230_32520.jpg
interior	interior/51_379_wisma-bakrie-wisma-bakrie-2_20170411094717_70479.jpg
interior	interior/51_419_mth-square-mth-square_20180727075948_48916.jpg
interior	interior/51_440_landmark-pluit-land-mark-pluit_20180522040122_40056.jpg
interior	interior/51_479_gedung-unifam-gedung-unifam_20180323075816_11005.jpg
interior	interior/51_562_indomobil-tower-indomobil-tower_20180530034830_76580.jpg
interior	interior/52_379_wisma-bakrie-wisma-bakrie-2_20170411094718_35785.jpg
interior	interior/52_419_mth-square-mth-square_20180727075948_79096.jpg
interior	interior/52_440_landmark-pluit-land-mark-pluit_20180522040122_49976.jpg
interior	interior/52_479_gedung-unifam-gedung-unifam_20180323075816_95369.jpg
interior	interior/52_562_indomobil-tower-indomobil-tower_20180530034830_49728.jpg
interior	interior/53_379_wisma-bakrie-wisma-bakrie-2_20170411094718_26655.jpg
interior	interior/53_419_mth-square-mth-square_20180727075949_33114.jpg
interior	interior/53_440_landmark-pluit-land-mark-pluit_20180522040124_71160.jpg
interior	interior/53_479_gedung-unifam-gedung-unifam_20180323075816_54795.jpg
interior	interior/53_562_indomobil-tower-indomobil-tower_20180530034830_10590.jpg
interior	interior/54_379_wisma-bakrie-wisma-bakrie-2_20170411094718_55390.jpg
interior	interior/54_419_mth-square-mth-square_20180727075949_88750.jpg
interior	interior/54_440_landmark-pluit-land-mark-pluit_20180522040124_66019.jpg
interior	interior/54_479_gedung-unifam-gedung-unifam_20180323075816_54941.jpg
interior	interior/54_562_indomobil-tower-indomobil-tower_20180530034831_94022.jpg
interior	interior/55_379_wisma-bakrie-wisma-bakrie-2_20170411094719_90242.jpg
interior	interior/55_419_mth-square-mth-square_20180727075950_30148.jpg
interior	interior/55_440_landmark-pluit-land-mark-pluit_20180522040125_53479.jpg
interior	interior/55_479_gedung-unifam-gedung-unifam_20180323075817_12590.jpg
interior	interior/55_562_indomobil-tower-indomobil-tower_20180530034831_98830.jpg
interior	interior/56_379_wisma-bakrie-wisma-bakrie-2_20170411095209_36634.jpg
interior	interior/56_419_mth-square-mth-square_20180727075950_23049.jpg
interior	interior/56_440_landmark-pluit-land-mark-pluit_20180522040126_82069.jpg
interior	interior/56_479_gedung-unifam-gedung-unifam_20180323075817_29574.jpg
interior	interior/56_562_indomobil-tower-indomobil-tower_20180530034831_78608.jpg
interior	interior/57_379_wisma-bakrie-wisma-bakrie-2_20170411100105_38197.jpg
interior	interior/57_419_mth-square-mth-square_20180727075950_92563.jpg
interior	interior/57_440_landmark-pluit-land-mark-pluit_20180522040127_42460.jpg
interior	interior/57_479_gedung-unifam-gedung-unifam_20180323075818_74508.jpg
interior	interior/58_379_wisma-bakrie-wisma-bakrie-2_20170411100112_66008.jpg
interior	interior/58_419_mth-square-mth-square_20180727075951_34054.jpg
interior	interior/58_440_landmark-pluit-land-mark-pluit_20180522040127_77460.jpg
interior	interior/58_479_gedung-unifam-gedung-unifam_20180323075818_11747.jpg
interior	interior/59_379_wisma-bakrie-wisma-bakrie-2_20170411100121_66758.jpg
interior	interior/59_419_mth-square-mth-square_20180727075951_64335.jpg
interior	interior/59_440_landmark-pluit-land-mark-pluit_20180522040127_68862.jpg
interior	interior/59_479_gedung-unifam-gedung-unifam_20180323075819_30722.jpg
interior	interior/60_379_wisma-bakrie-wisma-bakrie-2_20170411100129_38219.jpg
interior	interior/60_419_mth-square-mth-square_20180727075952_25246.jpg
interior	interior/60_440_landmark-pluit-land-mark-pluit_20180522040129_29212.jpg
interior	interior/60_479_gedung-unifam-gedung-unifam_20180323075819_76111.jpg
interior	interior/61_379_wisma-bakrie-wisma-bakrie-2_20170411100136_79819.jpg
interior	interior/61_419_mth-square-mth-square_20180727075952_57159.jpg
interior	interior/61_440_landmark-pluit-land-mark-pluit_20180522040129_47290.jpg
interior	interior/61_479_gedung-unifam-gedung-unifam_20180323075820_20433.jpg
interior	interior/62_379_wisma-bakrie-wisma-bakrie-2_20170411100143_40995.jpg
interior	interior/62_419_mth-square-mth-square_20180727075952_67850.jpg
interior	interior/62_440_landmark-pluit-land-mark-pluit_20180522040129_14954.jpg
interior	interior/62_479_gedung-unifam-gedung-unifam_20180323075821_96472.jpg
interior	interior/63_379_wisma-bakrie-wisma-bakrie-2_20170411100149_83104.jpg
interior	interior/63_419_mth-square-mth-square_20180727075953_65428.jpg
interior	interior/63_440_landmark-pluit-land-mark-pluit_20180522040136_51293.jpg
interior	interior/63_479_gedung-unifam-gedung-unifam_20180323075821_32972.jpg
interior	interior/64_379_wisma-bakrie-wisma-bakrie-2_20170411100159_44851.jpg
interior	interior/64_419_mth-square-mth-square_20180727075953_66846.jpg
interior	interior/64_479_gedung-unifam-gedung-unifam_20180323075821_83595.jpg
interior	interior/65_379_wisma-bakrie-wisma-bakrie-2_20170411100208_99479.jpg
interior	interior/65_419_mth-square-mth-square_20180727075953_32885.jpg
interior	interior/65_479_gedung-unifam-gedung-unifam_20180323075821_18581.jpg
interior	interior/66_379_wisma-bakrie-wisma-bakrie-2_20170411100217_89496.jpg
interior	interior/66_419_mth-square-mth-square_20180727075954_78835.jpg
interior	interior/66_479_gedung-unifam-gedung-unifam_20180323075821_41469.jpg
interior	interior/67_379_wisma-bakrie-wisma-bakrie-2_20170411100223_79515.jpg
interior	interior/67_419_mth-square-mth-square_20180727075954_63976.jpg
interior	interior/67_479_gedung-unifam-gedung-unifam_20180323075821_36955.jpg
interior	interior/68_379_wisma-bakrie-wisma-bakrie-2_20170411100234_32131.jpg
interior	interior/68_419_mth-square-mth-square_20180727075954_19653.jpg
interior	interior/69_379_wisma-bakrie-wisma-bakrie-2_20180404072810_54469.jpg
interior	interior/69_419_mth-square-mth-square_20180727075955_14302.jpg
interior	interior/70_379_wisma-bakrie-wisma-bakrie-2_20180404072811_15493.jpg
interior	interior/70_419_mth-square-mth-square_20180727075956_79955.jpg
interior	interior/71_379_wisma-bakrie-wisma-bakrie-2_20180404072812_22489.jpg
interior	interior/71_419_mth-square-mth-square_20180727075956_93726.jpg
interior	interior/72_379_wisma-bakrie-wisma-bakrie-2_20180404072813_96862.jpg
interior	interior/72_419_mth-square-mth-square_20180727075956_53311.jpg
interior	interior/73_379_wisma-bakrie-wisma-bakrie-2_20180404072813_98552.jpg
interior	interior/73_419_mth-square-mth-square_20180727075956_36106.jpg
interior	interior/74_379_wisma-bakrie-wisma-bakrie-2_20180404072813_70954.jpg
interior	interior/74_419_mth-square-mth-square_20180727075957_64004.jpg
interior	interior/75_379_wisma-bakrie-wisma-bakrie-2_20180404072815_81685.jpg
interior	interior/75_419_mth-square-mth-square_20180727075957_49000.jpg
interior	interior/76_379_wisma-bakrie-wisma-bakrie-2_20180404072815_18608.jpg
interior	interior/76_419_mth-square-mth-square_20180727075957_38193.jpg
interior	interior/77_379_wisma-bakrie-wisma-bakrie-2_20180404072815_50837.jpg
interior	interior/77_419_mth-square-mth-square_20180727075957_24000.jpg
interior	interior/78_379_wisma-bakrie-wisma-bakrie-2_20180404072815_95081.jpg
interior	interior/79_379_wisma-bakrie-wisma-bakrie-2_20180404072817_84577.jpg
interior	interior/80_379_wisma-bakrie-wisma-bakrie-2_20180404072817_68940.jpg
interior	interior/81_379_wisma-bakrie-wisma-bakrie-2_20180404072817_32693.jpg
interior	interior/82_379_wisma-bakrie-wisma-bakrie-2_20180404072817_70799.jpg
interior	interior/83_379_wisma-bakrie-wisma-bakrie-2_20180404072818_92392.jpg
interior	interior/84_379_wisma-bakrie-wisma-bakrie-2_20180404072818_88581.jpg
